entry_time,exit_time,side,entry,exit,sl,tp_vwap,atr,r,reason,bars_held,cum_r
2022-01-03 01:30:00,2022-01-03 01:55:00,long,28908.419,28937.39057894737,28887.65446457405,28937.39057894737,17.303779521626947,1.3952433008039675,VWAP,5,1.3952433008039675
2022-01-03 03:00:00,2022-01-03 03:05:00,short,28963.319,28982.637493523824,28982.637493523824,28930.006477477476,16.09874460318584,-1.000000000000059,SL,1,0.39524330080390846
2022-01-03 03:45:00,2022-01-03 04:45:00,short,29021.319,28976.999,29043.369938139556,28943.724217391304,18.375781782965248,2.009891811382474,TIMEOUT,12,2.4051351121863824
2022-01-03 05:25:00,2022-01-03 06:25:00,short,29006.319,29006.519,29023.6619528243,28957.602080808083,14.452460686917464,-0.011532061582989922,TIMEOUT,12,2.3936030506033923
2022-01-03 09:05:00,2022-01-03 09:35:00,long,28931.369,28972.589090909092,28914.486109803154,28972.589090909092,14.069075164036317,2.44153047425493,VWAP,6,4.835133524858323
2022-01-03 09:50:00,2022-01-03 10:15:00,long,28843.999,28970.046927170868,28814.53891115109,28970.046927170868,24.55007404076076,4.278599695245639,VWAP,5,9.113733220103962
2022-01-03 11:15:00,2022-01-03 12:15:00,long,28901.999,28921.369,28866.028871757626,28968.18745588235,29.97510686864621,0.5385023892458548,TIMEOUT,12,9.652235609349816
2022-01-03 13:00:00,2022-01-03 14:00:00,long,28921.269,28928.999,28896.41772670842,28961.680656050954,20.709394409649946,0.31105046044536594,TIMEOUT,12,9.963286069795181
2022-01-03 15:45:00,2022-01-03 15:55:00,long,28881.999,28856.808997581604,28856.808997581604,28958.181157894705,20.991668681996213,-1.000000000000023,SL,2,8.963286069795158
2022-01-03 18:20:00,2022-01-03 18:45:00,short,29011.369,29040.1480346848,29040.1480346848,28957.60901658372,23.982528904000187,-1.0000000000000424,SL,5,7.9632860697951156
2022-01-03 19:55:00,2022-01-03 20:00:00,short,29148.419,29201.994263218,29201.994263218,28963.832530302996,44.64605268166558,-0.9999999999999761,SL,1,6.9632860697951395
2022-01-03 20:40:00,2022-01-03 21:40:00,short,29246.369,29178.269,29294.04573188922,28972.72224599706,39.730609907683565,1.4283697162429871,TIMEOUT,12,8.391655786038127
2022-01-04 03:15:00,2022-01-04 04:15:00,long,29223.469,29223.319,29202.50540914365,29267.77408333334,17.46965904695783,-0.00715526271378377,TIMEOUT,12,8.384500523324343
2022-01-04 04:25:00,2022-01-04 05:15:00,long,29213.999,29256.952765432103,29195.591950428843,29256.952765432103,15.339207975964827,2.333549723221677,VWAP,10,10.71805024654602
2022-01-04 05:45:00,2022-01-04 06:30:00,short,29283.269,29300.055238978664,29300.055238978664,29252.939380952383,13.988532482218861,-1.0000000000000926,SL,9,9.718050246545928
2022-01-04 13:15:00,2022-01-04 13:55:00,long,29248.369,29224.916510739058,29224.916510739058,29282.999958333345,19.543741050782433,-1.0000000000000733,SL,8,8.718050246545856
2022-01-04 14:00:00,2022-01-04 15:00:00,long,29213.319,29258.319,29188.381731086134,29280.65990729784,20.78105742822196,1.804528000056084,TIMEOUT,12,10.52257824660194
2022-01-04 18:45:00,2022-01-04 19:00:00,long,29240.419,29278.414825242722,29216.320206546177,29278.414825242722,20.08232787818707,1.5766691936475565,VWAP,3,12.099247440249496
2022-01-05 03:50:00,2022-01-05 04:50:00,long,29283.319,29303.369,29261.973536854537,29317.88396453901,17.78788595455121,0.9393096726628007,TIMEOUT,12,13.038557112912297
2022-01-05 06:05:00,2022-01-05 06:30:00,long,29288.369,29273.10071167173,29273.10071167173,29310.823234234227,12.723573606890302,-1.0000000000000209,SL,5,12.038557112912276
2022-01-05 06:35:00,2022-01-05 07:35:00,long,29273.519,29288.469,29257.77949084758,29308.661249999986,13.116257627017118,0.9498390232646869,TIMEOUT,12,12.988396136176963
2022-01-05 07:50:00,2022-01-05 08:30:00,long,29278.369,29304.28096491227,29265.11213552058,29304.28096491227,11.047387066182385,1.954607362283707,VWAP,8,14.94300349846067
2022-01-05 08:45:00,2022-01-05 09:00:00,long,29283.519,29302.658245282997,29268.381903803114,29302.658245282997,12.614246830738844,1.2643934499757885,VWAP,3,16.207396948436458
2022-01-05 10:45:00,2022-01-05 11:45:00,short,29345.419,29323.469,29369.706485037084,29303.4694102564,20.23957086423488,0.9037576334679246,TIMEOUT,12,17.111154581904383
2022-01-05 13:10:00,2022-01-05 13:40:00,long,29270.419,29308.338077568125,29249.779885137457,29308.338077568125,17.19926238545464,1.8372434002456433,VWAP,6,18.948397982150027
2022-01-05 14:05:00,2022-01-05 14:10:00,long,29275.519,29253.108121155106,29253.108121155106,29307.54105882352,18.67573237074521,-0.9999999999999838,SL,1,17.948397982150045
2022-01-05 14:15:00,2022-01-05 14:20:00,long,29228.999,29200.819823853126,29200.819823853126,29306.81954263565,23.48264678906102,-1.0000000000000255,SL,1,16.94839798215002
2022-01-05 14:25:00,2022-01-05 14:35:00,long,29188.519,29157.592138934586,29157.592138934586,29305.635877394627,25.772384221180186,-0.9999999999999415,SL,2,15.948397982150079
2022-01-05 14:40:00,2022-01-05 14:45:00,long,29118.319,29081.078614518687,29081.078614518687,29303.253632768352,31.033654567759815,-1.0000000000000286,SL,1,14.94839798215005
2022-01-06 12:40:00,2022-01-06 13:40:00,short,28813.419,28750.419,28851.317553620996,28667.161026143796,31.582128017494846,1.662332568942718,TIMEOUT,12,16.610730551092768
2022-01-06 15:00:00,2022-01-06 15:55:00,short,28788.469,28684.42023388583,28820.164019598877,28684.42023388583,26.41251633239641,3.2828112249490915,VWAP,11,19.89354177604186
2022-01-06 18:40:00,2022-01-06 19:00:00,short,28778.519,28691.44711382115,28809.666287836015,28691.44711382115,25.95607319667784,2.795488539396255,VWAP,4,22.689030315438117
2022-01-06 20:40:00,2022-01-06 20:50:00,long,28568.469,28518.58809327712,28518.58809327712,28696.317253275116,41.56742226906491,-1.000000000000031,SL,2,21.689030315438085
2022-01-06 20:55:00,2022-01-06 21:05:00,long,28471.419,28414.892109303877,28414.892109303877,28694.033123563226,47.10574224676939,-1.0000000000000238,SL,2,20.68903031543806
2022-01-06 21:10:00,2022-01-06 22:10:00,long,28338.369,28413.269,28274.94750624658,28690.23522695036,52.851244794515864,1.1809876363242173,TIMEOUT,12,21.87001795176228
2022-01-07 02:30:00,2022-01-07 03:05:00,short,28501.519,28451.877924731183,28530.249856498485,28451.877924731183,23.942380415403733,1.7277965685233083,VWAP,7,23.59781452028559
2022-01-07 03:35:00,2022-01-07 03:45:00,long,28401.269,28371.634335848823,28371.634335848823,28454.702409090904,24.695553459313288,-1.0000000000000449,SL,2,22.597814520285542
2022-01-07 08:45:00,2022-01-07 09:45:00,long,28376.469,28448.68532075471,28347.13682924421,28448.68532075471,24.44347562982726,2.462017603673175,VWAP,12,25.059832123958717
2022-01-07 10:10:00,2022-01-07 10:20:00,long,28361.369,28322.674686000337,28322.674686000337,28442.008945799455,32.24526166638621,-0.9999999999999616,SL,2,24.059832123958756
2022-01-07 10:45:00,2022-01-07 10:50:00,long,28286.419,28245.184232119227,28245.184232119227,28436.091435897433,34.362306567312956,-0.9999999999999771,SL,1,23.059832123958778
2022-01-07 12:35:00,2022-01-07 13:35:00,long,28336.469,28401.419,28301.152519821775,28418.310074561403,29.430400148521233,1.8390847466176974,TIMEOUT,12,24.898916870576475
2022-01-07 14:25:00,2022-01-07 14:40:00,long,28371.419,28414.02518773947,28343.631068904862,28414.02518773947,23.15660924595076,1.5332623214586123,VWAP,3,26.432179192035086
2022-01-09 18:20:00,2022-01-09 18:30:00,long,28333.419,28294.903404264838,28294.903404264838,28400.71433333333,32.096329779303616,-0.9999999999999786,SL,2,25.432179192035107
2022-01-09 22:55:00,2022-01-09 23:20:00,short,28431.469,28454.747509590787,28454.747509590787,28386.07,19.398757992320867,-1.000000000000028,SL,5,24.43217919203508
2022-01-09 23:25:00,2022-01-10 00:25:00,short,28481.469,28483.999,28503.95358160229,28391.487838383837,18.73715133524244,-0.11252155120115988,TIMEOUT,12,24.31965764083392
2022-01-10 02:05:00,2022-01-10 02:25:00,short,28531.469,28552.74626571737,28552.74626571737,28491.14592307693,17.73105476447499,-1.0000000000000018,SL,4,23.319657640833917
2022-01-10 06:10:00,2022-01-10 06:25:00,long,28466.519,28441.07336621078,28441.07336621078,28504.714511111113,21.204694824350376,-0.9999999999999369,SL,3,22.31965764083398
2022-01-10 06:35:00,2022-01-10 06:45:00,long,28436.999,28411.363275959233,28411.363275959233,28501.472208333336,21.363103367305126,-1.000000000000031,SL,2,21.31965764083395
2022-01-10 07:10:00,2022-01-10 07:15:00,long,28416.319,28389.209279240626,28389.209279240626,28496.039191570882,22.591433966146244,-0.9999999999999407,SL,1,20.31965764083401
2022-01-10 07:20:00,2022-01-10 07:35:00,long,28356.319,28326.830822406457,28326.830822406457,28493.161134831462,24.573481327952635,-0.9999999999999873,SL,3,19.319657640834023
2022-01-10 18:55:00,2022-01-10 19:05:00,short,28378.519,28427.060750179964,28427.060750179964,28295.300201923088,40.45145848330274,-1.0000000000000118,SL,2,18.319657640834013
2022-01-10 21:00:00,2022-01-10 22:00:00,long,28091.999,28273.999,28021.046610027075,28295.216424892726,59.126991644105416,2.5651003450263796,TIMEOUT,12,20.884757985860393
2022-01-10 23:10:00,2022-01-10 23:35:00,long,28238.519,28200.040364883236,28200.040364883236,28289.621020592047,32.065529263970085,-0.9999999999999987,SL,5,19.884757985860393
2022-01-11 01:05:00,2022-01-11 01:55:00,long,28156.469,28121.443120660624,28121.443120660624,28216.114714285708,29.188232782814712,-0.9999999999999769,SL,10,18.884757985860418
2022-01-11 04:20:00,2022-01-11 04:35:00,short,28263.999,28294.417121142986,28294.417121142986,28190.97063522013,25.348434285822936,-0.9999999999999469,SL,3,17.88475798586047
2022-01-11 04:40:00,2022-01-11 05:40:00,short,28311.319,28303.519,28340.714467877053,28197.896368421054,24.49622323087736,0.265347026712517,TIMEOUT,12,18.15010501257299
2022-01-11 06:45:00,2022-01-11 07:45:00,short,28301.369,28266.419,28319.595671449377,28229.555991869925,15.188892874481178,1.9175196138838018,TIMEOUT,12,20.06762462645679
2022-01-11 09:00:00,2022-01-11 09:10:00,long,28211.319,28191.734274741484,28191.734274741484,28238.725574923552,16.32060438209699,-0.999999999999949,SL,2,19.06762462645684
2022-01-11 09:40:00,2022-01-11 09:45:00,long,28176.319,28149.86234206886,28149.86234206886,28236.564470085472,22.047214942616904,-0.9999999999999699,SL,1,18.06762462645687
2022-01-11 11:25:00,2022-01-11 11:40:00,short,28331.519,28377.104318832695,28377.104318832695,28237.928347826084,37.98776569391168,-1.0000000000000129,SL,3,17.067624626456855
2022-01-11 12:15:00,2022-01-11 13:15:00,short,28426.519,28431.319,28462.673755686657,28248.552018018017,30.12896307221551,-0.1327626174990448,TIMEOUT,12,16.93486200895781
2022-01-12 10:00:00,2022-01-12 10:45:00,short,28791.999,28715.40657575758,28825.426783763538,28715.40657575758,27.856486469616193,2.2912803548155147,VWAP,9,19.226142363773327
2022-01-12 11:15:00,2022-01-12 11:40:00,long,28651.999,28718.755250000006,28612.14013032514,28718.755250000006,33.21572472904898,1.6748154311589205,VWAP,5,20.900957794932246
2022-01-12 12:15:00,2022-01-12 13:15:00,long,28676.369,28676.419,28644.17416381389,28716.758752252266,26.829030155092788,0.0015530440879981888,TIMEOUT,12,20.902510839020245
2022-01-12 13:50:00,2022-01-12 14:45:00,long,28651.469,28623.64981119839,28623.64981119839,28713.296984031935,23.182657334675984,-1.0000000000000202,SL,11,19.902510839020223
2022-01-12 15:05:00,2022-01-12 15:55:00,long,28626.319,28708.161637362642,28599.587173843847,28708.161637362642,22.276521796792302,3.0616178963819602,VWAP,10,22.964128735402184
2022-01-12 18:00:00,2022-01-12 18:45:00,long,28658.319,28628.827762206725,28628.827762206725,28705.316174280877,24.576031494393803,-1.0000000000000555,SL,9,21.964128735402127
2022-01-12 20:00:00,2022-01-12 20:35:00,long,28566.469,28531.23082232011,28531.23082232011,28697.21788386123,29.365148066576438,-0.999999999999957,SL,7,20.96412873540217
2022-01-13 03:15:00,2022-01-13 03:35:00,short,28584.319,28607.286510212532,28607.286510212532,28540.924250000004,19.139591843778707,-0.9999999999999346,SL,4,19.964128735402234
2022-01-13 04:40:00,2022-01-13 05:25:00,short,28584.469,28603.406719907747,28603.406719907747,28552.0571871345,15.781433256454445,-1.0000000000000466,SL,9,18.964128735402188
2022-01-13 05:30:00,2022-01-13 06:30:00,short,28609.519,28574.469,28626.455952799624,28557.47526865671,14.114127333020571,2.0694395511792396,TIMEOUT,12,21.033568286581428
2022-01-13 06:45:00,2022-01-13 07:45:00,short,28589.419,28574.469,28603.72795086779,28563.609894308942,11.924125723157339,1.0448005684088972,TIMEOUT,12,22.078368854990323
2022-01-13 08:35:00,2022-01-13 09:00:00,short,28609.319,28624.59347693417,28624.59347693417,28565.92175641026,12.728730778475146,-0.9999999999999754,SL,5,21.078368854990348
2022-01-13 12:05:00,2022-01-13 12:15:00,long,28514.269,28484.48422346611,28484.48422346611,28571.348999999995,24.820647111577085,-0.9999999999999832,SL,2,20.078368854990366
2022-01-13 12:20:00,2022-01-13 12:50:00,long,28439.519,28407.38219021685,28407.38219021685,28569.584055928408,26.780674819291097,-1.0000000000000513,SL,6,19.078368854990316
2022-01-14 05:55:00,2022-01-14 06:25:00,short,28269.519,28293.357348635647,28293.357348635647,28195.91251851852,19.865290529704705,-1.000000000000056,SL,6,18.07836885499026
2022-01-14 07:40:00,2022-01-14 07:55:00,long,28149.469,28121.30433589468,28121.30433589468,28206.33957347669,23.470553421099815,-0.9999999999999862,SL,3,17.078368854990273
2022-01-14 08:00:00,2022-01-14 08:55:00,long,28071.319,28039.5143470556,28039.5143470556,28203.213432989673,26.50387745366605,-1.0000000000000235,SL,11,16.07836885499025
2022-01-14 11:15:00,2022-01-14 11:50:00,long,28104.369,28184.67762745096,28057.486812177467,28184.67762745096,39.068489852109415,1.712988048999849,VWAP,7,17.7913569039901
2022-01-14 14:35:00,2022-01-14 15:20:00,short,28254.999,28290.513355058116,28290.513355058116,28185.060325757564,29.59529588176289,-1.0000000000000164,SL,9,16.79135690399008
2022-01-14 15:45:00,2022-01-16 18:00:00,short,28329.519,28360.288194227,28360.288194227,28191.91349122806,25.64099518916647,-0.9999999999999878,SL,7,15.791356903990094
2022-01-17 03:15:00,2022-01-17 03:30:00,long,28319.419,28352.802000000007,28296.573214878572,28352.802000000007,19.038154267857305,1.461232337718736,VWAP,3,17.25258924170883
2022-01-17 04:30:00,2022-01-17 05:30:00,short,28389.419,28399.369,28409.00051089567,28353.27112121213,16.31792574638792,-0.5081323935120649,TIMEOUT,12,16.744456848196766
2022-01-17 06:15:00,2022-01-17 07:05:00,short,28394.519,28406.093648892816,28406.093648892816,28364.522684210537,9.645540744013326,-1.0000000000000167,SL,10,15.74445684819675
2022-01-17 08:00:00,2022-01-17 09:00:00,short,28409.269,28384.469,28418.129973483552,28371.820215277792,7.384144569626785,2.798789551287267,TIMEOUT,12,18.543246399484016
2022-01-17 10:35:00,2022-01-17 10:45:00,short,28409.519,28422.441367631174,28422.441367631174,28378.613724409464,10.76863969264372,-1.0000000000001175,SL,2,17.5432463994839
2022-01-17 19:00:00,2022-01-17 19:50:00,short,28479.519,28503.18198576241,28503.18198576241,28385.454207100604,19.719154802009438,-0.9999999999999544,SL,10,16.543246399483944
2022-01-17 19:55:00,2022-01-17 20:05:00,short,28531.319,28566.948414670478,28566.948414670478,28390.267629629638,29.691178892065633,-0.999999999999995,SL,2,15.54324639948395
2022-01-19 14:30:00,2022-01-19 14:45:00,long,27644.519,27697.357400000004,27607.912706994244,27697.357400000004,30.505244171463016,1.443423948764667,VWAP,3,16.986670348248616
2022-01-19 15:40:00,2022-01-19 15:55:00,long,27644.469,27604.837640240214,27604.837640240214,27697.07037566137,33.02613313315607,-1.0000000000000004,SL,3,15.986670348248616
2022-01-19 16:00:00,2022-01-19 18:25:00,long,27599.369,27559.2874894289,27559.2874894289,27695.61065803108,33.40125880924826,-0.9999999999999813,SL,9,14.986670348248634
2022-01-19 23:15:00,2022-01-20 00:15:00,short,27814.519,27859.369,27876.11045722351,27665.14946153846,51.32621435292543,-0.7281854013819067,TIMEOUT,12,14.258484946866727
2022-01-20 00:50:00,2022-01-20 01:15:00,long,27751.999,27814.852333333332,27701.776464546263,27814.852333333332,41.852112878113886,1.2514966193061074,VWAP,5,15.509981566172835
2022-01-20 03:05:00,2022-01-20 03:15:00,long,27749.269,27711.048996040874,27711.048996040874,27814.682070175437,31.850003299271556,-1.0000000000000084,SL,2,14.509981566172826
2022-01-20 03:20:00,2022-01-20 04:10:00,long,27689.999,27648.144177588118,27648.144177588118,27808.53160162602,34.87901867656702,-1.0000000000000422,SL,10,13.509981566172783
2022-01-20 07:40:00,2022-01-20 08:35:00,long,27719.999,27761.4637670251,27697.427104949562,27761.4637670251,18.80991254203213,1.8370086752770936,VWAP,11,15.346990241449877
2022-01-20 09:55:00,2022-01-20 10:00:00,short,27844.319,27876.679905818033,27876.679905818033,27760.841388888894,26.967421515026867,-1.0000000000000435,SL,1,14.346990241449834
2022-01-20 12:35:00,2022-01-20 13:35:00,short,27949.999,27861.419,27978.20526978796,27789.01595175439,23.5052248233002,3.140436529392065,TIMEOUT,12,17.4874267708419
2022-01-20 14:05:00,2022-01-20 14:30:00,short,27914.419,27799.64115686276,27944.912054677836,27799.64115686276,25.410878898196245,3.764065107608627,VWAP,5,21.251491878450526
2022-01-20 15:05:00,2022-01-20 15:10:00,long,27724.999,27687.313763053888,27687.313763053888,27799.762791208806,31.404364121759283,-1.0000000000000262,SL,1,20.2514918784505
2022-01-20 15:15:00,2022-01-20 15:25:00,long,27689.469,27649.637647735242,27649.637647735242,27798.634561594215,33.192793553965714,-0.9999999999999938,SL,2,19.25149187845051
2022-01-20 15:30:00,2022-01-20 15:40:00,long,27639.469,27598.479799954202,27598.479799954202,27796.454115864537,34.15766670483352,-0.999999999999958,SL,2,18.25149187845055
2022-01-20 15:45:00,2022-01-20 15:55:00,long,27576.369,27534.077727222804,27534.077727222804,27793.545666666676,35.24272731432913,-0.9999999999999901,SL,2,17.25149187845056
2022-01-21 00:50:00,2022-01-21 00:55:00,short,27519.269,27572.004112156355,27572.004112156355,27422.275363636367,43.9459267969629,-0.9999999999999942,SL,1,16.25149187845057
2022-01-21 07:10:00,2022-01-21 07:20:00,long,27549.469,27591.47873180077,27519.48001194795,27591.47873180077,24.990823376706476,1.4008385920811275,VWAP,2,17.652330470531695
2022-01-21 07:55:00,2022-01-21 08:25:00,long,27534.999,27589.23594444445,27502.56842535323,27589.23594444445,27.025478872307968,1.672401585084187,VWAP,6,19.324732055615883
2022-01-21 09:05:00,2022-01-21 09:15:00,long,27514.369,27482.91243528512,27482.91243528512,27585.69212121212,26.21380392906366,-1.000000000000034,SL,2,18.324732055615847
2022-01-21 09:55:00,2022-01-21 10:15:00,long,27489.469,27442.521026776587,27442.521026776587,27580.979111111108,39.123311019512634,-0.9999999999999755,SL,4,17.324732055615872
2022-01-21 10:20:00,2022-01-21 10:50:00,long,27399.469,27576.083053333332,27347.039395672113,27576.083053333332,43.69133693990588,3.368594052871591,VWAP,6,20.69332610848746
2022-01-21 11:50:00,2022-01-21 12:20:00,long,27486.419,27424.84157717891,27424.84157717891,27570.430025641024,51.31451901757491,-1.0000000000000067,SL,6,19.693326108487454
2022-01-21 12:55:00,2022-01-21 13:55:00,long,27429.469,27469.269,27369.651665106936,27561.799683760677,49.84777907755371,0.66535896443982,TIMEOUT,12,20.358685072927276
2022-01-21 14:30:00,2022-01-21 15:10:00,long,27379.519,27325.21059544661,27325.21059544661,27549.856295238096,45.257003794493286,-0.9999999999999748,SL,8,19.3586850729273
2022-01-21 15:15:00,2022-01-21 16:00:00,long,27294.419,27244.010661219767,27244.010661219767,27540.904380434786,42.0069489835278,-1.000000000000028,SL,9,18.358685072927273
2022-01-23 22:30:00,2022-01-23 22:45:00,short,27414.419,27459.82211482018,27459.82211482018,27309.919121212122,37.83592901681557,-1.0000000000000142,SL,3,17.35868507292726
2022-01-24 02:50:00,2022-01-24 03:20:00,long,27509.999,27562.622333333333,27478.16438065546,27562.622333333333,26.52884945378197,1.653022226017639,VWAP,6,19.0117072989449
2022-01-24 03:45:00,2022-01-24 03:55:00,long,27484.369,27448.92848290729,27448.92848290729,27553.63907246376,29.53376424392401,-1.000000000000015,SL,2,18.011707298944884
2022-01-24 04:00:00,2022-01-24 04:20:00,long,27429.999,27392.793056832114,27392.793056832114,27547.26410204081,31.00495263990562,-0.9999999999999878,SL,4,17.011707298944895
2022-01-24 04:25:00,2022-01-24 05:10:00,long,27379.999,27344.2236354409,27344.2236354409,27534.5288765432,29.81280379925139,-0.9999999999999569,SL,9,16.011707298944938
2022-01-24 05:15:00,2022-01-24 05:20:00,long,27324.319,27285.257020847883,27285.257020847883,27512.161239583325,32.551649293431524,-0.9999999999999709,SL,1,15.011707298944966
2022-01-24 05:25:00,2022-01-24 05:45:00,long,27276.519,27234.54851797598,27234.54851797598,27505.698595959588,34.975401686683256,-0.999999999999968,SL,4,14.011707298944998
2022-01-24 19:55:00,2022-01-24 20:40:00,long,27106.999,27021.96828123159,27021.96828123159,27246.42389393939,70.85893230700644,-1.000000000000008,SL,9,13.011707298944991
2022-01-24 23:05:00,2022-01-25 00:05:00,long,26974.519,26911.295386611364,26911.295386611364,27221.838392764854,52.68634449053092,-0.9999999999999872,SL,12,12.011707298945003
2022-01-25 01:00:00,2022-01-25 02:00:00,short,27161.999,27101.269,27225.009550625502,27025.041051282056,52.508792187919994,0.963806844998727,TIMEOUT,12,12.97551414394373
2022-01-25 08:10:00,2022-01-25 09:10:00,long,26964.519,27044.999,26921.364750507713,27076.389606060606,35.961874576906304,1.864938006033051,TIMEOUT,12,14.84045214997678
2022-01-25 09:45:00,2022-01-25 09:55:00,long,26996.369,26944.630499183146,26944.630499183146,27068.0094519774,43.11541734737684,-1.0000000000000162,SL,2,13.840452149976764
2022-01-25 10:05:00,2022-01-25 10:30:00,long,26874.519,27063.385857923495,26817.172538582097,27063.385857923495,47.78871784825181,3.2934352574461534,VWAP,5,17.133887407422918
2022-01-25 11:40:00,2022-01-25 11:55:00,long,26969.319,27056.288361702133,26901.546118623846,27056.288361702133,56.4774011467935,1.283247221251178,VWAP,3,18.417134628674095
2022-01-25 12:50:00,2022-01-25 13:25:00,long,26974.319,27052.23175268818,26915.12051621239,27052.23175268818,49.33206982300594,1.3161275036657727,VWAP,7,19.733262132339867
2022-01-25 13:40:00,2022-01-25 13:55:00,short,27164.369,27221.305951488466,27221.305951488466,27051.487888888903,47.44745957372286,-1.0000000000000004,SL,3,18.733262132339867
2022-01-25 19:55:00,2022-01-25 20:15:00,long,26959.269,26891.196908862752,26891.196908862752,27080.908348484845,56.72674261437221,-1.0000000000000226,SL,4,17.733262132339846
2022-01-25 21:40:00,2022-01-25 22:40:00,long,26981.999,27036.319,26925.256450648234,27070.025652835408,47.2854577931383,0.957306300484526,TIMEOUT,12,18.69056843282437
2022-01-26 03:05:00,2022-01-26 03:15:00,short,27124.999,27157.733576182032,27157.733576182032,27037.543912280704,27.278813485027538,-0.9999999999999825,SL,2,17.69056843282439
2022-01-26 03:20:00,2022-01-26 03:25:00,short,27174.519,27208.725639895016,27208.725639895016,27046.17794308943,28.505533245847428,-0.9999999999999599,SL,1,16.690568432824428
2022-01-26 03:30:00,2022-01-26 04:05:00,short,27234.469,27270.542010929887,27270.542010929887,27054.199852713176,30.060842441572497,-0.9999999999999624,SL,7,15.690568432824465
2022-01-26 04:10:00,2022-01-26 04:20:00,short,27269.419,27302.390522193426,27302.390522193426,27083.843771241827,27.47626849452071,-0.9999999999999705,SL,2,14.690568432824495
2022-01-26 04:25:00,2022-01-26 05:20:00,short,27314.519,27348.595375458804,27348.595375458804,27095.232209876543,28.396979549002374,-1.000000000000041,SL,11,13.690568432824454
2022-01-26 14:05:00,2022-01-26 14:15:00,short,27334.269,27226.233137254905,27382.109603248624,27226.233137254905,39.86716937385371,2.2582462470976763,VWAP,2,15.94881467992213
2022-01-26 14:50:00,2022-01-26 15:05:00,long,27094.999,27015.471883269332,27015.471883269332,27226.239614525144,66.27259727555462,-1.0000000000000224,SL,3,14.948814679922107
2022-01-26 15:25:00,2022-01-26 18:05:00,long,26831.519,26979.519,26740.035645482392,27215.27296057348,76.23612876467253,1.617780641958376,TIMEOUT,12,16.566595321880484
2022-01-26 19:15:00,2022-01-26 19:20:00,long,26991.269,26904.144865900667,26904.144865900667,27189.276452830192,72.6034450827767,-1.0000000000000095,SL,1,15.566595321880476
2022-01-26 20:00:00,2022-01-26 20:20:00,long,26826.469,26726.39811321755,26726.39811321755,27179.99194117647,83.39240565204325,-0.9999999999999865,SL,4,14.56659532188049
2022-01-27 08:50:00,2022-01-27 09:40:00,short,26726.519,26765.843490069194,26765.843490069194,26466.32635202492,32.77040839099452,-0.9999999999999998,SL,10,13.56659532188049
2022-01-27 13:25:00,2022-01-27 13:50:00,long,26464.319,26546.945152263368,26401.434808078353,26546.945152263368,52.403493268039426,1.3139415445827693,VWAP,5,14.88053686646326
2022-01-27 18:10:00,2022-01-27 18:45:00,short,26690.519,26549.210189279718,26762.109412819656,26549.210189279718,59.65867734971305,1.973851038912919,VWAP,7,16.85438790537618
2022-01-27 19:30:00,2022-01-27 19:35:00,long,26370.999,26287.33479208875,26287.33479208875,26552.07058139532,69.72017325937456,-1.0000000000000042,SL,1,15.854387905376175
2022-01-27 21:40:00,2022-01-27 22:40:00,short,26743.269,26718.469,26817.023874431703,26556.916441217127,61.46239535975267,0.3362489624053797,TIMEOUT,12,16.190636867781556
2022-01-28 02:25:00,2022-01-28 02:55:00,long,26640.369,26702.65077777778,26601.234860579785,26702.65077777778,32.611782850177754,1.5914947588092985,VWAP,6,17.782131626590854
2022-01-28 03:10:00,2022-01-28 03:20:00,long,26593.319,26551.29091377176,26551.29091377176,26693.19028205128,35.02340519019865,-0.9999999999999899,SL,2,16.782131626590864
2022-01-28 03:25:00,2022-01-28 04:25:00,long,26508.369,26523.519,26465.06476040691,26682.65431746031,36.08686632757518,0.349850271990894,TIMEOUT,12,17.13198189858176
2022-01-28 04:35:00,2022-01-28 05:35:00,long,26483.519,26455.519,26431.80549901442,26645.83763095238,43.09458415465001,-0.5414446801388989,TIMEOUT,12,16.59053721844286
2022-01-28 12:00:00,2022-01-28 13:00:00,short,26638.419,26523.999,26698.216413645594,26505.404540229854,49.83117803799421,1.91346068373702,TIMEOUT,12,18.503997902179883
2022-01-28 14:15:00,2022-01-28 14:25:00,long,26433.269,26373.867546421978,26373.867546421978,26516.244542635624,49.50121131501935,-0.9999999999999877,SL,2,17.503997902179893
2022-01-28 14:30:00,2022-01-28 15:00:00,long,26363.999,26514.050561904733,26304.07025600914,26514.050561904733,49.94061999238219,2.5038329174330984,VWAP,6,20.00783081961299
2022-01-28 15:50:00,2022-01-28 16:05:00,short,26638.419,26698.10225505778,26698.10225505778,26514.394165794034,49.73604588148259,-0.9999999999999865,SL,3,19.007830819613005
2022-01-30 18:35:00,2022-01-30 19:05:00,long,26615.319,26558.68471428636,26558.68471428636,26687.10525,47.19523809470083,-0.9999999999999925,SL,6,18.007830819613012
2022-01-30 19:35:00,2022-01-30 20:35:00,short,26908.519,26900.519,26988.767011417396,26680.933166666662,66.87334284783017,0.09969094384643849,TIMEOUT,12,18.107521763459452
2022-01-30 21:10:00,2022-01-30 21:50:00,short,26940.319,27001.041563140087,27001.041563140087,26776.259256410252,50.602135950072615,-0.9999999999999979,SL,8,17.107521763459456
2022-01-30 22:00:00,2022-01-30 22:15:00,short,27008.369,27054.114312391015,27054.114312391015,26817.294238095237,38.12109365918163,-0.9999999999999647,SL,3,16.10752176345949
2022-01-30 22:40:00,2022-01-30 23:40:00,short,27105.369,27095.419,27150.77759098779,26850.189409356724,37.84049248982407,0.219121531488894,TIMEOUT,12,16.326643294948386
2022-01-31 02:00:00,2022-01-31 03:00:00,long,26980.519,26983.319,26945.877779075505,27028.57726666666,28.86768410374712,0.0808285598854067,TIMEOUT,12,16.407471854833794
2022-01-31 05:35:00,2022-01-31 05:40:00,long,26948.999,26916.533623767016,26916.533623767016,27003.16914705882,27.054480194154024,-0.9999999999999604,SL,1,15.407471854833833
2022-01-31 06:05:00,2022-01-31 06:30:00,long,26915.419,26881.971752121546,26881.971752121546,26997.921567567562,27.87270656538007,-0.9999999999999835,SL,5,14.40747185483385
2022-01-31 07:10:00,2022-01-31 07:25:00,long,26863.469,26830.09144733913,26830.09144733913,26983.737620689644,27.814627217390058,-1.0000000000000488,SL,3,13.407471854833801
2022-01-31 09:00:00,2022-01-31 09:35:00,long,26918.469,26968.124290519878,26885.444976668958,26968.124290519878,27.52001944253617,1.503611174874615,VWAP,7,14.911083029708417
2022-01-31 10:15:00,2022-01-31 11:15:00,short,27078.269,27018.519,27120.22487226108,26968.43784408602,34.963226884232824,1.4241153092514165,TIMEOUT,12,16.335198338959835
2022-01-31 11:50:00,2022-01-31 12:20:00,short,27083.469,27132.336407036506,27132.336407036506,26976.68212354312,40.72283919708721,-1.0000000000000078,SL,6,15.335198338959827
2022-01-31 12:55:00,2022-01-31 13:55:00,short,27148.319,27123.269,27185.094265648222,26987.559811965813,30.646054706851217,0.6811643521386976,TIMEOUT,12,16.016362691098525
2022-02-01 04:30:00,2022-02-01 05:15:00,long,27048.319,27098.191242424247,27011.165040541182,27098.191242424247,30.961632882347217,1.342312990343028,VWAP,9,17.358675681441554
2022-02-01 07:40:00,2022-02-01 08:25:00,short,27148.269,27173.143969064247,27173.143969064247,27101.117817204304,20.729140886873424,-0.9999999999999605,SL,9,16.358675681441593
2022-02-01 09:00:00,2022-02-01 09:35:00,short,27178.419,27109.03162996943,27199.150591768474,27109.03162996943,17.276326473726304,3.3469388557078408,VWAP,7,19.705614537149433
2022-02-01 10:05:00,2022-02-01 10:25:00,long,27023.269,27111.79935519127,26984.496960860306,27111.79935519127,32.31003261641097,2.2833556644338504,VWAP,4,21.988970201583285
2022-02-01 12:35:00,2022-02-01 13:30:00,long,27033.469,27108.253342105276,26992.59519850076,27108.253342105276,34.06150124936756,1.8296399982923883,VWAP,11,23.818610199875675
2022-02-01 15:55:00,2022-02-01 18:00:00,short,27188.469,27219.367111568707,27219.367111568707,27105.266517361135,25.74842630725336,-1.0000000000000522,SL,5,22.81861019987562
2022-02-02 04:55:00,2022-02-02 05:00:00,short,27548.999,27572.353125561454,27572.353125561454,27507.30288888889,19.46177130121292,-0.9999999999999598,SL,1,21.81861019987566
2022-02-02 05:05:00,2022-02-02 06:05:00,short,27558.319,27508.983569892476,27582.59897561166,27508.983569892476,20.233313009719225,2.0319390306069596,VWAP,12,23.85054923048262
2022-02-02 08:55:00,2022-02-02 09:20:00,long,27488.319,27472.06964481429,27472.06964481429,27512.248783950618,13.54112932142379,-0.9999999999999556,SL,5,22.850549230482663
2022-02-02 09:45:00,2022-02-02 09:50:00,long,27438.999,27414.854573166653,27414.854573166653,27509.266146892653,20.120355694455466,-1.0000000000000224,SL,1,21.850549230482642
2022-02-02 11:10:00,2022-02-02 11:40:00,long,27393.519,27352.28947677781,27352.28947677781,27499.137271604937,34.35793601849226,-1.0000000000000153,SL,6,20.850549230482628
2022-02-02 16:05:00,2022-02-02 16:10:00,long,27413.319,27378.51678840841,27378.51678840841,27475.344927835053,29.00184299299075,-0.999999999999982,SL,1,19.850549230482645
2022-02-02 16:15:00,2022-02-02 18:10:00,long,27360.419,27323.7561134746,27323.7561134746,27474.321976190477,30.552405437833894,-1.000000000000048,SL,3,18.8505492304826
2022-02-02 18:35:00,2022-02-02 18:45:00,long,27320.999,27285.661822564893,27285.661822564893,27469.0200130719,29.44764786258781,-1.0000000000000502,SL,2,17.85054923048255
2022-02-03 03:55:00,2022-02-03 04:35:00,short,27268.999,27225.12066666667,27292.64486479596,27225.12066666667,19.7048873299655,1.8556451080118574,VWAP,8,19.706194338494406
2022-02-03 05:00:00,2022-02-03 06:00:00,long,27170.369,27208.269,27145.409633500803,27226.786103825147,20.79947208266218,1.518468026871772,TIMEOUT,12,21.22466236536618
2022-02-03 07:40:00,2022-02-03 08:40:00,short,27268.319,27233.319,27289.074998809672,27222.226060931902,17.296665674727272,1.6862594915783709,TIMEOUT,12,22.91092185694455
2022-02-03 08:45:00,2022-02-03 08:50:00,long,27193.999,27171.692743733136,27171.692743733136,27224.992710691833,18.588546889054037,-0.9999999999999525,SL,1,21.910921856944597
2022-02-03 08:55:00,2022-02-03 09:00:00,long,27158.469,27134.553646382145,27134.553646382145,27223.899308641983,19.9294613482149,-0.9999999999999404,SL,1,20.910921856944658
2022-02-03 09:05:00,2022-02-03 10:05:00,long,27130.419,27178.519,27105.485638972357,27222.30145454546,20.77780085636908,1.929142242262143,TIMEOUT,12,22.8400640992068
2022-02-03 12:00:00,2022-02-03 12:20:00,long,27158.419,27120.14771699889,27120.14771699889,27215.702310344834,31.892735834258904,-1.0000000000000198,SL,4,21.840064099206778
2022-02-03 13:10:00,2022-02-03 14:10:00,long,27113.519,27118.999,27075.702547123794,27208.95973375263,31.51371073017342,0.14491047105709004,TIMEOUT,12,21.98497457026387
2022-02-03 14:30:00,2022-02-03 14:45:00,long,27068.519,27035.095383663695,27035.095383663695,27201.96795238096,27.853013613589024,-0.9999999999999666,SL,3,20.9849745702639
2022-02-03 14:50:00,2022-02-03 15:40:00,long,27023.519,26990.173671954883,26990.173671954883,27198.511476722542,27.787773370931937,-0.9999999999999796,SL,10,19.984974570263923
2022-02-03 15:45:00,2022-02-03 18:25:00,long,26988.319,27158.319,26951.05358219064,27188.907070175446,31.054514841133013,4.561870226966908,TIMEOUT,12,24.546844797230833
2022-02-03 18:45:00,2022-02-03 19:05:00,long,27115.469,27182.066394822006,27075.28868662344,27182.066394822006,33.483594480465996,1.6574633004444803,VWAP,4,26.204308097675312
2022-02-03 19:10:00,2022-02-03 19:30:00,short,27280.269,27331.379216789363,27331.379216789363,27182.1104849921,42.59184732446958,-0.9999999999999768,SL,4,25.204308097675337
2022-02-03 22:25:00,2022-02-03 23:10:00,short,27275.419,27308.14406721901,27308.14406721901,27189.562200000004,27.270889349173512,-1.000000000000035,SL,9,24.204308097675302
2022-02-03 23:15:00,2022-02-03 23:25:00,short,27320.519,27350.499267567957,27350.499267567957,27193.23532051282,24.983556306630426,-1.0000000000000036,SL,2,23.2043080976753
2022-02-03 23:30:00,2022-02-03 23:35:00,short,27380.319,27412.268419769243,27412.268419769243,27194.983423320657,26.624516474368516,-1.0000000000000504,SL,1,22.20430809767525
2022-02-04 01:35:00,2022-02-04 01:55:00,long,27378.469,27413.641666666674,27350.361664220036,27413.641666666674,23.42277981663862,1.2513696403677737,VWAP,4,23.455677738043022
2022-02-04 02:45:00,2022-02-04 03:05:00,long,27378.519,27409.67370588236,27354.04684439401,27409.67370588236,20.39346300498955,1.2730674969530438,VWAP,4,24.728745234996065
2022-02-04 03:40:00,2022-02-04 04:25:00,long,27348.369,27317.722252031905,27317.722252031905,27404.230111111116,25.53895664007774,-1.0000000000000275,SL,9,23.728745234996037
2022-02-04 04:55:00,2022-02-04 05:05:00,long,27328.469,27299.800218815257,27299.800218815257,27389.507333333335,23.89065098728611,-1.0000000000000284,SL,2,22.72874523499601
2022-02-04 05:10:00,2022-02-04 05:20:00,long,27293.269,27265.066599029564,27265.066599029564,27385.465349206355,23.50200080869812,-0.9999999999999534,SL,2,21.728745234996055
2022-02-04 05:25:00,2022-02-04 05:50:00,long,27268.269,27240.031213217182,27240.031213217182,27380.52450505051,23.53148898568137,-1.0000000000000178,SL,5,20.728745234996037
2022-02-04 05:55:00,2022-02-04 06:05:00,long,27248.369,27218.945208119676,27218.945208119676,27370.61293518519,24.519826566934334,-1.0000000000000553,SL,2,19.72874523499598
2022-02-04 06:10:00,2022-02-04 07:10:00,long,27193.319,27208.519,27161.92204564101,27364.828022222227,26.16412863249071,0.4841233906386533,TIMEOUT,12,20.212868625634634
2022-02-04 10:40:00,2022-02-04 11:40:00,long,27215.519,27273.519,27153.302417714232,27308.218483204146,51.84715190480665,0.9322273559418496,TIMEOUT,12,21.145095981576485
2022-02-04 15:10:00,2022-02-04 15:30:00,short,27413.419,27447.087905369575,27447.087905369575,27307.150275045544,28.057421141311167,-1.0000000000000064,SL,4,20.14509598157648
2022-02-06 19:15:00,2022-02-06 19:25:00,long,27138.419,27084.16590503299,27084.16590503299,27276.735875,45.21091247250936,-0.9999999999999928,SL,2,19.145095981576485
2022-02-07 02:10:00,2022-02-07 03:10:00,short,27292.269,27234.139617283945,27318.38756362597,27234.139617283945,21.765469688308556,2.225596458844158,VWAP,12,21.370692440420644
2022-02-07 03:25:00,2022-02-07 04:00:00,long,27185.999,27243.537809523805,27153.04892924499,27243.537809523805,27.458392295842565,1.7462423662642486,VWAP,7,23.116934806684892
2022-02-07 04:25:00,2022-02-07 04:50:00,long,27192.369,27158.653944496946,27158.653944496946,27236.23609876543,28.09587958587875,-0.9999999999999559,SL,5,22.116934806684935
2022-02-07 08:10:00,2022-02-07 09:10:00,short,27260.519,27267.369,27280.152869957587,27219.72600336701,16.361558297989273,-0.3488868987517917,TIMEOUT,12,21.76804790793314
2022-02-07 09:45:00,2022-02-07 09:55:00,short,27290.319,27314.75656778313,27314.75656778313,27225.479028248596,20.36463981927513,-1.0000000000000084,SL,2,20.768047907933134
2022-02-07 13:30:00,2022-02-07 14:20:00,short,27290.419,27318.55790328919,27318.55790328919,27235.77852965236,23.44908607432578,-0.9999999999999429,SL,10,19.76804790793319
2022-02-07 19:00:00,2022-02-07 19:05:00,short,27322.469,27354.07310399451,27354.07310399451,27246.682939393948,26.336753328756476,-1.0000000000000224,SL,1,18.76804790793317
2022-02-07 19:10:00,2022-02-07 20:05:00,short,27412.519,27451.13531415853,27451.13531415853,27247.997625592427,32.18026179877464,-1.0000000000000415,SL,11,17.768047907933127
2022-02-07 21:40:00,2022-02-07 22:40:00,short,27385.419,27350.999,27419.541800008265,27265.955279391434,28.43566667355299,1.0087097187706264,TIMEOUT,12,18.776757626703752
2022-02-08 02:50:00,2022-02-08 03:05:00,long,27270.319,27247.720043036265,27247.720043036265,27299.218428571425,18.832464136446227,-0.9999999999999776,SL,3,17.776757626703773
2022-02-08 06:05:00,2022-02-08 06:25:00,long,27270.999,27248.548605779644,27248.548605779644,27299.95481081081,18.70866185029488,-1.0000000000000742,SL,4,16.7767576267037
2022-02-08 06:45:00,2022-02-08 07:45:00,long,27230.369,27220.319,27207.715107958717,27295.40042276422,18.878243367733695,-0.4436323781223083,TIMEOUT,12,16.33312524858139
2022-02-08 08:40:00,2022-02-08 09:40:00,long,27245.319,27275.269,27226.597312582708,27283.331317460306,15.601406181076285,1.599748961321649,TIMEOUT,12,17.932874209903037
2022-02-08 11:00:00,2022-02-08 11:20:00,short,27330.469,27360.507755552757,27360.507755552757,27279.25193233081,25.032296293964375,-0.9999999999999551,SL,4,16.932874209903083
2022-02-08 11:45:00,2022-02-08 12:45:00,short,27385.369,27410.469,27413.229180400584,27283.765737089187,23.216817000488767,-0.9009274038826315,TIMEOUT,12,16.031946806020454
2022-02-08 14:05:00,2022-02-08 15:05:00,short,27405.369,27370.519,27424.259214014986,27300.745274509776,15.741845012488577,1.8448705754392605,TIMEOUT,12,17.876817381459713
2022-02-08 15:15:00,2022-02-08 16:15:00,short,27425.999,27405.419,27455.066436194855,27306.22289492751,24.222863495713923,0.708008778690967,TIMEOUT,12,18.58482616015068
2022-02-08 18:45:00,2022-02-08 19:00:00,short,27460.999,27486.484872822217,27486.484872822217,27318.83681553395,21.23822735184774,-0.9999999999999911,SL,3,17.58482616015069
2022-02-08 19:05:00,2022-02-08 20:05:00,short,27540.469,27455.469,27570.703702875766,27321.99749206346,25.195585729803284,2.811339021563059,TIMEOUT,12,20.396165181713748
2022-02-08 20:15:00,2022-02-08 20:35:00,short,27490.469,27527.162965639473,27527.162965639473,27330.418211309483,30.57830469955944,-1.0000000000000069,SL,4,19.39616518171374
2022-02-10 03:10:00,2022-02-10 03:15:00,short,27745.369,27766.194963231683,27766.194963231683,27700.854614035085,17.354969359736113,-1.000000000000032,SL,1,18.39616518171371
2022-02-10 06:15:00,2022-02-10 06:30:00,short,27740.419,27706.640911111106,27757.02268816599,27706.640911111106,13.836406804990679,2.034372637646075,VWAP,3,20.430537819359785
2022-02-10 07:50:00,2022-02-10 08:10:00,long,27685.269,27706.554212765957,27671.5793653616,27706.554212765957,11.408028865334517,1.5548415518883891,VWAP,4,21.985379371248175
2022-02-10 08:30:00,2022-02-10 08:35:00,long,27630.319,27609.924007225818,27609.924007225818,27705.03674509804,16.99582731181914,-0.9999999999999253,SL,1,20.98537937124825
2022-02-10 09:10:00,2022-02-10 10:10:00,long,27515.269,27694.865848484857,27479.010264358367,27694.865848484857,30.215613034693725,4.953202181673491,VWAP,12,25.93858155292174
2022-02-10 12:50:00,2022-02-10 13:20:00,long,27575.999,27536.38678179612,27536.38678179612,27682.272376623387,33.01018183656441,-1.0000000000000178,SL,6,24.938581552921722
2022-02-10 13:25:00,2022-02-10 13:35:00,long,27537.269,27491.71288953835,27491.71288953835,27678.058668737067,37.963425384709176,-0.9999999999999768,SL,2,23.938581552921747
2022-02-10 14:55:00,2022-02-10 15:35:00,long,27432.519,27388.952294056635,27388.952294056635,27658.61777094973,36.30558828613751,-1.0000000000000084,SL,8,22.93858155292174
2022-02-11 04:35:00,2022-02-11 05:15:00,long,27195.369,27245.42286904762,27160.747327727848,27245.42286904762,28.85139356012458,1.445738052574805,VWAP,8,24.384319605496543
2022-02-11 07:10:00,2022-02-11 07:30:00,short,27295.469,27320.736681436192,27320.736681436192,27247.20712260536,21.056401196826915,-0.9999999999999564,SL,4,23.384319605496586
2022-02-11 08:20:00,2022-02-11 08:40:00,short,27355.519,27378.006557420886,27378.006557420886,27258.620848184815,18.73963118407078,-1.0000000000000215,SL,4,22.384319605496565
2022-02-11 13:30:00,2022-02-11 13:35:00,long,27247.369,27208.780060213285,27208.780060213285,27298.496341513288,32.157449822262585,-0.9999999999999724,SL,1,21.384319605496593
2022-02-11 13:40:00,2022-02-11 13:45:00,long,27110.369,27062.255434571656,27062.255434571656,27296.939,40.094637856951024,-1.0000000000000275,SL,1,20.384319605496565
2022-02-13 20:40:00,2022-02-13 21:40:00,long,26985.519,27022.999,26923.59183409755,27066.410717171715,51.605971585374164,0.6052271156577725,TIMEOUT,12,20.989546721154337
2022-02-13 23:50:00,2022-02-14 00:50:00,short,27125.419,27070.519,27155.831255465855,27058.10820187793,25.343546221545946,1.8051933064168668,TIMEOUT,12,22.794740027571205
2022-02-14 00:55:00,2022-02-14 01:10:00,long,27065.419,27108.91038888889,27040.021089175112,27108.91038888889,21.164925687409053,1.712400251687813,VWAP,3,24.50714027925902
2022-02-14 01:45:00,2022-02-14 02:00:00,long,27050.469,27099.8496060606,27022.98587778844,27099.8496060606,22.90260184296887,1.7967611423648564,VWAP,3,26.303901421623877
2022-02-14 02:05:00,2022-02-14 02:20:00,long,27030.999,27095.86041025641,26998.449250481975,27095.86041025641,27.12479126502063,1.9926853882697948,VWAP,3,28.29658680989367
2022-02-14 03:25:00,2022-02-14 04:00:00,long,26932.369,26882.72003670061,26882.72003670061,27081.54265079365,41.37413608282118,-1.000000000000034,SL,7,27.296586809893636
2022-02-14 04:05:00,2022-02-14 05:05:00,long,26865.469,26895.319,26814.36593058788,27054.77113333333,42.58589117676815,0.5841136421625205,TIMEOUT,12,27.880700452056157
2022-02-14 07:05:00,2022-02-14 07:40:00,long,26925.519,27004.90659689923,26893.001432032408,27004.90659689923,27.09797330632698,2.441375596672789,VWAP,7,30.322076048728945
2022-02-14 07:45:00,2022-02-14 08:45:00,short,27160.369,27065.469,27208.53406211639,27001.221872340422,40.137551763657044,1.970307850339251,TIMEOUT,12,32.2923838990682
2022-02-14 12:30:00,2022-02-14 13:30:00,short,27142.519,27055.369,27187.28933022286,27026.639551876382,37.3086085190497,1.9466016794198864,TIMEOUT,12,34.238985578488084
2022-02-14 13:50:00,2022-02-14 13:55:00,long,26975.519,26932.763815501334,26932.763815501334,27032.995467065866,35.62932041555448,-1.0000000000000262,SL,1,33.238985578488055
2022-02-14 14:00:00,2022-02-14 14:10:00,long,26920.369,26872.619131733292,26872.619131733292,27031.839887573962,39.79155688892189,-1.0000000000000042,SL,2,32.23898557848805
2022-02-14 18:50:00,2022-02-14 19:00:00,short,27097.519,27133.823982142792,27133.823982142792,27031.574064724915,30.25415178566041,-0.9999999999999905,SL,2,31.23898557848806
2022-02-14 20:35:00,2022-02-14 21:35:00,long,26952.469,26992.519,26898.4407545988,27032.962994126283,45.023537834333844,0.7412789310960908,TIMEOUT,12,31.98026450958415
2022-02-14 22:30:00,2022-02-14 22:35:00,long,26957.269,26923.437792140394,26923.437792140394,27029.304133333328,28.19267321634,-0.9999999999999517,SL,1,30.9802645095842
2022-02-14 23:05:00,2022-02-14 23:30:00,long,26925.369,26891.455225613474,26891.455225613474,27027.409557717252,28.26147865543832,-0.9999999999999677,SL,5,29.98026450958423
2022-02-14 23:35:00,2022-02-15 00:10:00,long,26865.469,26828.66761005448,26828.66761005448,27024.573359949303,30.667824954602327,-0.9999999999999731,SL,7,28.98026450958426
2022-02-15 21:05:00,2022-02-15 22:05:00,short,27422.369,27432.419,27454.482933999083,27245.134497835497,26.761611665903256,-0.3129482672627278,TIMEOUT,12,28.667316242321533
2022-02-15 23:55:00,2022-02-16 00:10:00,short,27434.319,27453.331072266712,27453.331072266712,27267.8909245283,15.843393555592868,-1.0000000000000553,SL,3,27.667316242321476
2022-02-16 02:55:00,2022-02-16 03:00:00,long,27422.469,27444.29103703704,27406.370439626044,27444.29103703704,13.415466978297502,1.3555272353633547,VWAP,1,29.02284347768483
2022-02-16 05:30:00,2022-02-16 06:30:00,long,27397.469,27397.269,27367.608602258126,27454.738054726367,24.883664784895966,-0.00669783442704297,TIMEOUT,12,29.016145643257786
2022-02-16 07:35:00,2022-02-16 07:40:00,long,27384.519,27362.493100325817,27362.493100325817,27443.365340579712,18.354916395153023,-0.999999999999979,SL,1,28.016145643257808
2022-02-16 08:50:00,2022-02-16 09:15:00,long,27317.419,27289.983665788877,27289.983665788877,27432.815448598125,22.862778509270722,-0.9999999999999841,SL,5,27.016145643257822
2022-02-16 11:00:00,2022-02-16 12:00:00,long,27312.519,27332.269,27278.405101128144,27410.30689473684,28.42824905987942,0.5789429133910627,TIMEOUT,12,27.595088556648886
2022-02-16 12:35:00,2022-02-16 13:35:00,long,27282.319,27347.369,27254.77326335577,27400.765995614027,22.954780536857893,2.361526970222687,TIMEOUT,12,29.956615526871573
2022-02-16 14:25:00,2022-02-16 14:35:00,short,27467.369,27507.86635633253,27507.86635633253,27394.93729501916,33.74779694377663,-1.0000000000000246,SL,2,28.95661552687155
2022-02-16 20:45:00,2022-02-16 21:45:00,long,27327.469,27372.469,27292.536882732635,27404.75289855073,29.110097722806085,1.2882127829691519,TIMEOUT,12,30.2448283098407
2022-02-16 22:55:00,2022-02-16 23:00:00,long,27252.519,27215.17850566417,27215.17850566417,27402.77811458335,31.117078613190024,-1.0000000000000298,SL,1,29.24482830984067
2022-02-16 23:05:00,2022-02-17 00:05:00,long,27129.999,27192.999,27078.159083965536,27400.75237209304,43.199930028719976,1.215279746173135,TIMEOUT,12,30.460108056013805
2022-02-17 08:40:00,2022-02-17 08:45:00,long,27177.999,27154.071563269008,27154.071563269008,27217.282206349202,19.9395306091583,-1.000000000000075,SL,1,29.46010805601373
2022-02-17 08:55:00,2022-02-17 09:55:00,long,27122.269,27094.010417457004,27094.010417457004,27215.19560493827,23.548818785831187,-0.9999999999999499,SL,12,28.46010805601378
2022-02-17 10:00:00,2022-02-17 11:00:00,long,27067.469,27087.319,27031.59475093406,27207.75241597796,29.895207554952584,0.5533216866368631,TIMEOUT,12,29.013429742650644
2022-02-17 14:10:00,2022-02-17 14:35:00,long,27032.999,27010.3067402754,27010.3067402754,27172.181631578955,18.910216437166206,-1.0000000000000762,SL,5,28.01342974265057
2022-02-18 04:15:00,2022-02-18 05:15:00,long,27067.319,27077.369,27037.970632362216,27108.024897435906,24.456973031486424,0.34243812548745267,TIMEOUT,12,28.35586786813802
2022-02-18 06:40:00,2022-02-18 06:45:00,long,27074.519,27055.408073558083,27055.408073558083,27098.925543209883,15.925772034931084,-1.000000000000005,SL,1,27.355867868138017
2022-02-18 06:50:00,2022-02-18 07:50:00,long,27039.999,27082.469,27018.465578731204,27097.878036144586,17.94451772399662,1.9722829674792273,TIMEOUT,12,29.328150835617244
2022-02-18 08:10:00,2022-02-18 08:25:00,long,27017.319,26995.032708844716,26995.032708844716,27093.29802356904,18.571909296069627,-1.0000000000000127,SL,3,28.32815083561723
2022-02-18 08:30:00,2022-02-18 08:35:00,long,26942.519,26916.162709868648,26916.162709868648,27089.238579288038,21.96357510946086,-0.9999999999999829,SL,1,27.328150835617247
2022-02-18 09:35:00,2022-02-18 10:35:00,long,26899.319,26927.369,26862.886072923204,27075.660781609204,30.36077256399625,0.7699079445599802,TIMEOUT,12,28.098058780177226
2022-02-21 02:00:00,2022-02-21 04:00:00,short,26997.319,26932.564,27031.143820606914,26932.564,28.18735050576195,1.9144225701159834,VWAP,5,30.01248135029321
2022-02-21 04:05:00,2022-02-21 04:55:00,long,26885.419,26852.781748684538,26852.781748684538,26949.974555555553,27.197709429553555,-0.9999999999999859,SL,2,29.012481350293225
2022-02-21 05:00:00,2022-02-21 05:30:00,long,26837.999,26806.982062266736,26806.982062266736,26931.69877777778,25.84744811105297,-1.000000000000016,SL,6,28.012481350293207
2022-02-21 06:40:00,2022-02-21 07:40:00,long,26755.319,26745.369,26726.28026811032,26866.778333333343,24.19894324139875,-0.3426458165529379,TIMEOUT,12,27.66983553374027
2022-02-21 07:45:00,2022-02-21 07:50:00,long,26720.519,26689.719599207165,26689.719599207165,26836.7628888889,25.666167327363368,-0.9999999999999829,SL,1,26.669835533740287
2022-02-22 03:35:00,2022-02-22 03:45:00,short,26550.319,26608.632102728017,26608.632102728017,26446.693242424248,48.59425227334947,-0.9999999999999739,SL,2,25.66983553374031
2022-02-22 03:50:00,2022-02-22 04:30:00,short,26595.419,26651.67591934893,26651.67591934893,26454.906943262413,46.880766124106806,-1.0000000000000135,SL,8,24.669835533740297
2022-02-22 13:45:00,2022-02-22 14:05:00,long,26580.519,26537.81170757719,26537.81170757719,26659.76464257029,35.5894103523395,-1.00000000000003,SL,4,23.66983553374027
2022-02-22 14:10:00,2022-02-22 14:35:00,long,26515.469,26656.452469785585,26475.481882642758,26656.452469785585,33.322597797701725,3.5257222601481297,VWAP,5,27.195557793888398
2022-02-22 20:10:00,2022-02-22 21:10:00,short,26790.519,26775.269,26828.46152730764,26672.927176382676,31.61877275636807,0.40192367462376777,TIMEOUT,12,27.597481468512164
2022-02-22 23:55:00,2022-02-23 00:55:00,short,26782.469,26772.469,26803.368441857754,26685.875194029857,17.416201548128875,0.4784816775520511,TIMEOUT,12,28.075963146064215
2022-02-23 02:05:00,2022-02-23 02:35:00,long,26720.419,26776.93323076923,26697.617346194424,26776.93323076923,19.001378171315785,2.4785145521068292,VWAP,6,30.554477698171045
2022-02-23 03:15:00,2022-02-23 03:55:00,short,26840.319,26874.012931372585,26874.012931372585,26774.902916666662,28.078276143822368,-0.9999999999999517,SL,8,29.554477698171095
2022-02-23 07:00:00,2022-02-23 07:35:00,long,26755.369,26805.363431372552,26728.205557399036,26805.363431372552,22.636202167469555,1.8405042434047147,VWAP,7,31.39498194157581
2022-02-23 09:35:00,2022-02-23 09:50:00,long,26750.419,26725.542708142577,26725.542708142577,26804.56770689656,20.73024321452115,-0.9999999999999769,SL,3,30.394981941575836
2022-02-23 09:55:00,2022-02-23 10:00:00,long,26710.269,26675.15031820752,26675.15031820752,26802.916944444452,29.265568160400424,-0.9999999999999581,SL,1,29.394981941575878
2022-02-23 10:05:00,2022-02-23 10:10:00,long,26637.419,26597.835218250362,26597.835218250362,26800.784819672135,32.98648479136559,-1.0000000000000189,SL,1,28.39498194157586
2022-02-23 10:25:00,2022-02-23 10:30:00,long,26590.999,26545.605689437958,26545.605689437958,26795.08164550265,37.82775880170229,-0.9999999999999778,SL,1,27.39498194157588
2022-02-24 12:15:00,2022-02-24 13:15:00,long,25692.269,25760.519,25626.088970273377,25778.871432432425,55.15002477218711,1.0312778685945907,TIMEOUT,12,28.42625981017047
2022-02-24 14:30:00,2022-02-24 14:35:00,short,26000.319,26070.88709374029,26070.88709374029,25779.996752380936,58.806744783574345,-1.0000000000000162,SL,1,27.426259810170453
2022-02-24 14:40:00,2022-02-24 14:55:00,short,26075.369,26147.282121643413,26147.282121643413,25783.256062146877,59.92760136951045,-1.000000000000025,SL,3,26.42625981017043
2022-02-25 07:20:00,2022-02-25 07:50:00,short,26499.469,26541.665247379893,26541.665247379893,26428.88517977529,35.16353948324336,-1.0000000000000029,SL,6,25.426259810170425
2022-02-25 07:55:00,2022-02-25 08:55:00,short,26664.419,26671.999,26719.485125875577,26435.054381944457,45.88843822964499,-0.1376526835595023,TIMEOUT,12,25.288607126610923
2022-02-28 00:30:00,2022-02-28 01:30:00,short,26536.269,26554.419,26581.873683076974,26449.939476190473,38.00390256414398,-0.3979854430600343,TIMEOUT,12,24.89062168355089
2022-02-28 02:40:00,2022-02-28 03:40:00,short,26669.419,26559.519,26726.737466659564,26527.324959595964,47.7653888829679,1.91735764064911,TIMEOUT,12,26.8079793242
2022-02-28 10:35:00,2022-02-28 10:40:00,short,26779.469,26828.291810022205,26828.291810022205,26606.08431250001,40.68567501850473,-0.9999999999999669,SL,1,25.807979324200033
2022-02-28 10:45:00,2022-02-28 11:30:00,short,26844.999,26894.458892315066,26894.458892315066,26609.463846153856,41.21657692922084,-1.000000000000022,SL,9,24.807979324200012
2022-02-28 14:10:00,2022-02-28 15:10:00,long,26529.319,26599.369,26472.585823685535,26641.121612085783,47.27764692872078,1.234727271600674,TIMEOUT,12,26.042706595800688
2022-02-28 18:05:00,2022-02-28 18:50:00,short,26741.469,26796.223438357356,26796.223438357356,26636.99994276095,45.62869863112853,-1.0000000000000133,SL,9,25.042706595800674
2022-03-01 00:20:00,2022-03-01 01:00:00,long,26859.369,26831.134980884955,26831.134980884955,26901.108333333337,23.528349262535077,-1.0000000000000442,SL,8,24.04270659580063
2022-03-01 02:10:00,2022-03-01 02:50:00,short,26946.319,26883.58924691358,26975.236731356705,26883.58924691358,24.098109463921624,2.1692487668771756,VWAP,8,26.211955362677806
2022-03-01 03:25:00,2022-03-01 04:10:00,long,26799.999,26759.712497553,26759.712497553,26890.27288888889,33.57208537250183,-0.999999999999973,SL,9,25.211955362677834
2022-03-01 04:15:00,2022-03-01 04:25:00,long,26754.369,26713.547390156586,26713.547390156586,26873.700794871787,34.018008202844676,-0.9999999999999892,SL,2,24.211955362677845
2022-03-01 05:05:00,2022-03-01 05:40:00,long,26674.469,26632.93575823911,26632.93575823911,26847.59195698924,34.611034800741486,-1.0000000000000424,SL,7,23.211955362677802
2022-03-01 11:20:00,2022-03-01 11:35:00,long,26604.999,26553.195265757644,26553.195265757644,26761.08077615573,43.16977853529563,-1.0000000000000213,SL,3,22.21195536267778
2022-03-01 11:50:00,2022-03-01 12:10:00,long,26506.269,26453.309831874554,26453.309831874554,26753.04105128206,44.13264010453915,-0.9999999999999818,SL,4,21.2119553626778
2022-03-01 18:55:00,2022-03-01 19:55:00,long,26416.319,26479.319,26366.93293402706,26656.59808653847,41.15505497744932,1.275663464154454,TIMEOUT,12,22.487618826832254
2022-03-01 20:45:00,2022-03-01 20:55:00,long,26421.469,26355.12703905402,26355.12703905402,26640.818956521744,55.28496745498444,-1.0000000000000033,SL,2,21.48761882683225
2022-03-01 21:00:00,2022-03-01 21:45:00,long,26356.519,26292.755104883992,26292.755104883992,26637.360516452078,53.13657926333858,-1.0000000000000253,SL,9,20.487618826832225
2022-03-01 22:45:00,2022-03-01 23:45:00,long,26329.999,26359.519,26284.090281740435,26613.08548293963,38.257265216304,0.6430151204199679,TIMEOUT,12,21.130633947252193
2022-03-02 01:45:00,2022-03-02 02:00:00,long,26341.519,26310.456858244423,26310.456858244423,26389.40763636363,25.88511812964697,-1.0000000000000402,SL,3,20.130633947252154
2022-03-02 02:05:00,2022-03-02 02:25:00,long,26229.369,26193.82232958452,26193.82232958452,26376.328615384617,29.622225346232145,-1.0000000000000044,SL,4,19.13063394725215
2022-03-02 03:25:00,2022-03-02 03:55:00,short,26434.269,26344.107333333337,26485.695152928547,26344.107333333337,42.855127440456236,1.7532259664053742,VWAP,6,20.883859913657524
2022-03-02 04:50:00,2022-03-02 05:50:00,short,26531.319,26454.419,26592.249833643193,26359.972389830516,50.77569470265993,1.2620867859829488,TIMEOUT,12,22.145946699640472
2022-03-02 07:15:00,2022-03-02 08:15:00,short,26534.369,26476.469,26568.90483198656,26405.087901515162,28.779859988801146,1.6765196223599863,TIMEOUT,12,23.82246632200046
2022-03-02 09:05:00,2022-03-02 09:20:00,short,26476.269,26507.7220497031,26507.7220497031,26419.18093939395,26.210874752584566,-0.9999999999999845,SL,3,22.822466322000473
2022-03-02 09:30:00,2022-03-02 09:45:00,short,26519.519,26550.638859082923,26550.638859082923,26422.32482608697,25.933215902435453,-1.0000000000000029,SL,3,21.82246632200047
2022-03-02 12:15:00,2022-03-02 13:15:00,short,26634.369,26669.369,26687.251859263764,26451.821725225236,44.06904938647005,-0.6618401593119305,TIMEOUT,12,21.160626162688537
2022-03-02 13:35:00,2022-03-02 14:35:00,short,26671.319,26624.999,26707.54133261356,26470.145626016267,30.18527717796873,1.2787691089407212,TIMEOUT,12,22.43939527162926
2022-03-02 15:45:00,2022-03-02 18:25:00,short,26669.269,26634.519,26709.09004083535,26492.589245614035,33.18420069612368,0.8726542368313249,TIMEOUT,12,23.312049508460582
2022-03-02 21:25:00,2022-03-02 21:35:00,short,26589.519,26629.248919802383,26629.248919802383,26519.64294957983,33.10826650198597,-0.9999999999999942,SL,2,22.31204950846059
2022-03-02 21:40:00,2022-03-02 22:40:00,short,26646.519,26636.519,26685.14714934615,26521.036067773162,32.19012445512492,0.25887856833080997,TIMEOUT,12,22.5709280767914
2022-03-03 02:45:00,2022-03-03 03:05:00,long,26584.369,26622.809392156865,26557.14607353322,26622.809392156865,22.6857720556504,1.4120595081419471,VWAP,4,23.982987584933348
2022-03-03 03:35:00,2022-03-03 03:40:00,long,26579.269,26549.153525784062,26549.153525784062,26620.866500000004,25.096228513280344,-1.0000000000000482,SL,1,22.982987584933298
2022-03-03 03:45:00,2022-03-03 04:45:00,long,26529.269,26569.519,26498.53716764034,26617.491318840584,25.60986029971624,1.3097168931857983,TIMEOUT,12,24.292704478119095
2022-03-03 05:20:00,2022-03-03 06:20:00,long,26529.269,26544.369,26497.149326320352,26598.284435897436,26.76639473303941,0.4701168558124766,TIMEOUT,12,24.762821333931573
2022-03-03 10:15:00,2022-03-03 10:25:00,long,26514.519,26477.024549851838,26477.024549851838,26584.41529032258,31.2453751234699,-0.9999999999999576,SL,2,23.762821333931615
2022-03-03 10:30:00,2022-03-03 10:40:00,long,26474.419,26434.739640315045,26434.739640315045,26581.98319947506,33.06613307079566,-1.000000000000045,SL,2,22.76282133393157
2022-03-03 10:45:00,2022-03-03 11:10:00,long,26399.519,26356.912866899474,26356.912866899474,26578.78943589743,35.50511091710553,-0.9999999999999795,SL,5,21.76282133393159
2022-03-03 18:45:00,2022-03-03 19:05:00,long,26396.369,26364.463958549848,26364.463958549848,26509.69131391586,26.587534541790834,-1.0000000000000548,SL,4,20.762821333931537
2022-03-03 19:10:00,2022-03-03 19:20:00,long,26264.369,26219.570398198757,26219.570398198757,26506.677846761457,37.33216816770027,-1.0000000000000286,SL,2,19.76282133393151
2022-03-03 19:25:00,2022-03-03 19:35:00,long,26141.269,26087.25779003013,26087.25779003013,26502.47618068536,45.00934164155906,-0.9999999999999993,SL,2,18.76282133393151
2022-03-03 19:40:00,2022-03-03 19:45:00,long,25941.519,25872.53500863564,25872.53500863564,26496.469337941628,57.48665947030043,-0.9999999999999793,SL,1,17.76282133393153
2022-03-04 04:10:00,2022-03-04 04:40:00,long,25979.369,25930.292525153964,25930.292525153964,26057.369915032665,40.89706237169697,-0.9999999999999748,SL,6,16.762821333931555
2022-03-04 05:55:00,2022-03-04 06:20:00,long,25974.319,25929.710357154683,25929.710357154683,26036.768629629616,37.173869037764774,-0.9999999999999692,SL,5,15.762821333931585
2022-03-04 07:10:00,2022-03-04 07:30:00,long,25904.999,25866.13494412433,25866.13494412433,26021.901298850567,32.38671322972551,-0.9999999999999998,SL,4,14.762821333931585
2022-03-04 08:50:00,2022-03-04 09:50:00,long,25899.269,25856.777598710494,25856.777598710494,26002.936943925244,35.409501074587446,-1.0000000000000258,SL,12,13.762821333931559
2022-03-04 09:55:00,2022-03-04 10:15:00,long,25874.319,25828.830977367586,25828.830977367586,25993.54766666668,37.90668552701034,-1.0000000000000142,SL,4,12.762821333931544
2022-03-04 10:45:00,2022-03-04 11:15:00,long,25806.269,25754.96497076902,25754.96497076902,25983.323307692317,42.75335769248526,-0.999999999999985,SL,6,11.762821333931559
2022-03-04 11:35:00,2022-03-04 12:35:00,long,25734.419,25859.419,25684.082621122394,25969.63714285715,41.94698239800676,2.483293450725468,TIMEOUT,12,14.246114784657026
2022-03-04 13:30:00,2022-03-04 13:45:00,long,25874.319,25829.867113849406,25829.867113849406,25952.705748466262,37.043238458827936,-0.9999999999999895,SL,3,13.246114784657037
2022-03-04 13:50:00,2022-03-04 14:05:00,long,25829.469,25783.532484476596,25783.532484476596,25950.620836327344,38.280429602837124,-0.9999999999999996,SL,3,12.246114784657037
2022-03-04 14:10:00,2022-03-04 15:00:00,long,25769.999,25724.637509687007,25724.637509687007,25947.23223586745,37.80124192749446,-0.9999999999999886,SL,10,11.246114784657047
2022-03-06 18:50:00,2022-03-06 18:55:00,long,25501.369,25429.792970916205,25429.792970916205,25607.644454545454,59.646690903161954,-0.9999999999999869,SL,1,10.24611478465706
2022-03-06 19:00:00,2022-03-06 19:30:00,long,25399.999,25323.82342390224,25323.82342390224,25581.184384615386,63.47964674813451,-0.9999999999999976,SL,6,9.246114784657061
2022-03-07 02:40:00,2022-03-07 02:50:00,long,25139.469,25082.683598737636,25082.683598737636,25226.75718181818,47.32116771863629,-1.0000000000000213,SL,2,8.24611478465704
2022-03-07 02:55:00,2022-03-07 03:25:00,long,25069.369,25013.112914514062,25013.112914514062,25215.79557407407,46.88007123828123,-0.9999999999999851,SL,6,7.246114784657055
2022-03-07 03:30:00,2022-03-07 04:30:00,long,25001.269,25144.369,24934.072936207187,25197.411790697668,55.99671982734313,2.129589025351609,TIMEOUT,12,9.375703810008664
2022-03-07 06:05:00,2022-03-07 06:55:00,long,25086.269,25170.244045045034,25033.71728108159,25170.244045045034,43.79309909867477,1.5979504909327702,VWAP,10,10.973654300941435
2022-03-07 07:05:00,2022-03-07 07:20:00,short,25274.369,25323.23801940853,25323.23801940853,25167.288069767434,40.72418284044307,-1.0000000000000073,SL,3,9.973654300941428
2022-03-07 07:25:00,2022-03-07 08:20:00,short,25354.519,25404.27242053642,25404.27242053642,25173.44151851851,41.46118378034927,-1.0000000000000355,SL,11,8.973654300941392
2022-03-07 08:25:00,2022-03-07 09:05:00,short,25404.519,25456.65638811721,25456.65638811721,25193.31945751633,43.44782343100952,-0.9999999999999963,SL,8,7.973654300941396
2022-03-07 12:25:00,2022-03-07 13:25:00,long,25099.999,25114.999,25044.38078587383,25233.949444444435,46.348511771809854,0.2696958224147936,TIMEOUT,12,8.24335012335619
2022-03-07 14:35:00,2022-03-07 15:20:00,long,25066.469,25012.507698651836,25012.507698651836,25216.58970075758,44.967751123469384,-1.0000000000000295,SL,9,7.243350123356161
2022-03-07 16:05:00,2022-03-07 18:00:00,long,24971.469,24910.912307284314,24910.912307284314,25200.95319243986,50.46391059640624,-0.9999999999999912,SL,3,6.24335012335617
2022-03-07 18:05:00,2022-03-07 18:30:00,long,24914.269,24855.907965518203,24855.907965518203,25195.878175084174,48.634195401498054,-0.9999999999999905,SL,5,5.24335012335618
2022-03-07 18:35:00,2022-03-07 19:30:00,long,24771.999,25186.42509477124,24706.35997667027,25186.42509477124,54.69918610810936,6.313715130851508,VWAP,11,11.557065254207687
2022-03-07 22:50:00,2022-03-07 23:20:00,long,24973.419,24904.95660826273,24904.95660826273,25164.42706535948,57.05199311439099,-1.000000000000013,SL,6,10.557065254207675
2022-03-07 23:25:00,2022-03-08 00:25:00,long,24863.999,24853.269,24801.392433559984,25158.68612468193,52.1721387000119,-0.17138777304263098,TIMEOUT,12,10.385677481165043
2022-03-08 07:00:00,2022-03-08 07:10:00,short,24901.999,24951.103353930896,24951.103353930896,24785.170137254892,40.92029494241392,-0.9999999999999805,SL,2,9.385677481165063
2022-03-08 07:15:00,2022-03-08 08:15:00,short,24983.519,24790.821007575745,25031.75289416406,24790.821007575745,40.1949118033831,3.995074330279539,VWAP,12,13.380751811444602
2022-03-08 08:55:00,2022-03-08 09:35:00,short,24886.519,24802.842611111104,24932.656698773237,24802.842611111104,38.44808231103124,1.8136229398903925,VWAP,8,15.194374751334994
2022-03-08 10:10:00,2022-03-08 11:10:00,long,24626.469,24731.419,24550.758514469595,24802.20160162601,63.09207127533954,1.386201650468215,TIMEOUT,12,16.58057640180321
2022-03-08 11:30:00,2022-03-08 11:55:00,long,24686.369,24789.507225419657,24606.664146603744,24789.507225419657,66.42071116354663,1.2940018207787412,VWAP,5,17.874578222581953
2022-03-08 12:10:00,2022-03-08 12:20:00,short,24916.319,24991.68529313244,24991.68529313244,24788.190678004532,62.80524427703346,-0.9999999999999947,SL,2,16.87457822258196
2022-03-08 14:50:00,2022-03-08 15:30:00,short,25026.419,24821.542370577292,25110.891958341133,24821.542370577292,70.39413195094328,2.425351656270222,VWAP,8,19.299929878852183
2022-03-08 16:05:00,2022-03-08 18:45:00,long,24716.369,24825.24253951889,24630.297917662767,24825.24253951889,71.72590194769374,1.2649258794297285,VWAP,12,20.56485575828191
2022-03-08 20:35:00,2022-03-08 21:35:00,short,25041.419,24953.469,25114.249399144966,24830.965447368413,60.69199928747127,1.207600137202878,TIMEOUT,12,21.77245589548479
2022-03-09 00:30:00,2022-03-09 00:40:00,long,24858.369,24812.033703130946,24812.033703130946,24918.35280952381,38.612747390877,-1.0000000000000002,SL,2,20.77245589548479
2022-03-09 00:50:00,2022-03-09 00:55:00,long,24733.419,24680.392374170216,24680.392374170216,24879.120515151517,44.18885485815368,-1.0000000000000147,SL,1,19.772455895484775
2022-03-09 04:30:00,2022-03-09 04:40:00,short,24976.419,25029.674781942238,25029.674781942238,24841.749,44.379818285197395,-0.9999999999999902,SL,2,18.772455895484786
2022-03-09 04:45:00,2022-03-09 05:40:00,short,25043.319,25095.118618413664,25095.118618413664,24850.953137931036,43.16634867805343,-1.0000000000000089,SL,11,17.772455895484775
2022-03-10 11:00:00,2022-03-10 11:10:00,long,25306.469,25255.889303785483,25255.889303785483,25516.659401002507,42.149746845430315,-1.0000000000000273,SL,2,16.772455895484747
2022-03-10 11:30:00,2022-03-10 12:30:00,long,25268.269,25311.369,25220.343451323763,25506.602429256596,39.93795723019897,0.8993115611708646,TIMEOUT,12,17.671767456655612
2022-03-10 12:45:00,2022-03-10 12:55:00,long,25258.469,25220.70877851247,25220.70877851247,25484.93568831169,31.466851239608953,-0.9999999999999707,SL,2,16.67176745665564
2022-03-10 13:05:00,2022-03-10 14:05:00,long,25206.419,25321.469,25169.874222670103,25478.54277637131,30.453981108248307,3.148192666804805,TIMEOUT,12,19.819960123460447
2022-03-10 15:10:00,2022-03-10 16:10:00,long,25281.269,25291.519,25221.827634811638,25455.70410018215,49.53447099030164,0.17243883897213802,TIMEOUT,12,19.992398962432585
2022-03-10 19:40:00,2022-03-10 19:55:00,long,25303.269,25244.112484553163,25244.112484553163,25440.910290322587,49.297096205697954,-0.9999999999999932,SL,3,18.992398962432592
2022-03-10 20:05:00,2022-03-10 20:35:00,long,25188.469,25123.945167092206,25123.945167092206,25436.8523933934,53.7698607564969,-0.9999999999999758,SL,6,17.992398962432617
2022-03-10 20:55:00,2022-03-10 21:30:00,long,25083.319,25025.13273962195,25025.13273962195,25424.43914367817,48.48855031504135,-1.0000000000000078,SL,7,16.99239896243261
2022-03-11 04:15:00,2022-03-11 05:05:00,short,25366.999,25417.079772175315,25417.079772175315,25266.525858974368,41.73397681276237,-1.0000000000000104,SL,10,15.992398962432599
2022-03-11 06:25:00,2022-03-11 06:30:00,short,25586.369,25638.727167245033,25638.727167245033,25311.105153846158,43.63180603752777,-1.0000000000000238,SL,1,14.992398962432576
2022-03-11 06:35:00,2022-03-11 07:15:00,short,25633.319,25700.996644206178,25700.996644206178,25319.54729166667,56.39803683848049,-1.0000000000000242,SL,8,13.992398962432551
2022-03-11 11:15:00,2022-03-11 11:45:00,long,25321.369,25274.80872782379,25274.80872782379,25405.75074019608,38.80022681350598,-1.0000000000000167,SL,6,12.992398962432535
2022-03-13 23:25:00,2022-03-14 00:25:00,short,25439.319,25411.269,25479.173568335373,25355.112162393165,33.21214027947846,0.7038089025067329,TIMEOUT,12,13.696207864939268
2022-03-14 00:55:00,2022-03-14 01:00:00,long,25349.319,25315.61466185409,25315.61466185409,25397.020944444448,28.0869484549222,-1.0000000000000395,SL,1,12.696207864939229
2022-03-14 01:05:00,2022-03-14 02:05:00,long,25246.319,25324.519,25206.981688027252,25380.663523809526,32.781093310621706,1.9879345099680377,TIMEOUT,12,14.684142374907267
2022-03-14 03:05:00,2022-03-14 03:15:00,long,25279.519,25345.40198245614,25236.988622604495,25345.40198245614,35.44198116292267,1.5490805981679243,VWAP,2,16.233222973075193
2022-03-14 04:45:00,2022-03-14 04:55:00,short,25426.269,25467.28726072002,25467.28726072002,25343.37963218391,34.181883933349944,-0.9999999999999672,SL,2,15.233222973075225
2022-03-14 06:55:00,2022-03-14 07:10:00,long,25314.269,25363.989198412695,25274.51565445248,25363.989198412695,33.12778795626649,1.2507173353060614,VWAP,3,16.483940308381285
2022-03-14 11:15:00,2022-03-14 11:30:00,long,25329.999,25374.72870588236,25294.657818247328,25374.72870588236,29.450984793892715,1.265653938665469,VWAP,3,17.749594247046755
2022-03-14 11:50:00,2022-03-14 12:15:00,long,25294.269,25256.29496996154,25256.29496996154,25373.452053613066,31.645025032052303,-0.9999999999999781,SL,5,16.749594247046776
2022-03-14 12:40:00,2022-03-14 13:40:00,long,25204.999,25214.519,25167.762184642725,25366.431875817,31.030679464394552,0.25566096103169833,TIMEOUT,12,17.005255208078474
2022-03-14 18:35:00,2022-03-14 18:45:00,long,25304.269,25275.544768080967,25275.544768080967,25343.497019802,23.9368599325275,-1.000000000000022,SL,2,16.005255208078452
2022-03-14 19:00:00,2022-03-14 19:10:00,long,25236.319,25341.642317230293,25202.983819692105,25341.642317230293,27.77931692324639,3.1595244500701534,VWAP,2,19.164779658148607
2022-03-14 20:55:00,2022-03-14 21:05:00,long,25239.419,25339.728579710165,25181.175522227848,25339.728579710165,48.5362314767962,1.7222457096838815,VWAP,2,20.88702536783249
2022-03-14 22:30:00,2022-03-14 23:30:00,short,25416.999,25374.269,25457.82892779263,25343.0119451138,34.02493982719357,1.0465362617592027,TIMEOUT,12,21.933561629591694
2022-03-15 02:05:00,2022-03-15 02:15:00,long,25249.999,25216.324088798665,25216.324088798665,25339.600666666673,28.06242600111278,-0.9999999999999873,SL,2,20.933561629591708
2022-03-15 03:25:00,2022-03-15 03:50:00,long,25169.469,25121.097434469135,25121.097434469135,25297.92447619049,40.30963794238784,-1.0000000000000138,SL,5,19.933561629591694
2022-03-15 04:05:00,2022-03-15 05:05:00,long,25104.519,25144.519,25058.10120181226,25272.591533333343,38.68149848978338,0.8617384184880373,TIMEOUT,12,20.79530004807973
2022-03-15 08:10:00,2022-03-15 08:30:00,short,25309.269,25343.10830808752,25343.10830808752,25236.76613804714,28.19942340626721,-1.0000000000000164,SL,4,19.795300048079714
2022-03-15 09:35:00,2022-03-15 10:25:00,short,25394.419,25436.854195202064,25436.854195202064,25249.062678160924,35.36266266838576,-0.9999999999999895,SL,10,18.795300048079724
2022-03-15 13:50:00,2022-03-15 14:20:00,short,25544.419,25585.75149404127,25585.75149404127,25316.15011776447,34.44374503439026,-0.9999999999999837,SL,6,17.795300048079742
2022-03-15 22:40:00,2022-03-15 23:40:00,short,25737.269,25672.999,25788.54140950682,25428.8903438735,42.72700792234982,1.2535006764496182,TIMEOUT,12,19.04880072452936
2022-03-16 01:15:00,2022-03-16 01:55:00,short,25837.319,25879.323660484773,25879.323660484773,25756.683791666674,35.003883737313075,-0.9999999999999579,SL,8,18.048800724529404
2022-03-16 02:00:00,2022-03-16 02:10:00,short,25882.519,25920.174035882166,25920.174035882166,25790.259666666676,31.379196568471418,-1.0000000000000073,SL,2,17.048800724529396
2022-03-16 03:05:00,2022-03-16 03:10:00,short,25917.999,25955.15771805438,25955.15771805438,25824.187070175445,30.965598378649698,-0.9999999999999905,SL,1,16.048800724529407
2022-03-16 13:55:00,2022-03-16 14:20:00,short,26157.269,26232.55849751916,26232.55849751916,25998.055091269845,62.74124793263414,-0.9999999999999785,SL,5,15.048800724529428
2022-03-16 18:30:00,2022-03-16 18:50:00,short,26364.519,26399.150199871816,26399.150199871816,26049.12008374385,28.859333226513513,-0.999999999999983,SL,4,14.048800724529446
2022-03-16 23:10:00,2022-03-16 23:55:00,short,26597.519,26646.939462058162,26646.939462058162,26155.990981981984,41.18371838180107,-1.000000000000019,SL,9,13.048800724529427
2022-03-17 01:50:00,2022-03-17 02:10:00,short,26714.469,26746.457456623386,26746.457456623386,26658.15465217391,26.65704718615546,-0.9999999999999513,SL,4,12.048800724529475
2022-03-17 04:15:00,2022-03-17 05:00:00,long,26597.369,26557.428448290877,26557.428448290877,26676.62502564103,33.28379309093619,-0.9999999999999589,SL,9,11.048800724529515
2022-03-17 06:40:00,2022-03-17 07:05:00,long,26602.419,26647.203115226337,26569.14369317057,26647.203115226337,27.729422357860997,1.3458663343330095,VWAP,5,12.394667058862526
2022-03-17 07:50:00,2022-03-17 08:50:00,long,26567.419,26640.523526315792,26534.214807068525,26640.523526315792,27.670160776229476,2.2016655085295582,VWAP,12,14.596332567392084
2022-03-17 09:50:00,2022-03-17 10:50:00,long,26532.999,26572.469,26489.556654980388,26632.403117647067,36.20195418300869,0.9085605296441505,TIMEOUT,12,15.504893097036234
2022-03-17 12:55:00,2022-03-17 13:55:00,short,26722.419,26697.319,26753.072271207668,26627.036948717956,25.54439267305505,0.8188359353218047,TIMEOUT,12,16.323729032358038
2022-03-17 14:40:00,2022-03-17 14:45:00,short,26732.419,26766.165790046252,26766.165790046252,26634.915779661012,28.12232503854162,-1.000000000000022,SL,1,15.323729032358017
2022-03-17 18:45:00,2022-03-17 19:00:00,long,26599.319,26639.626154471534,26568.614880887057,26639.626154471534,25.586765927451463,1.3127604906452262,VWAP,3,16.63648952300324
2022-03-17 19:10:00,2022-03-17 20:05:00,short,26754.319,26639.68938095237,26801.480603464704,26639.68938095237,39.301336220587416,2.430570859055185,VWAP,11,19.067060382058425
2022-03-17 23:10:00,2022-03-18 00:10:00,short,26732.469,26747.999,26764.113771946577,26652.15697157621,26.37064328881437,-0.4907603703454273,TIMEOUT,12,18.576300011713
2022-03-18 00:55:00,2022-03-18 01:05:00,short,26847.369,26878.415394707277,26878.415394707277,26785.51122222222,25.871995589397894,-1.000000000000034,SL,2,17.576300011712963
2022-03-18 01:10:00,2022-03-18 01:15:00,short,26902.519,26936.812937744857,26936.812937744857,26802.553444444442,28.57828145404787,-0.9999999999999732,SL,1,16.57630001171299
2022-03-18 08:35:00,2022-03-18 08:40:00,short,26977.269,27007.284704883976,27007.284704883976,26905.427910256414,25.013087403312806,-1.0000000000000064,SL,1,15.576300011712984
2022-03-18 08:45:00,2022-03-18 08:50:00,short,27022.369,27055.74174553771,27055.74174553771,26907.166044025165,27.81062128142795,-0.999999999999955,SL,1,14.576300011713029
2022-03-18 09:10:00,2022-03-18 10:10:00,short,27157.519,27119.519,27200.61590576273,26914.926807807813,35.914088135608345,0.8817338351205299,TIMEOUT,12,15.458033846833558
2022-03-20 23:10:00,2022-03-21 00:15:00,long,27192.519,27184.999,27171.113987883797,27260.414644444438,17.83751009683632,-0.35131958623409515,TIMEOUT,12,15.106714260599464
2022-03-21 03:10:00,2022-03-21 03:40:00,short,27247.469,27277.6866194572,27277.6866194572,27189.991735042735,25.181349547666045,-0.9999999999999736,SL,6,14.10671426059949
2022-03-21 06:35:00,2022-03-21 07:35:00,short,27307.369,27272.469,27332.110626634414,27221.901250000003,20.61802219534587,1.4105782338277109,TIMEOUT,12,15.5172924944272
2022-03-21 08:05:00,2022-03-21 08:25:00,short,27289.419,27307.310582867347,27307.310582867347,27232.4326734694,14.909652389454811,-0.9999999999999724,SL,4,14.51729249442723
2022-03-21 08:35:00,2022-03-21 09:10:00,short,27362.319,27236.573070512837,27384.186132918196,27236.573070512837,18.22261076516402,5.750453429700533,VWAP,7,20.267745924127762
2022-03-21 09:25:00,2022-03-21 09:50:00,long,27192.319,27239.23344444446,27157.411689771012,27239.23344444446,29.08942519082409,1.3439719112331003,VWAP,5,21.611717835360864
2022-03-21 10:00:00,2022-03-21 10:25:00,short,27307.319,27343.714854552298,27343.714854552298,27239.04974380167,30.329878793580676,-1.0000000000000397,SL,5,20.611717835360825
2022-03-21 12:20:00,2022-03-21 12:40:00,long,27172.999,27249.45629306489,27127.49171540749,27249.45629306489,37.922737160425065,1.6801110800066066,VWAP,4,22.291828915367432
2022-03-21 13:30:00,2022-03-21 14:00:00,short,27332.999,27249.12171983641,27376.303587196122,27249.12171983641,36.08715599676878,1.936914437810411,VWAP,6,24.228743353177844
2022-03-21 18:55:00,2022-03-21 19:00:00,long,27212.419,27181.895910455703,27181.895910455703,27257.876932692307,25.43590795358285,-0.9999999999999625,SL,1,23.228743353177883
2022-03-22 01:05:00,2022-03-22 01:15:00,short,27264.319,27294.61083163078,27294.61083163078,27209.344952380954,25.24319302565008,-1.0000000000000135,SL,2,22.22874335317787
2022-03-22 01:20:00,2022-03-22 02:20:00,short,27299.999,27319.419,27330.295783561523,27223.52037254902,25.247319634603993,-0.6409921357019627,TIMEOUT,12,21.587751217475905
2022-03-22 02:55:00,2022-03-22 03:15:00,short,27394.369,27420.947822544127,27420.947822544127,27273.29825925926,22.149018786774658,-0.999999999999953,SL,4,20.58775121747595
2022-03-22 14:50:00,2022-03-22 17:30:00,short,27704.519,27714.519,27731.28198825753,27520.491439478596,22.302490214607747,-0.37365035263529195,TIMEOUT,12,20.21410086484066
2022-03-22 17:40:00,2022-03-22 18:40:00,short,27724.469,27669.319,27744.740871286962,27533.144595854934,16.89322607246894,2.7205184572906003,TIMEOUT,12,22.93461932213126
2022-03-22 19:05:00,2022-03-22 19:25:00,short,27706.369,27732.529388052593,27732.529388052593,27546.494507936524,21.800323377162364,-0.9999999999999871,SL,4,21.934619322131276
2022-03-23 20:15:00,2022-03-23 20:45:00,long,27646.269,27782.160919642854,27599.471140103637,27782.160919642854,38.99821658030215,2.9038062839582235,VWAP,6,24.8384256060895
2022-03-23 21:20:00,2022-03-23 21:50:00,long,27704.369,27778.010054852315,27660.567743663727,27778.010054852315,36.501046946891705,1.6812543979780126,VWAP,6,26.519680004067514
2022-03-23 22:05:00,2022-03-23 22:20:00,long,27729.519,27776.61607317073,27694.29148198728,27776.61607317073,29.35626501060209,1.336939864844351,VWAP,3,27.856619868911864
2022-03-24 09:25:00,2022-03-24 09:45:00,long,28034.369,28081.052801169582,27998.087701878372,28081.052801169582,30.23441510135409,1.286718049974029,VWAP,4,29.14333791888589
2022-03-24 10:30:00,2022-03-24 11:30:00,short,28199.269,28169.419,28243.50978212125,28081.599944881887,36.86731843437504,0.6747168239067088,TIMEOUT,12,29.8180547427926
2022-03-24 12:00:00,2022-03-24 12:45:00,short,28224.269,28259.030525439463,28259.030525439463,28094.200149425284,28.967937866218705,-0.9999999999999951,SL,9,28.818054742792604
2022-03-25 03:10:00,2022-03-25 04:10:00,long,28039.999,28034.319,28005.810390337938,28132.324299145304,28.490508051718887,-0.16613720347636993,TIMEOUT,12,28.651917539316234
2022-03-25 05:55:00,2022-03-25 06:30:00,short,28174.999,28202.7748150636,28202.7748150636,28107.183490740746,23.146512553001124,-0.9999999999999523,SL,7,27.65191753931628
2022-03-25 12:55:00,2022-03-25 13:00:00,short,28214.369,28249.441510597695,28249.441510597695,28143.889021367533,29.22709216474766,-0.9999999999999728,SL,1,26.651917539316308
2022-03-25 13:05:00,2022-03-25 14:05:00,short,28239.999,28229.369,28274.802787199034,28145.0514472574,29.003155999195865,0.30542653129127695,TIMEOUT,12,26.957344070607586
2022-03-25 15:05:00,2022-03-27 18:45:00,short,28279.369,28221.999,28312.948960767157,28156.446509157522,27.98330063929906,1.7084594111886728,TIMEOUT,12,28.66580348179626
2022-03-27 20:00:00,2022-03-27 20:05:00,long,28051.269,28016.81740636242,28016.81740636242,28228.06757142857,28.70966136464854,-1.0000000000000278,SL,1,27.66580348179623
2022-03-27 20:40:00,2022-03-27 20:50:00,long,27926.319,27874.788411744925,27874.788411744925,28139.526727272732,42.94215687922835,-1.000000000000013,SL,2,26.665803481796218
2022-03-27 20:55:00,2022-03-27 21:05:00,long,27874.369,27823.28218425787,27823.28218425787,28110.424333333336,42.572346451772745,-1.0000000000000184,SL,2,25.6658034817962
2022-03-28 01:40:00,2022-03-28 02:10:00,long,27949.419,27920.94397435114,27920.94397435114,28006.29058730159,23.7291880407187,-0.9999999999999971,SL,6,24.665803481796203
2022-03-28 02:15:00,2022-03-28 03:05:00,long,27894.519,27991.438285714285,27860.423112537585,27991.438285714285,28.413239552014563,2.842550610278573,VWAP,10,27.508354092074775
2022-03-28 04:20:00,2022-03-28 04:40:00,short,28109.999,28146.78112566431,28146.78112566431,27995.357050314462,30.651771386924473,-1.000000000000045,SL,4,26.50835409207473
2022-03-28 09:40:00,2022-03-28 10:40:00,short,28134.269,28075.050082621092,28166.027439185862,28075.050082621092,26.465365988217286,1.8646671214646273,VWAP,12,28.373021213539356
2022-03-28 11:55:00,2022-03-28 12:15:00,long,27989.419,27946.61569848708,27946.61569848708,28077.20756481482,35.66941792743449,-1.0000000000000187,SL,4,27.37302121353934
2022-03-28 14:50:00,2022-03-28 15:00:00,short,28129.999,28155.86690950338,28155.86690950338,28068.974288640595,21.556591252816833,-1.0000000000000062,SL,2,26.37302121353933
2022-03-28 15:25:00,2022-03-28 15:35:00,short,28189.999,28215.949181214688,28215.949181214688,28071.95233333333,21.625151012240654,-0.9999999999999776,SL,2,25.373021213539353
2022-03-28 16:05:00,2022-03-28 18:50:00,short,28264.999,28204.469,28294.086696651662,28077.784996563572,24.23974720971842,2.080948544151573,TIMEOUT,12,27.453969757690928
2022-03-28 21:40:00,2022-03-28 22:15:00,short,28216.469,28096.278722222203,28260.1637205326,28096.278722222203,36.41226711049882,2.7506819202134367,VWAP,7,30.204651677904366
2022-03-29 02:50:00,2022-03-29 03:00:00,short,28199.519,28230.1440689168,28230.1440689168,28147.752047619048,25.520890763999883,-1.0000000000000357,SL,2,29.20465167790433
2022-03-29 13:45:00,2022-03-29 13:50:00,short,28409.419,28439.785968983226,28439.785968983226,28334.220586345396,25.305807486020196,-0.9999999999999947,SL,1,28.204651677904337
2022-03-29 13:55:00,2022-03-29 14:05:00,short,28434.319,28464.63645794982,28464.63645794982,28335.354952380963,25.26454829151739,-0.9999999999999408,SL,2,27.204651677904398
2022-03-29 14:15:00,2022-03-29 14:45:00,short,28489.269,28519.257909425887,28519.257909425887,28338.338593023265,24.990757854905027,-1.0000000000000309,SL,6,26.204651677904366
2022-03-29 14:50:00,2022-03-29 15:35:00,short,28519.369,28546.900760357967,28546.900760357967,28344.43680260708,22.943133631639952,-0.9999999999999973,SL,9,25.20465167790437
2022-03-30 08:15:00,2022-03-30 08:45:00,long,27879.419,27915.987566666674,27852.398637470345,27915.987566666674,22.516968774714037,1.3533706894767072,VWAP,6,26.558022367381078
2022-03-30 09:20:00,2022-03-30 10:20:00,short,27969.369,27959.469,28000.51285115389,27915.21513569323,25.953209294907612,0.3178797622387667,TIMEOUT,12,26.875902129619845
2022-03-30 10:45:00,2022-03-30 11:15:00,short,27994.469,27921.181230769238,28027.024103062686,27921.181230769238,27.129252552237634,2.2511914365513337,VWAP,6,29.12709356617118
2022-03-30 13:25:00,2022-03-30 14:20:00,long,27889.319,27863.932373541862,27863.932373541862,27927.249720164604,21.155522048448947,-0.9999999999999502,SL,11,28.12709356617123
2022-03-30 14:45:00,2022-03-30 14:55:00,long,27819.319,27795.07947750939,27795.07947750939,27922.081902621718,20.199602075508924,-0.9999999999999872,SL,2,27.127093566171244
2022-03-30 15:00:00,2022-03-30 15:15:00,long,27774.369,27747.186911475263,27747.186911475263,27920.094764272555,22.651740437278928,-1.0000000000000537,SL,3,26.12709356617119
2022-03-30 15:20:00,2022-03-30 15:25:00,long,27714.519,27685.463785757107,27685.463785757107,27916.548639639637,24.21267853574333,-1.000000000000044,SL,1,25.127093566171148
2022-03-31 01:40:00,2022-03-31 02:05:00,long,27821.469,27777.621976512935,27777.621976512935,27910.557888888892,36.53918623922225,-0.9999999999999749,SL,5,24.127093566171173
2022-03-31 06:55:00,2022-03-31 07:20:00,long,27826.999,27799.435005826203,27799.435005826203,27867.133801587297,22.969995144830616,-1.0000000000000187,SL,5,23.127093566171155
2022-03-31 07:25:00,2022-03-31 08:25:00,long,27793.419,27828.469,27766.67230417837,27863.556999999993,22.288913184693406,1.3104422405571186,TIMEOUT,12,24.437535806728274
2022-03-31 08:40:00,2022-03-31 09:15:00,long,27801.269,27777.919451790716,27777.919451790716,27856.28036507936,19.457956841070292,-0.9999999999999836,SL,7,23.43753580672829
2022-03-31 09:35:00,2022-03-31 10:35:00,long,27746.319,27776.319,27717.21900602245,27851.10414367816,24.24999498129166,1.0309280484093688,TIMEOUT,12,24.46846385513766
2022-04-01 02:05:00,2022-04-01 02:25:00,long,27653.519,27696.784256410254,27619.841095282685,27696.784256410254,28.06492059776229,1.2846777961222087,VWAP,4,25.75314165125987
2022-04-01 08:10:00,2022-04-01 09:05:00,short,27806.269,27738.247787878798,27825.022455035287,27738.247787878798,15.627879196072819,3.6271296138877154,VWAP,11,29.380271265147584
2022-04-01 09:30:00,2022-04-01 09:35:00,short,27813.469,27837.075105229815,27837.075105229815,27744.668420289858,19.671754358176575,-1.0000000000000764,SL,1,28.380271265147506
2022-04-01 11:05:00,2022-04-01 11:35:00,short,27831.319,27754.42631343284,27864.876180482195,27754.42631343284,27.964317068497344,2.291392943693652,VWAP,6,30.671664208841158
2022-04-01 11:40:00,2022-04-01 11:45:00,long,27706.269,27668.493764637486,27668.493764637486,27756.23774704493,31.479362802094244,-1.0000000000000413,SL,1,29.671664208841115
2022-04-01 11:50:00,2022-04-01 12:05:00,long,27661.419,27622.310863386407,27622.310863386407,27755.06272960374,32.59011384466285,-0.9999999999999888,SL,3,28.671664208841126
2022-04-01 13:20:00,2022-04-01 14:20:00,long,27608.999,27716.369,27575.31961410484,27741.290718426506,28.066154912634875,3.18800349668558,TIMEOUT,12,31.859667705526704
2022-04-01 15:20:00,2022-04-01 15:45:00,long,27666.369,27631.623129880867,27631.623129880867,27736.170441441434,28.954891765942783,-1.000000000000011,SL,5,30.859667705526693
2022-04-03 19:25:00,2022-04-03 19:35:00,long,27661.419,27637.38203865666,27637.38203865666,27708.126592592595,20.03080111945323,-0.9999999999999692,SL,2,29.859667705526725
2022-04-03 19:40:00,2022-04-03 19:45:00,long,27643.999,27619.245930003162,27619.245930003162,27700.099793650792,20.62755833069925,-0.9999999999999328,SL,1,28.859667705526793
2022-04-03 21:05:00,2022-04-03 21:20:00,long,27588.519,27671.168912280693,27539.527903534574,27671.168912280693,40.82591372118823,1.6870394468313354,VWAP,3,30.546707152358128
2022-04-04 02:00:00,2022-04-04 02:05:00,short,27747.319,27772.576574842537,27772.576574842537,27690.095933333334,21.047979035447156,-1.0000000000000162,SL,1,29.54670715235811
2022-04-04 02:10:00,2022-04-04 02:45:00,short,27765.319,27792.37072524688,27792.37072524688,27695.024555555552,22.543104372400887,-1.000000000000023,SL,7,28.54670715235809
2022-04-04 03:15:00,2022-04-04 04:05:00,long,27670.369,27640.79472429732,27640.79472429732,27717.360083333333,24.645229752230907,-1.0000000000000402,SL,10,27.54670715235805
2022-04-04 04:10:00,2022-04-04 04:40:00,long,27650.419,27709.208281045758,27620.75185950456,27709.208281045758,24.722617079536562,1.9816295087416538,VWAP,6,29.528336661099704
2022-04-04 05:10:00,2022-04-04 06:10:00,short,27750.999,27760.519,27777.63878204311,27705.99175132276,22.19981836925781,-0.35736028112372914,TIMEOUT,12,29.170976379975976
2022-04-04 06:15:00,2022-04-04 07:15:00,short,27770.319,27740.519,27792.619607596203,27712.4019385965,18.583839663502967,1.3362864608707974,TIMEOUT,12,30.507262840846774
2022-04-04 07:55:00,2022-04-04 08:55:00,short,27755.369,27730.519,27772.644095644915,27719.461291666685,14.395913037430336,1.4384869705373373,TIMEOUT,12,31.94574981138411
2022-04-04 09:15:00,2022-04-04 09:25:00,short,27765.419,27780.63755338251,27780.63755338251,27723.29530952383,12.682127818754312,-1.0000000000001066,SL,2,30.945749811384005
2022-04-04 09:50:00,2022-04-04 09:55:00,short,27835.519,27859.574478809864,27859.574478809864,27726.994686274535,20.04623234155361,-0.999999999999962,SL,1,29.945749811384044
2022-04-04 10:00:00,2022-04-04 10:10:00,short,27885.469,27913.272958769732,27913.272958769732,27729.38365564741,23.169965641441635,-1.0000000000000464,SL,2,28.945749811383997
2022-04-05 03:10:00,2022-04-05 03:30:00,short,27825.519,27851.343128164564,27851.343128164564,27780.107717948722,21.52010680380437,-0.9999999999999585,SL,4,27.94574981138404
2022-04-05 05:45:00,2022-04-05 06:25:00,long,27738.419,27713.205507788232,27713.205507788232,27802.52095238096,21.011243509809134,-0.9999999999999356,SL,8,26.945749811384104
2022-04-05 08:10:00,2022-04-05 08:45:00,long,27725.999,27707.67464127153,27707.67464127153,27782.535835016843,15.270298940391275,-1.0000000000000553,SL,7,25.945749811384047
2022-04-05 19:50:00,2022-04-05 20:00:00,long,27500.319,27478.385580052178,27478.385580052178,27670.976018348625,18.277849956518796,-0.99999999999996,SL,2,24.945749811384086
2022-04-05 20:05:00,2022-04-05 20:10:00,long,27445.469,27417.611854363935,27417.611854363935,27668.2251387632,23.214288030055453,-0.9999999999999797,SL,1,23.945749811384108
2022-04-06 03:45:00,2022-04-06 04:00:00,long,27320.999,27287.4464697072,27287.4464697072,27376.853057971017,27.96044191066799,-0.9999999999999507,SL,3,22.945749811384157
2022-04-06 15:30:00,2022-04-06 18:10:00,long,27103.469,27088.419,27044.474864549247,27219.67438324421,49.161779542295996,-0.2551101034875258,TIMEOUT,12,22.690639707896633
2022-04-06 18:55:00,2022-04-06 19:10:00,long,27098.369,27071.609683239698,27071.609683239698,27208.610201923082,22.29943063358302,-1.0000000000000462,SL,3,21.690639707896587
2022-04-06 19:40:00,2022-04-06 19:55:00,long,27020.369,26996.7160021976,26996.7160021976,27202.77015207374,19.710831501999014,-0.9999999999999357,SL,3,20.69063970789665
2022-04-06 20:00:00,2022-04-06 20:05:00,long,26955.999,26924.22768840498,26924.22768840498,27199.107793363506,26.47609299585048,-1.0000000000000122,SL,1,19.69063970789664
2022-04-06 20:10:00,2022-04-06 20:15:00,long,26885.469,26848.200675206335,26848.200675206335,27196.591974588948,31.0569373280547,-1.0000000000000007,SL,1,18.69063970789664
2022-04-06 20:20:00,2022-04-06 21:20:00,long,26835.369,26885.369,26793.856515866686,27193.5292962963,34.593736777761514,1.2044569493704413,TIMEOUT,12,19.895096657267082
2022-04-06 23:30:00,2022-04-07 00:30:00,long,26860.469,26875.319,26828.256583135808,27144.453993662864,26.8436807201611,0.46100235392475347,TIMEOUT,12,20.356099011191837
2022-04-07 00:50:00,2022-04-07 01:50:00,short,26925.369,26938.519,26955.553016648148,26873.515363636365,25.153347206791317,-0.43566103720684274,TIMEOUT,12,19.920437973984995
2022-04-07 03:05:00,2022-04-07 03:15:00,short,26968.519,26998.427471389445,26998.427471389445,26911.097596491232,24.92372615787026,-1.0000000000000049,SL,2,18.920437973984992
2022-04-07 05:40:00,2022-04-07 06:05:00,short,27058.469,27085.065477749828,27085.065477749828,26943.102768115954,22.163731458188682,-1.0000000000000064,SL,5,17.920437973984985
2022-04-07 12:45:00,2022-04-07 13:15:00,long,26913.419,26979.348610389618,26878.881944219953,26979.348610389618,28.780879816708566,1.9089528305333692,VWAP,6,19.829390804518354
2022-04-07 13:30:00,2022-04-07 14:05:00,short,27045.369,27082.372924233565,27082.372924233565,26978.440676891616,30.836603527972777,-0.9999999999999658,SL,7,18.82939080451839
2022-04-07 14:50:00,2022-04-07 15:00:00,short,27123.319,27161.60701228244,27161.60701228244,26985.232780260703,31.906676902030995,-1.0000000000000475,SL,2,17.829390804518344
2022-04-07 15:05:00,2022-04-07 15:15:00,short,27178.269,27216.93393986316,27216.93393986316,26988.134164835163,32.22078321930118,-0.9999999999999587,SL,2,16.829390804518386
2022-04-07 19:10:00,2022-04-07 19:30:00,short,27060.469,27082.216530222773,27082.216530222773,27001.83097472354,18.122941852309843,-1.000000000000017,SL,4,15.829390804518368
2022-04-07 19:35:00,2022-04-07 19:45:00,short,27088.269,27107.77344180811,27107.77344180811,27003.593984567906,16.253701506756475,-1.0000000000000542,SL,2,14.829390804518315
2022-04-07 21:25:00,2022-04-07 21:35:00,long,26905.269,26852.347867567336,26852.347867567336,27005.140260504206,44.10094369388771,-0.9999999999999822,SL,2,13.829390804518333
2022-04-07 21:40:00,2022-04-07 22:00:00,long,26823.999,26766.65481196991,26766.65481196991,27003.279152143852,47.78682335840804,-0.999999999999986,SL,4,12.829390804518347
2022-04-08 02:00:00,2022-04-08 02:15:00,short,26993.269,27025.180281840872,27025.180281840872,26909.674333333332,26.592734867394803,-0.9999999999999482,SL,3,11.829390804518399
2022-04-08 02:25:00,2022-04-08 03:25:00,short,27058.269,27092.192234508955,27092.192234508955,26928.213,28.269362090795084,-1.000000000000024,SL,12,10.829390804518376
2022-04-08 03:35:00,2022-04-08 04:05:00,short,27118.519,27151.058517092093,27151.058517092093,26972.663545454547,27.116264243411173,-0.9999999999999835,SL,6,9.829390804518392
2022-04-08 07:10:00,2022-04-08 08:10:00,short,27123.369,27100.369,27144.9853013714,27042.052524904208,18.01358447616625,1.064011812420013,TIMEOUT,12,10.893402616938404
2022-04-08 09:40:00,2022-04-08 10:00:00,long,27023.519,27000.507701393475,27000.507701393475,27053.28959829059,19.17608217210399,-1.000000000000013,SL,4,9.893402616938392
2022-04-08 10:35:00,2022-04-08 11:00:00,short,27113.419,27147.35522799262,27147.35522799262,27052.574104166655,28.280189993847493,-1.0000000000000062,SL,5,8.893402616938385
2022-04-08 13:50:00,2022-04-08 14:20:00,long,27023.419,27061.595407185625,27001.990115908353,27061.595407185625,17.85740340970799,1.7815396743174245,VWAP,6,10.67494229125581
2022-04-08 14:30:00,2022-04-08 14:55:00,long,26998.999,27060.526561904757,26973.519446505597,27060.526561904757,21.23296124533629,2.414781794283453,VWAP,5,13.089724085539263
2022-04-08 15:55:00,2022-04-10 18:40:00,long,26978.519,26988.419,26944.522497441147,27058.07021527777,28.33041879904414,0.2912064258040395,TIMEOUT,12,13.380930511343303
2022-04-10 19:20:00,2022-04-10 19:35:00,long,26980.369,26961.761907273078,26961.761907273078,27005.70879166667,15.50591060576663,-1.000000000000062,SL,3,12.38093051134324
2022-04-10 19:40:00,2022-04-10 19:45:00,long,26945.999,26926.526912344503,26926.526912344503,26997.35016666667,16.226739712913687,-1.000000000000008,SL,1,11.380930511343234
2022-04-10 20:00:00,2022-04-10 20:05:00,long,26853.369,26822.950318421266,26822.950318421266,26983.410666666674,25.348901315611364,-0.9999999999999627,SL,1,10.380930511343271
2022-04-10 20:10:00,2022-04-10 21:10:00,long,26765.269,26935.319,26726.323402108133,26969.12733333334,32.454664909889495,4.366347140751151,TIMEOUT,12,14.747277652094422
2022-04-10 21:45:00,2022-04-10 22:00:00,long,26858.369,26807.02233571902,26807.02233571902,26941.343222222225,42.78888690081774,-0.999999999999973,SL,3,13.747277652094448
2022-04-10 22:20:00,2022-04-10 23:20:00,long,26791.369,26828.419,26742.209005303528,26927.11412820513,40.9666622470594,0.753661594732889,TIMEOUT,12,14.500939246827338
2022-04-11 03:35:00,2022-04-11 04:20:00,short,26918.999,26799.038242424245,26959.381484867856,26799.038242424245,33.652070723212304,2.9706135709158805,VWAP,9,17.47155281774322
2022-04-11 05:40:00,2022-04-11 05:50:00,short,26876.519,26907.249185021665,26907.249185021665,26817.32842028986,25.608487518052318,-1.0000000000000564,SL,2,16.471552817743163
2022-04-11 05:55:00,2022-04-11 06:55:00,short,26901.469,26933.036166360274,26933.036166360274,26820.194601851854,26.305971966895566,-0.9999999999999597,SL,12,15.471552817743204
2022-04-11 07:00:00,2022-04-11 08:00:00,short,26956.319,26916.369,26984.20162990272,26833.507431372556,23.235524918933017,1.432791674938241,TIMEOUT,12,16.904344492681446
2022-04-11 15:30:00,2022-04-11 15:35:00,long,26796.269,26766.975350204833,26766.975350204833,26859.973242424254,24.411374829305217,-1.0000000000000204,SL,1,15.904344492681425
2022-04-11 15:45:00,2022-04-11 15:55:00,long,26751.419,26720.162804446074,26720.162804446074,26858.510701754396,26.0468296282738,-0.9999999999999719,SL,2,14.904344492681453
2022-04-11 18:55:00,2022-04-11 19:15:00,long,26716.269,26695.558860929406,26695.558860929406,26848.9826097561,17.25844922549639,-0.9999999999999132,SL,4,13.90434449268154
2022-04-11 19:20:00,2022-04-11 19:35:00,long,26681.469,26661.338485597633,26661.338485597633,26845.507587301585,16.775428668639094,-1.0000000000000606,SL,3,12.90434449268148
2022-04-11 19:40:00,2022-04-11 19:50:00,long,26616.369,26593.30071746548,26593.30071746548,26841.920775700935,19.223568778764356,-1.0000000000000115,SL,2,11.904344492681467
2022-04-11 19:55:00,2022-04-11 20:00:00,long,26563.519,26533.843327285595,26533.843327285595,26838.45529953917,24.729727262006207,-0.9999999999999399,SL,1,10.904344492681528
2022-04-12 08:30:00,2022-04-12 08:40:00,short,26546.469,26572.421754783758,26572.421754783758,26396.72586084142,21.62729565313177,-0.9999999999999557,SL,2,9.904344492681572
2022-04-12 08:45:00,2022-04-12 09:45:00,short,26631.319,26516.419,26664.11635505099,26401.95494339622,27.33112920915829,3.5033312845308147,TIMEOUT,12,13.407675777212386
2022-04-12 09:55:00,2022-04-12 10:55:00,short,26596.999,26471.269,26642.041269693214,26420.585055555555,37.53522474434439,2.7913779846432543,TIMEOUT,12,16.19905376185564
2022-04-12 11:35:00,2022-04-12 12:25:00,short,26561.269,26433.495809523807,26603.757553062074,26433.495809523807,35.407127551729886,3.007237979827561,VWAP,10,19.206291741683202
2022-04-12 13:55:00,2022-04-12 14:15:00,long,26381.519,26341.109073537365,26341.109073537365,26440.434198412702,33.67493871886305,-0.9999999999999778,SL,4,18.206291741683224
2022-04-12 14:30:00,2022-04-12 15:10:00,long,26311.519,26272.677538368087,26272.677538368087,26437.23452380952,32.367884693260386,-1.0000000000000207,SL,8,17.206291741683202
2022-04-12 15:15:00,2022-04-12 16:15:00,long,26266.999,26311.419,26228.058764024518,26431.36938043479,32.45019664623624,1.1407224144190709,TIMEOUT,12,18.347014156102272
2022-04-12 20:25:00,2022-04-12 20:35:00,short,26526.419,26570.168460541227,26570.168460541227,26418.61532132133,36.45788378435521,-0.9999999999999677,SL,2,17.347014156102304
2022-04-12 20:50:00,2022-04-12 21:35:00,short,26636.469,26683.54949737597,26683.54949737597,26422.045607929525,39.23374781330817,-0.999999999999995,SL,9,16.347014156102308
2022-04-13 07:25:00,2022-04-13 07:40:00,long,26751.369,26724.72471629191,26724.72471629191,26800.867518518513,22.203569756743438,-0.9999999999999342,SL,3,15.347014156102373
2022-04-13 07:45:00,2022-04-13 07:55:00,long,26716.269,26690.114035220042,26690.114035220042,26798.191978723396,21.79580398329722,-1.0000000000000662,SL,2,14.347014156102308
2022-04-13 08:00:00,2022-04-13 08:30:00,long,26681.519,26654.836540225377,26654.836540225377,26794.96374226803,22.23538314551905,-1.0000000000000264,SL,6,13.347014156102281
2022-04-13 11:20:00,2022-04-13 11:35:00,short,26876.999,26911.458471798906,26911.458471798906,26782.30354987834,28.716226499089522,-0.9999999999999507,SL,3,12.34701415610233
2022-04-13 12:45:00,2022-04-13 13:45:00,short,26906.419,26876.319,26932.906795866085,26792.91369696969,22.0731632217364,1.1363723939953703,TIMEOUT,12,13.483386550097702
2022-04-13 14:50:00,2022-04-13 15:25:00,short,26911.269,26932.53865606327,26932.53865606327,26806.673450651757,17.724713386058397,-0.9999999999999252,SL,7,12.483386550097777
2022-04-13 15:45:00,2022-04-13 18:35:00,short,26971.269,26931.419,26993.537092166247,26813.995649122793,18.556743471871016,1.7895560922998432,TIMEOUT,12,14.27294264239762
2022-04-13 18:45:00,2022-04-13 19:55:00,short,26958.999,26888.999,26978.35698968625,26822.49172875816,16.131658071876352,3.6160779675234154,TIMEOUT,12,17.889020609921037
2022-04-13 20:05:00,2022-04-13 20:10:00,short,27016.269,27050.35010211819,27050.35010211819,26828.571492354728,28.400918431824785,-1.0000000000000298,SL,1,16.88902060992101
2022-04-13 20:15:00,2022-04-13 20:35:00,short,27128.319,27172.168378867213,27172.168378867213,26830.70633333332,36.54114905601223,-0.9999999999999639,SL,4,15.889020609921044
2022-04-14 04:30:00,2022-04-14 05:30:00,long,27111.369,27131.269,27084.84848127677,27152.83306060605,22.100432269355963,0.7503623970436397,TIMEOUT,12,16.639383006964685
2022-04-14 09:35:00,2022-04-14 10:10:00,short,27286.469,27151.840206896548,27318.352287442536,27151.840206896548,26.569406202112773,4.222550555556749,VWAP,7,20.861933562521436
2022-04-14 11:50:00,2022-04-14 11:55:00,long,27076.369,27038.720071721636,27038.720071721636,27149.00263636363,31.374106898633997,-1.0000000000000397,SL,1,19.861933562521397
2022-04-14 12:00:00,2022-04-14 12:45:00,long,26991.319,26950.261587351823,26950.261587351823,27147.105068965513,34.21451054014878,-0.9999999999999621,SL,9,18.861933562521436
2022-04-14 14:55:00,2022-04-14 15:40:00,long,26956.369,26924.807735469192,26924.807735469192,27118.51170370371,26.301053775673378,-0.9999999999999512,SL,9,17.861933562521486
2022-04-14 16:10:00,2022-04-17 18:50:00,long,26898.419,26901.469,26866.839505007374,27104.619239316242,26.31624582719105,0.09658165846892583,TIMEOUT,12,17.95851522099041
2022-04-18 03:35:00,2022-04-18 03:40:00,long,26691.419,26670.902301587983,26670.902301587983,26734.266196969696,17.097248676683314,-0.9999999999999397,SL,1,16.95851522099047
2022-04-18 04:05:00,2022-04-18 05:00:00,short,26786.319,26731.82666666667,26811.862850470658,26731.82666666667,21.286542058880237,2.13328579400849,VWAP,11,19.09180101499896
2022-04-18 07:10:00,2022-04-18 07:15:00,short,26791.419,26806.695108794214,26806.695108794214,26739.085551724136,12.730090661842427,-1.0000000000001126,SL,1,18.091801014998847
2022-04-18 09:30:00,2022-04-18 09:35:00,short,26803.319,26824.97427854094,26824.97427854094,26750.26172463768,18.04606545078412,-0.9999999999999722,SL,1,17.091801014998875
2022-04-18 09:40:00,2022-04-18 09:45:00,short,26851.269,26881.245030986833,26881.245030986833,26751.77213390313,24.98002582235968,-1.000000000000029,SL,1,16.091801014998847
2022-04-18 09:50:00,2022-04-18 10:25:00,short,26861.419,26894.392577738647,26894.392577738647,26753.59110084033,27.477981448871347,-0.9999999999999801,SL,7,15.091801014998866
2022-04-18 13:35:00,2022-04-18 13:40:00,short,26918.319,26950.360839933597,26950.360839933597,26779.6152804878,26.701533277997697,-1.000000000000013,SL,1,14.091801014998854
2022-04-18 16:15:00,2022-04-18 19:05:00,short,26936.369,26966.519,26982.248172006082,26803.968999999997,38.23264333840442,-0.657160944317008,TIMEOUT,12,13.434640070681846
2022-04-18 19:50:00,2022-04-18 20:00:00,short,27053.519,27085.53520006413,27085.53520006413,26818.632840245766,26.68016672010678,-1.0000000000000113,SL,2,12.434640070681835
2022-04-18 21:40:00,2022-04-18 22:30:00,short,26923.469,26827.397702928858,26974.87809562563,26827.397702928858,42.84091302135887,1.8687606911187398,VWAP,10,14.303400761800575
2022-04-18 23:20:00,2022-04-18 23:25:00,short,26911.519,26948.71465812741,26948.71465812741,26830.81479150578,30.996381772842113,-0.9999999999999815,SL,1,13.303400761800592
2022-04-18 23:30:00,2022-04-19 00:10:00,short,26936.419,26973.8835419568,26973.8835419568,26831.599983397184,31.220451630664808,-0.9999999999999767,SL,8,12.303400761800615
2022-04-19 03:15:00,2022-04-19 04:00:00,long,26928.519,26988.623500000005,26891.914307301864,26988.623500000005,30.50391058177958,1.6419889246349668,VWAP,9,13.945389686435583
2022-04-19 05:15:00,2022-04-19 05:30:00,long,26913.469,26878.395550777932,26878.395550777932,26982.02217708334,29.227874351723028,-1.00000000000004,SL,3,12.945389686435544
2022-04-19 07:40:00,2022-04-19 08:05:00,long,26916.319,26961.13437634409,26892.67496496728,26961.13437634409,19.70336252726911,1.8954199772613218,VWAP,5,14.840809663696865
2022-04-19 08:25:00,2022-04-19 09:10:00,long,26911.519,26889.06585130231,26889.06585130231,26959.20014379085,18.71095724807375,-0.9999999999999977,SL,9,13.840809663696866
2022-04-19 09:15:00,2022-04-19 09:50:00,long,26896.319,26954.975190476194,26874.30391873592,26954.975190476194,18.345901053398446,2.6643640226712986,VWAP,7,16.505173686368167
2022-04-19 10:00:00,2022-04-19 10:10:00,short,27033.469,27071.203468496857,27071.203468496857,26953.765473829204,31.44539041404685,-0.999999999999986,SL,2,15.505173686368181
2022-04-19 10:30:00,2022-04-19 10:45:00,short,27111.999,27149.953267735335,27149.953267735335,26959.499839895016,31.628556446112484,-0.9999999999999932,SL,3,14.505173686368188
2022-04-19 10:50:00,2022-04-19 11:50:00,short,27151.269,27148.369,27186.58258196556,26964.879788804075,29.427984971299008,0.08212137762829648,TIMEOUT,12,14.587295063996484
2022-04-20 00:45:00,2022-04-20 01:45:00,short,27235.419,27220.999,27268.32175425519,27180.140333333333,27.418961879323902,0.43826118288343274,TIMEOUT,12,15.025556246879917
2022-04-20 04:10:00,2022-04-20 04:40:00,long,27160.269,27199.325862745092,27131.89539152704,27199.325862745092,23.64467372746662,1.376520818009922,VWAP,6,16.402077064889838
2022-04-20 07:50:00,2022-04-20 08:00:00,short,27280.419,27302.169371855296,27302.169371855296,27213.887807017545,18.125309879410825,-1.000000000000063,SL,2,15.402077064889774
2022-04-20 11:25:00,2022-04-20 11:35:00,long,27190.419,27233.593806763296,27155.987036870334,27233.593806763296,28.693302608055575,1.2539165019636878,VWAP,2,16.65599356685346
2022-04-20 12:15:00,2022-04-20 12:55:00,long,27180.269,27232.681792792806,27147.744572609186,27232.681792792806,27.103689492344717,1.6114901013633034,VWAP,8,18.267483668216762
2022-04-20 14:20:00,2022-04-20 14:30:00,long,27185.319,27155.670403276374,27155.670403276374,27231.726052023136,24.70716393635509,-0.9999999999999901,SL,2,17.267483668216773
2022-04-20 14:35:00,2022-04-20 14:55:00,long,27140.519,27110.813822521206,27110.813822521206,27230.52301515153,24.754314565660454,-1.0000000000000562,SL,4,16.267483668216716
2022-04-20 19:40:00,2022-04-20 19:45:00,short,27270.419,27290.134466851887,27290.134466851887,27226.52718604653,16.42955570990377,-1.000000000000031,SL,1,15.267483668216684
2022-04-20 19:50:00,2022-04-20 20:05:00,short,27297.469,27320.630805601882,27320.630805601882,27227.12211827958,19.30150466823326,-1.0000000000000684,SL,3,14.267483668216617
2022-04-20 20:10:00,2022-04-20 20:20:00,short,27357.369,27388.833489946774,27388.833489946774,27228.552288084476,26.220408288978618,-1.0000000000000162,SL,2,13.2674836682166
2022-04-20 20:25:00,2022-04-20 21:25:00,short,27445.369,27430.519,27485.193194028085,27230.85545833334,33.18682835673698,0.3728889023975273,TIMEOUT,12,13.640372570614128
2022-04-22 04:00:00,2022-04-22 05:00:00,short,27210.319,27175.269,27249.712087817254,27093.080564625852,32.82757318104414,0.8897500029091004,TIMEOUT,12,14.530122573523228
2022-04-22 05:15:00,2022-04-22 06:00:00,short,27195.419,27115.982489583337,27228.429448000265,27115.982489583337,27.508706666884315,2.4064050998652315,VWAP,9,16.936527673388458
2022-04-22 09:40:00,2022-04-22 09:45:00,long,27075.469,27039.55935514043,27039.55935514043,27132.41025356126,29.92470404964091,-1.0000000000000282,SL,1,15.93652767338843
2022-04-22 10:20:00,2022-04-22 10:45:00,long,27030.369,26975.769223447995,26975.769223447995,27130.852573333334,45.499813793337985,-0.9999999999999745,SL,5,14.936527673388454
2022-04-22 10:50:00,2022-04-22 11:45:00,long,26985.419,26933.854870223717,26933.854870223717,27125.005055979644,42.9701081469042,-0.9999999999999987,SL,11,13.936527673388456
2022-04-22 12:10:00,2022-04-22 13:10:00,long,26922.999,26935.519,26879.894952875202,27109.35026984127,35.9200392706639,0.29045996455395473,TIMEOUT,12,14.226987637942411
2022-04-22 13:25:00,2022-04-22 13:55:00,long,26875.269,26837.298831996126,26837.298831996126,27094.22570781894,31.641806669894287,-1.00000000000003,SL,6,13.226987637942381
2022-04-25 02:50:00,2022-04-25 02:55:00,long,26533.419,26495.282050083857,26495.282050083857,26603.601095238093,31.780791596787356,-0.9999999999999956,SL,1,12.226987637942386
2022-04-25 03:00:00,2022-04-25 03:20:00,long,26495.319,26598.0926036036,26456.055711551893,26598.0926036036,32.71940704008726,2.6175495651475766,VWAP,4,14.844537203089963
2022-04-25 04:40:00,2022-04-25 04:50:00,long,26518.519,26470.391556989904,26470.391556989904,26582.332567251462,40.106202508414334,-0.9999999999999878,SL,2,13.844537203089976
2022-04-25 05:25:00,2022-04-25 06:25:00,long,26463.469,26513.999,26418.726321998947,26567.939000000006,37.285565000878805,1.1293467949953258,TIMEOUT,12,14.973883998085302
2022-04-25 06:40:00,2022-04-25 07:25:00,long,26478.419,26556.730069958852,26439.036462334912,26556.730069958852,32.81878138757592,1.9884719117088774,VWAP,9,16.96235590979418
2022-04-25 11:00:00,2022-04-25 11:50:00,long,26483.469,26419.70145314094,26419.70145314094,26565.33030325813,53.13962238255133,-0.9999999999999832,SL,10,15.962355909794196
2022-04-25 14:25:00,2022-04-25 14:35:00,short,26663.319,26722.894213992186,26722.894213992186,26556.618042145583,49.64601166015636,-0.9999999999999732,SL,2,14.962355909794223
2022-04-25 14:55:00,2022-04-25 15:55:00,short,26755.319,26783.999,26812.536921953546,26561.77392592591,47.681601627955054,-0.5012415519613755,TIMEOUT,12,14.461114357832848
2022-04-25 23:25:00,2022-04-26 00:25:00,short,26779.319,26779.519,26815.72419047425,26619.856217948698,30.337658728542035,-0.005493722114767907,TIMEOUT,12,14.45562063571808
2022-04-26 01:20:00,2022-04-26 02:00:00,long,26719.269,26690.044688040438,26690.044688040438,26769.83782352941,24.353593299634568,-1.000000000000029,SL,8,13.455620635718052
2022-04-26 02:05:00,2022-04-26 02:15:00,long,26676.319,26641.847292894014,26641.847292894014,26755.987205128207,28.72642258832006,-1.0000000000000515,SL,2,12.455620635718
2022-04-26 02:20:00,2022-04-26 03:10:00,long,26639.469,26604.317483778483,26604.317483778483,26745.543137931036,29.29293018459897,-0.9999999999999855,SL,10,11.455620635718015
2022-04-26 03:15:00,2022-04-26 03:30:00,long,26559.369,26521.110897424544,26521.110897424544,26713.153416666668,31.881752146212055,-1.000000000000021,SL,3,10.455620635717993
2022-04-26 22:15:00,2022-04-26 23:15:00,long,26189.469,26276.419,26136.59284303309,26384.272481182794,44.063464139093774,1.644408462861816,TIMEOUT,12,12.10002909857981
2022-04-26 23:30:00,2022-04-27 00:30:00,long,26264.419,26336.519,26222.056606211114,26376.066794676808,35.30199482407305,1.7019812515625956,TIMEOUT,12,13.802010350142407
2022-04-27 06:00:00,2022-04-27 07:00:00,short,26544.999,26524.319,26585.189914438735,26394.758178082186,33.492428698946355,0.5145441522989858,TIMEOUT,12,14.316554502441392
2022-04-27 09:45:00,2022-04-27 09:50:00,short,26499.319,26546.276748407585,26546.276748407585,26415.658463276835,39.131457006321746,-0.9999999999999833,SL,1,13.316554502441408
2022-04-27 10:15:00,2022-04-27 11:00:00,long,26321.519,26417.87088172043,26258.014285511155,26417.87088172043,52.9205954073702,1.5172398222081172,VWAP,9,14.833794324649524
2022-04-27 12:30:00,2022-04-27 13:30:00,short,26569.419,26544.369,26629.82278418464,26417.08683664459,50.33648682052959,0.4147091169558662,TIMEOUT,12,15.24850344160539
2022-04-27 15:20:00,2022-04-27 18:00:00,long,26339.319,26431.690603603605,26284.066310594328,26431.690603603605,46.043907838061024,1.6718028497291797,VWAP,12,16.92030629133457
2022-04-27 20:05:00,2022-04-27 20:15:00,long,26354.419,26431.669600600606,26309.282511701964,26431.669600600606,37.61374024836488,1.71148894195126,VWAP,2,18.63179523328583
2022-04-28 00:50:00,2022-04-28 01:40:00,short,26797.519,26834.091369671634,26834.091369671634,26734.887181818183,30.4769747263615,-1.0000000000000075,SL,10,17.63179523328582
2022-04-28 12:20:00,2022-04-28 12:35:00,short,27107.269,27159.156599061134,27159.156599061134,26984.823250559293,43.23966588427816,-1.000000000000006,SL,3,16.631795233285814
2022-04-28 12:40:00,2022-04-28 12:45:00,short,27167.469,27215.823125801362,27215.823125801362,26988.978389978223,40.29510483446652,-1.000000000000026,SL,1,15.631795233285787
2022-04-28 20:25:00,2022-04-28 21:25:00,short,27309.269,27289.369,27343.105417260947,27071.074796460194,28.197014384122053,0.5881237320882009,TIMEOUT,12,16.21991896537399
2022-04-29 05:35:00,2022-04-29 06:30:00,long,27314.469,27282.19879410892,27282.19879410892,27374.079245098044,26.89183824256796,-0.9999999999999509,SL,11,15.219918965374038
2022-04-29 06:35:00,2022-04-29 07:00:00,long,27264.469,27235.017757486254,27235.017757486254,27363.676208333338,24.542702094789654,-0.9999999999999895,SL,5,14.219918965374049
2022-04-29 09:10:00,2022-04-29 09:35:00,long,27242.269,27333.19743843845,27205.967471333755,27333.19743843845,30.25127388853739,2.5048101768507176,VWAP,5,16.724729142224767
2022-04-29 10:00:00,2022-04-29 10:20:00,short,27432.419,27331.661947658406,27482.606574451405,27331.661947658406,41.8229787095017,2.0076095217385306,VWAP,4,18.732338663963297
2022-04-29 10:30:00,2022-04-29 10:50:00,long,27247.999,27191.285390257486,27191.285390257486,27333.166611548557,47.261341452093625,-1.000000000000023,SL,4,17.732338663963276
2022-04-29 10:55:00,2022-04-29 11:55:00,long,27157.269,27212.419,27103.468208488044,27328.696575757574,44.833992926630984,1.025077855736461,TIMEOUT,12,18.75741651969974
2022-04-29 12:00:00,2022-04-29 12:10:00,long,27164.519,27111.782300662115,27111.782300662115,27316.777551724143,43.94724944823934,-0.9999999999999678,SL,2,17.75741651969977
2022-04-29 12:20:00,2022-04-29 12:55:00,long,27097.519,27047.835877192072,27047.835877192072,27311.4023557047,41.40260233994088,-0.999999999999982,SL,7,16.757416519699788
2022-05-01 23:40:00,2022-05-02 00:40:00,short,26804.469,26850.014122923294,26850.014122923294,26711.75257487923,37.9542691027433,-1.0000000000000249,SL,12,15.757416519699763
2022-05-02 01:10:00,2022-05-02 01:55:00,short,26922.519,26845.64055555556,26955.875364761923,26845.64055555556,27.79697063493722,2.3047608752676076,VWAP,9,18.06217739496737
2022-05-02 04:00:00,2022-05-02 05:00:00,long,26727.369,26742.469,26671.982742399257,26857.21634693877,46.155214667283026,0.27263080507899373,TIMEOUT,12,18.334808200046364
2022-05-02 07:10:00,2022-05-02 07:20:00,long,26782.999,26748.72901080624,26748.72901080624,26827.105475095792,28.558324328132844,-0.9999999999999909,SL,2,17.334808200046375
2022-05-02 07:40:00,2022-05-02 07:55:00,long,26719.269,26687.074285094015,26687.074285094015,26821.98064874552,26.828929088319583,-1.000000000000052,SL,3,16.33480820004632
2022-05-02 11:05:00,2022-05-02 12:05:00,long,26714.319,26689.519,26650.315160073933,26797.670169154226,53.336533271722686,-0.38747675184249114,TIMEOUT,12,15.94733144820383
2022-05-02 12:45:00,2022-05-02 13:05:00,long,26692.999,26629.56149293878,26629.56149293878,26787.746965367965,52.86458921768085,-1.0000000000000255,SL,4,14.947331448203805
2022-05-02 13:50:00,2022-05-02 14:45:00,long,26614.519,26562.434387593843,26562.434387593843,26778.148341317356,43.40384367179773,-0.9999999999999994,SL,11,13.947331448203805
2022-05-03 02:15:00,2022-05-03 03:05:00,long,26922.319,26900.869513380763,26900.869513380763,26976.23995238095,17.87457218269542,-1.0000000000000824,SL,10,12.947331448203723
2022-05-03 06:10:00,2022-05-03 06:25:00,long,26929.419,26900.893267070325,26900.893267070325,26971.472511111115,23.77144410806292,-1.0000000000000333,SL,3,11.94733144820369
2022-05-03 06:30:00,2022-05-03 06:45:00,long,26867.999,26837.492440279973,26837.492440279973,26968.046848101265,25.42213310002063,-1.0000000000000544,SL,3,10.947331448203634
2022-05-03 06:50:00,2022-05-03 07:50:00,long,26822.999,26882.519,26791.881084439723,26962.265465863453,25.931596300231483,1.9127245166761138,TIMEOUT,12,12.860055964879749
2022-05-03 09:10:00,2022-05-03 09:30:00,long,26897.419,26871.18485935724,26871.18485935724,26943.252093093095,21.861783868969937,-0.9999999999999348,SL,4,11.860055964879814
2022-05-03 11:25:00,2022-05-03 12:10:00,short,27032.519,26937.9035652174,27086.144799456884,26937.9035652174,44.68816621406891,1.7643640885703906,VWAP,9,13.624420053450205
2022-05-03 13:15:00,2022-05-03 14:15:00,short,27069.519,26977.519,27121.405756326058,26946.197166666672,43.23896360504781,1.773092143626598,TIMEOUT,12,15.397512197076804
2022-05-03 18:30:00,2022-05-03 19:40:00,short,27114.419,27047.369,27153.304078622506,26968.9411182266,32.40423218542002,1.7243118022448578,TIMEOUT,12,17.121823999321663
2022-05-03 20:20:00,2022-05-03 21:20:00,short,27149.999,27149.319,27182.85238638373,26980.725128550075,27.37782198644054,0.02069801852563594,TIMEOUT,12,17.1425220178473
2022-05-04 03:25:00,2022-05-04 04:25:00,long,27044.369,27057.999,27015.976390458916,27114.41304761904,23.660507950901753,0.48005450081224027,TIMEOUT,12,17.62257651865954
2022-05-04 05:05:00,2022-05-04 05:20:00,long,27042.269,27015.27604922287,27015.27604922287,27097.18416129031,22.494125647609643,-0.9999999999999536,SL,3,16.622576518659585
2022-05-04 15:00:00,2022-05-04 15:10:00,short,27164.319,27241.38224901642,27241.38224901642,27017.967471454875,64.21937418035165,-0.9999999999999839,SL,2,15.622576518659601
2022-05-04 23:20:00,2022-05-05 00:20:00,short,27399.519,27407.519,27418.570949419573,27132.00076923077,15.876624516310816,-0.4199045370014062,TIMEOUT,12,15.202671981658195
2022-05-05 00:50:00,2022-05-05 01:20:00,short,27434.999,27447.936961187515,27447.936961187515,27412.27809090909,10.781634322930294,-0.9999999999999427,SL,6,14.202671981658252
2022-05-05 02:30:00,2022-05-05 03:05:00,long,27399.269,27427.80297849463,27381.088095230607,27427.80297849463,15.15075397449429,1.5694476626194007,VWAP,7,15.772119644277653
2022-05-05 03:20:00,2022-05-05 03:35:00,long,27374.319,27349.677348698253,27349.677348698253,27422.816886178873,20.53470941812189,-1.0000000000000138,SL,3,14.77211964427764
2022-05-05 03:40:00,2022-05-05 04:10:00,long,27349.519,27322.369312192077,27322.369312192077,27417.36440740742,22.624739839936048,-1.0000000000000027,SL,6,13.772119644277637
2022-05-05 04:40:00,2022-05-05 04:45:00,long,27317.999,27288.83023624274,27288.83023624274,27403.577830409373,24.307303131049913,-1.0000000000000493,SL,1,12.772119644277588
2022-05-05 08:25:00,2022-05-05 08:30:00,long,27349.269,27381.474424836604,27325.190746750635,27381.474424836604,20.06521104113636,1.3375316100828487,VWAP,1,14.109651254360436
2022-05-05 09:00:00,2022-05-05 09:05:00,long,27339.419,27315.156768515313,27315.156768515313,27380.236889908258,20.21852623723921,-1.0000000000000608,SL,1,13.109651254360376
2022-05-05 09:25:00,2022-05-05 09:35:00,long,27287.319,27260.322520827176,27260.322520827176,27376.812888888886,22.49706597735208,-1.0000000000000357,SL,2,12.10965125436034
2022-05-05 09:45:00,2022-05-05 09:55:00,long,27222.999,27187.277666345923,27187.277666345923,27373.256457627114,29.767778045063118,-1.00000000000004,SL,2,11.109651254360301
2022-05-05 10:00:00,2022-05-05 10:05:00,long,27162.519,27125.18065960714,27125.18065960714,27368.721865013773,31.11528366071559,-1.000000000000038,SL,1,10.109651254360264
2022-05-05 10:10:00,2022-05-05 10:15:00,long,27072.519,27028.162818742894,27028.162818742894,27364.25057181572,36.96348438092318,-0.9999999999999607,SL,1,9.109651254360303
2022-05-06 02:10:00,2022-05-06 02:15:00,short,27075.419,27115.829274384185,27115.829274384185,27003.689987654314,33.67522865348522,-1.0000000000000215,SL,1,8.109651254360282
2022-05-06 02:20:00,2022-05-06 03:05:00,short,27108.469,27009.86785057471,27150.43326719861,27009.86785057471,34.97022266550522,2.349645448558371,VWAP,9,10.459296702918653
2022-05-06 03:35:00,2022-05-06 03:45:00,long,26948.469,26904.215638404414,26904.215638404414,27023.025590909085,36.8778013296553,-1.0000000000000189,SL,2,9.459296702918634
2022-05-06 05:25:00,2022-05-06 06:25:00,long,26933.419,26968.369,26886.490011506943,27010.894858585867,39.107490410882214,0.7447422397601133,TIMEOUT,12,10.204038942678746
2022-05-06 07:00:00,2022-05-06 07:20:00,long,26933.419,26899.97297203967,26899.97297203967,26999.84727450982,27.87168996694218,-0.9999999999999802,SL,4,9.204038942678766
2022-05-06 08:55:00,2022-05-06 09:05:00,long,26920.269,26879.739336599698,26879.739336599698,26989.49992592594,33.77471950025117,-1.0000000000000275,SL,2,8.20403894267874
2022-05-06 09:10:00,2022-05-06 09:35:00,long,26893.369,26852.615548655078,26852.615548655078,26987.03170270272,33.96120945410051,-1.000000000000007,SL,5,7.204038942678732
2022-05-06 09:40:00,2022-05-06 09:45:00,long,26800.469,26752.199483890545,26752.199483890545,26981.763900284917,40.224596757879404,-1.0000000000000182,SL,1,6.204038942678714
2022-05-06 09:50:00,2022-05-06 09:55:00,long,26760.269,26706.65252947705,26706.65252947705,26978.04283753503,44.68039210245704,-1.0000000000000175,SL,1,5.204038942678697
2022-05-06 11:40:00,2022-05-06 12:40:00,long,26833.269,26898.369,26763.29528150913,26957.165312056757,58.31143207572415,0.9303492997659341,TIMEOUT,12,6.134388242444631
2022-05-06 14:05:00,2022-05-06 15:05:00,long,26818.999,26790.469,26754.989785508027,26944.628254901985,53.34101207664387,-0.44571707724325793,TIMEOUT,12,5.688671165201373
2022-05-06 15:15:00,2022-05-06 15:50:00,long,26778.519,26934.126318840597,26718.423319647194,26934.126318840597,50.07973362733748,2.5893261866255606,VWAP,7,8.277997351826933
2022-05-08 20:30:00,2022-05-08 20:35:00,long,26588.319,26536.321152288063,26536.321152288063,26710.705129032256,43.331539759945976,-1.000000000000028,SL,1,7.2779973518269045
2022-05-08 20:40:00,2022-05-08 20:50:00,long,26460.999,26403.843182330016,26403.843182330016,26698.473545454544,47.629848058320775,-0.9999999999999779,SL,2,6.277997351826927
2022-05-09 04:35:00,2022-05-09 05:15:00,long,26261.269,26389.62185714285,26214.606578324183,26389.62185714285,38.8853513965156,2.7506685794099117,VWAP,8,9.028665931236839
2022-05-09 05:35:00,2022-05-09 06:35:00,long,26321.269,26279.12869550319,26279.12869550319,26382.266892156855,35.116920414009506,-0.9999999999999698,SL,12,8.02866593123687
2022-05-09 06:40:00,2022-05-09 07:40:00,long,26221.369,26211.419,26182.54691757312,26369.12871193415,32.35173535573295,-0.25629743120394627,TIMEOUT,12,7.772368500032923
2022-05-09 09:50:00,2022-05-09 10:10:00,long,26246.999,26199.09316394232,26199.09316394232,26331.149448179272,39.921530048065065,-1.0000000000000033,SL,4,6.772368500032919
2022-05-09 10:35:00,2022-05-09 11:05:00,long,26161.369,26103.451345298196,26103.451345298196,26323.338140624994,48.264712251503234,-0.9999999999999893,SL,6,5.77236850003293
2022-05-09 13:00:00,2022-05-09 14:00:00,long,26086.519,26078.469,26032.505788726707,26288.324456475577,45.01100939441092,-0.14903761154411505,TIMEOUT,12,5.623330888488815
2022-05-09 14:40:00,2022-05-09 15:40:00,long,26031.319,26026.269,25981.45314281009,26264.199037664785,41.554880991591276,-0.10127169740142664,TIMEOUT,12,5.522059191087388
2022-05-09 15:50:00,2022-05-09 18:30:00,long,25956.999,26068.419,25901.550399828255,26249.24802268761,46.20716680978787,2.0094285456240857,TIMEOUT,12,7.531487736711474
2022-05-09 19:15:00,2022-05-09 20:10:00,long,26043.519,26017.25934395594,26017.25934395594,26230.0911226415,21.883046703384224,-1.0000000000000187,SL,11,6.531487736711456
2022-05-09 20:15:00,2022-05-09 20:20:00,long,25883.519,25829.62223099457,25829.62223099457,26221.10213988095,44.913974171193026,-0.9999999999999798,SL,1,5.531487736711476
2022-05-09 23:30:00,2022-05-10 00:30:00,long,25974.419,26086.419,25927.199712228634,26176.831344740174,39.34940647614096,2.371912099612605,TIMEOUT,12,7.9033998363240805
2022-05-10 01:10:00,2022-05-10 01:40:00,short,26189.469,26229.937068630887,26229.937068630887,26105.929888888888,33.72339052573713,-1.000000000000028,SL,6,6.903399836324052
2022-05-10 01:45:00,2022-05-10 02:25:00,short,26239.269,26277.884079351257,26277.884079351257,26136.9543030303,32.17923279271541,-0.9999999999999616,SL,8,5.90339983632409
2022-05-10 06:55:00,2022-05-10 07:05:00,long,26169.369,26135.699520283906,26135.699520283906,26212.85796825396,28.05789976341015,-1.0000000000000129,SL,2,4.903399836324077
2022-05-10 07:25:00,2022-05-10 08:25:00,long,26104.419,26194.999,26071.310951429816,26207.973888888882,27.590040475153703,2.7358906342057927,TIMEOUT,12,7.63929047052987
2022-05-10 09:00:00,2022-05-10 09:10:00,short,26269.269,26301.2804396528,26301.2804396528,26203.13753211009,26.67619971066812,-0.9999999999999649,SL,2,6.639290470529906
2022-05-10 10:40:00,2022-05-10 10:50:00,long,26134.469,26081.225046442214,26081.225046442214,26210.1401369509,44.369961298154585,-1.000000000000026,SL,2,5.63929047052988
2022-05-10 11:15:00,2022-05-10 12:15:00,long,26006.419,26031.369,25946.651379591596,26203.38971078431,49.80635034033748,0.41745011478637406,TIMEOUT,12,6.056740585316254
2022-05-10 15:30:00,2022-05-10 18:10:00,long,26084.369,26081.469,26017.997106773775,26170.546468805707,55.30991102185301,-0.043693193896298624,TIMEOUT,12,6.013047391419955
2022-05-10 19:40:00,2022-05-10 19:50:00,long,26039.519,26013.87794080608,26013.87794080608,26159.13681395349,21.367549328266417,-1.0000000000000207,SL,2,5.013047391419935
2022-05-10 20:40:00,2022-05-10 21:00:00,long,26066.519,26156.346459618213,26007.369481116082,26156.346459618213,49.291265736599584,1.5186507230007817,VWAP,4,6.531698114420717
2022-05-11 02:55:00,2022-05-11 03:15:00,long,26193.519,26165.58669349203,26165.58669349203,26230.627240740738,23.276922089973755,-1.0000000000000453,SL,4,5.531698114420672
2022-05-11 04:40:00,2022-05-11 05:05:00,short,26291.519,26325.69933326721,26325.69933326721,26215.29321052632,28.48361105600878,-0.9999999999999781,SL,5,4.531698114420694
2022-05-11 06:45:00,2022-05-11 07:40:00,short,26318.369,26342.74210502633,26342.74210502633,26239.959772357724,20.310920855274617,-1.0000000000000373,SL,11,3.5316981144206565
2022-05-11 08:30:00,2022-05-11 08:35:00,long,26188.999,26155.2933230569,26155.2933230569,26255.317964401314,28.088064119250227,-0.9999999999999953,SL,1,2.531698114420661
2022-05-11 08:40:00,2022-05-11 08:55:00,long,26053.469,26008.56663569702,26008.56663569702,26252.749349206366,37.41863691914941,-1.0000000000000058,SL,3,1.5316981144206552
2022-05-11 11:40:00,2022-05-11 12:10:00,short,26356.269,26240.475903073297,26422.484434278264,26240.475903073297,55.179528565220295,1.7487327265738921,VWAP,6,3.2804308409945473
2022-05-11 12:55:00,2022-05-11 13:10:00,long,26066.519,26003.50434319413,26003.50434319413,26237.942846153855,52.51221400489232,-0.9999999999999858,SL,3,2.2804308409945615
2022-05-11 15:40:00,2022-05-11 15:55:00,long,25903.319,25837.563351623496,25837.563351623496,26192.304925925946,54.79637364708701,-0.9999999999999909,SL,3,1.2804308409945706
2022-05-11 22:40:00,2022-05-11 22:55:00,long,25956.269,25911.469655933914,25911.469655933914,26116.248314888016,37.33278672173904,-0.9999999999999952,SL,3,0.2804308409945754
2022-05-11 23:45:00,2022-05-12 00:25:00,long,25891.469,25853.13713450068,25853.13713450068,26107.481568922314,31.943221249433382,-0.9999999999999978,SL,8,-0.7195691590054224
2022-05-12 00:45:00,2022-05-12 01:20:00,long,25806.319,25767.240976347137,25767.240976347137,25868.699333333334,32.56501971071904,-0.999999999999994,SL,7,-1.7195691590054163
2022-05-12 01:25:00,2022-05-12 02:25:00,long,25748.519,25748.519,25709.67201762344,25840.772703703708,32.37248531379817,0.0,TIMEOUT,12,-1.7195691590054163
2022-05-12 03:00:00,2022-05-12 03:05:00,long,25703.269,25661.40584195368,25661.40584195368,25797.29692792793,34.885965038598336,-1.0000000000000204,SL,1,-2.7195691590054367
2022-05-12 03:10:00,2022-05-12 03:25:00,long,25651.469,25607.79678719476,25607.79678719476,25790.60788888889,36.39351067103621,-0.999999999999977,SL,3,-3.7195691590054136
2022-05-12 07:50:00,2022-05-12 08:50:00,long,25631.269,25616.419,25588.1893571993,25718.804087719305,35.8997023339179,-0.34471037906926977,TIMEOUT,12,-4.0642795380746835
2022-05-12 09:00:00,2022-05-12 09:40:00,long,25606.369,25564.219301976387,25564.219301976387,25707.382211009182,35.12474835300975,-0.9999999999999968,SL,8,-5.06427953807468
2022-05-12 11:05:00,2022-05-12 11:55:00,short,25836.319,25704.51937313435,25907.146781357183,25704.51937313435,59.023151130987884,1.8608464692827589,VWAP,10,-3.203433068791921
2022-05-12 13:50:00,2022-05-12 14:45:00,long,25621.469,25559.63062382047,25559.63062382047,25712.63520758485,51.53198014960821,-1.0000000000000075,SL,11,-4.203433068791929
2022-05-12 19:05:00,2022-05-12 19:35:00,short,25806.369,25843.381183627105,25843.381183627105,25710.358585326976,30.843486355922256,-0.9999999999999923,SL,6,-5.203433068791921
2022-05-12 19:45:00,2022-05-12 20:00:00,short,25933.369,25973.775765797225,25973.775765797225,25714.449829493107,33.67230483102329,-0.9999999999999617,SL,3,-6.203433068791883
2022-05-16 05:00:00,2022-05-16 06:00:00,short,26644.369,26543.99189617486,26680.550515380386,26543.99189617486,30.15126281699,2.7742647805058125,VWAP,12,-3.4291682882860703
2022-05-16 08:25:00,2022-05-16 08:35:00,short,26599.419,26623.184540975155,26623.184540975155,26552.10301960783,19.80461747929573,-0.9999999999999326,SL,2,-4.429168288286003
2022-05-16 09:15:00,2022-05-16 09:20:00,long,26516.519,26490.33754511398,26490.33754511398,26554.18748214285,21.817879071683656,-0.9999999999999937,SL,1,-5.429168288285997
2022-05-16 10:50:00,2022-05-16 11:50:00,long,26469.999,26511.369,26421.335230740155,26546.49589567429,40.553141049872,0.8501191056348018,TIMEOUT,12,-4.579049182651195
2022-05-16 14:30:00,2022-05-16 15:20:00,short,26654.419,26538.686600000012,26694.10979979782,26538.686600000012,33.07566649818353,2.915849531617293,VWAP,10,-1.663199651033902
2022-05-16 16:10:00,2022-05-16 19:35:00,long,26481.419,26496.999,26440.67177648897,26540.800863247863,33.95601959252751,0.38235734014563116,TIMEOUT,12,-1.280842310888271
2022-05-16 21:40:00,2022-05-16 22:00:00,short,26648.469,26698.51738434715,26698.51738434715,26539.69233333332,41.706986955957596,-0.9999999999999853,SL,4,-2.2808423108882563
2022-05-16 23:50:00,2022-05-17 00:50:00,short,26631.269,26636.419,26658.15453453834,26548.102217054253,22.40461211528094,-0.19155282156127004,TIMEOUT,12,-2.472395132449526
2022-05-17 01:10:00,2022-05-17 01:35:00,short,26666.469,26631.55655555556,26686.77833076541,26631.55655555556,16.924442304508187,1.7190347061511297,VWAP,5,-0.7533604262983964
2022-05-17 03:35:00,2022-05-17 03:40:00,short,26688.999,26714.775644115336,26714.775644115336,26638.51983333334,21.480536762780446,-0.9999999999999886,SL,1,-1.7533604262983848
2022-05-17 03:45:00,2022-05-17 04:10:00,short,26713.269,26740.16602477292,26740.16602477292,26641.578565217398,22.414187310764728,-1.0000000000000642,SL,5,-2.753360426298449
2022-05-17 13:20:00,2022-05-17 14:15:00,short,26821.269,26743.99736438923,26849.528636925697,26743.99736438923,23.549697438080443,2.7343463687782594,VWAP,11,-0.019014057520189365
2022-05-17 15:05:00,2022-05-17 16:05:00,short,26851.419,26826.419,26898.715611789747,26749.372058608078,39.413843158121,0.5285790895791076,TIMEOUT,12,0.5095650320589182
2022-05-17 18:05:00,2022-05-17 19:05:00,short,26856.519,26848.269,26890.558190151358,26756.320346801363,28.365991792799427,0.24236769333569314,TIMEOUT,12,0.7519327253946113
2022-05-17 20:15:00,2022-05-17 20:25:00,short,27001.999,27042.53292408924,27042.53292408924,26768.9923482143,33.77827007436721,-0.9999999999999595,SL,2,-0.24806727460534816
2022-05-17 22:45:00,2022-05-17 23:40:00,short,26856.369,26784.32621784778,26896.975613457205,26784.32621784778,33.83884454767208,1.7741637634504979,VWAP,11,1.5260964888451496
2022-05-18 01:55:00,2022-05-18 02:05:00,short,26893.999,26919.350110284515,26919.350110284515,26838.78636111111,21.125925237094634,-1.0000000000000575,SL,2,0.5260964888450921
2022-05-18 06:00:00,2022-05-18 06:40:00,short,26926.269,26854.76301826483,26952.706803275334,26854.76301826483,22.031502729445194,2.7046869586884945,VWAP,8,3.230783447533587
2022-05-18 08:40:00,2022-05-18 08:45:00,long,26811.999,26791.648191140786,26791.648191140786,26853.08449206348,16.959007382678568,-0.9999999999999583,SL,1,2.2307834475336286
2022-05-18 08:50:00,2022-05-18 08:55:00,long,26776.519,26754.359516850986,26754.359516850986,26851.81482554516,18.466235957513707,-0.9999999999999213,SL,1,1.2307834475337072
2022-05-18 09:00:00,2022-05-18 09:10:00,long,26751.469,26728.541629325595,26728.541629325595,26850.079305810385,19.106142228672525,-0.9999999999999604,SL,2,0.2307834475337468
2022-05-18 09:15:00,2022-05-18 09:40:00,long,26716.519,26693.54362486455,26693.54362486455,26846.939624999988,19.146145946207678,-1.0000000000000793,SL,5,-0.7692165524663325
2022-05-19 18:30:00,2022-05-19 19:40:00,short,26408.319,26420.519,26447.867269534672,26314.445732348107,32.956891278892925,-0.308483788128963,TIMEOUT,12,-1.0777003405952954
2022-05-19 19:45:00,2022-05-19 19:50:00,short,26465.269,26493.98213520415,26493.98213520415,26319.004046296297,23.927612670124198,-1.0000000000000546,SL,1,-2.0777003405953502
2022-05-22 23:25:00,2022-05-23 00:15:00,long,26858.319,26917.933141414138,26821.126417565283,26917.933141414138,30.993818695597874,1.602850286580035,VWAP,10,-0.4748500540153153
2022-05-23 01:50:00,2022-05-23 02:15:00,short,27015.999,27046.928263404698,27046.928263404698,26912.633492753623,25.774386170580392,-1.0000000000000446,SL,5,-1.47485005401536
2022-05-23 02:20:00,2022-05-23 03:20:00,short,27073.469,27045.369,27109.657165006338,26936.511643678157,30.15680417194809,0.7764969568111832,TIMEOUT,12,-0.6983530972041767
2022-05-23 04:15:00,2022-05-23 04:35:00,long,26910.319,26867.987774389752,26867.987774389752,26972.324192307697,35.2760213418726,-1.000000000000002,SL,4,-1.6983530972041787
2022-05-23 08:05:00,2022-05-23 08:30:00,short,27003.999,26955.186585034022,27033.247280776457,26955.186585034022,24.373567313713618,1.6688986042991605,VWAP,5,-0.029454492905018226
2022-05-23 11:35:00,2022-05-23 12:10:00,short,27088.999,27138.347718328187,27138.347718328187,26961.272166666666,41.12393194015537,-1.0000000000000073,SL,7,-1.0294544929050256
2022-05-23 16:10:00,2022-05-23 18:00:00,short,27110.269,26992.758367521383,27149.070593377764,26992.758367521383,32.33466114813593,3.0285001787055967,VWAP,2,1.9990456858005712
2022-05-23 18:05:00,2022-05-23 19:05:00,long,26923.519,26975.269,26874.327859821085,26992.94364646466,40.992616815763384,1.0520187133653938,TIMEOUT,12,3.051064399165965
2022-05-23 20:30:00,2022-05-23 21:15:00,long,26885.999,26837.862597086725,26837.862597086725,26989.018867841427,40.11366909439526,-1.0000000000000069,SL,9,2.0510643991659583
2022-05-23 22:15:00,2022-05-23 22:45:00,long,26883.469,26840.634300635233,26840.634300635233,26980.891338709687,35.6955828039733,-1.0000000000000082,SL,6,1.05106439916595
2022-05-23 23:25:00,2022-05-24 00:25:00,long,26838.519,26838.469,26810.386058785847,26974.11626463105,23.44411767846224,-0.0017772759562770357,TIMEOUT,12,1.049287123209673
2022-05-24 00:50:00,2022-05-24 01:00:00,long,26803.269,26781.796731150895,26781.796731150895,26840.51475757576,17.893557374254115,-1.0000000000000309,SL,2,0.049287123209642125
2022-05-24 01:05:00,2022-05-24 01:15:00,long,26773.519,26751.863860546106,26751.863860546106,26828.29638095238,18.045949544911267,-1.0000000000000528,SL,2,-0.9507128767904107
2022-05-24 09:35:00,2022-05-24 09:40:00,long,26713.469,26685.78924579445,26685.78924579445,26763.51994827587,23.066461837959856,-0.9999999999999385,SL,1,-1.9507128767903492
2022-05-24 10:00:00,2022-05-24 10:05:00,long,26643.369,26607.80172026863,26607.80172026863,26760.239716253447,29.639399776137974,-1.0000000000000488,SL,1,-2.950712876790398
2022-05-24 10:10:00,2022-05-24 10:20:00,long,26575.269,26535.82929451734,26535.82929451734,26757.64347154472,32.866421235547385,-1.0000000000000444,SL,2,-3.9507128767904423
2022-05-24 14:50:00,2022-05-24 15:40:00,long,26558.419,26709.244605214164,26506.024919209838,26709.244605214164,43.66173399180169,2.8786764256484996,VWAP,10,-1.0720364511419427
2022-05-24 23:40:00,2022-05-25 00:40:00,short,26776.419,26741.269,26805.70056464931,26709.483616352212,24.401303874422943,1.2004139949820853,TIMEOUT,12,0.12837754384014266
2022-05-25 01:40:00,2022-05-25 01:55:00,long,26698.319,26675.147434969393,26675.147434969393,26742.13280952381,19.30963752550447,-1.000000000000065,SL,3,-0.8716224561599224
2022-05-25 03:35:00,2022-05-25 03:40:00,long,26673.469,26643.92696181323,26643.92696181323,26713.772106060598,24.61836515564002,-1.0000000000000597,SL,1,-1.8716224561599821
2022-05-25 03:45:00,2022-05-25 04:05:00,long,26646.519,26616.493446665492,26616.493446665492,26711.210956521732,25.02129444542437,-0.9999999999999587,SL,4,-2.871622456159941
2022-05-25 04:10:00,2022-05-25 05:10:00,long,26576.519,26576.999,26541.078051908746,26704.28873856208,29.53412340937734,0.013543655738657635,TIMEOUT,12,-2.8580788004212834
2022-05-25 05:15:00,2022-05-25 06:15:00,long,26551.419,26621.519,26519.283192404502,26682.96363541666,26.77983966291538,2.1813673047326207,TIMEOUT,12,-0.6767114956886626
2022-05-25 06:50:00,2022-05-25 07:15:00,long,26591.319,26565.5023647602,26565.5023647602,26666.52602811244,21.513862699832558,-1.000000000000045,SL,5,-1.6767114956887077
2022-05-25 07:20:00,2022-05-25 07:25:00,long,26556.319,26530.878789688344,26530.878789688344,26660.726752808987,21.200175259712633,-1.000000000000009,SL,1,-2.676711495688717
2022-05-25 07:45:00,2022-05-25 08:45:00,long,26496.369,26551.369,26467.554015054655,26653.106269503547,24.01248745445449,1.9087290902397087,TIMEOUT,12,-0.7679824054490081
2022-05-25 10:30:00,2022-05-25 10:35:00,short,26706.419,26749.37648320433,26749.37648320433,26634.29175590551,35.797902670274375,-0.999999999999995,SL,1,-1.7679824054490032
2022-05-25 14:30:00,2022-05-25 15:05:00,short,26816.369,26868.40247727328,26868.40247727328,26658.287209523794,43.361231061069816,-0.9999999999999694,SL,7,-2.7679824054489726
2022-05-25 15:10:00,2022-05-25 16:10:00,short,26876.519,26773.469,26925.478843547862,26665.518836065556,40.79986962321975,2.1047861376284103,TIMEOUT,12,-0.6631962678205623
2022-05-25 18:20:00,2022-05-25 19:20:00,short,26836.469,26806.469,26875.06667485429,26677.663416666655,32.16472904523938,0.7772488916302619,TIMEOUT,12,0.1140526238096996
2022-05-25 22:15:00,2022-05-25 22:35:00,long,26631.269,26698.367502024284,26585.155673730475,26698.367502024284,38.4277718912716,1.4550783353190122,VWAP,4,1.569130959128712
2022-05-26 00:55:00,2022-05-26 01:55:00,long,26629.469,26609.269,26602.366737132335,26684.078444444443,22.585219056387942,-0.7453252187329503,TIMEOUT,12,0.8238057403957616
2022-05-26 07:15:00,2022-05-26 07:25:00,short,26696.469,26719.404529077023,26719.404529077023,26644.397257575765,19.112940897517365,-1.0000000000000413,SL,2,-0.1761942596042797
2022-05-26 07:30:00,2022-05-26 08:30:00,short,26739.999,26686.369,26765.225427617424,26646.744054945062,21.022023014521054,2.1259450927152233,TIMEOUT,12,1.9497508331109437
2022-05-26 09:35:00,2022-05-26 09:40:00,short,26764.319,26794.92983892819,26794.92983892819,26659.715522988517,25.50903244015933,-0.9999999999999867,SL,1,0.949750833110957
2022-05-26 09:50:00,2022-05-26 10:15:00,short,26819.419,26854.744014987333,26854.744014987333,26663.13286554623,29.437512489442383,-1.0000000000000064,SL,5,-0.05024916688904946
2022-05-26 10:20:00,2022-05-26 11:00:00,short,26879.369,26913.031666696854,26913.031666696854,26671.945453333352,28.052222247380662,-0.999999999999947,SL,8,-1.0502491668889964
2022-05-26 19:50:00,2022-05-26 20:50:00,short,27006.469,26821.519,27030.025146776723,26789.863577572964,19.630122313936333,7.8514538796622855,TIMEOUT,12,6.8012047127732895
2022-05-27 02:30:00,2022-05-27 02:55:00,short,26814.369,26836.115587122556,26836.115587122556,26776.46297849462,18.122155935463496,-1.0000000000000684,SL,5,5.801204712773221
2022-05-27 03:00:00,2022-05-27 03:10:00,short,26849.419,26869.328889435743,26869.328889435743,26784.238279279278,16.591574529785117,-0.999999999999953,SL,2,4.801204712773268
2022-05-27 03:55:00,2022-05-27 04:25:00,short,26869.319,26893.148521251234,26893.148521251234,26799.542124999996,19.857934376029867,-0.9999999999999579,SL,6,3.8012047127733104
2022-05-27 04:30:00,2022-05-27 05:30:00,short,26924.469,26904.519,26949.456697188427,26809.441727272726,20.823080990356004,0.7983928990959746,TIMEOUT,12,4.599597611869285
2022-05-29 21:00:00,2022-05-29 21:30:00,short,27234.469,27273.710568484243,27273.710568484243,27152.48395495495,32.70130707020032,-1.0000000000000342,SL,6,3.599597611869251
2022-05-29 21:35:00,2022-05-29 21:45:00,short,27264.419,27301.679598788254,27301.679598788254,27166.79596969697,31.050498990211725,-0.9999999999999588,SL,2,2.5995976118692923
2022-05-30 06:25:00,2022-05-30 07:25:00,long,27344.319,27351.269,27326.218092619678,27374.218102564097,15.084089483602721,0.38395865212568187,TIMEOUT,12,2.983556263994974
2022-05-30 07:40:00,2022-05-30 08:40:00,long,27336.419,27334.999,27319.09208669631,27370.65369534051,14.43909441974184,-0.08195343135349252,TIMEOUT,12,2.9016028326414816
2022-05-30 09:20:00,2022-05-30 10:05:00,long,27324.319,27366.330238938073,27307.83304035959,27366.330238938073,13.738299700340391,2.5483041238982977,VWAP,9,5.449906956539779
2022-05-30 11:20:00,2022-05-30 11:35:00,long,27334.999,27363.62870802921,27317.787319630082,27363.62870802921,14.343066974931697,1.6633883161836838,VWAP,3,7.113295272723463
2022-05-30 12:05:00,2022-05-30 12:35:00,long,27339.519,27362.9380410959,27323.45205506442,27362.9380410959,13.389120779650817,1.4575914207582554,VWAP,6,8.570886693481718
2022-05-30 12:50:00,2022-05-30 18:10:00,long,27321.319,27304.995271789787,27304.995271789787,27361.91912903227,13.603106841844898,-0.9999999999999293,SL,5,7.570886693481789
2022-05-30 18:25:00,2022-05-30 18:30:00,long,27289.269,27272.564406888603,27272.564406888603,27359.651147239278,13.92049425949781,-0.9999999999999847,SL,1,6.570886693481804
2022-05-30 18:35:00,2022-05-30 19:45:00,long,27269.419,27299.319,27251.690325327418,27358.59021212122,14.773895560485222,1.6865332887087572,TIMEOUT,12,8.257419982190562
2022-05-31 00:40:00,2022-05-31 01:40:00,long,27305.469,27281.05514363282,27281.05514363282,27339.5815925926,20.344880305982453,-1.0000000000000602,SL,12,7.257419982190502
2022-05-31 01:45:00,2022-05-31 02:20:00,long,27265.369,27242.12283928223,27242.12283928223,27317.10066666667,19.371800598139636,-1.0000000000000344,SL,7,6.257419982190467
2022-05-31 02:45:00,2022-05-31 03:20:00,long,27232.269,27205.339269743752,27205.339269743752,27301.011745098032,22.441441880208128,-0.9999999999999405,SL,7,5.257419982190527
2022-05-31 05:25:00,2022-05-31 05:40:00,long,27235.269,27204.71968594503,27204.71968594503,27276.560262626263,25.457761712475808,-0.9999999999999594,SL,3,4.257419982190568
2022-05-31 07:30:00,2022-05-31 08:30:00,long,27225.369,27232.369,27199.685053460675,27262.90771794873,21.403288782770645,0.2725437848611886,TIMEOUT,12,4.529963767051756
2022-05-31 09:35:00,2022-05-31 09:40:00,long,27190.519,27160.563840150648,27160.563840150648,27255.39606896552,24.962633207794447,-0.9999999999999768,SL,1,3.529963767051779
2022-05-31 11:10:00,2022-05-31 11:25:00,long,27200.419,27163.62177489159,27163.62177489159,27247.59492592593,30.664354257007247,-1.0000000000000409,SL,3,2.529963767051738
2022-05-31 11:30:00,2022-05-31 11:55:00,long,27135.469,27245.376098321343,27097.849981405634,27245.376098321343,31.349182161973964,2.921583348742503,VWAP,5,5.4515471157942414
2022-05-31 14:50:00,2022-05-31 14:55:00,long,27190.419,27154.733424821236,27154.733424821236,27247.812072625697,29.737979315636995,-1.0000000000000493,SL,1,4.451547115794192
2022-05-31 20:20:00,2022-05-31 20:30:00,short,27392.319,27435.866225962785,27435.866225962785,27245.18892526158,36.28935496898874,-0.9999999999999863,SL,2,3.4515471157942055
2022-06-01 01:05:00,2022-06-01 01:35:00,short,27465.519,27424.575666666664,27486.099583947653,27424.575666666664,17.150486623042287,1.9894155305544665,VWAP,6,5.440962646348672
2022-06-01 02:05:00,2022-06-01 02:15:00,short,27475.319,27501.063398740273,27501.063398740273,27430.830410256407,21.453665616893737,-1.000000000000021,SL,2,4.440962646348651
2022-06-01 03:00:00,2022-06-01 03:10:00,short,27522.319,27544.769796067805,27544.769796067805,27448.351792792793,18.708996723172834,-0.9999999999999216,SL,2,3.440962646348729
2022-06-01 03:15:00,2022-06-01 04:10:00,short,27565.419,27455.12183333333,27592.844823236508,27455.12183333333,22.854852697088404,4.021653815658521,VWAP,11,7.46261646200725
2022-06-01 06:55:00,2022-06-01 07:10:00,long,27440.519,27473.841976190473,27419.5564234392,27473.841976190473,17.468813800666197,1.5896412396550508,VWAP,3,9.0522577016623
2022-06-01 08:00:00,2022-06-01 08:25:00,short,27515.369,27537.10743073892,27537.10743073892,27475.397109965634,18.11535894910285,-0.9999999999999364,SL,5,8.052257701662365
2022-06-01 08:30:00,2022-06-01 09:25:00,short,27550.519,27571.511366209088,27571.511366209088,27478.693142394826,17.4936385075735,-0.9999999999999799,SL,11,7.052257701662385
2022-06-01 10:35:00,2022-06-01 11:25:00,long,27410.319,27371.65388007627,27371.65388007627,27490.07926041667,32.220933269774676,-1.0000000000000424,SL,10,6.0522577016623424
2022-06-01 11:45:00,2022-06-01 12:05:00,long,27330.319,27288.78160640956,27288.78160640956,27481.100807511735,34.614494658699115,-1.000000000000002,SL,4,5.052257701662341
2022-06-01 14:35:00,2022-06-01 15:35:00,short,27525.519,27490.999,27563.980302504635,27461.288318181814,32.05108542052971,0.8975255062108161,TIMEOUT,12,5.949783207873157
2022-06-01 19:10:00,2022-06-01 19:45:00,long,27430.999,27404.99453115869,27404.99453115869,27465.247492063485,21.67039070109257,-0.9999999999999923,SL,7,4.949783207873165
2022-06-01 19:50:00,2022-06-01 19:55:00,long,27377.369,27351.132297821045,27351.132297821045,27463.55299082568,21.863918482462566,-0.9999999999999645,SL,1,3.9497832078732005
2022-06-01 20:10:00,2022-06-01 21:10:00,long,27287.419,27345.369,27247.781987428854,27461.372888888884,33.03084380928803,1.4620173479517646,TIMEOUT,12,5.411800555824965
2022-06-01 22:00:00,2022-06-01 23:00:00,long,27382.369,27422.419,27347.313573092328,27450.44565300545,29.212855756392393,1.1424764589370646,TIMEOUT,12,6.55427701476203
2022-06-01 23:35:00,2022-06-02 00:35:00,long,27414.319,27417.519,27388.802010285814,27447.758936628634,21.264158095154666,0.12540664223498743,TIMEOUT,12,6.6796836569970175
2022-06-02 01:15:00,2022-06-02 01:20:00,long,27389.519,27369.051294441473,27369.051294441473,27423.257958333335,17.05642129877268,-0.9999999999999938,SL,1,5.679683656997024
2022-06-02 01:25:00,2022-06-02 01:55:00,long,27377.999,27418.398629629628,27357.309804901066,27418.398629629628,17.240995915778434,1.9526921872233451,VWAP,6,7.632375844220369
2022-06-02 02:10:00,2022-06-02 03:05:00,short,27459.469,27482.63931103563,27482.63931103563,27415.428876543207,19.308592529689953,-1.0000000000000198,SL,11,6.632375844220349
2022-06-02 03:10:00,2022-06-02 03:30:00,short,27502.419,27522.60748588361,27522.60748588361,27429.36190598291,16.823738236341406,-0.9999999999999781,SL,4,5.6323758442203715
2022-06-02 04:20:00,2022-06-02 05:20:00,short,27527.319,27542.419,27553.930003006473,27445.063465408817,22.17583583872889,-0.5674344554516879,TIMEOUT,12,5.064941388768684
2022-06-02 05:25:00,2022-06-02 06:25:00,short,27544.999,27512.369,27566.364194701735,27461.215818181827,17.804328918111803,1.5272502991677634,TIMEOUT,12,6.592191687936447
2022-06-02 06:45:00,2022-06-02 07:45:00,short,27547.469,27522.419,27566.02664659572,27474.253268292698,15.464705496434098,1.3498478845790383,TIMEOUT,12,7.942039572515485
2022-06-02 09:05:00,2022-06-02 09:35:00,long,27447.419,27422.0223720033,27422.0223720033,27484.333333333354,21.163856663918335,-1.0000000000000233,SL,6,6.942039572515462
2022-06-02 11:15:00,2022-06-02 11:50:00,short,27562.269,27601.655391544788,27601.655391544788,27481.747823529433,32.821992953988286,-1.000000000000035,SL,7,5.9420395725154265
2022-06-02 12:20:00,2022-06-02 12:35:00,short,27637.319,27669.896872155477,27669.896872155477,27490.97971588369,27.148226796230364,-1.0000000000000469,SL,3,4.942039572515379
2022-06-02 12:40:00,2022-06-02 13:40:00,short,27677.519,27679.319,27709.30517843171,27495.39270370372,26.488482026424713,-0.05662838657583341,TIMEOUT,12,4.885411185939546
2022-06-03 00:30:00,2022-06-03 01:30:00,short,27767.269,27757.469,27784.061385307858,27731.14566666667,13.993654423215743,0.583597852260622,TIMEOUT,12,5.469009038200168
2022-06-03 02:10:00,2022-06-03 03:10:00,short,27782.999,27743.353444444438,27801.78683205904,27743.353444444438,15.656526715866129,2.1101719150447473,VWAP,12,7.579180953244915
2022-06-03 03:25:00,2022-06-03 03:30:00,long,27722.519,27702.985512284347,27702.985512284347,27753.08558730159,16.277906429710523,-1.000000000000013,SL,1,6.579180953244902
2022-06-03 04:50:00,2022-06-03 05:20:00,long,27712.999,27691.399400844093,27691.399400844093,27743.80097740113,17.999665963255683,-0.9999999999999907,SL,6,5.5791809532449115
2022-06-03 05:25:00,2022-06-03 06:15:00,long,27682.469,27662.507768215582,27662.507768215582,27739.36475757576,16.6343598203478,-1.0000000000000564,SL,10,4.579180953244855
2022-06-03 06:55:00,2022-06-03 07:10:00,long,27657.469,27637.504223929584,27637.504223929584,27727.146420634916,16.63731339201466,-0.9999999999999918,SL,3,3.5791809532448626
2022-06-03 08:50:00,2022-06-03 09:30:00,long,27622.999,27594.81418556399,27594.81418556399,27711.2274423676,23.487345363339813,-1.000000000000019,SL,8,2.5791809532448435
2022-06-03 11:10:00,2022-06-03 12:10:00,long,27534.369,27549.369,27495.71903601674,27687.012086419752,32.20830331938089,0.38809867989781077,TIMEOUT,12,2.9672796331426543
2022-06-03 13:20:00,2022-06-03 14:20:00,long,27569.999,27584.519,27535.285259411186,27668.131960662526,28.92811715734336,0.4182781732453264,TIMEOUT,12,3.3855578063879808
2022-06-03 15:15:00,2022-06-03 16:15:00,long,27547.519,27572.999,27516.01272100584,27656.843221014486,26.25523249513081,0.808727682654146,TIMEOUT,12,4.194285489042127
2022-06-05 21:00:00,2022-06-05 21:50:00,short,27712.319,27750.63563839539,27750.63563839539,27607.621129629624,31.930531996159914,-0.999999999999959,SL,10,3.1942854890421675
2022-06-05 21:55:00,2022-06-05 22:05:00,short,27794.469,27832.383433708725,27832.383433708725,27635.403184397164,31.59536142393607,-1.0000000000000102,SL,2,2.1942854890421573
2022-06-05 22:10:00,2022-06-05 22:40:00,short,27834.369,27870.936038942444,27870.936038942444,27646.215200000006,30.472532452036315,-1.0000000000000369,SL,6,1.1942854890421204
2022-06-06 20:00:00,2022-06-06 20:05:00,long,27939.519,27911.21941748794,27911.21941748794,27996.34919786909,23.582985426717414,-0.9999999999999581,SL,1,0.19428548904216225
2022-06-06 20:10:00,2022-06-06 21:10:00,long,27882.419,27995.48916591251,27848.255033446236,27995.48916591251,28.46997212813907,3.30963226224213,VWAP,12,3.503917751284292
2022-06-06 21:30:00,2022-06-06 21:45:00,long,27914.519,27991.79184106891,27870.124985915616,27991.79184106891,36.99501173698634,1.7406139693074265,VWAP,3,5.244531720591718
2022-06-06 23:15:00,2022-06-06 23:55:00,short,28061.269,28093.70830749068,28093.70830749068,27994.071958656325,27.032756242232075,-1.0000000000000535,SL,8,4.244531720591665
2022-06-07 01:10:00,2022-06-07 01:25:00,long,27991.419,27965.60076723351,27965.60076723351,28045.274555555552,21.515193972074346,-1.0000000000000628,SL,3,3.2445317205916018
2022-06-07 01:30:00,2022-06-07 02:30:00,long,27936.419,28027.978473684205,27908.14249484476,28027.978473684205,23.5637542960333,3.238005304458076,VWAP,12,6.482537025049678
2022-06-07 05:00:00,2022-06-07 05:05:00,long,27971.269,27943.739007471682,27943.739007471682,28008.242224043708,22.941660440264805,-1.000000000000007,SL,1,5.4825370250496706
2022-06-07 06:20:00,2022-06-07 06:40:00,long,27946.999,28000.382030303022,27921.66413804583,28000.382030303022,21.112384961807503,2.1070977374809883,VWAP,4,7.589634762530659
2022-06-07 07:10:00,2022-06-07 08:10:00,long,27878.519,27913.369,27844.48463567247,27996.904325670483,28.36197027294046,1.0239650626237866,TIMEOUT,12,8.613599825154445
2022-06-07 08:40:00,2022-06-07 09:40:00,long,27891.369,27985.279285714274,27862.607745425245,27985.279285714274,23.967712145627512,3.265166527078789,VWAP,12,11.878766352233233
2022-06-07 10:30:00,2022-06-07 10:35:00,short,28046.319,28081.511959802297,28081.511959802297,27979.380023622034,29.32746650191515,-0.9999999999999948,SL,1,10.878766352233239
2022-06-07 10:40:00,2022-06-07 11:40:00,short,28106.519,28093.419,28142.872950033616,27980.996674418595,30.294958361345216,0.3603459868291006,TIMEOUT,12,11.23911233906234
2022-06-07 12:40:00,2022-06-07 13:40:00,short,28126.469,28126.999,28155.75039632853,27999.386363834423,24.401163607106692,-0.018100229717613294,TIMEOUT,12,11.221012109344727
2022-06-07 23:45:00,2022-06-08 00:45:00,short,28186.419,28201.999,28215.162158748786,28068.679490566043,23.95263229065499,-0.5420420259362119,TIMEOUT,12,10.678970083408515
2022-06-08 03:10:00,2022-06-08 03:20:00,long,28153.519,28196.096264957258,28127.72002462369,28196.096264957258,21.499146146926208,1.6503471295356797,VWAP,2,12.329317212944195
2022-06-08 06:05:00,2022-06-08 06:45:00,long,28166.999,28196.60625225225,28143.533834450016,28196.60625225225,19.554304624985328,1.261753393096091,VWAP,8,13.591070606040287
2022-06-08 09:50:00,2022-06-08 10:15:00,short,28266.469,28196.480008403378,28295.313478205673,28196.480008403378,24.03706517139463,2.426425990360151,VWAP,5,16.017496596400438
2022-06-08 11:40:00,2022-06-08 12:30:00,short,28256.999,28200.45299527189,28286.071290319283,28200.45299527189,24.22690859940221,1.9450137607701141,VWAP,10,17.96251035717055
2022-06-08 12:40:00,2022-06-08 13:35:00,long,28131.419,28102.498200459442,28102.498200459442,28201.70608061004,24.100666283799836,-0.9999999999999906,SL,11,16.96251035717056
2022-06-08 14:35:00,2022-06-08 15:35:00,long,28106.999,28171.999,28075.70028794487,28193.321424242444,26.082260045940576,2.0767627717559365,TIMEOUT,12,19.0392731289265
2022-06-08 15:50:00,2022-06-08 18:30:00,long,28126.319,28158.519,28095.874945432606,28189.407132635268,25.37004547282916,1.057677778389161,TIMEOUT,12,20.09695090731566
2022-06-08 22:15:00,2022-06-08 22:50:00,short,28270.369,28310.445978424737,28310.445978424737,28194.27250877195,33.39748202061433,-1.0000000000000355,SL,7,19.096950907315623
2022-06-09 03:35:00,2022-06-09 04:35:00,long,28229.519,28302.768015151516,28197.365591471473,28302.768015151516,26.794507107106092,2.2781104244835326,VWAP,12,21.375061331799156
2022-06-09 04:50:00,2022-06-09 05:50:00,short,28376.319,28366.319,28407.307544176474,28295.964762711857,25.82378681372885,0.3226998965505336,TIMEOUT,12,21.69776122834969
2022-06-09 08:15:00,2022-06-09 08:40:00,long,28269.369,28236.10892134789,28236.10892134789,28318.574199999995,27.716732210088015,-1.0000000000000426,SL,5,20.69776122834965
2022-06-09 08:45:00,2022-06-09 09:10:00,long,28224.519,28190.32689520487,28190.32689520487,28315.082113207543,28.493420662606898,-1.0000000000000249,SL,5,19.697761228349624
2022-06-09 10:50:00,2022-06-09 11:50:00,long,28219.319,28179.235984808445,28179.235984808445,28297.27431806615,33.40251265962822,-1.0000000000000109,SL,12,18.697761228349613
2022-06-09 13:25:00,2022-06-09 13:35:00,long,28204.369,28175.111299359673,28175.111299359673,28280.018382716033,24.381417200271652,-1.0000000000000082,SL,2,17.697761228349606
2022-06-09 13:45:00,2022-06-09 14:40:00,long,28159.269,28130.86454623104,28130.86454623104,28277.432654618453,23.670378140799365,-0.9999999999999838,SL,11,16.697761228349624
2022-06-09 15:05:00,2022-06-09 15:30:00,long,28064.319,28034.181134869534,28034.181134869534,28265.969421245398,25.114887608720927,-1.0000000000000226,SL,5,15.6977612283496
2022-06-13 15:15:00,2022-06-13 15:40:00,long,26456.319,26413.16795594071,26413.16795594071,26732.372079710156,35.95920338274239,-0.9999999999999833,SL,5,14.697761228349616
2022-06-13 18:45:00,2022-06-13 19:05:00,long,26491.369,26460.11878469229,26460.11878469229,26704.226637540458,26.041846089756305,-0.9999999999999996,SL,4,13.697761228349616
2022-06-13 19:10:00,2022-06-13 19:45:00,long,26459.269,26433.90395325563,26433.90395325563,26698.784576619277,21.137538953642352,-0.9999999999999465,SL,7,12.69776122834967
2022-06-13 21:15:00,2022-06-13 21:35:00,long,26474.369,26416.441383698046,26416.441383698046,26676.66227683615,48.27301358496061,-1.0000000000000064,SL,4,11.697761228349663
2022-06-13 21:45:00,2022-06-13 22:45:00,long,26396.369,26449.519,26337.488376004203,26670.95664462809,49.06718666316375,0.902673857596955,TIMEOUT,12,12.600435085946618
2022-06-14 01:50:00,2022-06-14 02:00:00,short,26611.319,26649.967043241737,26649.967043241737,26532.855231884056,32.20670270144878,-0.9999999999999722,SL,2,11.600435085946646
2022-06-14 02:15:00,2022-06-14 03:15:00,short,26719.419,26629.469,26765.314579043246,26555.451023809517,38.24631586937179,1.959883759506407,TIMEOUT,12,13.560318845453054
2022-06-14 04:55:00,2022-06-14 05:55:00,long,26539.419,26519.269,26496.241934452144,26601.191388888878,35.980887956546525,-0.46668294253735143,TIMEOUT,12,13.093635902915702
2022-06-14 06:00:00,2022-06-14 06:05:00,long,26504.369,26467.248460865387,26467.248460865387,26588.19352054793,30.93378261217678,-0.9999999999999976,SL,1,12.093635902915704
2022-06-14 06:15:00,2022-06-14 07:15:00,long,26441.269,26489.319,26401.910692245357,26583.739657894723,32.79858979553646,1.2208350089525895,TIMEOUT,12,13.314470911868293
2022-06-14 07:45:00,2022-06-14 08:40:00,long,26449.999,26562.03910638297,26416.531807462758,26562.03910638297,27.889327114369458,3.3477593394871303,VWAP,11,16.662230251355425
2022-06-14 09:45:00,2022-06-14 09:55:00,long,26479.369,26552.715299435033,26437.703530098872,26552.715299435033,34.72122491760681,1.7603617482074259,VWAP,2,18.42259199956285
2022-06-14 10:20:00,2022-06-14 11:20:00,long,26469.999,26439.469,26413.706260232237,26552.136573333333,46.91061647313508,-0.5423434731717012,TIMEOUT,12,17.88024852639115
2022-06-14 12:05:00,2022-06-14 13:05:00,long,26396.269,26414.369,26348.260504102866,26539.319296803653,40.00707991427903,0.37701660220266886,TIMEOUT,12,18.25726512859382
2022-06-14 13:40:00,2022-06-14 13:50:00,long,26394.419,26351.204819071656,26351.204819071656,26524.761808080813,36.011817440289065,-0.9999999999999737,SL,2,17.257265128593843
2022-06-14 15:15:00,2022-06-14 16:15:00,long,26319.999,26449.519,26279.998880476134,26510.88803985508,33.333432936553436,3.2379903245721215,TIMEOUT,12,20.495255453165964
2022-06-14 19:15:00,2022-06-14 19:30:00,long,26456.519,26504.626835703006,26430.84525493964,26504.626835703006,21.39478755030118,1.8738144976472833,VWAP,3,22.36906995081325
2022-06-14 19:50:00,2022-06-14 19:55:00,short,26591.419,26625.307473674056,26625.307473674056,26504.6972262997,28.24039472837798,-1.000000000000033,SL,1,21.369069950813216
2022-06-14 20:50:00,2022-06-14 21:50:00,long,26441.519,26468.319,26397.77263821958,26505.853971014494,36.45530148368358,0.6126223738220498,TIMEOUT,12,21.981692324635265
2022-06-14 22:30:00,2022-06-14 23:30:00,long,26426.319,26421.319,26386.298472898165,26501.912506666675,33.350439251530126,-0.12493588570877666,TIMEOUT,12,21.85675643892649
2022-06-14 23:35:00,2022-06-15 00:35:00,long,26411.999,26401.269,26381.016967608146,26498.72550190115,25.818360326545932,-0.34632976508088537,TIMEOUT,12,21.510426673845604
2022-06-15 01:10:00,2022-06-15 01:15:00,long,26346.369,26321.87078680197,26321.87078680197,26392.83677777778,20.415177665023425,-1.0000000000000233,SL,1,20.51042667384558
2022-06-15 01:30:00,2022-06-15 01:55:00,long,26321.369,26381.296192982456,26295.477777406577,26381.296192982456,21.576018827851247,2.314575635284355,VWAP,5,22.825002309129935
2022-06-15 02:40:00,2022-06-15 03:40:00,long,26318.369,26364.83980808081,26284.983360897102,26364.83980808081,27.82136591908193,1.391940047563085,VWAP,12,24.21694235669302
2022-06-15 04:20:00,2022-06-15 04:55:00,short,26421.469,26356.135352201258,26459.88644951152,26356.135352201258,32.0145412595982,1.7006242899897785,VWAP,7,25.9175666466828
2022-06-15 05:15:00,2022-06-15 05:35:00,long,26316.419,26360.486864583338,26281.62053813413,26360.486864583338,28.998718221558278,1.2663739205828903,VWAP,4,27.18394056726569
2022-06-15 07:05:00,2022-06-15 07:20:00,long,26296.519,26353.81919379846,26267.45273952867,26353.81919379846,24.22188372610697,1.9713644916579938,VWAP,3,29.155305058923684
2022-06-15 09:45:00,2022-06-15 10:45:00,short,26466.999,26406.999,26507.24061653148,26363.4192824859,33.53468044289877,1.4909937813523402,TIMEOUT,12,30.646298840276025
2022-06-15 13:50:00,2022-06-15 13:55:00,long,26333.319,26375.485726546925,26307.189951403165,26375.485726546925,21.774207164029608,1.6137872908251514,VWAP,1,32.260086131101176
2022-06-15 15:35:00,2022-06-15 18:20:00,short,26671.269,26713.319,26762.9633785563,26383.4610567376,76.41198213024775,-0.45858863609814393,TIMEOUT,12,31.80149749500303
2022-06-16 19:20:00,2022-06-16 19:30:00,long,25743.519,25719.390300399886,25719.390300399886,25902.335697965584,20.107249666761884,-1.0000000000000093,SL,2,30.80149749500302
2022-06-16 20:05:00,2022-06-16 20:10:00,long,25738.469,25897.708414414432,25693.155737775698,25897.708414414432,37.761051853585926,3.5141900317436248,VWAP,1,34.31568752674664
2022-06-16 20:40:00,2022-06-16 21:40:00,long,25791.419,25816.419,25724.773030587705,25896.480659388657,55.53830784358167,0.3751164582113021,TIMEOUT,12,34.690803984957945
2022-06-16 22:45:00,2022-06-16 23:00:00,short,26113.999,25889.798606299228,26180.49298500307,25889.798606299228,55.41165416922583,3.371739469222931,VWAP,3,38.062543454180876
2022-06-17 02:05:00,2022-06-17 03:05:00,long,25860.369,25890.469,25802.96552266784,25988.615153846156,47.83623111013216,0.5243584778990306,TIMEOUT,12,38.586901932079904
2022-06-17 03:10:00,2022-06-17 03:25:00,long,25845.419,25952.684811965817,25797.815300129147,25952.684811965817,39.66974989237826,2.253308298657905,VWAP,3,40.84021023073781
2022-06-17 04:30:00,2022-06-17 04:45:00,short,26068.369,26116.925928758523,26116.925928758523,25951.014818181822,40.464107298771054,-0.9999999999999741,SL,3,39.84021023073784
2022-06-17 05:15:00,2022-06-17 06:15:00,short,26128.999,26088.319,26170.78095826936,25970.898114583335,34.81829855779892,0.9736259784126359,TIMEOUT,12,40.81383620915047
2022-06-17 07:30:00,2022-06-17 08:30:00,short,26113.469,26088.519,26150.785653691004,26004.674311355313,31.097211409169145,0.6686022869734476,TIMEOUT,12,41.48243849612392
2022-06-17 09:10:00,2022-06-17 09:35:00,long,25928.469,26014.67743843845,25893.57260922272,26014.67743843845,29.08032564773585,2.470411309543535,VWAP,5,43.952849805667455
2022-06-17 10:15:00,2022-06-17 10:25:00,long,25950.469,25900.45248005634,25900.45248005634,26013.214107526896,41.680433286383845,-0.999999999999981,SL,2,42.952849805667476
2022-06-17 10:35:00,2022-06-17 11:10:00,long,25860.319,26009.97074479168,25808.38483907458,26009.97074479168,43.278467437848946,2.881566624453453,VWAP,7,45.83441643012093
2022-06-17 11:55:00,2022-06-17 12:40:00,long,25920.269,26002.83615277779,25859.844250084312,26002.83615277779,50.35395826307408,1.3664459164993674,VWAP,9,47.2008623466203
2022-06-17 13:10:00,2022-06-17 14:10:00,short,26093.999,26090.999,26147.501909807594,26000.913926624744,44.58575817299559,0.056071716674634994,TIMEOUT,12,47.256934063294935
2022-06-19 19:35:00,2022-06-19 19:45:00,short,26135.269,26161.019304362708,26161.019304362708,26087.752,21.4585869689243,-0.9999999999999369,SL,2,46.256934063295
2022-06-19 20:10:00,2022-06-19 20:15:00,long,26013.519,25963.602623388266,25963.602623388266,26099.75628395062,41.59698050977926,-0.9999999999999868,SL,1,45.25693406329501
2022-06-19 20:55:00,2022-06-19 21:00:00,long,25948.369,25891.54337302748,25891.54337302748,26070.276407407408,47.354689143765256,-0.999999999999978,SL,1,44.256934063295034
2022-06-19 21:05:00,2022-06-19 21:15:00,long,25858.269,25795.123393069614,25795.123393069614,26059.978473684212,52.62133910865475,-1.0000000000000022,SL,2,43.256934063295034
2022-06-19 21:20:00,2022-06-19 21:30:00,long,25745.269,25682.405722147938,25682.405722147938,26040.509975609755,52.386064876718216,-1.0000000000000073,SL,2,42.25693406329503
2022-06-19 21:35:00,2022-06-19 21:40:00,long,25663.269,25597.176216676027,25597.176216676027,26016.918393939395,55.07731943664356,-1.0000000000000107,SL,1,41.25693406329502
2022-06-20 04:40:00,2022-06-20 05:40:00,short,25914.369,25854.269,25954.483287434126,25764.12888304093,33.42857286177178,1.4982193089854094,TIMEOUT,12,42.75515337228043
2022-06-20 06:00:00,2022-06-20 07:00:00,short,25904.999,25904.269,25937.151107147743,25786.961557077622,26.793422623120705,0.022704577234862997,TIMEOUT,12,42.777857949515294
2022-06-20 07:35:00,2022-06-20 08:35:00,short,25944.369,25931.269,25967.724752033955,25812.073637681162,19.463126694964735,0.5608896678193891,TIMEOUT,12,43.33874761733468
2022-06-21 09:40:00,2022-06-21 10:00:00,short,26429.419,26454.114470873767,26454.114470873767,26371.975894586903,20.579559061470572,-1.000000000000007,SL,4,42.338747617334676
2022-06-21 10:05:00,2022-06-21 11:05:00,short,26489.269,26484.469,26520.938030357764,26374.75971038252,26.390858631468134,0.15156763392418932,TIMEOUT,12,42.49031525125886
2022-06-21 12:25:00,2022-06-21 12:55:00,short,26459.419,26487.15885398369,26487.15885398369,26391.150066666676,23.11654498640532,-1.000000000000014,SL,6,41.49031525125885
2022-06-21 14:55:00,2022-06-21 15:55:00,short,26509.519,26514.519,26533.064821348915,26404.98518518519,19.621517790763072,-0.21235190422568362,TIMEOUT,12,41.277963347033165
2022-06-21 20:00:00,2022-06-21 20:05:00,long,26381.469,26350.666323933663,26350.666323933663,26422.253764079152,25.668896721949327,-0.9999999999999575,SL,1,40.27796334703321
2022-06-21 20:10:00,2022-06-21 20:15:00,long,26301.519,26264.128325228514,26264.128325228514,26421.584520361997,31.15889564290539,-0.9999999999999976,SL,1,39.27796334703321
2022-06-22 19:10:00,2022-06-22 19:25:00,long,26184.469,26162.31497774119,26162.31497774119,26217.479730158728,18.461685215675477,-1.0000000000000597,SL,3,38.27796334703315
2022-06-22 22:55:00,2022-06-22 23:55:00,long,26111.469,26121.419,26057.436884448023,26217.93550980392,45.026762959980786,0.18414973943467358,TIMEOUT,12,38.462113086467824
2022-06-23 00:40:00,2022-06-23 01:40:00,short,26201.519,26193.369,26249.605260684868,26110.834555555557,40.07188390405746,0.16948708183845065,TIMEOUT,12,38.63160016830627
2022-06-23 03:15:00,2022-06-23 03:20:00,long,26103.369,26066.60318672964,26066.60318672964,26150.65025,30.638177725297062,-1.0000000000000469,SL,1,37.63160016830622
2022-06-23 03:25:00,2022-06-23 04:15:00,long,26053.999,26146.89447619047,26015.78908957811,26146.89447619047,31.84159201824103,2.431188012868376,VWAP,10,40.0627881811746
2022-06-23 06:10:00,2022-06-23 06:30:00,short,26201.469,26231.552506164855,26231.552506164855,26138.104911111106,25.0695884707111,-1.000000000000024,SL,4,39.062788181174575
2022-06-23 06:35:00,2022-06-23 06:50:00,short,26226.369,26253.85248872952,26253.85248872952,26142.830374999998,22.902907274602295,-0.9999999999999698,SL,3,38.062788181174604
2022-06-23 06:55:00,2022-06-23 07:50:00,short,26271.419,26297.757006601518,26297.757006601518,26148.04026984126,21.948338834598033,-0.9999999999999416,SL,11,37.06278818117466
2022-06-23 09:35:00,2022-06-23 09:45:00,long,26126.469,26171.66966091953,26093.20313126026,26171.66966091953,27.72155728311749,1.358769893345116,VWAP,2,38.42155807451978
2022-06-23 12:05:00,2022-06-23 12:55:00,long,26091.419,26048.878431026373,26048.878431026373,26171.37774429222,35.450474144689586,-1.0000000000000346,SL,10,37.421558074519744
2022-06-23 13:00:00,2022-06-23 14:00:00,long,26046.469,26116.319,26006.174010953637,26165.856197452213,33.57915753863678,1.7334661617509783,TIMEOUT,12,39.15502423627072
2022-06-23 15:35:00,2022-06-23 18:15:00,short,26231.369,26201.419,26261.37813824354,26159.765347517703,25.007615202952998,0.9980293254985677,TIMEOUT,12,40.15305356176929
2022-06-23 18:55:00,2022-06-23 19:55:00,short,26251.519,26178.519,26273.578051264158,26165.012011272123,18.382542720131465,3.3092991682109516,TIMEOUT,12,43.46235272998024
2022-06-23 21:35:00,2022-06-23 22:35:00,short,26378.319,26384.319,26423.933415153184,26178.174467224526,38.01201262765515,-0.13153736554223688,TIMEOUT,12,43.330815364438
2022-06-23 23:55:00,2022-06-24 00:10:00,short,26424.369,26452.89406394837,26452.89406394837,26199.9053171036,23.7708866236412,-1.0000000000000582,SL,3,42.330815364437946
2022-06-24 04:55:00,2022-06-24 05:55:00,short,26554.419,26554.319,26585.339533673625,26493.125611111107,25.767111394686463,0.003234096832147697,TIMEOUT,12,42.33404946127009
2022-06-24 06:15:00,2022-06-24 07:15:00,short,26586.999,26594.999,26612.329579424622,26505.309921052627,21.10881618718627,-0.31582380591828485,TIMEOUT,12,42.018225655351806
2022-06-27 03:30:00,2022-06-27 03:35:00,short,26923.369,26955.429694235816,26955.429694235816,26860.94155813954,26.71724519651513,-0.9999999999999706,SL,1,41.018225655351834
2022-06-27 08:30:00,2022-06-27 09:30:00,long,26848.469,26858.419,26827.710235604834,26890.581200647248,17.298970329304765,0.4793156187233319,TIMEOUT,12,41.49754127407517
2022-06-27 09:35:00,2022-06-27 09:40:00,long,26800.319,26772.93041231518,26772.93041231518,26886.80112643678,22.823823070681,-1.000000000000031,SL,1,40.49754127407514
2022-06-27 09:45:00,2022-06-27 09:50:00,long,26748.999,26717.058330006457,26717.058330006457,26884.88640112994,26.617224994617956,-1.000000000000031,SL,1,39.49754127407511
2022-06-27 12:05:00,2022-06-27 12:35:00,long,26788.419,26754.5960477864,26754.5960477864,26868.058292237445,28.18579351133631,-0.9999999999999698,SL,6,38.49754127407514
2022-06-27 13:35:00,2022-06-27 13:45:00,long,26778.319,26751.101451872888,26751.101451872888,26858.95883739838,22.681290105924813,-1.0000000000000637,SL,2,37.497541274075076
2022-06-27 23:45:00,2022-06-28 00:05:00,short,26911.419,26944.94387951824,26944.94387951824,26845.433532828305,27.937399598530614,-1.0000000000000338,SL,4,36.49754127407504
2022-06-28 01:50:00,2022-06-28 02:00:00,short,27006.519,27033.41369658488,27033.41369658488,26950.335376811592,22.41224715406619,-1.000000000000054,SL,2,35.49754127407498
2022-06-28 02:05:00,2022-06-28 02:10:00,short,27058.319,27088.676584692777,27088.676584692777,26959.254384615382,25.297987243980856,-1.0000000000000286,SL,1,34.497541274074955
2022-06-29 05:55:00,2022-06-29 06:55:00,long,26679.369,26694.999,26653.594077918973,26727.891222222235,21.479101734186617,0.606403385075921,TIMEOUT,12,35.103944659150876
2022-06-29 07:15:00,2022-06-29 07:40:00,long,26674.369,26720.427181818195,26650.81037346465,26720.427181818195,19.632188779457646,1.955045288785706,VWAP,5,37.05898994793658
2022-06-29 08:00:00,2022-06-29 08:05:00,short,26794.269,26819.901591479294,26819.901591479294,26720.29247079039,21.360492899411707,-1.0000000000000062,SL,1,36.058989947936574
2022-06-29 09:05:00,2022-06-29 09:20:00,short,26799.469,26828.013585143304,26828.013585143304,26728.629030303047,23.787154286085784,-1.0000000000000115,SL,3,35.05898994793656
2022-06-29 14:05:00,2022-06-29 14:45:00,short,26799.419,26745.03572549022,26829.559897528503,26745.03572549022,25.117414607083987,1.804301761696329,VWAP,8,36.86329170963289
2022-06-29 19:30:00,2022-06-29 19:35:00,long,26719.269,26703.673113470104,26703.673113470104,26746.257805031477,12.996572108248163,-0.9999999999998999,SL,1,35.86329170963299
2022-06-29 20:10:00,2022-06-29 20:20:00,long,26679.419,26643.406664304497,26643.406664304497,26744.85981818185,30.010279746253772,-1.0000000000000018,SL,2,34.86329170963299
2022-06-29 20:55:00,2022-06-29 21:10:00,long,26644.319,26602.812582355768,26602.812582355768,26742.603352256214,34.588681370194514,-0.9999999999999656,SL,3,33.863291709633025
2022-06-30 11:25:00,2022-06-30 11:50:00,short,26367.519,26409.864096276528,26409.864096276528,26287.968685990327,35.28758023044051,-0.9999999999999696,SL,5,32.86329170963305
2022-06-30 15:40:00,2022-06-30 18:25:00,short,26407.369,26384.369,26451.479044471824,26320.563162257502,36.75837039318655,0.5214231877433652,TIMEOUT,12,33.38471489737642
2022-06-30 20:00:00,2022-06-30 20:05:00,short,26419.999,26459.35080553776,26459.35080553776,26328.332576864545,32.79317128146778,-0.9999999999999868,SL,1,32.38471489737643
2022-06-30 21:30:00,2022-06-30 21:40:00,long,26204.269,26148.467480382475,26148.467480382475,26330.366679324903,46.501266347937175,-1.0000000000000182,SL,2,31.384714897376416
2022-06-30 21:45:00,2022-06-30 22:35:00,long,26182.369,26126.67346115171,26126.67346115171,26328.506430555564,46.412949040239795,-1.0000000000000275,SL,10,30.384714897376387
2022-07-01 09:00:00,2022-07-01 09:30:00,short,26057.419,26088.931794266882,26088.931794266882,25975.038755351696,26.26066188906729,-0.9999999999999928,SL,6,29.384714897376394
2022-07-01 11:15:00,2022-07-01 12:15:00,short,26092.419,26102.999,26145.985652254258,25987.60025000001,44.638876878546114,-0.19751094299826497,TIMEOUT,12,29.18720395437813
2022-07-01 12:20:00,2022-07-01 13:20:00,short,26137.999,26144.369,26181.639718161907,25997.3828702461,36.367265134922526,-0.14596460068247014,TIMEOUT,12,29.041239353695662
2022-07-01 13:40:00,2022-07-01 14:20:00,short,26202.369,26238.366752990965,26238.366752990965,26011.48760606061,29.998127492471205,-1.0000000000000306,SL,8,28.04123935369563
2022-07-01 14:25:00,2022-07-01 15:25:00,short,26302.269,26289.269,26341.297182637158,26022.474938697316,32.52348553096488,0.3330926300325087,TIMEOUT,12,28.37433198372814
2022-07-03 19:50:00,2022-07-03 20:00:00,long,26139.999,26101.519677193908,26101.519677193908,26296.71957971015,32.06610233841009,-0.9999999999999883,SL,2,27.37433198372815
2022-07-03 20:45:00,2022-07-03 20:50:00,long,26129.269,26066.38088613154,26066.38088613154,26256.83684313725,52.40676155705057,-0.9999999999999761,SL,1,26.374331983728176
2022-07-03 21:25:00,2022-07-03 21:35:00,long,26014.999,25949.400490642598,25949.400490642598,26227.556063492062,54.665424464502685,-0.9999999999999781,SL,2,25.374331983728197
2022-07-03 22:35:00,2022-07-03 23:35:00,long,26066.519,26088.999,26006.076847859335,26191.33435714285,50.36846011722109,0.3719258696758927,TIMEOUT,12,25.74625785340409
2022-07-04 01:35:00,2022-07-04 02:05:00,short,26138.319,26168.221865108637,26168.221865108637,26079.005833333336,24.919054257198702,-0.9999999999999633,SL,6,24.746257853404124
2022-07-04 02:15:00,2022-07-04 03:15:00,short,26196.469,26158.369,26228.506631392556,26100.534357142864,26.698026160462856,1.1892264922198794,TIMEOUT,12,25.935484345624005
2022-07-04 05:35:00,2022-07-04 05:55:00,short,26258.419,26287.433009384196,26287.433009384196,26146.780323529423,24.178341153496795,-0.9999999999999482,SL,4,24.935484345624058
2022-07-04 09:10:00,2022-07-04 10:10:00,short,26286.519,26241.469,26302.102999382034,26193.940861861873,12.986666151695122,2.8907855355753354,TIMEOUT,12,27.826269881199394
2022-07-04 10:55:00,2022-07-04 11:05:00,short,26241.369,26257.98356787599,26257.98356787599,26202.906752525265,13.845473229991894,-0.9999999999999506,SL,2,26.826269881199444
2022-07-04 11:10:00,2022-07-04 12:10:00,short,26261.369,26256.469,26277.50993353628,26204.122037037043,13.45077794689949,0.30357599757066506,TIMEOUT,12,27.12984587877011
2022-07-04 18:00:00,2022-07-04 18:05:00,short,26291.519,26305.78321958917,26305.78321958917,26211.96189029537,11.886849657644117,-0.9999999999998823,SL,1,26.129845878770226
2022-07-04 18:10:00,2022-07-04 18:15:00,short,26323.369,26339.804393421276,26339.804393421276,26213.284750000013,13.696161184397148,-1.0000000000000682,SL,1,25.12984587877016
2022-07-04 18:20:00,2022-07-04 18:35:00,short,26336.369,26353.055558613243,26353.055558613243,26214.769082304538,13.90546551103639,-1.0000000000000449,SL,2,24.129845878770112
2022-07-04 18:45:00,2022-07-04 19:00:00,short,26353.999,26371.4287388732,26371.4287388732,26217.81518473897,14.524782394333204,-1.0000000000000737,SL,3,23.129845878770038
2022-07-04 19:05:00,2022-07-04 19:10:00,short,26406.419,26425.663067262536,26425.663067262536,26221.422372549037,16.036722718777327,-1.0000000000000822,SL,1,22.129845878769956
2022-07-05 01:10:00,2022-07-05 02:10:00,short,26426.419,26358.419,26458.869990070263,26352.321666666667,27.042491725219204,2.0954676529981384,TIMEOUT,12,24.225313531768094
2022-07-05 03:10:00,2022-07-05 03:55:00,long,26333.369,26307.611038622315,26307.611038622315,26376.293017094013,21.464967814737356,-0.9999999999999442,SL,9,23.22531353176815
2022-07-05 04:00:00,2022-07-05 04:10:00,long,26306.519,26276.357547060074,26276.357547060074,26368.441040816324,25.134544116606477,-0.9999999999999637,SL,2,22.225313531768187
2022-07-05 04:15:00,2022-07-05 04:20:00,long,26236.999,26201.861297336363,26201.861297336363,26363.097525641024,29.28141888636455,-0.9999999999999712,SL,1,21.225313531768215
2022-07-05 04:25:00,2022-07-05 04:40:00,long,26176.999,26139.976735968597,26139.976735968597,26357.161839506167,30.85188669283478,-1.0000000000000153,SL,3,20.2253135317682
2022-07-05 04:50:00,2022-07-05 05:50:00,long,26101.369,26121.519,26061.356409600518,26338.81707909604,33.34382533290201,0.5035914895493022,TIMEOUT,12,20.7289050213175
2022-07-06 02:05:00,2022-07-06 03:05:00,long,26027.369,26124.639,25991.918345452203,26124.639,29.542212123162635,2.743813936322654,VWAP,12,23.472718957640154
2022-07-06 03:25:00,2022-07-06 04:25:00,short,26190.469,26162.519,26233.238097790094,26100.93558730159,35.6409148250774,0.6535092261514837,TIMEOUT,12,24.12622818379164
2022-07-06 07:50:00,2022-07-06 08:25:00,long,26090.319,26120.80461403509,26067.1801437038,26120.80461403509,19.28238024683192,1.3175073843255662,VWAP,7,25.443735568117205
2022-07-06 08:45:00,2022-07-06 09:35:00,short,26165.419,26190.60332828264,26190.60332828264,26119.830415094337,20.986940235530625,-1.000000000000033,SL,10,24.443735568117173
2022-07-06 14:35:00,2022-07-06 15:25:00,short,26280.369,26325.822992680438,26325.822992680438,26140.68697348485,37.87832723369898,-1.0000000000000073,SL,10,23.443735568117166
2022-07-07 09:20:00,2022-07-07 09:35:00,long,26481.269,26508.875401179946,26460.37128863545,26508.875401179946,17.414759470456424,1.3210250968811652,VWAP,3,24.76476066499833
2022-07-07 09:40:00,2022-07-07 09:50:00,short,26556.999,26582.671787231437,26582.671787231437,26509.012019943024,21.393989359530117,-1.0000000000000262,SL,2,23.764760664998306
2022-07-07 09:55:00,2022-07-07 10:50:00,short,26586.469,26613.92127607415,26613.92127607415,26510.628944444452,22.87689672845752,-1.0000000000000089,SL,11,22.7647606649983
2022-07-07 10:55:00,2022-07-07 11:55:00,short,26631.269,26616.999,26660.56188546863,26516.450363636366,24.410737890522526,0.48714900467158645,TIMEOUT,12,23.251909669669885
2022-07-07 12:10:00,2022-07-07 12:40:00,short,26646.999,26672.13164600213,26672.13164600213,26526.693217687076,20.943871668443013,-0.999999999999938,SL,6,22.251909669669946
2022-07-07 13:45:00,2022-07-07 14:05:00,short,26681.519,26700.050336950237,26700.050336950237,26541.659602409643,15.442780791863736,-0.9999999999999976,SL,4,21.25190966966995
2022-07-07 14:10:00,2022-07-07 15:10:00,short,26696.319,26681.469,26714.10545134145,26545.915198830407,14.822042784541804,0.8349051598275588,TIMEOUT,12,22.08681482949751
2022-07-07 20:40:00,2022-07-07 21:25:00,short,26728.319,26778.257987504243,26778.257987504243,26571.85043703703,41.615822920202206,-1.0000000000000153,SL,9,21.086814829497495
2022-07-08 02:35:00,2022-07-08 03:00:00,long,26574.469,26639.631395833338,26530.98924620583,26639.631395833338,36.23312816180766,1.4986836434679898,VWAP,5,22.585498472965483
2022-07-08 04:30:00,2022-07-08 05:30:00,long,26564.469,26609.369,26528.570180165476,26634.66009090909,29.91568319543845,1.2507374951868107,TIMEOUT,12,23.836235968152295
2022-07-08 06:05:00,2022-07-08 06:15:00,short,26689.519,26720.059641090476,26720.059641090476,26627.291792792792,25.45053424206294,-1.0000000000000198,SL,2,22.836235968152273
2022-07-08 06:20:00,2022-07-08 06:30:00,short,26749.319,26780.967011835193,26780.967011835193,26630.81332900433,26.373343195995787,-0.9999999999999625,SL,2,21.836235968152312
2022-07-08 08:15:00,2022-07-08 08:50:00,short,26744.419,26653.092699999994,26769.097908319633,26653.092699999994,20.565756933026876,3.7005810312669776,VWAP,7,25.53681699941929
2022-07-08 09:45:00,2022-07-08 10:40:00,short,26796.319,26837.41998987805,26837.41998987805,26663.678265536724,34.25082489837408,-1.0000000000000346,SL,11,24.536816999419255
2022-07-08 10:45:00,2022-07-08 11:45:00,short,26824.269,26804.999,26868.48705568069,26671.373538461543,36.84837973390697,0.4357948286816317,TIMEOUT,12,24.972611828100888
2022-07-08 13:30:00,2022-07-08 13:50:00,short,26759.999,26791.333884955668,26791.333884955668,26693.404521472403,26.11240412972322,-0.9999999999999981,SL,4,23.97261182810089
2022-07-08 14:30:00,2022-07-08 15:30:00,short,26819.469,26814.369,26845.255953747324,26699.677571428587,21.489128122770097,0.19777442694375655,TIMEOUT,12,24.170386255044647
2022-07-10 19:45:00,2022-07-10 19:50:00,short,26926.419,26957.988678073718,26957.988678073718,26798.2699090909,26.308065061429886,-1.0000000000000109,SL,1,23.170386255044637
2022-07-11 01:55:00,2022-07-11 02:10:00,long,26794.369,26763.327947778456,26763.327947778456,26834.555944444437,25.86754351795064,-1.0000000000000553,SL,3,22.17038625504458
2022-07-11 02:15:00,2022-07-11 03:15:00,long,26689.419,26694.519,26648.940946780003,26825.378523809522,33.731711016664605,0.12599420165490993,TIMEOUT,12,22.296380456699488
2022-07-11 09:20:00,2022-07-11 09:35:00,short,26819.469,26775.783188790567,26840.38709155213,26775.783188790567,17.43174296010654,2.0884224117945567,VWAP,3,24.384802868494045
2022-07-11 09:45:00,2022-07-11 09:50:00,long,26734.519,26706.87151751007,26706.87151751007,26775.979790960457,23.039568741608615,-1.0000000000000078,SL,1,23.384802868494038
2022-07-11 11:00:00,2022-07-11 11:25:00,long,26694.369,26657.049621866234,26657.049621866234,26769.86336090226,31.099481778138614,-0.9999999999999638,SL,5,22.384802868494074
2022-07-11 13:50:00,2022-07-11 14:05:00,long,26679.269,26655.334016566245,26655.334016566245,26751.45662475051,19.945819528129903,-0.9999999999999801,SL,3,21.384802868494095
2022-07-11 14:10:00,2022-07-11 14:35:00,long,26639.369,26613.98008679062,26613.98008679062,26749.457927875254,21.157427674482427,-1.0000000000000073,SL,5,20.384802868494088
2022-07-12 06:55:00,2022-07-12 07:15:00,long,26281.519,26318.22963492064,26256.42090787514,26318.22963492064,20.915076770716738,1.4626862766304887,VWAP,4,21.847489145124577
2022-07-12 08:40:00,2022-07-12 09:30:00,short,26361.269,26384.501942326835,26384.501942326835,26320.833920634934,19.360785272361337,-1.000000000000049,SL,10,20.847489145124527
2022-07-12 09:35:00,2022-07-12 09:40:00,short,26426.319,26452.813157002805,26452.813157002805,26325.59980459771,22.078464169005482,-0.9999999999999736,SL,1,19.847489145124552
2022-07-12 20:45:00,2022-07-12 21:10:00,short,26493.419,26538.914630597472,26538.914630597472,26400.912930131017,37.913025497890644,-1.0000000000000304,SL,5,18.84748914512452
2022-07-12 21:15:00,2022-07-12 21:40:00,short,26533.469,26403.706460992922,26576.904162011117,26403.706460992922,36.19596834259754,2.987499827302744,VWAP,5,21.834988972427265
2022-07-12 23:45:00,2022-07-13 00:45:00,short,26471.319,26439.469,26501.679549013683,26407.67931446542,25.300457511403067,1.0490587632537067,TIMEOUT,12,22.884047735680973
2022-07-13 07:15:00,2022-07-13 08:15:00,short,26509.469,26456.131840909096,26528.434288106484,26456.131840909096,15.804406755402905,2.8123569118188474,VWAP,12,25.69640464749982
2022-07-13 08:30:00,2022-07-13 08:35:00,long,26336.369,26296.100238805375,26296.100238805375,26458.307543689316,33.5573009955196,-1.0000000000000107,SL,1,24.696404647499808
2022-07-13 08:40:00,2022-07-13 09:40:00,long,26256.319,26339.369,26208.334894684227,26454.66928571428,39.98675442981023,1.7307814630171068,TIMEOUT,12,26.427186110516914
2022-07-13 10:20:00,2022-07-13 10:50:00,long,26289.269,26431.985239999995,26232.85328176565,26431.985239999995,47.01309852862689,2.529724772928487,VWAP,6,28.9569108834454
2022-07-13 13:00:00,2022-07-13 13:15:00,short,26499.419,26532.6955167397,26532.6955167397,26434.129148619948,27.730430616414132,-1.0000000000000133,SL,3,27.956910883445385
2022-07-13 14:30:00,2022-07-13 15:30:00,short,26534.519,26494.519,26570.03792497222,26441.69989523808,29.599104143517163,1.1261602098397983,TIMEOUT,12,29.083071093285184
2022-07-13 19:15:00,2022-07-13 19:35:00,long,26421.469,26399.650015635798,26399.650015635798,26450.52151572326,18.18248697016915,-1.0000000000000038,SL,4,28.08307109328518
2022-07-13 19:40:00,2022-07-13 20:00:00,long,26354.519,26329.72522198054,26329.72522198054,26449.410720430096,20.66148168288327,-0.9999999999999563,SL,4,27.083071093285223
2022-07-13 21:30:00,2022-07-13 21:35:00,short,26531.419,26575.945481587285,26575.945481587285,26447.094299860524,37.105401322737045,-0.9999999999999751,SL,1,26.08307109328525
2022-07-13 21:40:00,2022-07-13 21:45:00,short,26616.469,26665.651751980873,26665.651751980873,26448.233619640385,40.985626650727276,-0.9999999999999877,SL,1,25.08307109328526
2022-07-13 23:10:00,2022-07-14 00:10:00,short,26708.999,26660.519,26743.952180001947,26463.611998713,29.127650001623397,1.386998264458272,TIMEOUT,12,26.47006935774353
2022-07-14 01:55:00,2022-07-14 02:05:00,long,26630.519,26668.379277777774,26605.04405182367,26668.379277777774,21.22912348027565,1.486176832067153,VWAP,2,27.95624618981068
2022-07-14 03:30:00,2022-07-14 04:00:00,short,26758.369,26677.186519379848,26794.380954618002,26677.186519379848,30.00996218167061,2.2543203078336314,VWAP,6,30.21056649764431
2022-07-14 04:45:00,2022-07-14 05:45:00,long,26613.519,26638.419,26574.327314599977,26680.871528735624,32.65973783335246,0.6353388415387432,TIMEOUT,12,30.845905339183055
2022-07-14 06:50:00,2022-07-14 07:50:00,long,26603.269,26603.419,26573.101777489886,26666.460807228916,25.139352091762788,0.004972284072594314,TIMEOUT,12,30.85087762325565
2022-07-14 08:05:00,2022-07-14 09:05:00,long,26573.419,26578.519,26544.263922850347,26656.93695918367,24.295897624713874,0.17492665081349668,TIMEOUT,12,31.025804274069145
2022-07-14 09:40:00,2022-07-14 10:05:00,long,26503.269,26466.533283548542,26466.533283548542,26643.048259259253,30.613097042880064,-1.0000000000000482,SL,5,30.025804274069095
2022-07-14 12:50:00,2022-07-14 13:50:00,long,26523.369,26616.254204301076,26485.592145738512,26616.254204301076,31.480711884571768,2.4587861037379932,VWAP,12,32.48459037780709
2022-07-14 14:20:00,2022-07-14 14:40:00,short,26678.419,26711.90861875424,26711.90861875424,26612.688595375723,27.908015628533093,-1.0000000000000067,SL,4,31.48459037780708
2022-07-15 01:40:00,2022-07-15 01:50:00,long,26765.269,26799.109952380953,26741.260846693902,26799.109952380953,20.00679442174751,1.4095608250035263,VWAP,2,32.894151202810605
2022-07-15 02:40:00,2022-07-15 02:55:00,long,26740.369,26714.411452721262,26714.411452721262,26794.014555555554,21.631289398946603,-1.0000000000000204,SL,3,31.894151202810583
2022-07-15 03:00:00,2022-07-15 03:05:00,long,26692.419,26665.784595902023,26665.784595902023,26786.293864864863,22.1953367483163,-0.9999999999999567,SL,1,30.894151202810626
2022-07-15 04:55:00,2022-07-15 05:50:00,short,26820.519,26772.036055555556,26848.311119297327,26772.036055555556,23.160099414437617,1.7444853314626587,VWAP,11,32.63863653427328
2022-07-15 08:50:00,2022-07-15 09:10:00,short,26852.999,26882.81157815767,26882.81157815767,26776.579623052963,24.843815131392553,-0.999999999999996,SL,4,31.638636534273285
2022-07-15 10:30:00,2022-07-15 11:10:00,short,26915.999,26958.80643687882,26958.80643687882,26790.389761154864,35.67286406568309,-0.9999999999999696,SL,8,30.638636534273317
2022-07-15 11:15:00,2022-07-15 12:15:00,short,26960.419,26925.519,26997.089905515993,26798.67125490197,30.559087929992245,0.9517081596139748,TIMEOUT,12,31.590344693887292
2022-07-15 13:35:00,2022-07-15 14:35:00,short,26960.269,26960.269,26980.709859048264,26822.91491463415,17.03404920688626,0.0,TIMEOUT,12,31.590344693887292
2022-07-18 12:10:00,2022-07-18 13:05:00,short,27220.469,27173.807639455772,27242.38706981713,27173.807639455772,18.265058180940915,2.1288991655534755,VWAP,11,33.719243859440766
2022-07-18 13:35:00,2022-07-18 13:40:00,long,27137.469,27115.46717754433,27115.46717754433,27175.895321138214,18.33485204639159,-0.999999999999993,SL,1,32.71924385944077
2022-07-18 13:45:00,2022-07-18 13:55:00,long,27105.469,27082.621612270366,27082.621612270366,27175.18687148595,19.03948977469489,-1.0000000000000342,SL,2,31.719243859440738
2022-07-18 14:00:00,2022-07-18 14:30:00,long,27047.369,27022.111882346206,27022.111882346206,27173.355055226828,21.047598044826838,-1.0000000000000355,SL,6,30.719243859440702
2022-07-19 01:00:00,2022-07-19 01:55:00,long,26954.469,26989.05669230769,26929.639600794897,26989.05669230769,20.69116600425299,1.393013661827989,VWAP,11,32.11225752126869
2022-07-19 05:40:00,2022-07-19 06:15:00,short,27027.369,27050.386801104618,27050.386801104618,26971.22875845411,19.181500920515454,-1.0000000000000258,SL,7,31.112257521268663
2022-07-20 10:00:00,2022-07-20 10:30:00,long,27551.519,27617.474013774103,27517.107281876968,27617.474013774103,28.676431769192654,1.9166440204553452,VWAP,6,33.02890154172401
2022-07-20 12:05:00,2022-07-20 12:45:00,short,27666.999,27617.8987716895,27693.818492971215,27617.8987716895,22.349577476011387,1.8307664639000403,VWAP,8,34.85966800562405
2022-07-20 12:50:00,2022-07-20 13:00:00,long,27581.369,27620.01768817204,27552.25178244105,27620.01768817204,24.26434796579132,1.3273482637478846,VWAP,2,36.18701626937194
2022-07-20 13:10:00,2022-07-20 14:10:00,long,27536.319,27566.519,27500.71478751819,27619.145205450735,29.670177068173608,0.8482142391277764,TIMEOUT,12,37.035230508499716
2022-07-20 18:05:00,2022-07-20 18:50:00,long,27568.319,27538.45517538523,27538.45517538523,27614.97728282828,24.886520512310756,-0.9999999999999412,SL,9,36.03523050849977
2022-07-20 18:55:00,2022-07-20 19:50:00,long,27536.999,27611.90124358974,27517.42379303749,27611.90124358974,16.312672468756023,3.8263832271710005,VWAP,11,39.86161373567077
2022-07-20 23:10:00,2022-07-20 23:25:00,short,27716.419,27753.083719087517,27753.083719087517,27612.290930501924,30.553932572930652,-0.9999999999999665,SL,3,38.86161373567081
2022-07-21 04:20:00,2022-07-21 05:00:00,long,27699.419,27750.430132075482,27668.56066705542,27750.430132075482,25.715277453819706,1.6530747842758649,VWAP,8,40.514688519946674
2022-07-21 06:00:00,2022-07-21 07:00:00,short,27799.419,27754.419,27827.626553184462,27749.261922374433,23.5062943203833,1.5953173855856202,TIMEOUT,12,42.1100059055323
2022-07-21 09:20:00,2022-07-21 09:50:00,long,27701.319,27756.19363126844,27666.162848364762,27756.19363126844,29.29679302936537,1.5608827677668369,VWAP,6,43.67088867329913
2022-07-21 10:00:00,2022-07-21 10:05:00,short,27826.999,27755.18007438017,27869.77353782424,27755.18007438017,35.64544818686603,1.6790111424449616,VWAP,1,45.349899815744095
2022-07-21 15:50:00,2022-07-21 15:55:00,short,27861.999,27887.026996583827,27887.026996583827,27763.713136125647,20.856663819857232,-0.9999999999999405,SL,1,44.34989981574415
2022-07-21 16:00:00,2022-07-21 18:40:00,short,27896.469,27859.319,27923.024486850343,27764.95944905008,22.129572375284983,1.3989575943143757,TIMEOUT,12,45.74885741005853
2022-07-21 20:55:00,2022-07-21 21:30:00,short,27839.319,27874.112127967914,27874.112127967914,27775.2223908046,28.994273306596465,-0.9999999999999548,SL,7,44.74885741005857
2022-07-21 21:40:00,2022-07-21 22:40:00,short,27891.519,27844.369,27927.04888604135,27777.93667634855,29.60823836779109,1.3270518218135792,TIMEOUT,12,46.075909231872146
2022-07-21 23:10:00,2022-07-21 23:50:00,short,27891.419,27918.428314629728,27918.428314629728,27784.293234234236,22.507762191439255,-0.9999999999999536,SL,8,45.075909231872195
2022-07-22 03:45:00,2022-07-22 04:15:00,long,27881.419,27919.28986956522,27851.26781752947,27919.28986956522,25.125985392107722,1.2560326482131476,VWAP,6,46.331941880085346
2022-07-22 06:45:00,2022-07-22 07:10:00,short,27959.519,27917.252414634157,27980.602347292224,27917.252414634157,17.569456076851928,2.0047378995381755,VWAP,5,48.33667977962352
2022-07-22 10:00:00,2022-07-22 10:10:00,long,27839.999,27804.223083258308,27804.223083258308,27919.881341597804,29.81326395141074,-0.9999999999999645,SL,2,47.33667977962356
2022-07-22 11:25:00,2022-07-22 11:40:00,long,27769.469,27729.15863258923,27729.15863258923,27908.261028985515,33.591972842308174,-0.999999999999997,SL,3,46.33667977962356
2022-07-25 01:55:00,2022-07-25 02:00:00,long,27670.519,27698.818166666668,27650.65785755009,27698.818166666668,16.550952041591124,1.4248508985844746,VWAP,1,47.76153067820803
2022-07-25 02:40:00,2022-07-25 03:00:00,long,27667.419,27699.917787878792,27644.075488489685,27699.917787878792,19.452926258596513,1.392197907518282,VWAP,4,49.15372858572631
2022-07-25 09:35:00,2022-07-25 09:45:00,long,27715.369,27747.56701724138,27695.570742063846,27747.56701724138,16.49854828012549,1.6263055742187513,VWAP,2,50.78003415994507
2022-07-25 10:30:00,2022-07-25 11:30:00,long,27677.519,27740.319,27643.430718976604,27746.428606299214,28.4069008528297,1.8422753543042567,TIMEOUT,12,52.622309514249324
2022-07-25 14:20:00,2022-07-25 14:45:00,long,27710.999,27743.564163776497,27691.608428155185,27743.564163776497,16.158809870680575,1.6794328726928083,VWAP,5,54.30174238694213
2022-07-25 15:00:00,2022-07-25 15:50:00,long,27705.319,27742.73200184163,27684.87455698077,27742.73200184163,17.03703584935811,1.8299839133029407,VWAP,10,56.13172630024507
2022-07-25 16:00:00,2022-07-25 18:00:00,short,27785.519,27741.568533678772,27809.144373092407,27741.568533678772,19.687810910340108,1.8603078202964558,VWAP,4,57.992034120541526
2022-07-25 19:10:00,2022-07-25 19:30:00,long,27712.269,27697.222253367796,27697.222253367796,27740.733865718816,12.538955526836993,-0.9999999999999942,SL,2,56.99203412054153
2022-07-25 19:35:00,2022-07-25 19:40:00,long,27665.269,27647.637228006213,27647.637228006213,27739.917847352044,14.693143328156099,-0.9999999999999802,SL,1,55.992034120541554
2022-07-25 23:35:00,2022-07-26 00:35:00,long,27690.319,27680.369,27667.50264450317,27722.817511450412,19.013629580692648,-0.4360906807129045,TIMEOUT,12,55.55594343982865
2022-07-26 01:20:00,2022-07-26 02:05:00,long,27645.999,27682.045078431373,27625.401738178476,27682.045078431373,17.164384851270018,1.7500422504560673,VWAP,9,57.30598569028472
2022-07-26 06:20:00,2022-07-26 06:25:00,long,27640.369,27620.026444420913,27620.026444420913,27675.135060606077,16.95212964923753,-1.0000000000000207,SL,1,56.3059856902847
2022-07-26 06:30:00,2022-07-26 06:45:00,long,27620.519,27599.204122995587,27599.204122995587,27673.774569620273,17.76239750367917,-0.9999999999999328,SL,3,55.305985690284764
2022-07-26 08:20:00,2022-07-26 08:55:00,long,27605.519,27586.822734486468,27586.822734486468,27661.713851485172,15.580221261276108,-1.0000000000000426,SL,7,54.30598569028472
2022-07-26 22:00:00,2022-07-26 22:55:00,short,27687.469,27726.344055293033,27726.344055293033,27588.23192517007,32.39587941086131,-0.9999999999999684,SL,11,53.30598569028475
2022-07-27 00:45:00,2022-07-27 00:50:00,short,27752.269,27773.098742462604,27773.098742462604,27711.06033333334,17.35811871883646,-0.999999999999986,SL,1,52.305985690284764
2022-07-27 09:50:00,2022-07-27 10:15:00,short,27822.519,27845.876172060933,27845.876172060933,27778.010708683465,19.464310050776156,-1.0000000000000475,SL,5,51.305985690284714
2022-07-27 14:40:00,2022-07-27 15:30:00,short,27987.319,28026.160159835905,28026.160159835905,27806.03363276836,32.36763319658739,-1.0000000000000104,SL,10,50.30598569028471
2022-07-28 08:00:00,2022-07-28 08:05:00,long,27778.269,27764.185063523393,27764.185063523393,27799.47814089348,11.736613730506647,-0.9999999999999343,SL,1,49.30598569028477
2022-07-28 08:10:00,2022-07-28 08:30:00,long,27758.469,27743.403013956395,27743.403013956395,27798.70095286196,12.554988369671573,-1.0000000000000238,SL,4,48.30598569028475
2022-07-28 09:45:00,2022-07-28 09:55:00,long,27713.519,27682.099961223266,27682.099961223266,27792.95247457628,26.18253231394503,-0.9999999999999971,SL,2,47.30598569028475
2022-07-28 10:15:00,2022-07-28 10:25:00,long,27668.419,27632.111318556832,27632.111318556832,27788.34604301076,30.256401202642493,-0.9999999999999648,SL,2,46.305985690284786
2022-07-28 13:25:00,2022-07-28 13:45:00,short,27823.269,27848.86063925576,27848.86063925576,27778.67332098766,21.32636604646645,-0.9999999999999796,SL,4,45.30598569028481
2022-07-28 14:00:00,2022-07-28 15:00:00,short,27860.369,27858.419,27883.15770209352,27781.317678500985,18.99058507793198,0.08556871698944689,TIMEOUT,12,45.391554407274256
2022-07-28 15:05:00,2022-07-28 16:05:00,short,27878.999,27897.901308519864,27897.901308519864,27785.938798534793,15.751923766554029,-0.9999999999999645,SL,12,44.39155440727429
2022-07-28 22:45:00,2022-07-28 23:35:00,short,27974.469,27823.25829133856,28005.167809082177,27823.25829133856,25.582340901813822,4.925621324810051,VWAP,10,49.317175732084344
2022-07-28 23:50:00,2022-07-28 23:55:00,long,27777.469,27740.846821470226,27740.846821470226,27826.19720224717,30.518482108146667,-0.999999999999968,SL,1,48.31717573208438
2022-07-29 03:20:00,2022-07-29 04:20:00,short,27817.519,27819.319,27844.4163692929,27760.10290243903,22.414474410748255,-0.06692104273835256,TIMEOUT,12,48.25025468934603
2022-07-29 06:40:00,2022-07-29 07:40:00,short,27852.369,27842.999,27870.491369284748,27788.825337448572,15.101974403958524,0.5170405620132535,TIMEOUT,12,48.767295251359286
2022-07-29 08:05:00,2022-07-29 09:05:00,short,27867.319,27827.999,27884.910814289415,27798.35270748301,14.659845241178203,2.235130461993403,TIMEOUT,12,51.002425713352686
2022-07-29 10:05:00,2022-07-29 10:30:00,short,27884.419,27914.005972760977,27914.005972760977,27808.250666666678,24.655810634145766,-1.000000000000009,SL,5,50.00242571335268
2022-07-29 12:50:00,2022-07-29 13:50:00,short,27867.519,27892.907986527003,27892.907986527003,27818.345064516132,21.157488772501473,-1.0000000000000486,SL,12,49.00242571335263
2022-07-29 15:35:00,2022-07-29 15:40:00,short,27962.369,27980.61404888229,27980.61404888229,27833.48392907801,15.204207401907368,-1.000000000000095,SL,1,48.00242571335254
2022-07-29 15:45:00,2022-07-29 16:00:00,short,27972.519,27991.19449623014,27991.19449623014,27834.930894736844,15.562913525114173,-1.0000000000000735,SL,3,47.002425713352466
2022-07-31 19:40:00,2022-07-31 19:50:00,short,27942.519,27897.004873015874,27965.04218670334,27897.004873015874,18.769322252782707,2.020767646408499,VWAP,2,49.02319335976097
2022-07-31 19:55:00,2022-07-31 20:00:00,long,27832.369,27803.10688149153,27803.10688149153,27894.202333333335,24.385098757056824,-0.9999999999999977,SL,1,48.02319335976097
2022-07-31 20:05:00,2022-07-31 21:05:00,long,27759.999,27822.269,27723.965744755453,27886.459897435903,30.027712703788602,1.7281258542253155,TIMEOUT,12,49.751319213986285
2022-07-31 23:40:00,2022-08-01 00:35:00,short,27953.519,27979.802134455207,27979.802134455207,27877.38339613526,21.90261204600508,-1.0000000000000304,SL,11,48.75131921398626
2022-08-01 03:25:00,2022-08-01 03:35:00,short,28018.419,28036.65374655956,28036.65374655956,27974.876222222218,15.195622132965388,-1.0000000000000526,SL,2,47.75131921398621
2022-08-01 07:25:00,2022-08-01 07:45:00,short,28033.419,28046.745466687265,28046.745466687265,28001.941407407412,11.105388906054431,-0.9999999999998822,SL,4,46.75131921398633
2022-08-01 08:25:00,2022-08-01 08:30:00,long,27983.999,27968.537189331484,27968.537189331484,28003.857986928106,12.884842223762845,-1.0000000000000173,SL,1,45.751319213986314
2022-08-01 08:35:00,2022-08-01 08:50:00,long,27968.519,27952.590846923576,27952.590846923576,28003.24883974359,13.273460897019993,-0.999999999999986,SL,3,44.75131921398633
2022-08-01 08:55:00,2022-08-01 09:05:00,long,27883.319,27860.77128935819,27860.77128935819,28000.89998765432,18.78975886817461,-1.0000000000000713,SL,2,43.75131921398626
2022-08-01 12:15:00,2022-08-01 13:15:00,long,27913.469,27933.469,27882.982096431664,27980.82771621622,25.405752973613637,0.6560193938741604,TIMEOUT,12,44.40733860786042
2022-08-01 13:30:00,2022-08-01 13:45:00,long,27888.369,27858.660910496703,27858.660910496703,27975.429327198362,24.756741252745773,-1.0000000000000335,SL,3,43.40733860786038
2022-08-01 18:10:00,2022-08-01 19:10:00,long,27890.369,27913.269,27865.784201465194,27961.93633668342,20.487332112336833,0.9314699068036856,TIMEOUT,12,44.338808514664066
2022-08-01 19:20:00,2022-08-01 19:30:00,long,27883.419,27864.581590347283,27864.581590347283,27957.77873395931,15.697841377264037,-1.000000000000095,SL,2,43.338808514663974
2022-08-01 19:35:00,2022-08-01 19:50:00,long,27860.999,27842.024910711727,27842.024910711727,27956.56458641975,15.811741073560023,-1.0000000000000413,SL,3,42.33880851466393
2022-08-01 19:55:00,2022-08-01 20:05:00,long,27825.369,27801.45252342351,27801.45252342351,27954.6091060606,19.930397147072693,-0.9999999999999981,SL,2,41.33880851466393
2022-08-01 20:10:00,2022-08-01 20:15:00,long,27760.469,27728.993318134642,27728.993318134642,27952.506713004477,26.22973488779845,-1.0000000000000158,SL,1,40.33880851466392
2022-08-02 06:35:00,2022-08-02 07:05:00,long,27598.519,27633.848416666664,27575.95304587815,27633.848416666664,18.804961768210774,1.565607041292823,VWAP,6,41.90441555595674
2022-08-02 09:10:00,2022-08-02 09:35:00,short,27698.519,27718.985892615543,27718.985892615543,27634.1638048048,17.05574384628526,-1.0000000000000213,SL,5,40.90441555595672
2022-08-02 09:40:00,2022-08-02 10:30:00,short,27728.999,27754.893096150245,27754.893096150245,27637.469484330482,21.578413458537586,-0.9999999999999913,SL,10,39.904415555956724
2022-08-02 10:50:00,2022-08-02 11:50:00,short,27813.319,27848.369,27856.8219121222,27648.020501272258,36.25242676850095,-0.805693189033935,TIMEOUT,12,39.098722366922786
2022-08-02 18:50:00,2022-08-02 19:25:00,short,27775.469,27798.395399881185,27798.395399881185,27711.554647249188,19.105333234319133,-1.0000000000000409,SL,7,38.09872236692274
2022-08-02 19:30:00,2022-08-02 20:20:00,short,27808.369,27831.141776607492,27831.141776607492,27714.158781931463,18.977313839578336,-0.9999999999999623,SL,10,37.09872236692278
2022-08-03 04:45:00,2022-08-03 05:20:00,short,27763.469,27784.853012636617,27784.853012636617,27725.00727586207,17.82001053051192,-1.0000000000000704,SL,7,36.09872236692271
2022-08-03 06:30:00,2022-08-03 07:30:00,short,27788.469,27788.269,27803.870099994336,27737.647438818567,12.834249995280073,0.012986085414306747,TIMEOUT,12,36.11170845233701
2022-08-03 08:00:00,2022-08-03 08:15:00,short,27803.999,27818.445281904715,27818.445281904715,27746.063364261165,12.038568253929272,-0.999999999999981,SL,3,35.111708452337034
2022-08-03 08:55:00,2022-08-03 09:55:00,short,27843.369,27823.999,27857.94079054116,27753.770358024696,12.143158784300855,1.329280704748289,TIMEOUT,12,36.440989157085326
2022-08-03 10:10:00,2022-08-03 11:10:00,short,27888.269,27863.369,27914.883951767373,27762.611113821145,22.17912647281023,0.9355643481017611,TIMEOUT,12,37.37655350518709
2022-08-04 03:15:00,2022-08-04 03:30:00,short,27960.369,27981.78010839035,27981.78010839035,27923.74516666667,17.842590325293557,-0.9999999999999748,SL,3,36.37655350518712
2022-08-04 05:25:00,2022-08-04 05:50:00,short,27975.369,27993.5539071337,27993.5539071337,27936.49182828284,15.154089278084303,-1.000000000000042,SL,5,35.376553505187076
2022-08-04 06:40:00,2022-08-04 07:40:00,short,28070.419,27985.519,28090.364750652094,27951.227600823047,16.62145887674268,4.256545741541199,TIMEOUT,12,39.63309924672828
2022-08-04 08:20:00,2022-08-04 09:20:00,long,27910.319,27905.319,27886.464694264458,27959.626227722772,19.878588112952404,-0.20960576490599794,TIMEOUT,12,39.42349348182228
2022-08-04 10:20:00,2022-08-04 10:35:00,long,27885.269,27853.798394972247,27853.798394972247,27954.011213333328,26.225504189794695,-0.9999999999999721,SL,3,38.423493481822305
2022-08-04 10:40:00,2022-08-04 11:40:00,long,27835.519,27875.469,27800.778457252247,27951.517294573638,28.950452289793986,1.149953248861805,TIMEOUT,12,39.57344673068411
2022-08-04 12:45:00,2022-08-04 12:50:00,long,27900.419,27876.00780840047,27876.00780840047,27942.26092640693,20.34265966627644,-0.9999999999999648,SL,1,38.57344673068415
2022-08-04 12:55:00,2022-08-04 13:55:00,long,27875.999,27905.269,27852.033717447342,27941.503743589743,19.971068793881336,1.2213500898930387,TIMEOUT,12,39.79479682057718
2022-08-04 15:35:00,2022-08-04 15:45:00,long,27885.519,27867.49993846237,27867.49993846237,27934.73689007091,15.015884614692435,-0.9999999999999754,SL,2,38.794796820577204
2022-08-04 15:50:00,2022-08-04 18:30:00,long,27870.419,27882.319,27851.60775430096,27933.82526527049,15.676038082536337,0.6326003174049677,TIMEOUT,12,39.42739713798217
2022-08-04 18:50:00,2022-08-04 19:50:00,long,27860.999,27892.319,27848.0188706664,27929.867534621575,10.816774444665738,2.4129189467263874,TIMEOUT,12,41.840316084708554
2022-08-04 20:20:00,2022-08-04 21:10:00,short,27990.519,28024.84523431068,28024.84523431068,27927.414199999996,28.60519525889988,-1.0000000000000004,SL,10,40.840316084708554
2022-08-04 21:20:00,2022-08-04 21:40:00,short,28035.999,28069.048657557487,28069.048657557487,27930.446721518987,27.541381297904792,-1.0000000000000402,SL,4,39.84031608470851
2022-08-04 21:45:00,2022-08-04 21:50:00,short,28114.319,28149.425952139532,28149.425952139532,27933.187691460058,29.255793449609765,-1.0000000000000353,SL,1,38.840316084708476
2022-08-04 21:55:00,2022-08-04 22:55:00,short,28154.419,28147.369,28191.207382201945,27934.98252459017,30.656985168285942,0.19163658682524332,TIMEOUT,12,39.031952671533716
2022-08-05 06:05:00,2022-08-05 07:05:00,long,28079.269,28082.419,28060.72435215473,28135.27900000001,15.453873204391984,0.16986032985278984,TIMEOUT,12,39.201813001386505
2022-08-05 07:10:00,2022-08-05 08:10:00,long,28077.319,28097.419,28061.957269943476,28127.843712643695,12.801441713769274,1.308446374597438,TIMEOUT,12,40.51025937598394
2022-08-05 08:30:00,2022-08-05 08:35:00,long,28042.269,28023.72692907126,28023.72692907126,28121.729194174768,15.451725773947832,-1.000000000000093,SL,1,39.51025937598385
2022-08-05 08:40:00,2022-08-05 08:55:00,long,28037.269,28014.04782659716,28014.04782659716,28120.162904761917,19.350977835699716,-0.9999999999999613,SL,3,38.510259375983885
2022-08-05 10:15:00,2022-08-05 11:15:00,short,28212.419,28142.269,28250.750179075272,28112.259887096785,31.942649229393563,1.8301028481864712,TIMEOUT,12,40.340362224170356
2022-08-05 11:30:00,2022-08-05 12:20:00,long,28072.519,28119.073412470032,28037.105314297856,28119.073412470032,29.51140475178746,1.314588175362162,VWAP,10,41.65495039953252
2022-08-05 15:45:00,2022-08-05 15:50:00,short,28157.469,28178.8278454005,28178.8278454005,28119.56405263157,17.79903783375,-1.0000000000000135,SL,1,40.6549503995325
2022-08-07 18:35:00,2022-08-07 18:45:00,long,28104.999,28083.491778333784,28083.491778333784,28131.94025,17.92268472184637,-0.9999999999999993,SL,2,39.6549503995325
2022-08-07 18:50:00,2022-08-07 19:30:00,long,28077.999,28058.005163993923,28058.005163993923,28119.984757575756,16.661530005064503,-0.9999999999999745,SL,7,38.65495039953253
2022-08-07 20:10:00,2022-08-07 20:20:00,short,28199.369,28241.328344167498,28241.328344167498,28098.85643589743,34.96612013958269,-0.9999999999999893,SL,2,37.65495039953254
2022-08-07 21:45:00,2022-08-07 22:45:00,short,28214.419,28228.419,28256.574606529233,28130.461370370373,35.129672107692635,-0.33210291946083725,TIMEOUT,12,37.3228474800717
2022-08-07 23:10:00,2022-08-08 00:10:00,short,28258.319,28250.519,28287.392825410065,28156.346903225804,24.228187841722217,0.2682825493372662,TIMEOUT,12,37.591130029408966
2022-08-08 04:15:00,2022-08-08 05:15:00,long,28203.319,28208.999,28178.376580200817,28239.674256410242,20.785349832652507,0.22772449689048777,TIMEOUT,12,37.818854526299454
2022-08-08 09:45:00,2022-08-08 09:50:00,short,28308.369,28332.821957750944,28332.821957750944,28241.18458404557,20.377464792454862,-0.9999999999999921,SL,1,36.81885452629946
2022-08-08 10:40:00,2022-08-08 11:20:00,short,28323.419,28246.572463541648,28350.911278261075,28246.572463541648,22.910231884228054,2.795204374428313,VWAP,8,39.61405890072778
2022-08-08 11:45:00,2022-08-08 12:20:00,long,28188.369,28155.577886322804,28155.577886322804,28249.24027659573,27.325928064329158,-0.9999999999999857,SL,7,38.61405890072779
2022-08-08 19:55:00,2022-08-08 20:10:00,long,28145.519,28123.75007240717,28123.75007240717,28215.170651376142,18.14077299402638,-0.999999999999991,SL,3,37.6140589007278
2022-08-08 20:45:00,2022-08-08 21:20:00,long,28090.519,28058.12304580355,28058.12304580355,28211.988093567245,26.996628497040597,-1.0000000000000544,SL,7,36.61405890072774
2022-08-09 19:45:00,2022-08-09 20:00:00,long,27845.369,27907.900490015356,27831.359041718875,27907.900490015356,11.674965234270964,4.463360187132202,VWAP,3,41.077419087859944
2022-08-09 20:10:00,2022-08-09 21:10:00,long,27750.999,27853.369,27719.229293010216,27906.342948948943,26.474755824820445,3.2222519405959833,TIMEOUT,12,44.299671028455926
2022-08-09 21:45:00,2022-08-09 22:15:00,long,27820.319,27787.36509138805,27787.36509138805,27898.937105117562,27.461590509957876,-1.0000000000000528,SL,6,43.299671028455876
2022-08-09 22:20:00,2022-08-09 23:20:00,long,27773.999,27820.469,27744.27381469553,27896.46554569892,24.770987753724,1.563320784177416,TIMEOUT,12,44.86299181263329
2022-08-09 23:35:00,2022-08-10 00:05:00,long,27798.369,27776.499428632946,27776.499428632946,27891.04655386565,18.224642805878954,-0.9999999999999267,SL,6,43.86299181263336
2022-08-10 02:45:00,2022-08-10 03:10:00,short,27843.519,27802.58738383838,27858.89658038701,27802.58738383838,12.814650322508232,2.661772211979176,VWAP,5,46.52476402461254
2022-08-10 04:55:00,2022-08-10 05:55:00,short,27925.519,27883.369,27947.081881498736,27828.86707909604,17.9690679156136,1.9547480239350956,TIMEOUT,12,48.47951204854763
2022-08-10 06:15:00,2022-08-10 07:15:00,short,27903.999,27898.519,27921.61997351669,27842.36295555554,14.68414459724058,0.3109930330926095,TIMEOUT,12,48.79050508164024
2022-08-10 08:30:00,2022-08-10 08:35:00,short,27998.519,28023.34467564024,28023.34467564024,27859.955274509815,20.68806303353451,-0.9999999999999697,SL,1,47.79050508164027
2022-08-10 08:40:00,2022-08-10 08:50:00,short,28048.419,28079.435220322455,28079.435220322455,27863.47986538463,25.846850268710828,-1.0000000000000193,SL,2,46.79050508164025
2022-08-11 03:30:00,2022-08-11 03:45:00,long,28113.269,28090.33417233596,28090.33417233596,28166.32975000001,19.11235638670072,-1.0000000000000155,SL,3,45.790505081640234
2022-08-11 10:00:00,2022-08-11 10:15:00,short,28183.519,28210.78329626223,28210.78329626223,28122.957107344635,22.720246885191628,-1.0000000000000144,SL,3,44.79050508164022
2022-08-11 10:20:00,2022-08-11 11:20:00,short,28230.419,28143.419,28258.941133630404,28125.690284153003,23.768444692002024,3.0502626881764767,TIMEOUT,12,47.84076776981669
2022-08-11 13:15:00,2022-08-11 14:15:00,short,28193.419,28134.251462845026,28217.746176863624,28134.251462845026,20.272647386352975,2.432157972405284,VWAP,12,50.27292574222198
2022-08-11 14:50:00,2022-08-11 15:10:00,long,28108.519,28086.079269341924,28086.079269341924,28137.034397727286,18.699775548397703,-0.9999999999999384,SL,4,49.27292574222204
2022-08-11 19:05:00,2022-08-11 19:45:00,short,28163.519,28135.008178743967,28179.880760060394,28135.008178743967,13.63480005032724,1.7425277690662613,VWAP,8,51.01545351128831
2022-08-11 20:05:00,2022-08-11 20:15:00,short,28243.999,28279.030997543243,28279.030997543243,28136.737888888885,29.193331286037164,-0.999999999999956,SL,2,50.01545351128835
2022-08-11 20:20:00,2022-08-11 20:25:00,short,28353.419,28399.1074426394,28399.1074426394,28138.712873873872,38.07370219949821,-1.000000000000025,SL,1,49.01545351128832
2022-08-11 20:30:00,2022-08-11 21:30:00,short,28425.319,28413.519,28473.77393268397,28141.05630654762,40.379110569975495,0.24352525834594418,TIMEOUT,12,49.25897876963427
2022-08-15 05:05:00,2022-08-15 05:20:00,long,28788.269,28771.15701945625,28771.15701945625,28853.41733333333,14.259983786460896,-0.999999999999937,SL,3,48.25897876963433
2022-08-15 07:15:00,2022-08-15 07:35:00,long,28778.519,28762.876020940188,28762.876020940188,28831.332409090897,13.035815883177317,-0.9999999999999633,SL,4,47.25897876963437
2022-08-15 07:40:00,2022-08-15 07:45:00,long,28763.319,28748.814596098247,28748.814596098247,28828.00889247311,12.087003251458864,-1.0000000000001,SL,1,46.25897876963427
2022-08-15 07:50:00,2022-08-15 08:05:00,long,28733.319,28717.94367214594,28717.94367214594,28826.19787719297,12.812773211716927,-1.000000000000028,SL,3,45.25897876963424
2022-08-15 08:35:00,2022-08-15 08:40:00,long,28683.269,28665.082162318176,28665.082162318176,28816.20672435897,15.155698068185272,-1.000000000000082,SL,1,44.258978769634155
2022-08-15 08:45:00,2022-08-15 09:45:00,long,28648.519,28698.319,28629.03183893761,28813.294628930813,16.23930088532309,2.5555287319977342,TIMEOUT,12,46.81450750163189
2022-08-15 10:15:00,2022-08-15 11:15:00,long,28713.999,28743.999,28689.75991331978,28795.318811827954,20.19923890018276,1.237670395579796,TIMEOUT,12,48.052177897211685
2022-08-15 11:50:00,2022-08-15 12:15:00,short,28838.519,28863.932905952337,28863.932905952337,28790.65067832168,21.178254960280565,-1.0000000000000044,SL,5,47.05217789721168
2022-08-15 23:10:00,2022-08-16 00:10:00,short,28898.369,28856.269,28923.756365942692,28822.312242187494,21.156138285578535,1.658305162301161,TIMEOUT,12,48.71048305951284
2022-08-16 02:35:00,2022-08-16 02:55:00,long,28851.999,28871.35858333333,28837.32523781417,28871.35858333333,12.228135154859235,1.3193333167157792,VWAP,4,50.02981637622862
2022-08-16 04:10:00,2022-08-16 05:10:00,short,28896.999,28881.369,28915.064263600343,28866.70017647058,15.054386333618204,0.8651963428701509,TIMEOUT,12,50.895012719098766
2022-08-16 07:30:00,2022-08-16 08:30:00,short,28916.999,28906.999,28931.548589195263,28874.53094139193,12.124657662719374,0.6873046287283212,TIMEOUT,12,51.582317347827086
2022-08-16 10:30:00,2022-08-16 10:35:00,long,28821.469,28795.995028661608,28795.995028661608,28880.532963254584,21.228309448660465,-1.0000000000000298,SL,1,50.58231734782706
2022-08-16 11:30:00,2022-08-16 11:50:00,short,28921.469,28946.855144402554,28946.855144402554,28878.333508393283,21.155120335461785,-0.9999999999999679,SL,4,49.58231734782709
2022-08-16 11:55:00,2022-08-16 12:55:00,short,28966.469,28963.369,28991.048846443555,28880.328166666663,20.48320536962778,0.12611958366465847,TIMEOUT,12,49.708436931491754
2022-08-16 13:50:00,2022-08-16 14:05:00,short,28991.319,29006.012385631362,29006.012385631362,28892.5362255489,12.24448802613638,-0.9999999999999293,SL,3,48.708436931491825
2022-08-16 15:35:00,2022-08-16 15:50:00,short,28941.519,28963.880530557657,28963.880530557657,28898.968361702122,18.634608798047594,-0.9999999999999863,SL,3,47.70843693149184
2022-08-16 19:50:00,2022-08-16 20:00:00,short,28973.999,28990.421640764413,28990.421640764413,28905.06123255814,13.685533970343524,-1.0000000000000342,SL,2,46.7084369314918
2022-08-16 20:05:00,2022-08-16 20:15:00,short,29041.999,29069.623978775297,29069.623978775297,28906.26253211009,23.02081564608041,-1.00000000000001,SL,2,45.708436931491796
2022-08-16 23:40:00,2022-08-17 00:00:00,short,29135.419,29155.502502699448,29155.502502699448,28939.567952745852,16.736252249539078,-0.9999999999999755,SL,4,44.70843693149182
2022-08-17 05:25:00,2022-08-17 05:50:00,long,29102.519,29082.31568670938,29082.31568670938,29161.11460606061,16.83609440885081,-1.000000000000038,SL,5,43.70843693149178
2022-08-17 05:55:00,2022-08-17 06:20:00,long,29070.369,29050.307349767503,29050.307349767503,29155.75714814815,16.718041860413724,-0.9999999999999565,SL,5,42.708436931491825
2022-08-17 06:25:00,2022-08-17 06:30:00,long,29040.269,29021.90754818078,29021.90754818078,29148.463914529915,15.301209849348261,-1.0000000000000553,SL,1,41.70843693149177
2022-08-17 14:00:00,2022-08-17 14:05:00,long,29002.419,29066.717284023656,28977.950400171267,29066.717284023656,20.39049985727874,2.6277876328724963,VWAP,1,44.336224564364265
2022-08-17 15:15:00,2022-08-17 16:15:00,long,29005.319,29010.469,28967.695680972058,29066.739760869546,31.352765856617594,0.13688319194212467,TIMEOUT,12,44.47310775630639
2022-08-17 18:05:00,2022-08-17 19:10:00,long,28990.269,28962.417525174224,28962.417525174224,29062.194757575748,23.209562354814885,-0.9999999999999575,SL,12,43.47310775630643
2022-08-17 19:20:00,2022-08-17 19:45:00,long,28947.319,28931.50838100389,28931.50838100389,29056.70653144653,13.17551583009096,-1.0000000000001081,SL,5,42.47310775630633
2022-08-17 20:05:00,2022-08-17 20:35:00,long,28892.319,28865.03052640099,28865.03052640099,29052.139150829556,22.740394665840107,-1.0000000000000058,SL,6,41.47310775630632
2022-08-17 21:40:00,2022-08-17 22:40:00,long,28921.419,28994.469,28885.759781161905,29041.215763888882,29.716015698412942,2.048558616263303,TIMEOUT,12,43.52166637256962
2022-08-18 02:00:00,2022-08-18 03:00:00,long,28909.469,28904.999,28889.73723179831,28967.87526666667,16.44314016807594,-0.22653823794757835,TIMEOUT,12,43.29512813462204
2022-08-18 05:35:00,2022-08-18 05:40:00,short,29019.469,29041.407784483654,29041.407784483654,28950.48694117647,18.282320403044917,-0.9999999999999523,SL,1,42.29512813462209
2022-08-18 05:45:00,2022-08-18 05:55:00,short,29031.519,29052.92450294764,29052.92450294764,28952.80061904762,17.83791912303374,-0.9999999999999933,SL,2,41.2951281346221
2022-08-18 08:05:00,2022-08-18 09:05:00,short,29059.999,29034.269,29076.153998811355,28979.363693877545,13.46249900946206,1.5926958770133333,TIMEOUT,12,42.88782401163543
2022-08-18 11:30:00,2022-08-18 11:50:00,short,29049.419,29074.43143656697,29074.43143656697,28990.35700959232,20.843697139139962,-1.0000000000000409,SL,4,41.88782401163539
2022-08-18 13:10:00,2022-08-18 13:20:00,short,29049.419,29073.000417859155,29073.000417859155,28997.251767295587,19.65118154929566,-0.9999999999999489,SL,2,40.88782401163544
2022-08-18 15:15:00,2022-08-18 15:30:00,short,29129.469,29145.862911440785,29145.862911440785,29009.317224637656,13.661592867319241,-1.0000000000000553,SL,3,39.88782401163538
2022-08-18 18:40:00,2022-08-18 19:40:00,short,29106.999,29064.469,29120.93357489354,29019.150165845625,11.612145744618504,3.0521203786208653,TIMEOUT,12,42.939944390256244
2022-08-18 21:20:00,2022-08-18 21:30:00,long,28986.369,28957.3087927877,28957.3087927877,29025.36404964536,24.216839343582755,-1.0000000000000293,SL,2,41.939944390256215
2022-08-18 21:35:00,2022-08-18 22:35:00,long,28939.519,28964.519,28908.5125454645,29024.44007843134,25.83871211291937,0.8062837359032556,TIMEOUT,12,42.74622812615947
2022-08-18 23:30:00,2022-08-19 00:00:00,long,28947.269,28925.003605860544,28925.003605860544,29019.024491698572,18.55449511621307,-1.0000000000000355,SL,6,41.74622812615944
2022-08-19 09:50:00,2022-08-19 10:50:00,long,28767.319,28794.419,28741.925381977828,28871.55266946779,21.161348351810908,1.0671972767464297,TIMEOUT,12,42.813425402905864
2022-08-22 02:10:00,2022-08-22 02:15:00,long,28739.419,28720.14533306682,28720.14533306682,28775.962827160492,16.06138911098493,-1.0000000000000324,SL,1,41.81342540290583
2022-08-22 03:30:00,2022-08-22 03:55:00,long,28684.469,28658.01659785762,28658.01659785762,28759.112875968993,22.043668451984676,-1.0000000000000222,SL,5,40.81342540290581
2022-08-22 04:05:00,2022-08-22 05:05:00,long,28649.319,28659.999,28621.909527761964,28747.22953333333,22.841226865029892,0.3896463203395706,TIMEOUT,12,41.20307172324538
2022-08-22 06:40:00,2022-08-22 07:35:00,long,28664.269,28643.172919111403,28643.172919111403,28713.521839506164,17.580067407164776,-0.999999999999989,SL,11,40.203071723245394
2022-08-22 07:40:00,2022-08-22 08:40:00,long,28639.319,28639.269,28620.38492184711,28707.31269175627,15.778398460740473,-0.0026407411861054586,TIMEOUT,12,40.20043098205929
2022-08-23 01:25:00,2022-08-23 01:45:00,long,28431.369,28453.004925925925,28414.995019424445,28453.004925925925,13.64498381296261,1.3213601803233237,VWAP,4,41.52179116238261
2022-08-23 02:15:00,2022-08-23 02:35:00,long,28404.419,28382.907521963898,28382.907521963898,28449.13578571428,17.926231696753035,-1.0000000000000004,SL,4,40.52179116238261
2022-08-23 04:05:00,2022-08-23 04:10:00,short,28529.369,28557.151053971043,28557.151053971043,28444.8466,23.151711642537613,-0.999999999999983,SL,1,39.52179116238263
2022-08-23 05:55:00,2022-08-23 06:55:00,short,28549.369,28514.369,28569.76189297088,28473.077055555557,16.994077475733366,1.7162842000876546,TIMEOUT,12,41.23807536247028
2022-08-23 08:30:00,2022-08-23 08:55:00,short,28529.419,28483.00311003238,28546.81635470822,28483.00311003238,14.49779559018012,2.667985492397971,VWAP,5,43.90606085486826
2022-08-23 09:35:00,2022-08-23 09:45:00,short,28536.269,28484.49043678162,28559.139089745826,28484.49043678162,19.0584081215211,2.264029734637663,VWAP,2,46.17009058950592
2022-08-23 12:20:00,2022-08-23 12:40:00,long,28454.419,28490.594413870258,28427.174182949926,28490.594413870258,22.70401420839632,1.327790669460779,VWAP,4,47.4978812589667
2022-08-23 14:55:00,2022-08-23 15:20:00,long,28454.369,28490.35890740742,28433.550696586197,28490.35890740742,17.348586178169683,1.72876274747523,VWAP,5,49.22664400644193
2022-08-23 15:35:00,2022-08-23 16:00:00,long,28459.269,28489.836092198595,28438.6160248242,28489.836092198595,17.210812646498777,1.4800333578289362,VWAP,5,50.70667736427087
2022-08-23 19:30:00,2022-08-23 19:35:00,long,28469.519,28488.29354545456,28456.727720856856,28488.29354545456,10.659399285954608,1.4677613743281586,VWAP,1,52.17443873859902
2022-08-23 20:45:00,2022-08-23 21:35:00,long,28424.269,28388.709819905453,28388.709819905453,28487.505830357153,29.632650078790157,-0.9999999999999842,SL,10,51.17443873859904
2022-08-23 21:40:00,2022-08-23 21:55:00,long,28329.999,28294.329533269167,28294.329533269167,28483.996347517743,29.724555609026716,-1.0000000000000246,SL,3,50.174438738599015
2022-08-24 04:35:00,2022-08-24 05:35:00,short,28374.319,28323.513404761925,28400.791925068257,28323.513404761925,22.0607708902143,1.9191530632553322,VWAP,12,52.093591801854345
2022-08-24 08:00:00,2022-08-24 09:00:00,short,28374.419,28369.369,28390.31733578172,28330.86501374572,13.248613151434185,0.3176433099248731,TIMEOUT,12,52.41123511177922
2022-08-24 15:10:00,2022-08-24 15:40:00,short,28474.419,28491.28313168184,28491.28313168184,28386.918672131156,14.05344306820095,-0.9999999999998941,SL,6,51.41123511177933
2022-08-24 19:20:00,2022-08-24 20:05:00,short,28479.469,28398.317809523818,28490.25842255816,28398.317809523818,8.99118546513209,7.521365489093733,VWAP,9,58.93260060087306
2022-08-24 20:25:00,2022-08-24 20:35:00,long,28366.319,28400.064366218245,28339.363595948722,28400.064366218245,22.462836709399156,1.251896137562962,VWAP,2,60.18449673843602
2022-08-24 20:55:00,2022-08-24 21:05:00,short,28459.519,28489.33401816066,28489.33401816066,28400.696278020394,24.845848467217397,-1.000000000000023,SL,2,59.184496738435996
2022-08-25 01:05:00,2022-08-25 02:05:00,short,28520.469,28487.71876190477,28536.550464558597,28487.71876190477,13.401220465497838,2.0365208638738763,VWAP,12,61.22101760230987
2022-08-25 02:20:00,2022-08-25 02:25:00,short,28588.469,28612.605543389513,28612.605543389513,28502.3301494253,20.113786157925862,-1.0000000000000253,SL,1,60.22101760230984
2022-08-25 02:45:00,2022-08-25 03:45:00,short,28618.469,28603.519,28645.043525682606,28516.383509803934,22.145438068837827,0.5625688367332325,TIMEOUT,12,60.78358643904308
2022-08-25 05:30:00,2022-08-25 05:45:00,long,28528.419,28508.407908065485,28508.407908065485,28554.983129353233,16.675909945432355,-0.99999999999991,SL,3,59.78358643904317
2022-08-25 05:50:00,2022-08-25 06:50:00,long,28493.369,28523.269,28472.37389158835,28552.711347417844,17.495923676371476,1.424141252989017,TIMEOUT,12,61.207727692032186
2022-08-25 09:35:00,2022-08-25 09:45:00,long,28483.469,28464.04521909231,28464.04521909231,28535.444660919555,16.186484089743807,-0.9999999999999323,SL,2,60.20772769203226
2022-08-25 10:25:00,2022-08-25 10:40:00,short,28605.419,28632.872977794817,28632.872977794817,28535.723074074085,22.878314829013014,-1.000000000000004,SL,3,59.20772769203225
2022-08-25 13:30:00,2022-08-25 14:30:00,short,28583.419,28598.369,28604.88471746469,28543.582578732112,17.88809788723965,-0.6964593671090079,TIMEOUT,12,58.51126832492324
2022-08-25 15:25:00,2022-08-25 15:40:00,short,28628.999,28645.95649449685,28645.95649449685,28549.90045161291,14.1312454140437,-0.9999999999999577,SL,3,57.511268324923286
2022-08-25 15:45:00,2022-08-25 15:55:00,short,28668.999,28686.164963148807,28686.164963148807,28551.911315789475,14.304969290673396,-0.9999999999999578,SL,2,56.51126832492333
2022-08-25 16:05:00,2022-08-25 18:50:00,short,28688.319,28665.269,28705.695851767312,28554.628123711347,14.480709806094321,1.3264773336766096,TIMEOUT,12,57.837745658599935
2022-08-25 19:10:00,2022-08-25 19:50:00,short,28678.469,28689.620564739755,28689.620564739755,28563.315063492068,9.292970616462311,-0.9999999999999007,SL,8,56.837745658600035
2022-08-26 04:05:00,2022-08-26 05:05:00,long,28609.319,28614.269,28587.975385418173,28647.12433333334,17.786345484855048,0.23191948022785322,TIMEOUT,12,57.06966513882789
2022-08-26 05:30:00,2022-08-26 06:30:00,long,28589.519,28614.319,28570.219757685423,28637.92551741294,16.082701928813968,1.2850245411586845,TIMEOUT,12,58.35468967998657
2022-08-29 08:30:00,2022-08-29 08:35:00,short,27993.519,28013.79067908879,28013.79067908879,27935.970391585764,16.893065907324893,-0.9999999999999977,SL,1,57.35468967998657
2022-08-29 09:50:00,2022-08-29 10:00:00,short,28063.269,28090.573301985143,28090.573301985143,27946.527935574235,22.753584987619348,-0.9999999999999905,SL,2,56.35468967998658
2022-08-29 12:05:00,2022-08-29 13:05:00,short,28133.519,28143.269,28172.056430936813,27967.008063926947,32.11452578067675,-0.25300077776296476,TIMEOUT,12,56.101688902223614
2022-08-29 19:35:00,2022-08-29 19:45:00,short,28061.999,28079.259374727782,28079.259374727782,28006.084908372828,14.383645606486859,-0.9999999999999067,SL,2,55.10168890222371
2022-08-29 20:35:00,2022-08-29 20:50:00,long,27944.999,28008.568177877438,27908.07263417424,28008.568177877438,30.771971521465172,1.7215118914598142,VWAP,3,56.82320079368352
2022-08-29 21:10:00,2022-08-29 21:20:00,short,28094.269,28132.826120223246,28132.826120223246,28008.944884057983,32.130933519373045,-0.9999999999999539,SL,2,55.82320079368356
2022-08-29 21:25:00,2022-08-29 22:25:00,short,28171.369,28166.999,28210.94382840032,28010.556224606593,32.97902366693234,0.11042372580354075,TIMEOUT,12,55.933624519487104
2022-08-29 23:45:00,2022-08-30 00:35:00,short,28196.469,28220.74471198328,28220.74471198328,28025.284415070262,20.22975998606491,-1.000000000000029,SL,10,54.933624519487076
2022-08-31 05:00:00,2022-08-31 05:30:00,long,27974.519,27941.62391137292,27941.62391137292,28053.656923497267,27.4125738558995,-1.000000000000004,SL,6,53.93362451948707
2022-08-31 07:45:00,2022-08-31 08:45:00,long,27964.419,27979.999,27937.09644025175,28026.62889361702,22.76879979021115,0.5702247572537223,TIMEOUT,12,54.50384927674079
2022-08-31 11:00:00,2022-08-31 12:00:00,long,27949.369,27969.469,27905.73204343521,28019.509250626572,36.36413047065655,0.46061874113882534,TIMEOUT,12,54.96446801787961
2022-08-31 12:25:00,2022-08-31 12:45:00,long,27929.519,27896.89396876942,27896.89396876942,28011.09253333334,27.187526025485734,-0.9999999999999717,SL,4,53.96446801787964
2022-08-31 13:30:00,2022-08-31 13:50:00,long,27869.999,27841.477250523734,27841.477250523734,28003.16034969325,23.76812456355516,-0.9999999999999772,SL,4,52.96446801787966
2022-08-31 14:45:00,2022-08-31 15:45:00,long,27814.319,27899.999,27786.6598485382,27991.05491760299,23.049292884833235,3.0977089126661435,TIMEOUT,12,56.0621769305458
2022-08-31 16:00:00,2022-08-31 18:25:00,long,27849.319,27816.66147378327,27816.66147378327,27981.901314335046,27.21460518060696,-0.9999999999999893,SL,9,55.06217693054582
2022-08-31 18:30:00,2022-08-31 18:35:00,long,27796.519,27768.774222271233,27768.774222271233,27975.25448440064,23.12064810730484,-1.0000000000000457,SL,1,54.062176930545775
2022-08-31 18:40:00,2022-08-31 19:10:00,long,27774.319,27747.19220695836,27747.19220695836,27973.307601626,22.605660868033276,-0.9999999999999936,SL,6,53.06217693054578
2022-08-31 19:15:00,2022-08-31 19:20:00,long,27751.369,27729.31521895911,27729.31521895911,27966.587380503122,18.378150867406948,-1.0000000000000568,SL,1,52.062176930545725
2022-08-31 19:25:00,2022-08-31 19:30:00,long,27726.469,27703.436729612706,27703.436729612706,27964.409809968827,19.19355865608038,-0.9999999999999492,SL,1,51.062176930545775
2022-08-31 20:20:00,2022-08-31 20:40:00,long,27736.519,27698.86218038918,27698.86218038918,27954.180496296267,31.38068300901583,-1.0000000000000293,SL,4,50.062176930545746
2022-08-31 20:45:00,2022-08-31 21:45:00,long,27634.369,27626.419,27592.97819494898,27948.850260869538,34.492337542516495,-0.1920716446611182,TIMEOUT,12,49.87010528588463
2022-09-01 02:10:00,2022-09-01 02:15:00,long,27599.269,27631.23035802469,27574.238989791073,27631.23035802469,20.85834184077327,1.2769214937551714,VWAP,1,51.147026779639795
2022-09-01 04:55:00,2022-09-01 05:05:00,long,27594.269,27631.92988888889,27564.270661843897,27631.92988888889,24.998615130086826,1.2554325073913453,VWAP,2,52.40245928703114
2022-09-01 07:45:00,2022-09-01 08:45:00,short,27714.269,27674.519,27739.97877390559,27630.524035460996,21.42481158799102,1.5461046116534878,TIMEOUT,12,53.94856389868463
2022-09-01 10:15:00,2022-09-01 10:25:00,long,27554.469,27638.173677419367,27515.95188203444,27638.173677419367,32.097598304636385,2.173181220209734,VWAP,2,56.12174511889437
2022-09-01 10:45:00,2022-09-01 11:40:00,long,27564.319,27636.910923076928,27519.331481192166,27636.910923076928,37.48959900652641,1.6136013943558813,VWAP,11,57.73534651325025
2022-09-01 14:30:00,2022-09-01 15:10:00,short,27704.369,27735.471940209634,27735.471940209634,27628.679742857148,25.919116841363138,-0.9999999999999934,SL,8,56.735346513250256
2022-09-01 15:55:00,2022-09-01 18:05:00,short,27769.369,27805.725069397307,27805.725069397307,27636.386690972224,30.296724497757964,-0.9999999999999738,SL,6,55.735346513250285
2022-09-02 01:25:00,2022-09-02 02:15:00,long,27617.419,27648.645481481482,27598.16014267431,27648.645481481482,16.04904777140757,1.621408838198735,VWAP,10,57.35675535144902
2022-09-02 02:35:00,2022-09-02 03:20:00,short,27684.999,27642.306812499995,27705.262735862372,27642.306812499995,16.88644655197796,2.106827082131325,VWAP,9,59.46358243358034
2022-09-02 04:30:00,2022-09-02 05:30:00,short,27727.419,27702.319,27750.18747904786,27657.52421212121,18.97373253988289,1.1024012604110203,TIMEOUT,12,60.56598369399136
2022-09-02 05:55:00,2022-09-02 06:05:00,short,27722.319,27740.41628467339,27740.41628467339,27669.016546296294,15.081070561159269,-0.999999999999903,SL,2,59.56598369399146
2022-09-02 08:30:00,2022-09-02 08:35:00,short,27759.269,27785.591622334356,27785.591622334356,27677.118935275084,21.93551861196272,-1.0000000000000053,SL,1,58.565983693991456
2022-09-02 08:40:00,2022-09-02 09:20:00,short,27812.999,27844.163383543397,27844.163383543397,27679.22880952382,25.9703196194984,-0.9999999999999647,SL,8,57.56598369399149
2022-09-02 10:40:00,2022-09-02 11:40:00,short,27877.519,27879.419,27920.830503823334,27700.91719121447,36.09291985277766,-0.04386825282612027,TIMEOUT,12,57.52211544116537
2022-09-02 13:00:00,2022-09-02 13:05:00,long,27667.419,27628.739152079488,27628.739152079488,27725.227747346074,32.233206600429426,-0.999999999999955,SL,1,56.52211544116541
2022-09-02 13:10:00,2022-09-02 13:25:00,long,27607.999,27565.225906639964,27565.225906639964,27723.947050314466,35.64424446669709,-0.9999999999999882,SL,3,55.522115441165425
2022-09-05 03:50:00,2022-09-05 04:35:00,long,27601.519,27638.54183687943,27573.57372514152,27638.54183687943,23.28772904873424,1.3248335207622592,VWAP,9,56.84694896192769
2022-09-05 05:55:00,2022-09-05 06:55:00,short,27676.519,27651.999,27698.955753059257,27637.102796296283,18.697294216047943,1.0928497512648492,TIMEOUT,12,57.93979871319254
2022-09-05 09:05:00,2022-09-05 09:25:00,short,27681.469,27698.53641945938,27698.53641945938,27642.170030303023,14.222849549480598,-1.0000000000000495,SL,4,56.93979871319249
2022-09-05 12:10:00,2022-09-05 18:05:00,short,27703.419,27653.2554399093,27718.596197029183,27653.2554399093,12.64766419098568,3.3051926514657572,VWAP,12,60.24499136465825
2022-09-05 18:40:00,2022-09-05 19:40:00,short,27733.519,27728.269,27752.450606322385,27657.64181124498,15.776338601986406,0.277314027695193,TIMEOUT,12,60.52230539235344
2022-09-05 20:05:00,2022-09-05 20:10:00,long,27611.269,27581.643970062625,27581.643970062625,27661.223189435346,24.68752494781257,-0.9999999999999998,SL,1,59.52230539235344
2022-09-05 20:30:00,2022-09-05 20:35:00,short,27738.999,27779.621929003795,27779.621929003795,27660.926393617025,33.852440836497024,-0.9999999999999755,SL,1,58.52230539235346
2022-09-05 21:05:00,2022-09-05 21:45:00,short,27806.419,27665.18595726496,27844.89394190024,27665.18595726496,32.06245158353193,3.6707798832093297,VWAP,8,62.19308527556279
2022-09-05 22:10:00,2022-09-05 23:10:00,long,27594.469,27601.369,27555.71018896842,27667.45536217949,32.29900919298316,0.1780240367635595,TIMEOUT,12,62.37110931232635
2022-09-05 23:15:00,2022-09-06 00:15:00,long,27594.419,27626.469,27567.06268489188,27664.349150829566,22.79692925676668,1.1715759185156502,TIMEOUT,12,63.542685230842
2022-09-06 02:10:00,2022-09-06 02:30:00,long,27596.519,27623.41072839506,27577.28258631985,27623.41072839506,16.030344733458797,1.3979595595207066,VWAP,4,64.9406447903627
2022-09-06 03:10:00,2022-09-06 03:15:00,short,27689.519,27712.73597493003,27712.73597493003,27624.768829059834,19.34747910835777,-1.0000000000000342,SL,1,63.94064479036266
2022-09-06 09:50:00,2022-09-06 09:55:00,long,27629.999,27601.108265429277,27601.108265429277,27677.27062464987,24.075612142268852,-1.000000000000013,SL,1,62.94064479036265
2022-09-06 10:10:00,2022-09-06 10:25:00,long,27549.469,27513.11937135375,27513.11937135375,27674.58691327915,30.291357205209756,-0.9999999999999666,SL,3,61.94064479036268
2022-09-06 12:25:00,2022-09-06 13:15:00,long,27591.419,27550.31261946422,27550.31261946422,27670.180488888902,34.255317113149545,-1.0000000000000322,SL,10,60.94064479036265
2022-09-06 14:35:00,2022-09-06 15:05:00,long,27589.999,27556.58236598587,27556.58236598587,27658.18373484849,27.847195011777178,-0.9999999999999512,SL,6,59.9406447903627
2022-09-06 15:35:00,2022-09-06 18:15:00,long,27549.319,27586.369,27514.46329360974,27652.965471631218,29.046421991883665,1.0629536405078286,TIMEOUT,12,61.003598430870525
2022-09-06 18:40:00,2022-09-06 19:45:00,long,27556.469,27571.999,27534.03885146588,27646.264539215685,18.69179044510129,0.6923716967979077,TIMEOUT,12,61.69597012766843
2022-09-06 19:50:00,2022-09-06 20:00:00,long,27551.419,27530.778727056117,27530.778727056117,27641.86313210445,17.200227453236067,-1.0000000000000866,SL,2,60.695970127668346
2022-09-06 20:05:00,2022-09-06 20:15:00,long,27521.519,27490.965626946898,27490.965626946898,27640.258833333326,25.461144210918206,-1.0000000000000182,SL,2,59.695970127668325
2022-09-06 20:20:00,2022-09-06 20:30:00,long,27381.519,27340.697053718053,27340.697053718053,27637.912004484297,34.0182885682898,-0.9999999999999821,SL,2,58.695970127668346
2022-09-07 13:45:00,2022-09-07 14:05:00,short,27677.369,27706.167994707026,27706.167994707026,27528.471730923702,23.99916225585607,-1.0000000000000007,SL,4,57.695970127668346
2022-09-08 07:25:00,2022-09-08 07:35:00,long,27948.469,27929.378064329292,27929.378064329292,27980.82211111113,15.909113058924653,-0.999999999999962,SL,2,56.69597012766838
2022-09-08 07:40:00,2022-09-08 07:50:00,long,27928.519,27909.52017431904,27909.52017431904,27979.262835125468,15.832354734131632,-1.0000000000000693,SL,2,55.69597012766831
2022-09-08 07:55:00,2022-09-08 08:45:00,long,27918.419,27898.722669088536,27898.722669088536,27977.3449027778,16.41360909288923,-0.9999999999999118,SL,10,54.695970127668396
2022-09-08 09:00:00,2022-09-08 09:30:00,long,27858.319,27827.3588427614,27827.3588427614,27970.50958103978,25.800131032165332,-0.9999999999999931,SL,6,53.6959701276684
2022-09-08 09:35:00,2022-09-08 10:20:00,long,27813.319,27962.645063218417,27781.383902166832,27962.645063218417,26.612581527638547,4.675923148835152,VWAP,9,58.371893276503556
2022-09-08 10:40:00,2022-09-08 10:45:00,short,28033.419,28078.012933180078,28078.012933180078,27958.687656330774,37.16161098339607,-1.0000000000000253,SL,1,57.37189327650353
2022-09-08 11:00:00,2022-09-08 12:00:00,short,28108.469,28033.269,28152.470974634427,27962.10411278198,36.66831219535559,1.7090142118568696,TIMEOUT,12,59.080907488360396
2022-09-08 12:10:00,2022-09-08 12:25:00,long,27918.419,27875.98490618897,27875.98490618897,27971.579907029503,35.3617448425274,-0.9999999999999947,SL,3,58.0809074883604
2022-09-08 13:50:00,2022-09-08 14:50:00,short,28050.999,28013.419,28089.39700206879,27973.49133532936,31.998335057325,0.9786967543955427,TIMEOUT,12,59.059604242755945
2022-09-08 15:55:00,2022-09-08 16:15:00,short,28073.469,28106.995008373277,28106.995008373277,27980.466656250002,27.93834031106211,-1.0000000000000302,SL,4,58.05960424275592
2022-09-08 19:10:00,2022-09-08 19:20:00,short,28108.269,28124.54011315302,28124.54011315302,27989.868234449757,13.559260960850454,-0.9999999999999384,SL,2,57.05960424275598
2022-09-08 19:25:00,2022-09-08 19:35:00,short,28133.519,28149.43695029052,28149.43695029052,27991.784062893083,13.264958575433097,-1.0000000000000695,SL,2,56.05960424275591
2022-09-08 19:40:00,2022-09-08 19:50:00,short,28175.369,28194.98964022896,28194.98964022896,27993.92199224806,16.350533524134878,-0.9999999999999483,SL,2,55.05960424275596
2022-09-08 22:20:00,2022-09-08 22:30:00,short,28175.999,28218.868675021225,28218.868675021225,28019.122792172737,35.72472918435522,-0.9999999999999869,SL,2,54.059604242755974
2022-09-09 02:45:00,2022-09-09 03:00:00,long,28190.419,28216.926156862744,28171.44206618117,28216.926156862744,15.814111515692147,1.3968092588508676,VWAP,3,55.45641350160684
2022-09-09 03:15:00,2022-09-09 03:40:00,short,28273.519,28218.342333333334,28295.874732254568,28218.342333333334,18.629776878806936,2.4681216449705468,VWAP,5,57.924535146577384
2022-09-09 04:20:00,2022-09-09 04:25:00,short,28268.369,28292.50566805272,28292.50566805272,28222.592333333338,20.113890043934067,-0.9999999999999959,SL,1,56.92453514657739
2022-09-09 04:30:00,2022-09-09 05:30:00,short,28283.469,28263.999,28308.393473984233,28224.743000000006,20.77039498686152,0.7811599158448468,TIMEOUT,12,57.70569506242224
2022-09-12 01:25:00,2022-09-12 01:45:00,long,28481.319,28497.299,28468.68485404582,28497.299,10.528454961815887,1.264826293597928,VWAP,4,58.970521356020164
2022-09-12 02:15:00,2022-09-12 02:40:00,long,28471.469,28495.928761904765,28455.012046412292,28495.928761904765,13.71412798975825,1.486287348044185,VWAP,5,60.45680870406435
2022-09-12 04:40:00,2022-09-12 05:20:00,short,28566.269,28587.407417987713,28587.407417987713,28509.738590643276,17.615348323094434,-0.9999999999999934,SL,8,59.45680870406436
2022-09-12 07:45:00,2022-09-12 08:10:00,short,28556.999,28528.41314893617,28572.04112768242,28528.41314893617,12.535106402016284,1.9003861466511696,VWAP,5,61.35719485071553
2022-09-12 08:25:00,2022-09-12 08:45:00,long,28506.999,28529.3825620915,28491.180143398928,28529.3825620915,13.182380500894764,1.4149924141787984,VWAP,4,62.77218726489433
2022-09-12 09:55:00,2022-09-12 10:00:00,short,28591.519,28612.59606517576,28612.59606517576,28530.18,17.56422097979931,-1.0000000000000082,SL,1,61.77218726489432
2022-09-12 19:30:00,2022-09-12 20:05:00,short,28578.269,28593.51387540271,28593.51387540271,28543.699679304907,12.704062835592808,-0.9999999999999116,SL,7,60.772187264894406
2022-09-12 20:50:00,2022-09-12 21:50:00,short,28633.419,28611.999,28669.42585522797,28546.3492496329,30.005712689974654,0.5948867198866943,TIMEOUT,12,61.3670739847811
2022-09-13 01:55:00,2022-09-13 02:15:00,short,28616.269,28629.973837470876,28629.973837470876,28587.103861111114,11.420697892395848,-1.0000000000000457,SL,4,60.36707398478106
2022-09-13 08:10:00,2022-09-13 08:30:00,short,28636.999,28651.294948027342,28651.294948027342,28603.87054882155,11.913290022786347,-0.9999999999998934,SL,4,59.367073984781165
2022-09-14 04:20:00,2022-09-14 04:35:00,short,27949.319,27980.746424649158,27980.746424649158,27870.3813899371,26.189520540965983,-0.9999999999999828,SL,3,58.36707398478118
2022-09-14 07:35:00,2022-09-14 07:55:00,long,27866.419,27840.788400209844,27840.788400209844,27909.350123188407,21.358833158464677,-1.0000000000000213,SL,4,57.36707398478116
2022-09-14 08:00:00,2022-09-14 08:40:00,long,27834.999,27906.724326460488,27808.22352298914,27906.724326460488,22.312897509047442,2.6787693243113706,VWAP,8,60.045843309092525
2022-09-14 09:35:00,2022-09-14 09:45:00,long,27859.269,27902.45862643679,27827.708286768022,27902.45862643679,26.30059435998292,1.3684616731990382,VWAP,2,61.41430498229156
2022-09-14 10:25:00,2022-09-14 10:30:00,long,27829.999,27788.53890535205,27788.53890535205,27901.56918518519,34.550078873293714,-0.9999999999999731,SL,1,60.41430498229159
2022-09-14 15:15:00,2022-09-14 15:50:00,long,27834.319,27898.937768115964,27801.914457080784,27898.937768115964,27.00378576601168,1.994126819719753,VWAP,7,62.40843180201134
2022-09-14 18:10:00,2022-09-14 19:10:00,short,27991.469,27959.319,28020.29610926105,27899.257978224476,24.02259105087357,1.115269648054622,TIMEOUT,12,63.523701450065964
2022-09-14 19:55:00,2022-09-14 20:05:00,long,27871.469,27847.855160933384,27847.855160933384,27904.92938051752,19.67819922218089,-0.9999999999999756,SL,2,62.523701450065985
2022-09-14 20:25:00,2022-09-14 21:25:00,long,27819.999,27831.319,27788.790658072518,27903.55815555557,26.00695160623671,0.3627235316218641,TIMEOUT,12,62.88642498168785
2022-09-15 03:25:00,2022-09-15 04:25:00,short,27935.519,27902.999,27953.402770528966,27888.001619047624,14.903142107470893,1.818408480881037,TIMEOUT,12,64.70483346256889
2022-09-15 06:35:00,2022-09-15 06:45:00,long,27845.519,27828.016041720493,27828.016041720493,27894.3419535865,14.585798566254851,-1.000000000000059,SL,2,63.70483346256883
2022-09-15 06:50:00,2022-09-15 07:50:00,long,27835.369,27855.319,27816.59460665449,27892.19806504065,15.645327787923605,1.0626175574814862,TIMEOUT,12,64.76745102005032
2022-09-15 08:20:00,2022-09-15 09:20:00,long,27825.419,27808.016746225996,27808.016746225996,27884.290800000006,14.501878145005417,-0.9999999999999516,SL,12,63.767451020050366
2022-09-15 10:50:00,2022-09-15 11:00:00,long,27795.369,27757.942869340837,27757.942869340837,27874.748128205138,31.18844221596909,-0.9999999999999644,SL,2,62.7674510200504
2022-09-15 23:50:00,2022-09-16 00:50:00,long,27565.419,27582.519,27543.127488476144,27769.14797243108,18.57625960321392,0.7671081425634989,TIMEOUT,12,63.5345591626139
2022-09-16 03:50:00,2022-09-16 04:10:00,long,27535.999,27578.388432624124,27510.8385167959,27578.388432624124,20.96706933675086,1.6847622631196149,VWAP,4,65.21932142573351
2022-09-16 04:30:00,2022-09-16 04:45:00,long,27530.269,27506.37419777853,27506.37419777853,27574.390151515163,19.912335184558472,-1.0000000000000668,SL,3,64.21932142573344
2022-09-16 04:50:00,2022-09-16 05:50:00,long,27495.999,27517.419,27473.02506668452,27570.25250282487,19.14494442956524,0.9323610243775949,TIMEOUT,12,65.15168245011104
2022-09-16 07:30:00,2022-09-16 08:15:00,long,27535.369,27516.543468549415,27516.543468549415,27559.218780219795,15.68794287548669,-1.0000000000000036,SL,9,64.15168245011104
2022-09-16 08:30:00,2022-09-16 08:55:00,long,27490.519,27472.346039240627,27472.346039240627,27555.786022653734,15.144133966144999,-0.9999999999999661,SL,5,63.151682450111075
2022-09-16 09:00:00,2022-09-16 10:00:00,long,27455.419,27437.65661903815,27437.65661903815,27551.705207951083,14.801984134878456,-0.9999999999999138,SL,12,62.15168245011116
2022-09-16 11:05:00,2022-09-16 12:15:00,long,27490.419,27475.469,27454.812410193033,27539.79840298509,29.672158172472976,-0.4198661000968782,TIMEOUT,12,61.731816350014284
2022-09-16 12:20:00,2022-09-16 13:20:00,long,27465.469,27440.469,27435.31594313062,27535.303603174616,25.127547391150937,-0.8291033346402172,TIMEOUT,12,60.90271301537407
2022-09-16 13:55:00,2022-09-16 14:55:00,long,27440.469,27510.319,27416.369235146,27526.31811646587,20.08313737833259,2.898368528621044,TIMEOUT,12,63.80108154399511
2022-09-16 15:30:00,2022-09-16 15:45:00,long,27480.419,27521.87716216216,27450.415862361046,27521.87716216216,25.002614699130795,1.381794219692802,VWAP,3,65.18287576368792
2022-09-18 19:40:00,2022-09-18 19:50:00,long,27515.319,27558.355491228074,27488.083039580164,27558.355491228074,22.696633683195444,1.5801348865499711,VWAP,2,66.76301065023789
2022-09-18 22:25:00,2022-09-18 22:30:00,long,27532.519,27509.570548154934,27509.570548154934,27578.38098717949,19.123709870887794,-1.0000000000000413,SL,1,65.76301065023785
2022-09-19 01:20:00,2022-09-19 01:35:00,short,27587.419,27562.80754166667,27601.297024804688,27562.80754166667,11.56502067057168,1.7734121879521798,VWAP,3,67.53642283819002
2022-09-19 02:00:00,2022-09-19 02:10:00,long,27522.419,27507.068975003713,27507.068975003713,27562.36330555556,12.791687496906274,-1.0000000000000955,SL,2,66.53642283818992
2022-09-19 03:05:00,2022-09-19 04:05:00,long,27452.269,27427.51656623409,27427.51656623409,27544.44773873874,20.627028138257835,-0.9999999999999754,SL,12,65.53642283818995
2022-09-20 03:10:00,2022-09-20 03:20:00,short,27735.369,27753.821077965065,27753.821077965065,27680.496179487185,15.376731637554226,-1.000000000000081,SL,2,64.53642283818986
2022-09-20 03:45:00,2022-09-20 04:05:00,long,27635.519,27612.01172267568,27612.01172267568,27685.36885507247,19.58939777026586,-1.0000000000000049,SL,4,63.53642283818986
2022-09-20 04:10:00,2022-09-20 05:10:00,long,27590.269,27595.369,27563.87765867723,27679.86252941177,21.99278443564316,0.19324519878032898,TIMEOUT,12,63.72966803697019
2022-09-20 05:20:00,2022-09-20 05:45:00,long,27570.319,27548.759983822103,27548.759983822103,27664.297871794886,17.96584681491355,-1.0000000000000069,SL,5,62.72966803697018
2022-09-20 07:40:00,2022-09-20 08:05:00,long,27555.419,27534.65667545296,27534.65667545296,27633.996598566322,17.30193712253653,-0.9999999999999225,SL,5,61.72966803697026
2022-09-20 08:10:00,2022-09-20 08:25:00,long,27517.319,27497.89050618941,27497.89050618941,27628.475700336712,16.190411508822514,-1.0000000000000715,SL,3,60.72966803697019
2022-09-20 18:15:00,2022-09-20 19:25:00,long,27440.269,27415.519,27414.407364067472,27538.31955276382,21.551363277105512,-0.9570160242210938,TIMEOUT,12,59.7726520127491
2022-09-20 19:30:00,2022-09-20 20:05:00,long,27405.269,27386.910734333505,27386.910734333505,27532.170540880503,15.29855472208016,-0.9999999999999266,SL,7,58.77265201274917
2022-09-20 21:20:00,2022-09-20 21:30:00,long,27375.999,27339.836425095273,27339.836425095273,27522.842005698007,30.135479087271428,-1.000000000000038,SL,2,57.772652012749134
2022-09-20 21:35:00,2022-09-20 22:00:00,long,27325.269,27287.670420894432,27287.670420894432,27520.719295358645,31.33214925464133,-0.9999999999999631,SL,5,56.77265201274917
2022-09-21 02:35:00,2022-09-21 03:00:00,long,27270.269,27236.925202090653,27236.925202090653,27337.051187499997,27.78649825778981,-0.999999999999974,SL,5,55.7726520127492
2022-09-21 05:30:00,2022-09-21 05:40:00,short,27365.369,27387.353022332663,27387.353022332663,27322.01233333333,18.320018610552555,-1.0000000000000702,SL,2,54.77265201274913
2022-09-21 05:45:00,2022-09-21 06:45:00,short,27400.999,27375.999,27423.671552866203,27324.854380952376,18.893794055169167,1.1026548332484618,TIMEOUT,12,55.87530684599759
2022-09-21 07:00:00,2022-09-21 07:55:00,short,27405.519,27426.754473365723,27426.754473365723,27335.10923529412,17.69622780476961,-0.9999999999999754,SL,11,54.87530684599761
2022-09-21 11:00:00,2022-09-21 11:25:00,short,27455.319,27482.327860010482,27482.327860010482,27365.379726817035,22.50738334207017,-0.9999999999999462,SL,5,53.87530684599767
2022-09-21 11:30:00,2022-09-21 11:45:00,short,27480.419,27505.557204060166,27505.557204060166,27369.84319664268,20.948503383469518,-1.0000000000000169,SL,3,52.875306845997656
2022-09-21 12:10:00,2022-09-21 12:35:00,short,27520.519,27543.285393164217,27543.285393164217,27376.840473922894,18.971994303513018,-1.0000000000000353,SL,5,51.87530684599762
2022-09-21 14:05:00,2022-09-21 14:10:00,long,27320.519,27393.496411764703,27278.892571794422,27393.496411764703,34.68869017131561,1.753150940654635,VWAP,1,53.628457786652255
2022-09-21 15:45:00,2022-09-21 18:00:00,long,27250.319,27151.826538990455,27151.826538990455,27398.558052631564,82.0770508412852,-1.0000000000000184,SL,7,52.628457786652234
2022-09-22 00:20:00,2022-09-22 01:20:00,short,27192.369,27164.319,27232.301225220726,27123.610333333334,33.2768543506051,0.7024401932262071,TIMEOUT,12,53.33089797987844
2022-09-22 07:10:00,2022-09-22 07:30:00,long,27152.369,27116.34916392913,27116.34916392913,27213.97037931036,30.01653005905678,-0.9999999999999771,SL,4,52.330897979878465
2022-09-22 07:40:00,2022-09-22 08:30:00,long,27089.319,27053.600550557512,27053.600550557512,27208.161939068123,29.765374535406345,-0.999999999999992,SL,10,51.33089797987847
2022-09-22 09:10:00,2022-09-22 09:15:00,long,27067.999,27035.906402400637,27035.906402400637,27190.356717717747,26.743831332802635,-1.0000000000000018,SL,1,50.33089797987847
2022-09-22 09:20:00,2022-09-22 09:40:00,long,27027.999,26995.355464314835,26995.355464314835,27187.668026548698,27.202946404304388,-1.0,SL,4,49.33089797987847
2022-09-22 09:45:00,2022-09-22 10:05:00,long,26972.269,26936.627977525823,26936.627977525823,27180.166824858785,29.700852061814633,-1.0000000000000009,SL,4,48.33089797987847
2022-09-22 13:10:00,2022-09-22 14:10:00,long,26972.319,26982.269,26936.8670233258,27125.933004192895,29.543313895165152,0.2806613603365677,TIMEOUT,12,48.61155934021504
2022-09-22 14:15:00,2022-09-22 15:15:00,long,26967.419,27072.419,26934.479130980915,27116.487197674443,27.44989084923858,3.187626518464904,TIMEOUT,12,51.79918585867994
2022-09-22 16:00:00,2022-09-22 18:40:00,long,27007.419,27067.419,26965.88631194579,27107.173490500896,34.61057337850974,1.4446452375459864,TIMEOUT,12,53.243831096225925
2022-09-22 18:45:00,2022-09-22 19:45:00,long,27037.999,27062.469,27008.95236886453,27103.880245954726,24.20552594622392,0.8424384874747477,TIMEOUT,12,54.08626958370067
2022-09-22 20:10:00,2022-09-22 21:00:00,long,27014.369,26990.116892788916,26990.116892788916,27099.69916442454,20.210089342569237,-0.999999999999999,SL,10,53.08626958370067
2022-09-22 21:10:00,2022-09-22 21:25:00,long,26987.999,26962.270304523776,26962.270304523776,27095.555085106407,21.440579563521435,-0.999999999999931,SL,3,52.08626958370074
2022-09-22 22:50:00,2022-09-22 23:50:00,long,26947.469,26942.419,26925.317036022923,27085.930712418325,18.459969980897224,-0.22797075714032045,TIMEOUT,12,51.85829882656042
2022-09-23 00:15:00,2022-09-23 00:35:00,long,26912.269,26935.95316666667,26894.496362318878,26935.95316666667,14.810531400934597,1.3326196759093032,VWAP,4,53.19091850246973
2022-09-23 03:00:00,2022-09-23 03:05:00,long,26917.369,26896.24878723457,26896.24878723457,26944.711702702705,17.600177304522546,-1.0000000000000795,SL,1,52.19091850246965
2022-09-23 03:10:00,2022-09-23 04:10:00,long,26897.999,26875.86083695226,26875.86083695226,26942.353188034187,18.448469206450532,-1.0000000000000082,SL,12,51.19091850246964
2022-09-25 19:55:00,2022-09-25 20:20:00,short,26704.319,26622.74427777778,26738.51085510036,26622.74427777778,28.493212583633476,2.3857939846428677,VWAP,5,53.57671248711251
2022-09-25 20:50:00,2022-09-25 21:25:00,long,26557.319,26510.551732638334,26510.551732638334,26625.210714285717,38.97272280138717,-1.0000000000000147,SL,7,52.576712487112495
2022-09-25 22:50:00,2022-09-25 23:05:00,long,26549.999,26513.879352155593,26513.879352155593,26598.970525423727,30.099706537005005,-1.000000000000032,SL,3,51.57671248711246
2022-09-26 00:35:00,2022-09-26 01:10:00,long,26449.369,26419.572067027333,26419.572067027333,26487.665666666668,24.83077747722284,-0.9999999999999418,SL,7,50.576712487112516
2022-09-26 09:40:00,2022-09-26 09:55:00,short,26614.999,26646.91514496081,26646.91514496081,26512.14939886039,26.596787467341912,-1.0000000000000198,SL,3,49.576712487112495
2022-09-26 20:15:00,2022-09-26 20:40:00,short,26646.519,26535.285056547615,26682.704743458216,26535.285056547615,30.154786215180966,3.073971482189521,VWAP,5,52.650683969302015
2022-09-26 21:05:00,2022-09-26 22:05:00,short,26649.269,26622.319,26696.026377518752,26537.60331623931,38.96448126562809,0.5763796309831849,TIMEOUT,12,53.2270636002852
2022-09-27 01:25:00,2022-09-27 01:55:00,long,26534.469,26567.988814814817,26514.62208261747,26567.988814814817,16.539097818778394,1.6889179396853908,VWAP,6,54.91598153997059
2022-09-27 03:30:00,2022-09-27 04:30:00,short,26669.419,26612.369,26699.970093623968,26575.899,25.4592446866378,1.867363594318302,TIMEOUT,12,56.783345134288886
2022-09-27 05:10:00,2022-09-27 06:10:00,long,26539.519,26522.999,26512.195892021075,26589.93005820105,22.769256649104815,-0.6046164299003707,TIMEOUT,12,56.17872870438852
2022-09-27 07:45:00,2022-09-27 08:45:00,short,26632.519,26642.999,26658.59061873282,26580.15290070921,21.726348944015417,-0.4019696708285904,TIMEOUT,12,55.77675903355993
2022-09-27 11:25:00,2022-09-27 11:45:00,long,26507.369,26464.282285886242,26464.282285886242,26585.678106280186,35.90559509479737,-1.0000000000000013,SL,4,54.77675903355993
2022-09-27 11:50:00,2022-09-27 11:55:00,long,26454.519,26412.627831217203,26412.627831217203,26581.935503496494,34.90930731899783,-0.9999999999999842,SL,1,53.77675903355994
2022-09-27 12:00:00,2022-09-27 12:15:00,long,26397.319,26353.545553447486,26353.545553447486,26579.579827586196,36.47787212709519,-0.9999999999999866,SL,3,52.776759033559955
2022-09-27 12:20:00,2022-09-27 13:20:00,long,26302.519,26322.419,26257.418030951,26573.381863534665,37.58414087416606,0.4412322045316011,TIMEOUT,12,53.21799123809156
2022-09-27 19:20:00,2022-09-27 19:35:00,long,26432.519,26512.954712050076,26409.20253414826,26512.954712050076,19.430388209786155,3.4497385908105436,VWAP,3,56.6677298289021
2022-09-27 20:30:00,2022-09-27 20:35:00,long,26422.469,26383.014433556855,26383.014433556855,26511.13506461087,32.878805369288685,-0.9999999999999939,SL,1,55.667729828902104
2022-09-27 20:45:00,2022-09-27 21:25:00,long,26377.999,26333.508866444754,26333.508866444754,26509.88730434783,37.075111296037456,-1.0000000000000202,SL,8,54.66772982890208
2022-09-27 21:30:00,2022-09-27 21:40:00,long,26282.999,26237.42079040544,26237.42079040544,26504.316726638775,37.98184132880247,-0.9999999999999677,SL,2,53.66772982890212
2022-09-27 21:45:00,2022-09-27 21:50:00,long,26142.369,26089.712105510473,26089.712105510473,26501.039454545455,43.880745407937034,-1.0000000000000329,SL,1,52.66772982890208
2022-09-28 04:25:00,2022-09-28 05:20:00,short,26185.469,26074.623753086416,26230.61189384382,26074.623753086416,37.61907820318213,2.4554306885393147,VWAP,11,55.1231605174414
2022-09-28 06:15:00,2022-09-28 06:20:00,short,26225.469,26278.485622725068,26278.485622725068,26088.605885964917,44.180518937556904,-0.9999999999999675,SL,1,54.123160517441434
2022-09-28 08:45:00,2022-09-28 09:45:00,short,26345.369,26350.369,26398.66496044368,26131.358088050314,44.413300369734415,-0.09381574059976987,TIMEOUT,12,54.02934477684166
2022-09-28 10:00:00,2022-09-28 10:45:00,short,26410.369,26465.175091273206,26465.175091273206,26154.633132231407,45.67174272767216,-1.0000000000000098,SL,9,53.029344776841654
2022-09-29 02:10:00,2022-09-29 02:20:00,long,26359.419,26314.774173000453,26314.774173000453,26425.23591358025,37.20402249962446,-0.9999999999999916,SL,2,52.02934477684166
2022-09-29 03:05:00,2022-09-29 03:20:00,long,26259.469,26217.74628806411,26217.74628806411,26399.46443859649,34.76892661324282,-0.9999999999999765,SL,3,51.02934477684168
2022-09-29 03:25:00,2022-09-29 03:45:00,long,26199.519,26158.243111005806,26158.243111005806,26382.878444444443,34.39657416182932,-0.9999999999999772,SL,4,50.029344776841704
2022-09-29 06:05:00,2022-09-29 06:55:00,long,26244.419,26321.18098198198,26203.764474964886,26321.18098198198,33.87877086259524,1.888153456858155,VWAP,10,51.91749823369986
2022-09-29 09:45:00,2022-09-29 10:05:00,long,26199.519,26155.617687715876,26155.617687715876,26311.49069491526,36.58442690343636,-1.000000000000015,SL,4,50.917498233699845
2022-09-29 10:10:00,2022-09-29 10:15:00,long,26116.999,26071.39860619476,26071.39860619476,26305.667428184286,38.00032817103305,-0.9999999999999665,SL,1,49.91749823369988
2022-09-29 12:20:00,2022-09-29 13:10:00,long,26159.469,26113.32023685757,26113.32023685757,26279.65081208054,38.45730261869299,-0.9999999999999993,SL,10,48.91749823369988
2022-09-29 13:50:00,2022-09-29 14:00:00,long,26119.269,26083.66508876557,26083.66508876557,26265.977522954105,29.669926028692203,-0.9999999999999732,SL,2,47.91749823369991
2022-09-29 14:20:00,2022-09-29 15:20:00,long,26054.519,26139.269,26020.962299119954,26259.359539499048,27.96391740003975,2.5255760482220424,TIMEOUT,12,50.44307428192195
2022-09-29 18:30:00,2022-09-29 19:30:00,long,26179.319,26219.469,26148.29409537995,26242.08124958952,25.85408718337257,1.2941216255684505,TIMEOUT,12,51.7371959074904
2022-09-29 20:05:00,2022-09-29 20:20:00,long,26176.269,26133.630017040516,26133.630017040516,26238.53782882885,35.5324857995693,-1.000000000000033,SL,3,50.73719590749037
2022-09-29 20:25:00,2022-09-29 20:40:00,long,26134.319,26085.206037268174,26085.206037268174,26237.098277286157,40.92746894318781,-1.0000000000000122,SL,3,49.73719590749035
2022-09-29 20:45:00,2022-09-29 20:55:00,long,26079.469,26030.369006752822,26030.369006752822,26234.837275362337,40.916661039316466,-0.9999999999999772,SL,2,48.737195907490374
2022-09-29 22:20:00,2022-09-29 23:20:00,long,25949.319,25942.419,25894.894154324134,26219.6840468541,45.354038063220685,-0.12678033192949748,TIMEOUT,12,48.61041557556088
2022-09-29 23:50:00,2022-09-29 23:55:00,long,25912.269,25873.62443236348,25873.62443236348,26201.802632958814,32.203806363768216,-1.0000000000000029,SL,1,47.61041557556088
2022-09-30 10:35:00,2022-09-30 11:00:00,short,26132.369,26188.95345672385,26188.95345672385,26022.49324479166,47.153713936543156,-1.0000000000000175,SL,5,46.610415575560864
2022-09-30 11:05:00,2022-09-30 12:05:00,short,26202.519,26082.269,26256.59850146341,26028.716412935315,45.06625121950835,2.2235781903677623,TIMEOUT,12,48.833993765928625
2022-09-30 14:40:00,2022-09-30 14:45:00,long,25997.519,25964.72668023554,25964.72668023554,26044.270544256116,27.326933137050446,-0.9999999999999695,SL,1,47.83399376592865
2022-09-30 14:50:00,2022-09-30 15:50:00,long,25952.269,25918.126479386767,25918.126479386767,26043.385350093104,28.45210051102823,-0.999999999999989,SL,12,46.83399376592867
2022-09-30 15:55:00,2022-10-02 18:00:00,long,25907.469,25863.330236520316,25863.330236520316,26037.45108333333,36.782302899738326,-0.999999999999971,SL,5,45.833993765928696
2022-10-03 01:45:00,2022-10-03 01:55:00,short,26139.469,26175.168752047568,26175.168752047568,26073.963090909096,29.74979337297287,-0.999999999999988,SL,2,44.83399376592871
2022-10-03 05:25:00,2022-10-03 06:25:00,short,26199.319,26204.469,26236.234665728854,26133.937282828294,30.763054774047013,-0.13950716852373538,TIMEOUT,12,44.694486597404975
2022-10-03 07:35:00,2022-10-03 07:40:00,short,26289.469,26316.825144636834,26316.825144636834,26157.898166666673,22.796787197359933,-1.0000000000000415,SL,1,43.69448659740493
2022-10-03 08:25:00,2022-10-03 08:35:00,short,26354.519,26383.326114873384,26383.326114873384,26174.373901960793,24.005929061153303,-0.9999999999999803,SL,2,42.69448659740495
2022-10-03 08:40:00,2022-10-03 08:50:00,short,26379.369,26407.711380239365,26407.711380239365,26179.955857142864,23.61865019947267,-0.9999999999999689,SL,2,41.69448659740498
2022-10-04 09:40:00,2022-10-04 09:50:00,short,27024.519,27048.17677931433,27048.17677931433,26980.333729344733,19.714816095276106,-0.9999999999999302,SL,2,40.69448659740505
2022-10-04 10:15:00,2022-10-04 11:15:00,short,27104.319,27114.519,27133.9732485672,26985.315021505387,24.71187380600043,-0.3439642038774362,TIMEOUT,12,40.35052239352762
2022-10-04 15:50:00,2022-10-04 16:05:00,short,27159.369,27192.506033484962,27192.506033484962,27030.192996509613,27.614194570802223,-1.0000000000000242,SL,3,39.3505223935276
2022-10-04 19:25:00,2022-10-04 19:50:00,short,27156.369,27174.936486918017,27174.936486918017,27043.491492211844,15.472905765014135,-1.0000000000000777,SL,5,38.35052239352752
2022-10-05 01:45:00,2022-10-05 02:00:00,short,27147.469,27111.318393939397,27165.725017358312,27111.318393939397,15.21334779859197,1.9802022177716727,VWAP,3,40.33072461129919
2022-10-05 02:20:00,2022-10-05 03:20:00,long,27082.319,27087.369,27060.44026047095,27111.423252873567,18.232282940873,0.23081768459716673,TIMEOUT,12,40.56154229589636
2022-10-05 03:25:00,2022-10-05 03:40:00,long,27062.999,27102.4263015873,27039.96265114035,27102.4263015873,19.196957383041564,1.7115256340105498,VWAP,3,42.27306792990691
2022-10-05 04:00:00,2022-10-05 04:10:00,long,27052.419,27026.29149528127,27026.29149528127,27100.757639455784,21.772920598940207,-1.000000000000069,SL,2,41.27306792990684
2022-10-05 04:15:00,2022-10-05 04:20:00,long,27017.269,26990.8229913021,26990.8229913021,27096.877205128207,22.038340581585825,-0.999999999999946,SL,1,40.273067929906894
2022-10-05 04:25:00,2022-10-05 05:25:00,long,26952.519,26982.319,26922.53963535742,27092.34140740741,24.982803868816543,0.9940170632460361,TIMEOUT,12,41.26708499315293
2022-10-05 05:40:00,2022-10-05 06:40:00,long,26957.419,26997.319,26930.25783324266,27066.88808212561,22.63430563111736,1.4690090582803872,TIMEOUT,12,42.73609405143331
2022-10-05 07:15:00,2022-10-05 07:55:00,long,26979.469,26957.981605211426,26957.981605211426,27047.88793939394,17.906162323812715,-1.0000000000000033,SL,8,41.73609405143331
2022-10-05 09:10:00,2022-10-05 10:05:00,long,26932.269,26908.51838907623,26908.51838907623,27031.602813813817,19.79217576980737,-1.0000000000000182,SL,11,40.73609405143329
2022-10-05 10:10:00,2022-10-05 10:35:00,long,26892.419,26854.58937985951,26854.58937985951,27023.113281842827,31.524683450408663,-1.0000000000000397,SL,5,39.73609405143325
2022-10-05 12:50:00,2022-10-05 13:20:00,short,27062.369,27097.187141929073,27097.187141929073,27004.147559139794,29.015118274229025,-0.9999999999999776,SL,6,38.73609405143327
2022-10-05 19:45:00,2022-10-05 20:05:00,short,27154.999,27179.532198511606,27179.532198511606,27029.06372477065,20.44433209300397,-1.0000000000000633,SL,4,37.736094051433206
2022-10-05 20:10:00,2022-10-05 20:15:00,short,27234.519,27269.126036039615,27269.126036039615,27032.395322869972,28.839196699678123,-1.000000000000042,SL,1,36.73609405143316
2022-10-05 20:20:00,2022-10-05 20:50:00,short,27312.319,27351.019760666808,27351.019760666808,27034.657607407422,32.25063388900818,-0.9999999999999658,SL,6,35.7360940514332
2022-10-06 12:05:00,2022-10-06 13:05:00,long,27057.419,27092.269,27015.801453958593,27178.82744748858,34.68128836784089,0.8373871915783578,TIMEOUT,12,36.57348124301156
2022-10-06 13:10:00,2022-10-06 14:10:00,long,27072.319,27057.519,27038.677215430536,27171.49254297693,28.034820474552024,-0.4399290997610643,TIMEOUT,12,36.13355214325049
2022-10-06 14:15:00,2022-10-06 14:45:00,long,27057.519,27027.369081785295,27027.369081785295,27164.95324418604,25.124931845586854,-1.0000000000000389,SL,6,35.133552143250455
2022-10-06 14:50:00,2022-10-06 15:50:00,long,27002.419,27052.319,26970.550713809305,27160.28307821229,26.55690515891222,1.565820003667731,TIMEOUT,12,36.699372146918186
2022-10-06 18:00:00,2022-10-06 19:00:00,long,26987.469,27007.469,26954.774975602922,27148.851318104913,27.245020330900154,0.6117325832113267,TIMEOUT,12,37.311104730129514
2022-10-06 19:45:00,2022-10-06 19:55:00,long,26972.319,26946.343334986603,26946.343334986603,27135.867073394496,21.646387511163592,-1.0000000000000187,SL,2,36.31110473012949
2022-10-07 00:35:00,2022-10-07 01:35:00,long,27099.469,27112.519,27074.371413520807,27132.579,20.9146553993297,0.5199703170986949,TIMEOUT,12,36.83107504722819
2022-10-07 02:00:00,2022-10-07 02:25:00,long,27092.469,27072.648926690297,27072.648926690297,27118.591266666666,16.516727758086077,-1.000000000000022,SL,5,35.83107504722817
2022-10-07 05:10:00,2022-10-07 06:10:00,short,27147.419,27142.519,27171.77086448812,27102.91307407407,20.29322040676549,0.2012166256260252,TIMEOUT,12,36.03229167285419
2022-10-07 07:50:00,2022-10-07 08:20:00,short,27147.369,27164.443202937775,27164.443202937775,27114.61833333334,14.228502448148266,-0.9999999999998955,SL,6,35.0322916728543
2022-10-07 08:30:00,2022-10-07 08:35:00,long,27054.269,27019.802548978176,27019.802548978176,27117.036864077672,28.722042518187664,-0.999999999999979,SL,1,34.03229167285432
2022-10-07 08:50:00,2022-10-07 09:50:00,long,26932.999,26883.201950134466,26883.201950134466,27113.26398442368,41.49754155461174,-0.9999999999999994,SL,12,33.03229167285432
2022-10-10 04:35:00,2022-10-10 05:05:00,long,26532.999,26575.889535714286,26500.471015886782,26575.889535714286,27.106653427682666,1.3185734340314126,VWAP,6,34.350865106885735
2022-10-10 05:50:00,2022-10-10 06:50:00,short,26652.999,26617.369,26681.88433222607,26577.342098591555,24.071110188390882,1.2334980162646316,TIMEOUT,12,35.58436312315037
2022-10-10 07:20:00,2022-10-10 08:20:00,short,26657.319,26644.469,26684.89431935355,26589.465816479416,22.979432794623808,0.4659964164057786,TIMEOUT,12,36.05035953955615
2022-10-10 09:00:00,2022-10-10 09:55:00,short,26752.319,26601.36569724772,26782.903148479894,26601.36569724772,25.486790399911996,4.93567126289345,VWAP,11,40.9860308024496
2022-10-10 13:50:00,2022-10-10 14:50:00,short,26729.319,26662.319,26770.8626364583,26606.57233333334,34.619697048584705,1.6127620428040652,TIMEOUT,12,42.59879284525366
2022-10-10 21:55:00,2022-10-10 22:15:00,long,26504.319,26448.98048243214,26448.98048243214,26625.64823497267,46.115431306549794,-0.9999999999999959,SL,4,41.59879284525367
2022-10-11 05:00:00,2022-10-11 06:00:00,long,26330.419,26330.269,26290.60031217948,26400.272005464478,33.1822398504366,-0.003767075416386274,TIMEOUT,12,41.595025769837285
2022-10-11 08:15:00,2022-10-11 08:30:00,short,26475.469,26503.046610252168,26503.046610252168,26393.83723333333,22.98134187680505,-1.000000000000026,SL,3,40.59502576983726
2022-10-11 08:35:00,2022-10-11 09:35:00,short,26527.319,26400.519,26555.248878967413,26397.844576923068,23.274899139510325,4.539940905148393,TIMEOUT,12,45.13496667498565
2022-10-11 10:00:00,2022-10-11 10:05:00,long,26335.469,26295.943017225054,26295.943017225054,26404.120487603304,32.93831897912283,-0.9999999999999872,SL,1,44.13496667498566
2022-10-11 11:45:00,2022-10-11 12:40:00,short,26535.519,26584.27059843597,26584.27059843597,26406.214610328643,40.626332029975856,-0.9999999999999926,SL,11,43.13496667498567
2022-10-11 12:45:00,2022-10-11 13:45:00,short,26605.519,26575.369,26649.76145076991,26417.15114285715,36.86870897492427,0.6814721941332317,TIMEOUT,12,43.816438869118905
2022-10-11 15:00:00,2022-10-11 15:10:00,long,26362.419,26317.419894885305,26317.419894885305,26436.242296500917,37.4992542622477,-0.9999999999999981,SL,2,42.816438869118905
2022-10-11 15:15:00,2022-10-11 16:15:00,long,26295.519,26367.319,26250.837366641037,26434.50769565217,37.23469446580123,1.6069242461029876,TIMEOUT,12,44.42336311522189
2022-10-11 18:35:00,2022-10-11 19:35:00,long,26360.999,26355.999,26330.106730776435,26427.86931045751,25.7435576863025,-0.16185279118913876,TIMEOUT,12,44.26151032403275
2022-10-11 23:30:00,2022-10-12 00:05:00,long,26357.519,26418.2318136882,26321.477704474346,26418.2318136882,30.034412938045673,1.6845347205952117,VWAP,7,45.94604504462796
2022-10-12 09:05:00,2022-10-12 09:40:00,long,26327.369,26414.58751515151,26286.876455208698,26414.58751515151,33.74378732608567,2.1539400796129913,VWAP,7,48.09998512424095
2022-10-12 10:45:00,2022-10-12 11:05:00,long,26352.999,26409.19176923076,26308.44032981849,26409.19176923076,37.13222515125655,1.2610961907494749,VWAP,4,49.36108131499043
2022-10-12 16:05:00,2022-10-12 18:45:00,long,26352.519,26384.369,26323.42885930547,26408.39674914088,24.241783912108733,1.09487266955663,TIMEOUT,12,50.45595398454706
2022-10-12 20:10:00,2022-10-12 20:35:00,long,26359.999,26338.024731691512,26338.024731691512,26405.91003139011,18.31189025707286,-1.000000000000017,SL,5,49.455953984547044
2022-10-12 20:40:00,2022-10-12 21:25:00,long,26322.369,26294.90845999915,26294.90845999915,26404.523861717593,22.88378333404013,-0.9999999999999828,SL,9,48.45595398454706
2022-10-12 22:20:00,2022-10-12 23:20:00,long,26248.999,26271.469,26214.012562860044,26396.43763453813,29.155364283298344,0.6422488780470353,TIMEOUT,12,49.09820286259409
2022-10-13 07:40:00,2022-10-13 08:30:00,short,26426.269,26290.24287096773,26452.099088320552,26290.24287096773,21.525073600460164,5.26618907934739,VWAP,10,54.364391941941484
2022-10-14 08:00:00,2022-10-14 08:50:00,long,26888.999,26994.334017182133,26852.24719646468,26994.334017182133,30.626502946099727,2.866118313919007,VWAP,10,57.230510255860494
2022-10-14 08:55:00,2022-10-14 09:00:00,short,27070.319,27115.261409471208,27115.261409471208,26989.58381481482,37.45200789267328,-1.000000000000013,SL,1,56.23051025586048
2022-10-14 09:05:00,2022-10-14 09:45:00,short,27093.369,26991.463030303035,27139.77097551344,26991.463030303035,38.668312927866296,2.1961558439995317,VWAP,8,58.426666099860014
2022-10-14 10:00:00,2022-10-14 10:15:00,long,26865.519,26801.626319142786,26801.626319142786,26994.68924793389,53.24390071434586,-0.9999999999999861,SL,3,57.42666609986003
2022-10-14 10:20:00,2022-10-14 11:20:00,long,26748.469,26770.269,26676.041892077184,26989.309080000006,60.355923269014,0.3009922752021359,TIMEOUT,12,57.72765837506216
2022-10-14 11:55:00,2022-10-14 12:55:00,long,26698.999,26705.319,26636.19513597824,26961.416708333345,52.33655335146654,0.10063075096478138,TIMEOUT,12,57.828289126026945
2022-10-14 14:15:00,2022-10-14 14:40:00,long,26693.269,26656.100557280224,26656.100557280224,26920.92134496125,30.973702266478817,-1.00000000000004,SL,5,56.8282891260269
2022-10-16 20:00:00,2022-10-16 20:05:00,short,26770.269,26807.57716300883,26807.57716300883,26643.70659999999,31.090135840691183,-1.0000000000000395,SL,1,55.82828912602686
2022-10-16 22:50:00,2022-10-16 23:50:00,short,26766.469,26731.519,26806.45731170708,26685.92318079095,33.323593089231885,0.8740053907755823,TIMEOUT,12,56.70229451680244
2022-10-17 06:10:00,2022-10-17 07:10:00,short,26866.519,26851.519,26894.77194499805,26764.779088888896,23.544120831709975,0.5309181043262656,TIMEOUT,12,57.23321262112871
2022-10-17 07:15:00,2022-10-17 08:05:00,short,26856.269,26880.10810809342,26880.10810809342,26776.877143939408,19.865923411183896,-0.9999999999999626,SL,10,56.23321262112874
2022-10-18 04:45:00,2022-10-18 05:00:00,long,27105.269,27075.966697241078,27075.966697241078,27171.47526436782,24.418585632435242,-1.0000000000000056,SL,3,55.233212621128736
2022-10-18 05:05:00,2022-10-18 06:05:00,long,27045.519,27135.419,27013.364292349605,27166.194430107527,26.79558970866252,2.7958581050540836,TIMEOUT,12,58.02907072618282
2022-10-18 07:40:00,2022-10-18 08:10:00,short,27200.419,27226.59467747334,27226.59467747334,27150.621365591407,21.813064561113244,-1.0000000000000306,SL,6,57.029070726182795
2022-10-18 08:15:00,2022-10-18 08:40:00,short,27255.269,27280.25122121737,27280.25122121737,27155.387366666677,20.818517681141834,-1.0000000000000424,SL,5,56.02907072618275
2022-10-18 10:40:00,2022-10-18 11:10:00,long,27097.519,27056.538308115087,27056.538308115087,27173.184633074943,34.1505765707621,-0.9999999999999762,SL,6,55.02907072618277
2022-10-18 11:25:00,2022-10-18 12:25:00,long,26990.419,27040.269,26942.46915011034,27167.020449275366,39.95820824138412,1.0396278635847682,TIMEOUT,12,56.06869858976754
2022-10-18 14:40:00,2022-10-18 14:45:00,long,27030.519,26986.364573254315,26986.364573254315,27145.396551789094,36.79535562140293,-1.0000000000000282,SL,1,55.068698589767514
2022-10-18 14:50:00,2022-10-18 15:50:00,long,26985.519,27100.519,26940.068478979487,27143.75246368717,37.87543418376065,2.5302240198324255,TIMEOUT,12,57.59892260959994
2022-10-18 18:55:00,2022-10-18 19:10:00,short,27187.999,27213.48018086845,27213.48018086845,27138.8050897436,21.23431739037419,-1.0000000000000335,SL,3,56.5989226095999
2022-10-18 19:15:00,2022-10-18 20:15:00,short,27260.319,27187.999,27287.565116794663,27140.36461320756,22.705097328885792,2.654323203010198,TIMEOUT,12,59.2532458126101
2022-10-19 01:25:00,2022-10-19 02:00:00,long,27270.469,27247.582926301686,27247.582926301686,27300.444740740742,19.071728081929226,-1.0000000000000038,SL,7,58.253245812610096
2022-10-19 02:25:00,2022-10-19 03:05:00,long,27197.419,27168.570212420527,27168.570212420527,27280.823111111113,24.040656316227754,-1.0000000000000397,SL,8,57.253245812610054
2022-10-19 03:35:00,2022-10-19 04:25:00,long,27120.269,27083.246235291947,27083.246235291947,27250.403848484857,30.85230392337669,-1.000000000000046,SL,10,56.25324581261001
2022-10-19 06:40:00,2022-10-19 06:45:00,long,27170.269,27142.571400816636,27142.571400816636,27208.46665432099,23.081332652804054,-0.9999999999999767,SL,1,55.25324581261003
2022-10-19 07:20:00,2022-10-19 07:35:00,long,27122.419,27091.070746576297,27091.070746576297,27204.396715355808,26.123544519754645,-0.9999999999999687,SL,3,54.25324581261006
2022-10-19 10:45:00,2022-10-19 10:55:00,long,27120.269,27079.004648161423,27079.004648161423,27174.02061538462,34.38695986548257,-0.9999999999999634,SL,2,53.253245812610096
2022-10-19 11:30:00,2022-10-19 12:25:00,long,27050.419,27013.040028637235,27013.040028637235,27168.044539568356,31.149142802305093,-1.0000000000000133,SL,11,52.25324581261008
2022-10-19 12:45:00,2022-10-19 13:05:00,long,26970.999,26936.866699895516,26936.866699895516,27155.277549783565,28.443583420402472,-1.0000000000000266,SL,4,51.253245812610054
2022-10-19 18:40:00,2022-10-19 18:55:00,long,27032.469,27006.5608529567,27006.5608529567,27115.41774796749,21.590122536085254,-0.9999999999999551,SL,3,50.253245812610096
2022-10-19 19:30:00,2022-10-19 20:30:00,long,26950.319,27002.369,26925.222292750248,27109.827744186055,20.913922708127338,2.0739772545464885,TIMEOUT,12,52.32722306715659
2022-10-19 20:45:00,2022-10-19 21:35:00,long,26922.419,26881.85655526419,26881.85655526419,27100.75982608697,33.80203727984412,-1.000000000000006,SL,10,51.32722306715658
2022-10-19 23:10:00,2022-10-19 23:30:00,long,26964.319,26932.646534913438,26932.646534913438,27082.643247104268,26.3937209054691,-0.9999999999999621,SL,4,50.327223067156616
2022-10-19 23:35:00,2022-10-20 00:35:00,long,26889.269,26934.519,26859.09892404321,27079.879580808098,25.14172996399263,1.4998304964430962,TIMEOUT,12,51.82705356359971
2022-10-20 01:15:00,2022-10-20 02:15:00,short,27064.419,27006.519,27108.9285660688,26949.930875,37.09130505733327,1.3008439558926161,TIMEOUT,12,53.12789751949233
2022-10-20 06:40:00,2022-10-20 06:55:00,short,27064.369,27086.373694454407,27086.373694454407,26994.396860082306,18.33724537867316,-1.0000000000000235,SL,3,52.12789751949231
2022-10-20 07:00:00,2022-10-20 07:15:00,short,27089.319,27114.55647205103,27114.55647205103,26998.324019607848,21.031226709190967,-1.0000000000000584,SL,3,51.12789751949225
2022-10-20 09:45:00,2022-10-20 09:55:00,short,27129.519,27171.353525972205,27171.353525972205,27021.21498870057,34.86210497683651,-1.0000000000000182,SL,2,50.12789751949223
2022-10-20 18:35:00,2022-10-20 19:10:00,long,26981.999,26950.763827665607,26950.763827665607,27058.674506535954,26.029310278660287,-1.0000000000000115,SL,7,49.127897519492215
2022-10-20 23:40:00,2022-10-20 23:50:00,long,26943.419,26916.85858504974,26916.85858504974,27031.506974842767,22.13367912521799,-0.9999999999999957,SL,2,48.12789751949222
2022-10-21 02:00:00,2022-10-21 02:10:00,long,26881.999,26906.446200000006,26864.91960572923,26906.446200000006,14.232828558977564,1.4313856576190749,VWAP,2,49.5592831771113
2022-10-21 04:00:00,2022-10-21 04:10:00,long,26846.369,26818.011000266364,26818.011000266364,26899.324170068026,23.63166644469621,-0.9999999999999715,SL,2,48.559283177111325
2022-10-21 04:15:00,2022-10-21 05:15:00,long,26821.269,26821.269,26793.310538843005,26895.331499999997,23.29871763082989,0.0,TIMEOUT,12,48.559283177111325
2022-10-21 05:25:00,2022-10-21 06:25:00,long,26796.419,26821.369,26770.337350744972,26879.055464646462,21.73470771252323,0.9566112846635788,TIMEOUT,12,49.515894461774906
2022-10-21 08:15:00,2022-10-21 08:20:00,long,26821.369,26797.834046181226,26797.834046181226,26869.492000000017,19.61246151564376,-1.0000000000000173,SL,1,48.51589446177489
2022-10-21 09:05:00,2022-10-21 09:10:00,short,26941.999,26976.956073916186,26976.956073916186,26866.12121212123,29.13089493015472,-1.0000000000000195,SL,1,47.51589446177487
2022-10-21 13:45:00,2022-10-21 14:00:00,short,27046.319,27083.94165709842,27083.94165709842,26900.351028112465,31.352214248684188,-1.0000000000000198,SL,3,46.51589446177485
2022-10-21 14:05:00,2022-10-21 15:05:00,short,27091.519,27036.519,27125.559833230633,26904.41509803923,28.367361025527718,1.6157066317197442,TIMEOUT,12,48.131601093494595
2022-10-21 15:25:00,2022-10-21 16:00:00,short,27081.999,27112.520512187937,27112.520512187937,26917.231544802886,25.434593489946426,-1.0000000000000533,SL,7,47.13160109349454
2022-10-24 10:25:00,2022-10-24 10:40:00,long,26939.469,27016.582915343934,26887.616619174132,27016.582915343934,43.21031735489154,1.4871817670802001,VWAP,3,48.61878286057474
2022-10-24 14:15:00,2022-10-24 14:50:00,short,27099.519,27125.94508338647,27125.94508338647,27029.673496124047,22.021736155389828,-1.0000000000000169,SL,7,47.618782860574726
2022-10-24 14:55:00,2022-10-24 15:05:00,short,27119.999,27143.39771016218,27143.39771016218,27032.88979629631,19.49892513515003,-0.9999999999999454,SL,2,46.61878286057478
2022-10-24 15:10:00,2022-10-24 15:20:00,short,27139.419,27162.60592500959,27162.60592500959,27034.600256830618,19.322437507990145,-0.9999999999999868,SL,2,45.6187828605748
2022-10-24 15:25:00,2022-10-24 18:05:00,short,27159.369,27146.419,27181.64556350075,27036.56692114697,18.563802917294026,0.5813284441094089,TIMEOUT,12,46.20011130468421
2022-10-24 18:45:00,2022-10-24 19:15:00,short,27184.319,27203.16089062791,27203.16089062791,27047.815165048552,15.701575523258835,-1.0000000000000318,SL,6,45.20011130468418
2022-10-24 20:50:00,2022-10-24 21:35:00,short,27206.469,27242.714319161278,27242.714319161278,27061.313747474764,30.204432634396873,-1.0000000000000127,SL,9,44.200111304684164
2022-10-24 23:00:00,2022-10-24 23:15:00,short,27220.519,27256.284938924404,27256.284938924404,27075.142644617394,29.804949103668704,-1.0000000000000324,SL,3,43.20011130468413
2022-10-24 23:20:00,2022-10-24 23:30:00,short,27287.319,27320.96372578144,27320.96372578144,27077.768859514697,28.037271484534557,-0.9999999999999497,SL,2,42.20011130468418
2022-10-25 01:50:00,2022-10-25 02:50:00,long,27245.519,27265.519,27223.356879193114,27281.17885507247,18.468434005737553,0.9024407083723972,TIMEOUT,12,43.102552013056574
2022-10-25 02:55:00,2022-10-25 03:30:00,long,27240.419,27219.273354915476,27219.273354915476,27273.170944444446,17.621370903772068,-0.9999999999999447,SL,7,42.10255201305663
2022-10-25 05:35:00,2022-10-25 06:35:00,long,27175.369,27195.419,27152.240476369352,27251.381794117657,19.27376969220612,0.8668949354568781,TIMEOUT,12,42.96944694851351
2022-10-25 08:05:00,2022-10-25 09:05:00,long,27200.269,27238.815360544224,27180.111711332152,27238.815360544224,16.79774055654062,1.912279036103992,VWAP,12,44.881725984617496
2022-10-25 09:15:00,2022-10-25 09:30:00,short,27275.269,27295.58607372313,27295.58607372313,27236.394565476196,16.93089476927428,-1.0000000000000577,SL,3,43.88172598461744
2022-10-25 09:35:00,2022-10-25 09:45:00,short,27305.369,27328.64700818946,27328.64700818946,27238.09299425288,19.398340157883162,-1.0000000000000002,SL,2,42.88172598461744
2022-10-25 09:50:00,2022-10-25 09:55:00,short,27385.269,27414.17833527414,27414.17833527414,27240.555526610653,24.091112728451023,-0.9999999999999636,SL,1,41.881725984617475
2022-10-25 21:50:00,2022-10-25 22:20:00,short,27545.319,27576.505706640193,27576.505706640193,27364.664294924554,25.9889222001627,-0.9999999999999517,SL,6,40.881725984617525
2022-10-26 01:10:00,2022-10-26 01:15:00,long,27500.319,27482.13573751885,27482.13573751885,27533.452333333335,15.152718734291092,-1.0000000000000626,SL,1,39.88172598461746
2022-10-26 01:35:00,2022-10-26 01:55:00,long,27455.319,27435.51841422396,27435.51841422396,27519.513166666664,16.50048814670056,-0.9999999999999636,SL,4,38.881725984617496
2022-10-26 02:00:00,2022-10-26 02:45:00,long,27432.469,27412.65002657646,27412.65002657646,27505.7558,16.51581118628558,-0.9999999999999674,SL,9,37.88172598461753
2022-10-26 08:35:00,2022-10-26 08:45:00,long,27435.469,27416.7233046392,27416.7233046392,27466.35839102565,15.621412800667617,-1.0000000000000255,SL,2,36.8817259846175
2022-10-26 10:45:00,2022-10-26 11:15:00,short,27585.269,27623.773551343722,27623.773551343722,27468.840820512818,32.087126119769586,-0.9999999999999529,SL,6,35.88172598461755
2022-10-26 19:30:00,2022-10-26 19:35:00,long,27445.369,27476.791232558142,27427.707468895806,27476.791232558142,14.717942586829006,1.7791341176915305,VWAP,1,37.66086010230909
2022-10-26 19:50:00,2022-10-26 20:00:00,long,27400.269,27376.805295661525,27376.805295661525,27476.121846270926,19.553086948730332,-0.9999999999999621,SL,2,36.66086010230912
2022-10-27 09:55:00,2022-10-27 10:15:00,long,27214.519,27307.63458333333,27171.26721524419,27307.63458333333,36.043153963177645,2.1528726238473586,VWAP,4,38.81373272615648
2022-10-27 11:30:00,2022-10-27 11:45:00,long,27249.999,27206.55429282408,27206.55429282408,27307.251086330925,36.2039226465989,-1.0000000000000417,SL,3,37.81373272615644
2022-10-28 01:10:00,2022-10-28 01:40:00,long,27149.419,27124.068465116827,27124.068465116827,27189.82922222222,21.125445735979973,-0.9999999999999614,SL,6,36.81373272615647
2022-10-28 09:40:00,2022-10-28 10:40:00,short,27314.269,27301.269,27353.25264511584,27133.917774928777,32.4863709298663,0.33347317731245024,TIMEOUT,12,37.14720590346892
2022-10-31 03:05:00,2022-10-31 03:30:00,long,27488.319,27468.096703680796,27468.096703680796,27534.663561403515,16.851913599336534,-0.9999999999999809,SL,5,36.147205903468944
2022-10-31 04:00:00,2022-10-31 05:00:00,long,27463.319,27495.419,27442.882753154347,27521.204374149664,17.030205704710212,1.5707385138984733,TIMEOUT,12,37.71794441736742
2022-10-31 05:20:00,2022-10-31 05:50:00,long,27493.999,27514.635666666672,27478.696465008914,27514.635666666672,12.752112492572609,1.3485783027905105,VWAP,6,39.06652272015793
2022-10-31 10:50:00,2022-10-31 11:45:00,short,27578.469,27519.716353689568,27604.140843779227,27519.716353689568,21.393203149355212,2.288602517828347,VWAP,11,41.35512523798627
2022-10-31 13:40:00,2022-10-31 14:05:00,short,27563.469,27524.768050505052,27584.429499150123,27524.768050505052,17.467082625102208,1.8463753757849999,VWAP,5,43.20150061377127
2022-10-31 17:15:00,2022-10-31 18:05:00,short,27565.469,27584.913469090265,27584.913469090265,27526.39382269502,16.203724241886896,-0.9999999999999724,SL,10,42.2015006137713
2022-10-31 18:10:00,2022-10-31 18:35:00,short,27600.519,27615.32619953774,27615.32619953774,27528.898162479043,12.339332948116999,-0.9999999999999398,SL,5,41.20150061377136
2022-10-31 18:45:00,2022-10-31 18:50:00,short,27650.319,27667.82115184184,27667.82115184184,27531.602689320374,14.58512653486596,-1.0000000000000373,SL,1,40.20150061377132
2022-10-31 20:30:00,2022-10-31 21:30:00,short,27630.469,27642.999,27667.00577056738,27536.996694566802,30.447308806148033,-0.34294218688245043,TIMEOUT,12,39.85855842688887
2022-10-31 22:10:00,2022-10-31 22:40:00,short,27642.469,27664.242625443254,27664.242625443254,27544.45013360322,18.144687869378703,-0.9999999999999323,SL,6,38.85855842688894
2022-11-01 01:05:00,2022-11-01 01:15:00,short,27697.369,27715.249786086104,27715.249786086104,27648.232333333337,14.90065507175545,-0.9999999999999261,SL,2,37.85855842688901
2022-11-01 03:05:00,2022-11-01 03:10:00,short,27727.269,27750.894714834983,27750.894714834983,27661.42017117118,19.68809569582067,-0.9999999999999333,SL,1,36.858558426889076
2022-11-01 09:10:00,2022-11-01 09:15:00,long,27634.519,27604.926527617296,27604.926527617296,27703.35984848486,24.660393652253457,-1.0000000000000195,SL,1,35.858558426889054
2022-11-01 15:10:00,2022-11-01 17:50:00,long,27572.369,27589.269,27551.440198691707,27655.550318681304,17.440667756909356,0.8074996628357446,TIMEOUT,12,36.6660580897248
2022-11-01 18:45:00,2022-11-01 18:50:00,long,27587.469,27571.103135409237,27571.103135409237,27648.92244715445,13.638220492303612,-0.9999999999999505,SL,1,35.66605808972485
2022-11-01 18:55:00,2022-11-01 19:05:00,long,27569.419,27648.22176972623,27551.206800429394,27648.22176972623,15.17683297550683,4.326922150216586,VWAP,2,39.99298023994144
2022-11-01 23:10:00,2022-11-01 23:20:00,long,27623.419,27649.5289870801,27603.984193509135,27649.5289870801,16.195672075723085,1.3434652458395264,VWAP,2,41.33644548578096
2022-11-02 02:15:00,2022-11-02 02:45:00,long,27623.419,27646.199952380954,27608.893293291665,27646.199952380954,12.10475559027937,1.568319727113835,VWAP,6,42.9047652128948
2022-11-02 03:25:00,2022-11-02 04:25:00,short,27675.999,27644.619,27693.725343735343,27644.619,14.771953112785756,1.7702466153488472,VWAP,12,44.67501182824365
2022-11-02 05:50:00,2022-11-02 06:30:00,long,27618.419,27646.692990610332,27601.098687247708,27646.692990610332,14.43359396024414,1.6324180177743948,VWAP,8,46.30742984601804
2022-11-02 06:50:00,2022-11-02 07:05:00,short,27673.369,27688.28423475616,27688.28423475616,27645.874220883536,12.42936229680252,-0.9999999999998794,SL,3,45.30742984601816
2022-11-02 07:50:00,2022-11-02 08:35:00,long,27613.319,27588.894573323443,27588.894573323443,27646.619421052634,20.353688897130322,-0.9999999999999973,SL,9,44.30742984601816
2022-11-02 09:20:00,2022-11-02 10:20:00,long,27558.419,27555.519,27532.34856134792,27639.198321533917,21.725365543399697,-0.11123710033049723,TIMEOUT,12,44.19619274568766
2022-11-02 14:15:00,2022-11-02 14:25:00,long,27478.469,27402.642615289078,27402.642615289078,27620.360182170523,63.188653925767944,-1.0000000000000175,SL,2,43.19619274568765
2022-11-03 00:25:00,2022-11-03 00:35:00,short,27393.319,27406.983816657674,27406.983816657674,27369.680666666667,11.387347214728171,-1.0000000000000315,SL,2,42.19619274568762
2022-11-03 01:10:00,2022-11-03 01:15:00,long,27343.419,27327.909203737338,27327.909203737338,27379.897666666664,12.924830218886296,-1.0000000000000395,SL,1,41.196192745687576
2022-11-03 01:20:00,2022-11-03 02:20:00,long,27333.999,27340.419,27318.060389957194,27374.693117647053,13.28217503567236,0.40279547480987954,TIMEOUT,12,41.59898822049745
2022-11-03 02:25:00,2022-11-03 03:10:00,long,27308.519,27364.100888888883,27291.132191538243,27364.100888888883,14.489007051463286,3.1967850230328674,VWAP,9,44.79577324353032
2022-11-03 05:45:00,2022-11-03 06:45:00,long,27303.519,27281.60537226043,27281.60537226043,27351.079952380947,18.261356449641895,-0.9999999999999909,SL,12,43.79577324353033
2022-11-03 06:50:00,2022-11-03 07:40:00,long,27278.419,27260.776475047966,27260.776475047966,27342.94249397589,14.702104126696238,-1.0000000000000397,SL,10,42.795773243530284
2022-11-03 15:00:00,2022-11-03 17:40:00,long,27260.269,27255.319,27234.438826892463,27326.69038121546,21.525144256281813,-0.19163634635325533,TIMEOUT,12,42.60413689717703
2022-11-03 17:55:00,2022-11-03 18:50:00,long,27245.369,27228.018581337754,27228.018581337754,27321.804799319714,14.458682218538705,-0.9999999999999122,SL,11,41.60413689717711
2022-11-04 01:35:00,2022-11-04 02:35:00,short,27228.319,27218.269,27253.976845853907,27176.518833333343,21.381538211589262,0.3916930539384655,TIMEOUT,12,41.99582995111558
2022-11-04 04:20:00,2022-11-04 05:20:00,short,27298.319,27298.419,27324.291946527912,27204.28849685535,21.644122106594555,-0.0038501600076337695,TIMEOUT,12,41.991979791107944
2022-11-04 13:35:00,2022-11-04 13:45:00,short,27415.419,27450.183748617535,27450.183748617535,27308.717130081295,28.970623847943717,-1.0000000000000375,SL,2,40.99197979110791
2022-11-04 14:10:00,2022-11-04 14:50:00,short,27483.999,27517.055294569658,27517.055294569658,27314.342664717347,27.546912141382716,-0.9999999999999725,SL,8,39.99197979110794
2022-11-06 20:45:00,2022-11-06 21:45:00,short,27545.319,27553.269,27587.565934575352,27415.381450980396,35.205778812794826,-0.18817933371759082,TIMEOUT,12,39.803800457390345
2022-11-07 02:25:00,2022-11-07 02:40:00,long,27518.419,27502.840409262622,27502.840409262622,27544.49022222222,12.982158947816906,-0.9999999999999349,SL,3,38.80380045739041
2022-11-07 03:40:00,2022-11-07 04:05:00,short,27588.419,27609.721012406637,27609.721012406637,27538.052925925924,17.751677005530684,-0.9999999999999233,SL,5,37.80380045739049
2022-11-07 05:25:00,2022-11-07 06:10:00,short,27595.519,27614.457903045633,27614.457903045633,27553.355818181823,15.782419204694873,-0.9999999999999657,SL,9,36.80380045739052
2022-11-07 11:05:00,2022-11-07 12:00:00,short,27633.319,27577.52646268657,27661.086438651077,27577.52646268657,23.139532209230985,2.0092792142089375,VWAP,11,38.81307967159946
2022-11-07 14:00:00,2022-11-07 14:10:00,short,27648.319,27668.12316542421,27668.12316542421,27585.798506903357,16.50347118684381,-0.9999999999999475,SL,2,37.81307967159951
2022-11-07 14:15:00,2022-11-07 14:35:00,short,27683.319,27703.714214080537,27703.714214080537,27587.201344961242,16.996011733781348,-1.000000000000004,SL,4,36.8130796715995
2022-11-07 14:40:00,2022-11-07 15:40:00,short,27713.519,27703.419,27732.123815124658,27590.287210922786,15.504012603882982,0.5428702157116087,TIMEOUT,12,37.35594988731111
2022-11-07 18:45:00,2022-11-07 18:50:00,short,27680.519,27698.91030558171,27698.91030558171,27602.017025889963,15.326087984759114,-0.999999999999959,SL,1,36.355949887311155
2022-11-07 18:55:00,2022-11-07 19:05:00,short,27708.269,27728.05313593525,27728.05313593525,27602.90775,16.48677994604235,-0.9999999999999409,SL,2,35.35594988731121
2022-11-07 19:10:00,2022-11-07 19:25:00,short,27735.269,27757.603057816963,27757.603057816963,27604.637941548182,18.61171484746892,-1.0000000000000016,SL,3,34.35594988731121
2022-11-07 19:30:00,2022-11-07 19:35:00,short,27843.999,27872.009383624278,27872.009383624278,27607.76258139535,23.341986353565204,-0.9999999999999875,SL,1,33.355949887311226
2022-11-07 19:40:00,2022-11-07 20:25:00,short,27883.519,27913.330708329097,27913.330708329097,27610.244099846394,24.84309027424761,-0.9999999999999718,SL,9,32.355949887311255
2022-11-08 04:35:00,2022-11-08 05:10:00,short,27887.319,27905.388892069466,27905.388892069466,27856.256023809525,15.058243391221241,-1.0000000000000688,SL,7,31.355949887311187
2022-11-08 06:50:00,2022-11-08 07:50:00,short,27912.369,27912.269,27925.743685651858,27868.192413654615,11.145571376547808,0.007476811238898733,TIMEOUT,12,31.363426698550086
2022-11-08 07:55:00,2022-11-08 08:00:00,short,27912.419,27924.896950613274,27924.896950613274,27873.045006944452,10.398292177728539,-0.9999999999998758,SL,1,30.36342669855021
2022-11-08 10:45:00,2022-11-08 10:50:00,short,27937.369,27958.854016529822,27958.854016529822,27882.616666666676,17.904180441519497,-0.9999999999999837,SL,1,29.363426698550228
2022-11-08 10:55:00,2022-11-08 11:25:00,short,27952.999,27974.862121395614,27974.862121395614,27883.67644949496,18.2192678296775,-1.0000000000000524,SL,6,28.363426698550175
2022-11-08 11:35:00,2022-11-08 12:35:00,short,27997.319,27982.369,28019.18430520566,27888.076285714294,18.221087671384332,0.6837315948432308,TIMEOUT,12,29.047158293393405
2022-11-08 19:50:00,2022-11-08 20:25:00,long,27842.419,27806.603555427242,27806.603555427242,27894.945971080666,29.8462038106318,-1.00000000000004,SL,7,28.047158293393366
2022-11-08 21:55:00,2022-11-08 22:15:00,long,27776.319,27748.338949988964,27748.338949988964,27886.236267759567,23.31670834252943,-1.0000000000000218,SL,4,27.047158293393345
2022-11-08 22:40:00,2022-11-08 23:05:00,long,27746.469,27720.28288609337,27720.28288609337,27882.0385256917,21.821761588858273,-1.0000000000000548,SL,5,26.04715829339329
2022-11-09 07:25:00,2022-11-09 07:45:00,long,27651.369,27677.491555555556,27633.749529232708,27677.491555555556,14.682892306077017,1.4825959247339942,VWAP,4,27.529754218127287
2022-11-09 09:45:00,2022-11-09 10:15:00,short,27739.519,27765.660983974863,27765.660983974863,27678.438180790967,21.784986645718128,-1.0000000000000573,SL,6,26.52975421812723
2022-11-09 10:20:00,2022-11-09 10:35:00,short,27764.469,27681.998386666673,27793.71536419319,27681.998386666673,24.37197016099205,2.8198586596459547,VWAP,3,29.349612877773186
2022-11-09 13:10:00,2022-11-09 13:30:00,long,27624.469,27597.878915533885,27597.878915533885,27679.906987421386,22.158403721763374,-0.9999999999999798,SL,4,28.349612877773207
2022-11-09 13:35:00,2022-11-09 14:35:00,long,27569.469,27554.269,27542.358273160593,27677.749447154467,22.59227236617316,-0.5606636845274916,TIMEOUT,12,27.788949193245717
2022-11-09 14:40:00,2022-11-09 14:50:00,long,27549.269,27524.54695071395,27524.54695071395,27669.949847457625,20.60170773837418,-1.0000000000000642,SL,2,26.788949193245653
2022-11-09 16:00:00,2022-11-09 18:30:00,long,27529.269,27505.456221776145,27505.456221776145,27659.525891191708,19.843981853211652,-1.0000000000000544,SL,9,25.7889491932456
2022-11-10 01:05:00,2022-11-10 01:30:00,long,27415.269,27398.595476978182,27398.595476978182,27441.64233333333,13.89460251818095,-1.0000000000000668,SL,5,24.788949193245532
2022-11-10 01:35:00,2022-11-10 02:35:00,long,27375.519,27395.469,27355.089886098238,27433.845999999998,17.024261584801234,0.9765474947144213,TIMEOUT,12,25.765496687959953
2022-11-10 05:25:00,2022-11-10 06:00:00,long,27390.369,27419.55268686868,27373.798365141905,27419.55268686868,13.808862381745321,1.7611689062368632,VWAP,7,27.526665594196817
2022-11-10 07:30:00,2022-11-10 08:00:00,long,27385.269,27414.678084249088,27369.026075674985,27414.678084249088,13.535770270846779,1.8105781730321855,VWAP,6,29.337243767229005
2022-11-10 08:30:00,2022-11-10 08:35:00,short,27642.519,27679.4287927606,27679.4287927606,27415.264889967642,30.75816063383229,-0.9999999999999816,SL,1,28.337243767229022
2022-11-10 08:40:00,2022-11-10 09:25:00,short,27780.419,27825.188239676234,27825.188239676234,27421.744047619053,37.307699730192205,-1.0000000000000357,SL,9,27.337243767228987
2022-11-11 13:45:00,2022-11-11 14:45:00,long,28074.419,28132.999,28048.686824097163,28133.49397991968,21.443479919031233,2.276527263811317,TIMEOUT,12,29.613771031040304
2022-11-11 15:10:00,2022-11-11 15:50:00,long,28082.319,28131.078617486346,28061.342230101687,28131.078617486346,17.48064158192725,2.324457851361977,VWAP,8,31.93822888240228
2022-11-11 16:10:00,2022-11-13 18:00:00,long,28092.999,28072.23756242542,28072.23756242542,28129.53787179487,17.301197978816276,-1.0000000000000109,SL,2,30.93822888240227
2022-11-13 18:55:00,2022-11-13 19:05:00,short,28154.469,28183.820667831114,28183.820667831114,28083.15427777778,24.459723192593376,-1.0000000000000475,SL,2,29.938228882402225
2022-11-13 21:20:00,2022-11-13 22:10:00,long,28062.999,28028.516977754418,28028.516977754418,28111.256317073174,28.735018537984388,-1.0000000000000187,SL,10,28.938228882402207
2022-11-14 00:55:00,2022-11-14 01:00:00,long,27999.999,27983.084594531825,27983.084594531825,28026.009000000002,14.095337890145426,-1.000000000000009,SL,1,27.938228882402196
2022-11-14 01:05:00,2022-11-14 02:05:00,long,27954.469,27974.999,27933.662027938157,28016.999952380953,17.339143384870237,0.98668849744104,TIMEOUT,12,28.924917379843237
2022-11-14 03:15:00,2022-11-14 03:45:00,short,28027.319,28045.278724068048,28045.278724068048,27996.45641666667,14.966436723374931,-0.9999999999999307,SL,6,27.924917379843308
2022-11-14 06:35:00,2022-11-14 07:20:00,short,28047.999,28061.372620607453,28061.372620607453,28013.627583333342,11.144683839544031,-1.0000000000000593,SL,8,26.924917379843247
2022-11-14 07:25:00,2022-11-14 08:15:00,short,28062.419,28074.508825401026,28074.508825401026,28017.309973782776,10.074854500854375,-0.9999999999999319,SL,10,25.924917379843315
2022-11-14 08:20:00,2022-11-14 09:20:00,short,28092.319,28072.269,28105.23021685956,28022.48370000001,10.759347382967167,1.5529132705375086,TIMEOUT,12,27.477830650380824
2022-11-14 13:20:00,2022-11-14 14:20:00,short,28122.469,28107.999,28145.184759597076,28046.304208333353,18.929799664230025,0.6370026913765957,TIMEOUT,12,28.114833341757418
2022-11-14 15:50:00,2022-11-14 15:55:00,long,28022.269,27998.937323534985,27998.937323534985,28054.772210526324,19.443063720845974,-1.000000000000007,SL,1,27.11483334175741
2022-11-14 16:00:00,2022-11-14 18:40:00,long,27977.269,27992.519,27950.58689121129,28053.969225694455,22.23509065726014,0.5715440305247348,TIMEOUT,12,27.686377372282145
2022-11-14 18:50:00,2022-11-14 18:55:00,long,27962.319,27941.20761904177,27941.20761904177,28050.22044012946,17.592817465193477,-0.9999999999999524,SL,1,26.68637737228219
2022-11-15 01:30:00,2022-11-15 02:10:00,short,28038.519,28053.661930401875,28053.661930401875,28006.640754385968,12.619108668230433,-0.9999999999998841,SL,8,25.68637737228231
2022-11-15 04:40:00,2022-11-15 05:05:00,long,28001.999,28027.00350292398,27986.409171001695,28027.00350292398,12.991524165254251,1.6038984729530614,VWAP,5,27.29027584523537
2022-11-15 07:25:00,2022-11-15 07:40:00,short,28061.269,28074.339226000302,28074.339226000302,28027.858555555562,10.891855000250791,-1.000000000000063,SL,3,26.290275845235307
2022-11-15 07:45:00,2022-11-15 08:10:00,short,28071.369,28083.512324677075,28083.512324677075,28029.678893617023,10.119437230897512,-0.9999999999998938,SL,5,25.290275845235413
2022-11-15 08:35:00,2022-11-15 09:35:00,short,28166.369,28143.269,28186.821225657448,28035.9175897436,17.043521381208663,1.1294614281543296,TIMEOUT,12,26.419737273389742
2022-11-16 02:05:00,2022-11-16 03:00:00,short,28076.419,28095.027127653626,28095.027127653626,28044.069769230766,15.50677304468702,-0.9999999999999908,SL,11,25.419737273389753
2022-11-16 03:05:00,2022-11-16 04:05:00,short,28104.469,28089.419,28123.77287538299,28053.236719298246,16.086562819158527,0.7796361974684474,TIMEOUT,12,26.199373470858202
2022-11-16 06:10:00,2022-11-16 07:10:00,long,28034.369,28029.419,28017.198750672604,28067.314555555557,14.308541106162872,-0.2882893489554211,TIMEOUT,12,25.911084121902782
2022-11-16 09:25:00,2022-11-16 09:50:00,long,27974.419,27950.675414858866,27950.675414858866,28056.00756725146,19.78632095094592,-1.000000000000019,SL,5,24.911084121902764
2022-11-16 14:00:00,2022-11-16 15:00:00,long,27901.369,27949.469,27878.063131798957,28019.011130177525,19.421556834202306,2.0638578912863697,TIMEOUT,12,26.974942013189136
2022-11-16 18:30:00,2022-11-16 18:35:00,long,27949.269,27929.654844693083,27929.654844693083,28006.87183828384,16.34512942243201,-0.9999999999999477,SL,1,25.97494201318919
2022-11-16 18:40:00,2022-11-16 19:40:00,long,27921.369,27934.319,27901.026080373114,28006.089457516347,16.952433022403067,0.6365851233510738,TIMEOUT,12,26.611527136540264
2022-11-16 21:15:00,2022-11-16 22:15:00,long,27930.269,27925.419,27897.00823954708,28000.59037588653,27.717300377432917,-0.14581747181829186,TIMEOUT,12,26.465709664721974
2022-11-16 23:50:00,2022-11-17 00:50:00,long,27930.369,27930.519,27914.66661054799,27993.0103836478,13.085324543341025,0.009552686262170223,TIMEOUT,12,26.475262350984146
2022-11-17 01:10:00,2022-11-17 01:30:00,short,27975.419,27991.645752759166,27991.645752759166,27940.157,13.522293965970537,-1.0000000000000102,SL,4,25.475262350984135
2022-11-17 04:30:00,2022-11-17 04:35:00,long,27960.519,27944.79677412546,27944.79677412546,27983.583,13.101854895448751,-1.0000000000000133,SL,1,24.47526235098412
2022-11-17 04:50:00,2022-11-17 05:50:00,long,27925.269,27907.87146654512,27907.87146654512,27980.167870056495,14.497944545733848,-1.0000000000000417,SL,12,23.475262350984078
2022-11-17 05:55:00,2022-11-17 06:40:00,long,27875.469,27856.844716771564,27856.844716771564,27971.50446296296,15.52023602369821,-0.9999999999999533,SL,9,22.475262350984124
2022-11-17 12:00:00,2022-11-17 13:00:00,short,27965.269,27982.999,27992.250426153772,27916.43819540231,22.484521794809854,-0.6571187119225359,TIMEOUT,12,21.81814363906159
2022-11-17 15:15:00,2022-11-17 15:40:00,long,27890.369,27923.93941666667,27866.90841279899,27923.93941666667,19.550489334172813,1.4309282363244236,VWAP,5,23.24907187538601
2022-11-17 15:50:00,2022-11-17 18:30:00,short,27970.269,27965.269,27994.587254918995,27923.725143106465,20.265212432494963,0.20560685857827377,TIMEOUT,12,23.454678733964286
2022-11-17 19:20:00,2022-11-17 19:30:00,short,27995.319,27928.25868701097,28022.36788797349,27928.25868701097,22.540739977909237,2.47922624600136,VWAP,2,25.933904979965646
2022-11-17 20:00:00,2022-11-17 21:00:00,short,28035.419,27990.419,28068.750820669517,27929.607853695336,27.776517224595413,1.3500612656648936,TIMEOUT,12,27.28396624563054
2022-11-17 23:30:00,2022-11-18 00:30:00,long,27895.419,27890.319,27872.538506753972,27937.34782129279,19.067077705023607,-0.2228972926922132,TIMEOUT,12,27.061068952938328
2022-11-18 01:45:00,2022-11-18 02:10:00,long,27867.419,27893.015515151517,27848.49418669559,27893.015515151517,15.770677753678564,1.3525372609908475,VWAP,5,28.413606213929175
2022-11-18 04:00:00,2022-11-18 04:05:00,short,27925.519,27942.474403576445,27942.474403576445,27892.037911564636,14.129502980371798,-0.9999999999999287,SL,1,27.413606213929246
2022-11-18 04:30:00,2022-11-18 05:30:00,short,27965.269,27960.519,27983.563477709307,27898.62651515152,15.245398091089138,0.2596411920294138,TIMEOUT,12,27.67324740595866
2022-11-18 07:05:00,2022-11-18 08:05:00,short,27990.469,28005.824801947776,28005.824801947776,27922.162062015508,12.796501623144826,-1.000000000000081,SL,11,26.673247405958577
2022-11-18 08:10:00,2022-11-18 09:10:00,short,28010.269,28000.319,28024.54384768419,27930.970836734694,11.895706403490625,0.697030204463873,TIMEOUT,12,27.37027761042245
2022-11-18 15:05:00,2022-11-18 15:45:00,short,27970.369,27989.19828108453,27989.19828108453,27938.37763720072,15.691067570442925,-0.9999999999999476,SL,8,26.3702776104225
2022-11-18 15:50:00,2022-11-20 18:25:00,short,27995.469,27940.125789473663,28012.92104538973,27940.125789473663,14.543371158107162,3.1711589839727607,VWAP,11,29.54143659439526
2022-11-20 18:30:00,2022-11-20 18:45:00,long,27925.319,27959.68614285714,27905.038197141508,27959.68614285714,16.9006690487429,1.6945652051812305,VWAP,3,31.236001799576492
2022-11-20 20:00:00,2022-11-20 20:30:00,long,27890.469,27860.27489683837,27860.27489683837,27956.404200000004,25.16175263469257,-0.9999999999999561,SL,6,30.236001799576535
2022-11-21 01:00:00,2022-11-21 01:05:00,short,27944.419,27958.79944828148,27958.79944828148,27905.0431025641,11.983706901230303,-1.0000000000000848,SL,1,29.23600179957645
2022-11-21 05:55:00,2022-11-21 06:55:00,short,27964.999,27954.999,27978.773695158347,27940.583259259252,11.478912631954843,0.7259688788060911,TIMEOUT,12,29.961970678382542
2022-11-21 07:25:00,2022-11-21 08:10:00,short,27969.419,27980.090263159193,27980.090263159193,27944.40366666666,8.892719299326725,-0.9999999999998864,SL,9,28.961970678382656
2022-11-21 08:15:00,2022-11-21 08:25:00,short,27989.999,28000.33488723844,28000.33488723844,27947.731466666657,8.613239365366445,-1.000000000000171,SL,2,27.961970678382485
2022-11-21 09:30:00,2022-11-21 09:50:00,short,27999.999,28011.098834121818,28011.098834121818,27953.82157971013,9.249861768180796,-1.000000000000119,SL,4,26.961970678382364
2022-11-21 09:55:00,2022-11-21 10:55:00,short,28059.519,27979.999,28078.219516657107,27956.37413888888,15.583763880922595,4.252288931802264,TIMEOUT,12,31.214259610184627
2022-11-21 11:15:00,2022-11-21 11:55:00,short,28014.469,28035.195487755045,28035.195487755045,27962.482259803906,17.2720731292041,-0.9999999999999662,SL,8,30.214259610184662
2022-11-21 19:05:00,2022-11-21 19:25:00,short,28151.319,28176.063990871047,28176.063990871047,27993.733253968232,20.62082572587368,-0.9999999999999741,SL,4,29.214259610184687
2022-11-21 22:30:00,2022-11-21 23:30:00,short,28159.319,28139.469,28178.710326684904,28020.16557370516,16.159438904087743,1.0236535293611602,TIMEOUT,12,30.237913139545846
2022-11-21 23:35:00,2022-11-22 00:35:00,short,28141.369,28126.269,28156.238385252112,28026.036436868664,12.391154376760213,1.0155093666601671,TIMEOUT,12,31.253422506206014
2022-11-22 01:30:00,2022-11-22 01:55:00,long,28106.369,28090.74143629561,28090.74143629561,28127.10619298246,13.022969753655392,-1.0000000000000522,SL,4,30.25342250620596
2022-11-22 02:00:00,2022-11-22 02:20:00,long,28086.269,28072.818386567924,28072.818386567924,28120.615527777783,11.208844526729962,-1.0000000000000295,SL,4,29.253422506205933
2022-11-22 03:30:00,2022-11-22 03:35:00,long,28079.999,28061.573015981034,28061.573015981034,28108.720825396827,15.354986682472541,-0.9999999999999495,SL,1,28.253422506205983
2022-11-22 03:40:00,2022-11-22 04:05:00,long,28059.369,28106.856727272734,28039.791289289766,28106.856727272734,16.31475892519322,2.4256016433993444,VWAP,5,30.679024149605326
2022-11-22 04:30:00,2022-11-22 04:40:00,short,28144.469,28164.648237858546,28164.648237858546,28105.42177777779,16.816031548787034,-1.0000000000000324,SL,2,29.679024149605294
2022-11-22 04:45:00,2022-11-22 05:45:00,short,28169.269,28129.269,28189.812965588637,28108.351339181292,17.119971323864814,1.94704375975604,TIMEOUT,12,31.626067909361332
2022-11-22 06:40:00,2022-11-22 07:15:00,long,28094.269,28114.556166666665,28078.25986813831,28114.556166666665,13.340943218075164,1.2672246591467131,VWAP,7,32.893292568508045
2022-11-22 08:20:00,2022-11-22 08:50:00,short,28144.319,28156.18153163769,28156.18153163769,28115.707466666667,9.885443031408368,-0.9999999999999327,SL,6,31.893292568508112
2022-11-22 08:55:00,2022-11-22 09:00:00,short,28166.999,28179.356550953,28179.356550953,28117.86772274143,10.297959127502606,-0.9999999999999023,SL,1,30.89329256850821
2022-11-22 10:05:00,2022-11-22 10:15:00,short,28199.269,28218.662830445544,28218.662830445544,28122.79192011019,16.161525371288008,-0.9999999999999251,SL,2,29.893292568508283
2022-11-22 10:20:00,2022-11-22 10:35:00,short,28234.369,28255.537346023637,28255.537346023637,28125.061876344083,17.640288353031952,-0.9999999999999909,SL,3,28.893292568508294
2022-11-23 03:30:00,2022-11-23 03:35:00,long,28344.319,28334.07439150404,28334.07439150404,28369.426286821697,8.537173746631774,-1.00000000000011,SL,1,27.893292568508183
2022-11-23 08:45:00,2022-11-23 09:35:00,long,28339.419,28374.44868553458,28326.7532362293,28374.44868553458,10.55480314225353,2.765698632055661,VWAP,10,30.658991200563843
2022-11-23 11:55:00,2022-11-23 12:55:00,long,28334.999,28315.571273010883,28315.571273010883,28375.801847222217,16.18977249093225,-0.9999999999999237,SL,12,29.658991200563918
2022-11-23 13:00:00,2022-11-23 14:00:00,long,28299.419,28331.519,28279.828561164893,28373.07156900212,16.32536569592243,1.6385544127002383,TIMEOUT,12,31.297545613264155
2022-11-23 19:00:00,2022-11-23 19:05:00,short,28414.469,28436.27942912845,28436.27942912845,28368.92879266347,18.175357607041267,-1.0000000000000577,SL,1,30.2975456132641
2022-11-23 19:10:00,2022-11-23 19:15:00,short,28464.319,28489.696829197488,28489.696829197488,28369.638210110577,21.148190997907975,-0.9999999999999623,SL,1,29.297545613264138
2022-11-24 00:45:00,2022-11-24 01:00:00,long,28399.469,28387.965953134382,28387.965953134382,28416.563000000002,9.585872388017002,-0.9999999999998496,SL,3,28.297545613264287
2022-11-24 01:10:00,2022-11-24 01:15:00,long,28386.319,28372.649368856957,28372.649368856957,28410.339666666663,11.391359285870134,-0.9999999999998677,SL,1,27.29754561326442
2022-11-24 01:20:00,2022-11-24 02:20:00,long,28364.469,28384.369,28349.785777228702,28405.80939215686,12.236018976081914,1.3552882980769658,TIMEOUT,12,28.652833911341386
2022-11-24 03:00:00,2022-11-24 03:20:00,long,28369.369,28357.262617761942,28357.262617761942,28388.589450450443,10.088651865045946,-1.0000000000001161,SL,4,27.65283391134127
2022-11-24 07:55:00,2022-11-24 08:10:00,long,28379.519,28371.67239389767,28371.67239389767,28389.37342105263,6.538838418610424,-0.9999999999999176,SL,3,26.65283391134135
2022-11-24 08:15:00,2022-11-24 08:35:00,long,28359.269,28350.52765241335,28350.52765241335,28388.643915824923,7.2844563222075545,-0.9999999999999665,SL,4,25.652833911341382
2022-11-24 08:40:00,2022-11-24 09:20:00,long,28344.999,28334.935931982414,28334.935931982414,28387.276339743596,8.385890014654143,-1.000000000000049,SL,8,24.652833911341332
2022-11-24 19:05:00,2022-11-24 19:10:00,long,28354.269,28338.461913139967,28338.461913139967,28381.781015968063,13.172572383360087,-1.0000000000000853,SL,1,23.652833911341247
2022-11-24 19:15:00,2022-11-24 19:20:00,long,28296.419,28276.126052656404,28276.126052656404,28381.128013806705,16.910789452999254,-0.9999999999999415,SL,1,22.652833911341304
2022-11-24 20:25:00,2022-11-24 21:15:00,long,28334.419,28312.304140454387,28312.304140454387,28377.426905282337,18.429049621346756,-0.9999999999999187,SL,10,21.652833911341386
2022-11-24 21:20:00,2022-11-24 21:30:00,long,28301.519,28280.09487591966,28280.09487591966,28374.58767697594,17.853436733616014,-0.9999999999999674,SL,2,20.652833911341418
2022-11-24 21:35:00,2022-11-24 22:35:00,long,28266.319,28269.319,28244.332734473577,28373.203602368863,18.321887938686107,0.13644882057821817,TIMEOUT,12,20.789282731919634
2022-11-25 01:10:00,2022-11-25 01:15:00,short,28314.369,28327.61385870471,28327.61385870471,28289.105000000003,11.037382253925056,-1.0000000000000764,SL,1,19.789282731919556
2022-11-25 01:20:00,2022-11-25 02:25:00,short,28329.419,28342.85114857702,28342.85114857702,28293.59096078432,11.193457147517119,-0.9999999999999364,SL,12,18.78928273191962
2022-11-25 05:05:00,2022-11-25 05:25:00,long,28299.469,28317.2702568306,28285.359259016168,28317.2702568306,11.758117486528755,1.2616288882265931,VWAP,4,20.050911620146213
2022-11-25 05:35:00,2022-11-25 05:45:00,short,28339.319,28351.909011003125,28351.909011003125,28317.462134328358,10.491675835938981,-0.9999999999998791,SL,2,19.050911620146334
2022-11-25 05:50:00,2022-11-25 05:55:00,short,28359.999,28373.235324407386,28373.235324407386,28318.828,11.030270339488903,-0.9999999999999362,SL,1,18.050911620146397
2022-11-25 07:20:00,2022-11-25 07:30:00,short,28369.269,28380.93726888412,28380.93726888412,28327.029454545467,9.723557403435278,-0.9999999999998912,SL,2,17.050911620146508
2022-11-25 11:20:00,2022-11-25 11:50:00,short,28369.519,28382.85863541457,28382.85863541457,28335.72424509805,11.116362845476026,-0.9999999999998916,SL,6,16.050911620146614
2022-11-27 18:40:00,2022-11-27 18:50:00,long,28246.419,28229.763964289185,28229.763964289185,28268.064185185187,13.879196425680007,-1.00000000000007,SL,2,15.050911620146545
2022-11-28 03:20:00,2022-11-28 03:35:00,short,28190.469,28156.231601626016,28206.0085590182,28156.231601626016,12.949632515164474,2.2032413103803106,VWAP,3,17.254152930526857
2022-11-28 04:30:00,2022-11-28 04:55:00,long,28100.369,28079.37664670018,28079.37664670018,28153.14093939394,17.49362774984958,-0.9999999999999386,SL,5,16.254152930526917
2022-11-28 05:00:00,2022-11-28 06:00:00,long,28070.519,28115.999,28049.80378917177,28147.282169398906,17.262675690191905,2.1954881549175598,TIMEOUT,12,18.449641085444476
2022-11-28 06:30:00,2022-11-28 07:00:00,long,28115.369,28138.699464135025,28100.331135873967,28138.699464135025,12.531553438361426,1.5514479941759833,VWAP,6,20.00108907962046
2022-11-28 08:35:00,2022-11-28 09:30:00,short,28170.469,28182.775421961956,28182.775421961956,28139.681524271837,10.25535163496205,-1.000000000000084,SL,11,19.001089079620375
2022-11-28 09:35:00,2022-11-28 09:45:00,short,28225.419,28243.141038355097,28243.141038355097,28143.044710144928,14.768365295911842,-1.0000000000000853,SL,2,18.00108907962029
2022-11-28 10:15:00,2022-11-28 11:15:00,short,28285.419,28250.419,28307.609761405478,28149.970056910566,18.492301171228732,1.57723294665164,TIMEOUT,12,19.57832202627193
2022-11-28 14:10:00,2022-11-28 14:30:00,long,28137.469,28117.243861368104,28117.243861368104,28172.172549019608,16.85428219324765,-0.9999999999999762,SL,4,18.578322026271955
2022-11-29 02:05:00,2022-11-29 03:05:00,short,28105.319,28075.269,28123.106641406903,28045.23553846154,14.823034505752352,1.6893751854215937,TIMEOUT,12,20.267697211693548
2022-11-29 04:30:00,2022-11-29 04:35:00,long,28035.999,28018.00210116554,28018.00210116554,28062.028575757577,14.997415695383795,-0.9999999999999132,SL,1,19.267697211693633
2022-11-29 04:40:00,2022-11-29 05:40:00,long,28010.519,28030.469,27992.06114335192,28060.472918128657,15.381547206733956,1.0808405537202574,TIMEOUT,12,20.34853776541389
2022-11-29 06:10:00,2022-11-29 07:10:00,long,28020.269,28050.319,28004.822011211683,28052.34593333333,12.872490656931475,1.9453629708545819,TIMEOUT,12,22.293900736268473
2022-11-29 08:10:00,2022-11-29 08:15:00,long,28020.319,28008.329520985513,28008.329520985513,28049.455531986532,9.991232512070635,-1.0000000000001266,SL,1,21.293900736268345
2022-11-29 11:05:00,2022-11-29 11:10:00,long,27977.469,27952.281405145262,27952.281405145262,28040.905641791043,20.989662378948342,-1.000000000000022,SL,1,20.293900736268323
2022-11-29 11:15:00,2022-11-29 11:20:00,long,27940.269,27912.748451375253,27912.748451375253,28039.588142156863,22.933790520623845,-0.999999999999937,SL,1,19.293900736268387
2022-11-29 11:25:00,2022-11-29 12:25:00,long,27910.999,27935.999,27882.304914706212,28037.768275362316,23.91173774482375,0.8712596949522496,TIMEOUT,12,20.165160431220638
2022-11-29 14:30:00,2022-11-29 15:30:00,long,27970.319,27985.319,27950.50632536181,28020.024257142846,16.51056219848992,0.7570911183837985,TIMEOUT,12,20.922251549604436
2022-11-29 18:05:00,2022-11-29 18:30:00,long,27972.369,27953.699766871385,27953.699766871385,28015.47211447811,15.557694273845675,-0.9999999999999564,SL,5,19.92225154960448
2022-11-29 18:35:00,2022-11-29 18:50:00,long,27935.419,27919.1348323227,27919.1348323227,28013.89764379085,13.570139731086753,-0.9999999999998905,SL,3,18.92225154960459
2022-11-29 18:55:00,2022-11-29 19:00:00,long,27910.519,27892.35071790318,27892.35071790318,28012.184849358975,15.140235080684327,-0.9999999999999286,SL,1,17.92225154960466
2022-11-29 19:15:00,2022-11-29 20:15:00,long,27850.419,27840.469,27821.209568592065,28009.784204402516,24.34119283994786,-0.34064339908023317,TIMEOUT,12,17.581608150524428
2022-11-29 20:20:00,2022-11-29 21:20:00,long,27830.319,27841.319,27795.6404678836,28002.18677777777,28.898776763666042,0.3171991237425581,TIMEOUT,12,17.898807274266986
2022-11-29 22:45:00,2022-11-29 23:45:00,long,27894.369,27924.519,27874.08236287076,27986.954971128605,16.905530941034076,1.486199994997872,TIMEOUT,12,19.385007269264857
2022-11-30 00:55:00,2022-11-30 01:00:00,short,27959.419,27976.216647902012,27976.216647902012,27926.981499999998,13.998039918343508,-0.9999999999999158,SL,1,18.385007269264943
2022-11-30 01:05:00,2022-11-30 01:15:00,short,27999.419,28019.4546453849,28019.4546453849,27934.104238095235,16.69637115408207,-0.9999999999999803,SL,2,17.385007269264964
2022-11-30 01:20:00,2022-11-30 02:15:00,short,28039.319,28061.37561111903,28061.37561111903,27949.86782352941,18.3805092658592,-0.9999999999999983,SL,10,16.385007269264964
2022-11-30 12:10:00,2022-11-30 12:20:00,long,28019.419,28000.62357240318,28000.62357240318,28050.28495402298,15.66285633068417,-1.000000000000067,SL,2,15.385007269264896
2022-11-30 12:25:00,2022-11-30 13:25:00,long,27961.999,28009.319,27941.115446636217,28049.026545045035,17.40296113648448,2.265897913813241,TIMEOUT,12,17.650905183078137
2022-11-30 13:40:00,2022-11-30 14:00:00,short,28109.419,28141.001805206386,28141.001805206386,28045.086055214706,26.319004338654157,-0.9999999999999803,SL,4,16.65090518307816
2022-11-30 14:05:00,2022-11-30 14:20:00,short,28184.269,28222.893062506497,28222.893062506497,28047.33780952379,32.18671875541441,-0.999999999999981,SL,3,15.650905183078178
2022-11-30 14:25:00,2022-11-30 15:20:00,short,28261.999,28302.55087196085,28302.55087196085,28051.479310077502,33.79322663404292,-1.0000000000000053,SL,11,14.650905183078173
2022-12-01 00:50:00,2022-12-01 01:00:00,long,28244.519,28227.21508432849,28227.21508432849,28269.186878787878,14.419929726256663,-1.0000000000000846,SL,2,13.650905183078088
2022-12-01 01:25:00,2022-12-01 02:00:00,long,28229.519,28209.959883285996,28209.959883285996,28258.522148148146,16.299263928337215,-0.9999999999999988,SL,7,12.65090518307809
2022-12-01 02:05:00,2022-12-01 02:35:00,long,28194.469,28178.248359667905,28178.248359667905,28247.140410256405,13.517200276746305,-1.0000000000000318,SL,6,11.650905183078057
2022-12-01 03:25:00,2022-12-01 04:25:00,long,28139.999,28179.369,28120.38351170184,28224.797492063495,16.34624024846861,2.0070874301756403,TIMEOUT,12,13.657992613253697
2022-12-01 09:40:00,2022-12-01 09:50:00,long,28164.469,28202.1764074074,28141.579942470464,28202.1764074074,19.074214607948985,1.6473988655381986,VWAP,2,15.305391478791895
2022-12-01 10:05:00,2022-12-01 10:15:00,long,28139.419,28108.440701654603,28108.440701654603,28201.348890710375,25.8152486211646,-1.0000000000000413,SL,2,14.305391478791854
2022-12-02 03:50:00,2022-12-02 04:50:00,long,27685.369,27700.419,27663.536872278786,27741.97410638298,18.193439767676022,0.6893510422889717,TIMEOUT,12,14.994742521080827
2022-12-02 05:35:00,2022-12-02 06:25:00,long,27695.999,27677.1027355328,27677.1027355328,27728.859049019607,15.746887056000144,-0.9999999999999494,SL,10,13.994742521080877
2022-12-02 08:10:00,2022-12-02 08:30:00,short,27760.369,27722.326272727267,27775.185579613928,27722.326272727267,12.34714967827443,2.5675782308737034,VWAP,4,16.56232075195458
2022-12-02 11:35:00,2022-12-02 12:35:00,short,27770.419,27730.519,27805.398546055032,27711.684547619054,29.14962171252513,1.1406666037698259,TIMEOUT,12,17.702987355724407
2022-12-02 13:05:00,2022-12-02 13:35:00,long,27675.419,27715.474864978903,27649.66272082555,27715.474864978903,21.46356597870963,1.555188337088474,VWAP,6,19.25817569281288
2022-12-02 14:10:00,2022-12-02 14:55:00,long,27670.369,27714.20299610136,27649.966479299117,27714.20299610136,17.00210058406669,2.148459827293393,VWAP,9,21.406635520106274
2022-12-02 15:05:00,2022-12-02 15:20:00,short,27760.999,27782.900125294225,27782.900125294225,27713.183395604403,18.250937745189056,-0.9999999999999374,SL,3,20.406635520106338
2022-12-02 16:15:00,2022-12-04 18:10:00,long,27680.469,27658.72541034181,27658.72541034181,27714.488370748302,18.119658048493143,-1.000000000000007,SL,3,19.40663552010633
2022-12-04 18:15:00,2022-12-04 18:30:00,long,27627.999,27656.468166666666,27605.85391357175,27656.468166666666,18.454238690207497,1.2855748727333773,VWAP,3,20.69221039283971
2022-12-04 18:35:00,2022-12-04 18:45:00,short,27727.469,27754.69512800597,27754.69512800597,27654.69483333333,22.6884400049723,-1.0000000000000584,SL,2,19.69221039283965
2022-12-04 18:50:00,2022-12-04 19:25:00,short,27797.419,27827.52483208058,27827.52483208058,27680.95596969697,25.088193400482844,-0.9999999999999761,SL,7,18.692210392839677
2022-12-05 01:05:00,2022-12-05 01:15:00,short,27829.469,27848.519259495468,27848.519259495468,27785.65495238095,15.875216246222543,-0.9999999999999916,SL,2,17.692210392839684
2022-12-05 03:55:00,2022-12-05 04:10:00,short,27862.469,27820.05698611111,27884.931684120627,27820.05698611111,18.7189034338551,1.8881097940537674,VWAP,3,19.580320186893452
2022-12-05 07:15:00,2022-12-05 07:35:00,long,27797.519,27782.363404338757,27782.363404338757,27821.827143939398,12.629663051035982,-0.9999999999999778,SL,4,18.580320186893474
2022-12-05 08:10:00,2022-12-05 08:55:00,long,27777.419,27762.531493102597,27762.531493102597,27818.074892255896,12.406255747836628,-1.0000000000000582,SL,9,17.580320186893417
2022-12-05 10:00:00,2022-12-05 10:50:00,long,27767.369,27814.642608815426,27741.14082304934,27814.642608815426,21.856814125549498,1.802397814547248,VWAP,10,19.382718001440665
2022-12-05 12:00:00,2022-12-05 12:40:00,long,27767.419,27741.172115682934,27741.172115682934,27813.146747126437,21.872403597556616,-1.000000000000009,SL,8,18.382718001440654
2022-12-05 13:20:00,2022-12-05 14:00:00,long,27727.319,27705.65813849462,27705.65813849462,27807.405149068323,18.050717921151744,-0.9999999999999513,SL,8,17.382718001440704
2022-12-05 14:05:00,2022-12-05 14:50:00,long,27649.369,27626.393572638874,27626.393572638874,27802.359568627453,19.146189467605257,-0.9999999999999512,SL,9,16.382718001440754
2022-12-05 19:35:00,2022-12-05 20:35:00,short,27857.269,27837.419,27893.89029546832,27777.43296604938,30.517746223602636,0.5420343476698818,TIMEOUT,12,16.924752349110637
2022-12-06 01:55:00,2022-12-06 02:55:00,long,27840.999,27857.269,27824.926478349546,27882.757750000004,13.39376804204491,1.0122867060839187,TIMEOUT,12,17.937039055194557
2022-12-06 03:35:00,2022-12-06 03:45:00,long,27825.369,27871.85596969698,27805.35570746967,27871.85596969698,16.677743775274223,2.322804687261301,VWAP,2,20.259843742455857
2022-12-06 05:30:00,2022-12-06 06:30:00,long,27785.519,27790.999,27763.44362357184,27863.151338308468,18.396147023468863,0.24824038755726313,TIMEOUT,12,20.50808413001312
2022-12-06 23:30:00,2022-12-06 23:40:00,long,27713.519,27697.109766821446,27697.109766821446,27740.294539440205,13.674360982128272,-1.0000000000000127,SL,2,19.508084130013106
2022-12-07 00:50:00,2022-12-07 01:00:00,long,27688.419,27671.427137164545,27671.427137164545,27713.30021212121,14.159885696215524,-0.9999999999999126,SL,2,18.508084130013195
2022-12-07 01:05:00,2022-12-07 01:10:00,long,27663.419,27644.665633145225,27644.665633145225,27706.240904761897,15.627805712312638,-1.000000000000081,SL,1,17.508084130013113
2022-12-07 02:15:00,2022-12-07 03:15:00,long,27628.419,27678.369,27607.383500033564,27688.67344444444,17.52958330536479,2.374557299788101,TIMEOUT,12,19.882641429801215
2022-12-07 03:45:00,2022-12-07 03:55:00,long,27643.369,27678.291857142856,27619.261499869805,27678.291857142856,20.089583441829063,1.4486303828374276,VWAP,2,21.331271812638644
2022-12-07 11:30:00,2022-12-07 12:30:00,long,27598.469,27598.469,27556.863895744176,27651.948777777776,34.6709202131864,0.0,TIMEOUT,12,21.331271812638644
2022-12-07 13:05:00,2022-12-07 13:20:00,long,27600.269,27647.54897835497,27570.22186638891,27647.54897835497,25.039278009240668,1.5735270780545363,VWAP,3,22.90479889069318
2022-12-07 13:45:00,2022-12-07 14:05:00,long,27603.269,27575.46802451496,27575.46802451496,27646.351489711928,23.167479570865854,-1.0000000000000022,SL,4,21.904798890693176
2022-12-07 19:20:00,2022-12-07 20:05:00,long,27458.519,27420.469606705345,27420.469606705345,27632.706208931402,31.707827745547704,-0.9999999999999568,SL,9,20.90479889069322
2022-12-07 20:45:00,2022-12-07 21:45:00,long,27426.319,27498.999,27389.58034494631,27619.698188790542,30.6155458780753,1.978297787270241,TIMEOUT,12,22.883096677963458
2022-12-08 02:25:00,2022-12-08 02:35:00,short,27596.419,27610.475243700468,27610.475243700468,27553.21444444445,11.713536417054176,-1.0000000000001017,SL,2,21.883096677963355
2022-12-08 05:50:00,2022-12-08 06:45:00,long,27541.369,27573.79796713616,27525.12664773618,27573.79796713616,13.535293553183129,1.9965683916607593,VWAP,11,23.879665069624114
2022-12-08 08:20:00,2022-12-08 08:30:00,short,27611.999,27625.29216001371,27625.29216001371,27575.131607260733,11.077633344757961,-0.9999999999999573,SL,2,22.879665069624156
2022-12-08 08:35:00,2022-12-08 08:40:00,short,27631.999,27647.982265506602,27647.982265506602,27576.36143589744,13.319387922169618,-0.999999999999906,SL,1,21.87966506962425
2022-12-08 10:05:00,2022-12-08 10:30:00,short,27706.269,27734.217655283137,27734.217655283137,27585.04599453553,23.290546069280115,-1.0000000000000222,SL,5,20.879665069624227
2022-12-08 13:05:00,2022-12-08 13:30:00,short,27706.469,27728.864253534408,27728.864253534408,27610.56332489453,18.66271127867352,-0.999999999999943,SL,5,19.879665069624284
2022-12-08 13:35:00,2022-12-08 13:50:00,short,27741.519,27762.965211627008,27762.965211627008,27614.459914634164,17.87184302250534,-1.0000000000000682,SL,3,18.879665069624217
2022-12-08 18:55:00,2022-12-08 19:15:00,short,27751.369,27775.26629990337,27775.26629990337,27637.94597115387,19.91441658614239,-1.000000000000055,SL,4,17.87966506962416
2022-12-08 19:20:00,2022-12-08 19:50:00,short,27863.999,27905.070436761882,27905.070436761882,27641.06730985918,34.22619730156797,-1.0000000000000122,SL,6,16.87966506962415
2022-12-08 21:20:00,2022-12-08 22:20:00,short,27945.999,27928.519,27977.15474548448,27666.5886061885,25.96312123706759,0.5610522145492065,TIMEOUT,12,17.440717284173356
2022-12-09 01:30:00,2022-12-09 02:30:00,long,27888.369,27916.44356140351,27873.415736684394,27916.44356140351,12.461052763004927,1.8774872622092746,VWAP,9,19.31820454638263
2022-12-09 03:05:00,2022-12-09 03:15:00,long,27888.419,27873.30690890857,27873.30690890857,27908.563571428578,12.593409242860885,-0.9999999999999546,SL,2,18.318204546382677
2022-12-09 03:20:00,2022-12-09 03:30:00,long,27870.369,27854.622542227447,27854.622542227447,27905.895403508777,13.122048143792151,-1.00000000000005,SL,2,17.318204546382628
2022-12-09 04:05:00,2022-12-09 05:05:00,long,27843.269,27873.369,27827.15878725241,27896.80467375887,13.425177289656698,1.8683800438641016,TIMEOUT,12,19.186584590246728
2022-12-09 06:05:00,2022-12-09 06:40:00,short,27918.469,27887.861394366195,27933.120388946565,27887.861394366195,12.209490788802574,2.0890582964822593,VWAP,7,21.27564288672899
2022-12-09 07:15:00,2022-12-09 07:30:00,long,27863.519,27887.82703921568,27852.210185206313,27887.82703921568,9.424012328073122,2.1494771697250545,VWAP,3,23.42512005645404
2022-12-09 08:30:00,2022-12-09 09:30:00,long,27785.469,27838.519,27760.670783095888,27888.05143333333,20.6651807534279,2.139266714422497,TIMEOUT,12,25.56438677087654
2022-12-09 15:40:00,2022-12-09 15:50:00,long,27873.319,27853.08903390287,27853.08903390287,27898.791921146963,16.858305080941747,-0.9999999999999638,SL,2,24.564386770876574
2022-12-09 15:55:00,2022-12-09 16:15:00,long,27815.519,27792.78960221742,27792.78960221742,27897.987553791896,18.941164818815356,-1.0000000000000395,SL,4,23.564386770876535
2022-12-12 02:35:00,2022-12-12 03:05:00,long,27824.519,27813.401841096802,27813.401841096802,27841.298777777774,9.264299085997868,-1.0000000000000762,SL,6,22.56438677087646
2022-12-12 03:10:00,2022-12-12 04:10:00,long,27814.469,27819.419,27802.430408916254,27837.958189189183,10.032159236456236,0.41117768396364923,TIMEOUT,12,22.97556445484011
2022-12-12 08:05:00,2022-12-12 08:15:00,short,27864.999,27874.68617142573,27874.68617142573,27835.837070175447,8.072642854775243,-0.9999999999998247,SL,2,21.975564454840285
2022-12-12 08:50:00,2022-12-12 09:50:00,short,27879.269,27869.419,27888.88920163533,27838.931500000006,8.016834696110488,1.023887063221416,TIMEOUT,12,22.9994515180617
2022-12-12 11:05:00,2022-12-12 11:10:00,short,27899.999,27919.32532712683,27919.32532712683,27845.507320610694,16.105272605691688,-0.9999999999999837,SL,1,21.99945151806172
2022-12-12 11:55:00,2022-12-12 12:40:00,short,27919.999,27936.93591152265,27936.93591152265,27850.231836879437,14.114092935542041,-1.0000000000000278,SL,9,20.99945151806169
2022-12-12 13:00:00,2022-12-12 13:40:00,short,27949.319,27964.83778251937,27964.83778251937,27856.763307359317,12.932318766141515,-1.0000000000001148,SL,8,19.999451518061576
2022-12-12 13:45:00,2022-12-12 14:45:00,short,27969.369,27986.580055776696,27986.580055776696,27861.618959100208,14.342546480580392,-1.0000000000000495,SL,12,18.999451518061527
2022-12-13 02:05:00,2022-12-13 02:35:00,short,27992.269,27961.192333333336,28004.237686835782,27961.192333333336,9.973905696484088,2.596497601872167,VWAP,6,21.595949119933692
2022-12-13 04:35:00,2022-12-13 05:35:00,short,28027.419,28029.269,28045.782632123235,27971.046321428566,15.303026769361464,-0.10074259752012325,TIMEOUT,12,21.495206522413568
2022-12-13 05:40:00,2022-12-13 06:25:00,short,28029.419,28046.76667981543,28046.76667981543,27978.44759903381,14.456399846191447,-0.9999999999999996,SL,9,20.495206522413568
2022-12-13 14:45:00,2022-12-13 14:55:00,short,28117.999,28051.001247191005,28154.834835419995,28051.001247191005,30.69652951666177,1.8188199628188464,VWAP,2,22.314026485232414
2022-12-13 15:00:00,2022-12-13 15:35:00,long,27997.369,28051.002388581946,27956.613770255928,28051.002388581946,33.962691453391436,1.3159878847143986,VWAP,7,23.630014369946814
2022-12-13 20:45:00,2022-12-13 21:45:00,short,28149.269,28139.269,28180.115804660185,28051.019318840572,25.7056705501545,0.3241826863482948,TIMEOUT,12,23.954197056295108
2022-12-13 22:45:00,2022-12-13 23:45:00,short,28189.469,28174.419,28207.332240216547,28060.924433070857,14.886033513788384,0.8425123223758147,TIMEOUT,12,24.796709378670922
2022-12-14 01:15:00,2022-12-14 01:30:00,long,28139.469,28124.3315973454,28124.3315973454,28167.673791666668,12.614502212165174,-1.000000000000119,SL,3,23.796709378670805
2022-12-14 02:00:00,2022-12-14 02:20:00,long,28127.999,28114.787746485537,28114.787746485537,28156.45508695652,11.009377928719505,-0.999999999999927,SL,4,22.79670937867088
2022-12-14 02:25:00,2022-12-14 03:05:00,long,28112.419,28099.8687977793,28099.8687977793,28149.937095238096,10.458501850583218,-1.0000000000000235,SL,8,21.796709378670855
2022-12-14 03:40:00,2022-12-14 04:40:00,long,28082.319,28082.469,28065.990878859775,28133.976364341084,13.6067676168539,0.009186605042507123,TIMEOUT,12,21.805895983713363
2022-12-14 04:50:00,2022-12-14 05:50:00,long,28072.469,28067.999,28056.016009587314,28121.364087719292,13.710825343904865,-0.2716831340614309,TIMEOUT,12,21.534212849651933
2022-12-14 13:05:00,2022-12-14 13:40:00,short,28137.419,28153.19626855782,28153.19626855782,28104.215346153833,13.14772379817946,-1.0000000000000773,SL,7,20.534212849651855
2022-12-14 13:45:00,2022-12-14 14:00:00,short,28172.469,28105.958512195113,28190.15220081403,28105.958512195113,14.73600067835724,3.761224481040942,VWAP,3,24.295437330692796
2022-12-14 14:05:00,2022-12-14 14:10:00,long,28014.269,27978.245042314415,27978.245042314415,28105.980904761902,30.019964737988182,-0.9999999999999947,SL,1,23.2954373306928
2022-12-14 14:35:00,2022-12-14 15:15:00,long,27902.519,28102.397409961686,27852.393427105148,28102.397409961686,41.7713107457092,3.987553626189432,VWAP,8,27.28299095688223
2022-12-14 15:30:00,2022-12-14 18:10:00,long,27937.999,27994.519,27868.95613122037,28095.75247747748,57.535723983025285,0.8186218359552795,TIMEOUT,12,28.10161279283751
2022-12-14 19:40:00,2022-12-14 20:40:00,short,28159.419,28112.319,28194.023632103555,28083.962785046733,28.837193419627745,1.3610894593260487,TIMEOUT,12,29.46270225216356
2022-12-14 21:40:00,2022-12-14 22:40:00,long,28050.369,28075.999,28028.140835965554,28086.780582633062,18.523470028702988,1.153041697923685,TIMEOUT,12,30.615743950087243
2022-12-14 23:05:00,2022-12-14 23:50:00,long,28055.999,28040.175563247576,28040.175563247576,28085.429603674547,13.186197293687627,-0.9999999999999102,SL,9,29.61574395008733
2022-12-14 23:55:00,2022-12-15 01:00:00,long,28040.269,28027.85581727412,28027.85581727412,28084.136398989907,10.344318938232474,-0.999999999999992,SL,12,28.61574395008734
2022-12-15 01:50:00,2022-12-15 02:05:00,long,28012.269,27999.965853142698,27999.965853142698,28035.468841269838,10.252622381084747,-1.0000000000000764,SL,3,27.615743950087264
2022-12-15 02:45:00,2022-12-15 03:20:00,long,27960.519,27945.220538832364,27945.220538832364,28022.54722916667,12.748717639697652,-0.9999999999999594,SL,7,26.615743950087303
2022-12-15 03:35:00,2022-12-15 04:05:00,long,27920.419,27898.170974185487,27898.170974185487,28006.13534920636,18.540021512095237,-1.0000000000000382,SL,6,25.615743950087264
2022-12-15 07:05:00,2022-12-15 07:35:00,long,27925.269,27910.261441109615,27910.261441109615,27967.61900000001,12.506299075321479,-0.9999999999999853,SL,6,24.61574395008728
2022-12-18 18:35:00,2022-12-18 18:45:00,long,27279.369,27249.497884633707,27249.497884633707,27320.54316666667,24.8925961385758,-1.0000000000000226,SL,2,23.615743950087257
2022-12-18 19:20:00,2022-12-18 19:50:00,long,27234.419,27192.44211418682,27192.44211418682,27290.944882352946,34.980738177652086,-1.0000000000000093,SL,6,22.615743950087246
2022-12-18 20:45:00,2022-12-18 21:45:00,long,27217.419,27197.269,27176.82210010527,27269.622137254904,33.83074991227797,-0.49634331814128035,TIMEOUT,12,22.119400631945965
2022-12-18 23:10:00,2022-12-19 00:10:00,long,27212.519,27227.269,27192.82353222778,27246.957677248683,16.412889810183394,0.7489032588910874,TIMEOUT,12,22.86830389083705
2022-12-19 03:00:00,2022-12-19 03:05:00,short,27317.319,27332.562286685272,27332.562286685272,27268.772423423423,12.702738904392179,-1.0000000000001121,SL,1,21.868303890836938
2022-12-19 03:10:00,2022-12-19 04:10:00,short,27369.269,27347.519,27388.29673188679,27272.820111111112,15.856443238991265,1.143068450270759,TIMEOUT,12,23.0113723411077
2022-12-19 08:45:00,2022-12-19 09:05:00,long,27292.519,27313.03909433962,27278.470973597443,27313.03909433962,11.706688668797062,1.460710120525195,VWAP,4,24.472082461632894
2022-12-19 09:35:00,2022-12-19 09:40:00,long,27287.519,27311.99667241379,27270.543265043027,27311.99667241379,14.146445797477512,1.4419212173039793,VWAP,1,25.914003678936872
2022-12-19 11:35:00,2022-12-19 12:35:00,long,27257.999,27252.999,27231.79556183491,27309.23538095238,21.836198470905458,-0.19081465449301221,TIMEOUT,12,25.72318902444386
2022-12-19 12:40:00,2022-12-19 13:40:00,long,27252.269,27232.419,27231.281108223688,27305.140677559913,17.48990981359281,-0.9457834170082227,TIMEOUT,12,24.77740560743564
2022-12-19 13:45:00,2022-12-19 14:00:00,long,27222.319,27200.82161077282,27200.82161077282,27300.841269076307,17.91449102265026,-1.0000000000000309,SL,3,23.777405607435607
2022-12-19 14:05:00,2022-12-19 14:50:00,long,27182.469,27159.800287543796,27159.800287543796,27298.47984313726,18.89059371350265,-1.0000000000000786,SL,9,22.77740560743553
2022-12-19 22:05:00,2022-12-19 22:10:00,long,26525.999,26407.8540502104,26407.8540502104,27280.65607317074,98.4541248246653,-1.000000000000007,SL,1,21.777405607435522
2022-12-20 19:10:00,2022-12-20 19:15:00,long,26358.999,26316.42938682438,26316.42938682438,26512.735050552918,35.474677646348624,-1.000000000000026,SL,1,20.777405607435497
2022-12-20 22:30:00,2022-12-20 22:35:00,long,26433.369,26398.45806230322,26398.45806230322,26504.352346613552,29.092448080649138,-1.000000000000001,SL,1,19.777405607435497
2022-12-20 22:40:00,2022-12-20 23:40:00,long,26380.319,26385.999,26343.29303841451,26503.516114624512,30.854967987906754,0.15340587406179618,TIMEOUT,12,19.930811481497294
2022-12-21 01:05:00,2022-12-21 01:15:00,long,26343.269,26386.103047619046,26311.79153288946,26386.103047619046,26.231222592117593,1.360784445223099,VWAP,2,21.291595926720394
2022-12-21 03:10:00,2022-12-21 04:05:00,long,26318.419,26384.760929824562,26290.970597964653,26384.760929824562,22.87366836278896,2.4169687451797306,VWAP,11,23.708564671900124
2022-12-21 05:50:00,2022-12-21 06:50:00,long,26348.269,26363.369,26327.71192824619,26378.36866666667,17.13089312817659,0.7345404141617857,TIMEOUT,12,24.44310508606191
2022-12-21 08:20:00,2022-12-21 08:55:00,short,26403.369,26420.002309257037,26420.002309257037,26372.697266666655,13.861091047532364,-0.9999999999999792,SL,7,23.44310508606193
2022-12-21 09:00:00,2022-12-21 09:05:00,short,26433.469,26451.14831089836,26451.14831089836,26374.79362962962,14.732759081966195,-0.9999999999999405,SL,1,22.44310508606199
2022-12-21 09:10:00,2022-12-21 10:10:00,short,26438.519,26443.519,26457.395222152158,26375.937212121204,15.730185126797414,-0.2648835111017526,TIMEOUT,12,22.178221574960236
2022-12-21 10:35:00,2022-12-21 11:05:00,short,26488.469,26515.285372843784,26515.285372843784,26383.945666666656,22.34697736981838,-1.0000000000000362,SL,6,21.1782215749602
2022-12-21 11:10:00,2022-12-21 12:10:00,short,26538.419,26448.419,26565.533796459993,26389.893452736305,22.595663716659008,3.319220932851159,TIMEOUT,12,24.49744250781136
2022-12-21 14:00:00,2022-12-21 14:10:00,short,26483.369,26504.291054325182,26504.291054325182,26406.387452380954,17.43504527098516,-1.0000000000000446,SL,2,23.497442507811314
2022-12-21 14:15:00,2022-12-21 15:15:00,short,26518.469,26503.319,26539.38890719841,26408.12744054581,17.433255998671605,0.7241905930230832,TIMEOUT,12,24.221633100834396
2022-12-21 21:10:00,2022-12-21 22:10:00,short,26505.369,26485.999,26545.59900830304,26432.73059544159,33.52500691920196,0.48148138210884106,TIMEOUT,12,24.703114482943235
2022-12-21 22:55:00,2022-12-21 23:55:00,short,26528.269,26518.319,26553.180559798984,26437.626333333334,20.75963316581911,0.3994129665219501,TIMEOUT,12,25.102527449465185
2022-12-22 01:00:00,2022-12-22 01:15:00,long,26478.999,26511.95874358974,26461.5585956261,26511.95874358974,14.533670311585983,1.889849735311203,VWAP,3,26.992377184776387
2022-12-22 04:20:00,2022-12-22 05:00:00,long,26453.519,26431.518678009743,26431.518678009743,26497.220509433966,18.333601658546577,-1.0000000000000668,SL,8,25.99237718477632
2022-12-22 05:15:00,2022-12-22 06:15:00,long,26398.469,26413.369,26377.790837312372,26487.477125,17.231802239689948,0.7205669200442415,TIMEOUT,12,26.71294410482056
2022-12-23 01:00:00,2022-12-23 01:05:00,long,26205.469,26184.88407696475,26184.88407696475,26240.933102564104,17.154102529375006,-1.000000000000026,SL,1,25.712944104820536
2022-12-23 05:35:00,2022-12-23 06:35:00,short,26260.519,26240.269,26277.851880424434,26221.16811764705,14.444067020361016,1.1682997576937457,TIMEOUT,12,26.88124386251428
2022-12-23 07:20:00,2022-12-23 07:35:00,short,26250.269,26263.817670524906,26263.817670524906,26227.46922471909,11.29055877075528,-0.9999999999999679,SL,3,25.881243862514314
2022-12-23 08:05:00,2022-12-23 08:25:00,short,26265.519,26278.58091941652,26278.58091941652,26230.1277755102,10.884932847100355,-0.9999999999999085,SL,4,24.881243862514406
2022-12-23 09:35:00,2022-12-23 10:00:00,long,26160.999,26231.7387413793,26120.130837173336,26231.7387413793,34.05680235555457,1.7309254071275402,VWAP,5,26.612169269641946
2022-12-23 15:55:00,2022-12-26 18:00:00,short,26290.999,26310.780478150038,26310.780478150038,26236.76099652777,16.484565125031715,-1.0000000000000127,SL,5,25.61216926964193
2022-12-26 18:50:00,2022-12-26 19:05:00,short,26560.999,26595.090424367383,26595.090424367383,26464.605060606063,28.40952030615405,-0.9999999999999541,SL,3,24.612169269641978
2022-12-27 00:55:00,2022-12-27 01:00:00,long,26452.319,26439.24774650102,26439.24774650102,26470.00038888889,10.892711249149569,-1.0000000000000233,SL,1,23.612169269641953
2022-12-27 01:05:00,2022-12-27 02:05:00,long,26429.319,26429.469,26413.27286815649,26465.78876190476,13.371776536256165,0.009348047334046327,TIMEOUT,12,23.621517316976
2022-12-27 02:25:00,2022-12-27 03:05:00,long,26422.999,26447.41533333333,26412.083193005637,26447.41533333333,9.096505828636236,2.236786830871829,VWAP,8,25.85830414784783
2022-12-27 04:00:00,2022-12-27 05:00:00,long,26422.419,26417.369,26405.772049376905,26444.72063265306,13.87245885258158,-0.30335886219281255,TIMEOUT,12,25.554945285655016
2022-12-27 06:10:00,2022-12-27 06:40:00,long,26412.519,26399.42110698558,26399.42110698558,26438.20873333333,10.914910845350247,-0.9999999999999194,SL,6,24.554945285655098
2022-12-27 07:15:00,2022-12-27 07:30:00,long,26387.519,26374.094803216754,26374.094803216754,26433.030363636368,11.186830652705838,-0.9999999999999147,SL,3,23.554945285655183
2022-12-27 07:35:00,2022-12-27 08:35:00,long,26367.469,26372.369,26353.39842491862,26430.652804347832,11.725479234483696,0.3482444727139815,TIMEOUT,12,23.903189758369166
2022-12-27 18:50:00,2022-12-27 18:55:00,long,26294.469,26274.006406605004,26274.006406605004,26360.26785113269,17.05216116249891,-0.9999999999999363,SL,1,22.90318975836923
2022-12-27 20:05:00,2022-12-27 20:15:00,long,26237.369,26205.108409354078,26205.108409354078,26354.16726546003,26.883825538268137,-0.9999999999999819,SL,2,21.903189758369248
2022-12-27 21:40:00,2022-12-27 22:40:00,long,26267.419,26285.999,26243.719104013544,26347.598236111113,19.749913322047185,0.7839696853781851,TIMEOUT,12,22.687159443747433
2022-12-28 02:30:00,2022-12-28 02:35:00,short,26335.419,26350.327652304295,26350.327652304295,26308.536011494245,12.423876920244773,-0.9999999999999751,SL,1,21.687159443747458
2022-12-28 03:05:00,2022-12-28 04:05:00,short,26360.269,26325.269,26376.23025333034,26315.70899999999,13.30104444195199,2.1928102559129803,TIMEOUT,12,23.87996969966044
2022-12-28 05:55:00,2022-12-28 06:55:00,short,26355.519,26365.519,26372.032321829913,26327.698285714283,13.761101524925792,-0.6055716774008956,TIMEOUT,12,23.274398022259543
2022-12-28 09:25:00,2022-12-28 09:35:00,long,26315.369,26302.752057676207,26302.752057676207,26338.131083333315,10.514118603159202,-1.0000000000000435,SL,2,22.2743980222595
2022-12-28 10:25:00,2022-12-28 10:30:00,long,26290.369,26261.58038748214,26261.58038748214,26336.773274193532,23.990510431548703,-1.0000000000000295,SL,1,21.274398022259472
2022-12-28 10:50:00,2022-12-28 11:00:00,long,26255.999,26227.326409569687,26227.326409569687,26334.0324108527,23.893825358594903,-0.999999999999969,SL,2,20.274398022259504
2022-12-28 11:15:00,2022-12-28 11:50:00,long,26200.269,26170.05708591167,26170.05708591167,26329.9404925373,25.176595073609217,-0.9999999999999534,SL,7,19.27439802225955
2022-12-29 06:00:00,2022-12-29 06:05:00,short,26097.419,26111.524810437015,26111.524810437015,26049.234324074074,11.754842030842912,-1.0000000000001161,SL,1,18.274398022259433
2022-12-29 06:10:00,2022-12-29 07:10:00,short,26112.469,26117.319,26126.605295733956,26050.84228828829,11.780246444961533,-0.3430884647064488,TIMEOUT,12,17.931309557552986
2022-12-29 08:20:00,2022-12-29 08:40:00,short,26107.469,26118.887690623567,26118.887690623567,26064.38353333334,9.515575519639256,-0.9999999999999348,SL,4,16.93130955755305
