entry_time,exit_time,side,entry,exit,sl,tp_vwap,atr,r,reason,bars_held,cum_r
2023-01-03 08:55:00,2023-01-03 09:10:00,short,25889.469,25911.031764417097,25911.031764417097,25848.62761111111,17.968970347580697,-0.9999999999999766,SL,3,-0.9999999999999766
2023-01-03 10:20:00,2023-01-03 10:45:00,long,25797.269,25852.683133333336,25761.07286045032,25852.683133333336,30.16344962473313,1.5309404268728364,VWAP,5,0.5309404268728598
2023-01-03 12:30:00,2023-01-03 12:50:00,long,25772.369,25739.505614699287,25739.505614699287,25846.465048565122,27.386154417260993,-0.9999999999999715,SL,4,-0.46905957312711166
2023-01-03 14:25:00,2023-01-03 14:45:00,long,25752.419,25836.15032183908,25721.77371852991,25836.15032183908,25.537734558409866,2.7322745239195987,VWAP,4,2.263214950792487
2023-01-03 18:35:00,2023-01-03 18:45:00,long,25767.269,25740.637973270168,25740.637973270168,25832.28445155994,22.192522274861304,-0.9999999999999498,SL,2,1.2632149507925372
2023-01-03 19:10:00,2023-01-03 20:10:00,long,25679.419,25714.369,25634.74357307906,25830.0493968254,37.22952243411813,0.782309256089373,TIMEOUT,12,2.04552420688191
2023-01-03 20:55:00,2023-01-03 21:55:00,long,25714.519,25714.369,25670.776301240807,25821.571308802308,36.452248965993725,-0.0034291437029804403,TIMEOUT,12,2.04209506317893
2023-01-04 00:35:00,2023-01-04 01:00:00,long,25724.319,25710.058933884342,25710.058933884342,25748.282333333333,11.883388429715122,-0.9999999999999573,SL,5,1.0420950631789725
2023-01-04 01:05:00,2023-01-04 01:15:00,long,25682.269,25664.182718717908,25664.182718717908,25735.761857142854,15.07190106841174,-0.999999999999906,SL,2,0.04209506317906653
2023-01-04 01:20:00,2023-01-04 01:40:00,long,25654.319,25632.528580183396,25632.528580183396,25723.23331372549,18.158683180503242,-0.999999999999977,SL,3,-0.9579049368209105
2023-01-04 02:05:00,2023-01-04 03:05:00,long,25627.369,25669.469,25608.02963285021,25696.533666666666,16.11613929148987,2.176906807442457,TIMEOUT,12,1.2190018706215466
2023-01-04 03:45:00,2023-01-04 04:10:00,short,25717.999,25685.889518518514,25736.41445805342,25685.889518518514,15.346215044517185,1.743615683538306,VWAP,5,2.962617554159853
2023-01-04 05:40:00,2023-01-04 06:35:00,long,25659.469,25684.45605882353,25643.289921133084,25684.45605882353,13.482565722431026,1.5444055269809749,VWAP,11,4.507023081140828
2023-01-04 08:15:00,2023-01-04 08:25:00,short,25722.369,25737.937903304402,25737.937903304402,25685.325767676768,12.974086087004336,-0.9999999999999002,SL,2,3.5070230811409275
2023-01-04 09:40:00,2023-01-04 10:00:00,short,25772.519,25691.962936781616,25793.100172359507,25691.962936781616,17.15097696625435,3.914065817595671,VWAP,4,7.421088898736599
2023-01-04 11:00:00,2023-01-04 11:15:00,short,25812.469,25849.866594227722,25849.866594227722,25698.163722222227,31.16466185643532,-0.9999999999999666,SL,3,6.421088898736633
2023-01-04 11:35:00,2023-01-04 12:35:00,short,25902.469,25892.469,25938.001913327626,25705.591230215832,29.610761106354882,0.2814292176888653,TIMEOUT,12,6.702518116425498
2023-01-04 16:05:00,2023-01-04 18:45:00,short,25872.469,25907.652901029243,25907.652901029243,25753.82238514681,29.319917524369405,-0.9999999999999749,SL,12,5.702518116425523
2023-01-04 23:30:00,2023-01-05 00:30:00,short,25817.419,25810.999,25841.90904700102,25775.6922951654,20.40837250084789,0.26214731232386634,TIMEOUT,12,5.964665428749389
2023-01-05 01:05:00,2023-01-05 01:10:00,long,25790.319,25814.686857142857,25771.115244597037,25814.686857142857,16.00312950246971,1.2689110349268786,VWAP,1,7.233576463676267
2023-01-05 01:35:00,2023-01-05 02:00:00,long,25785.269,25766.58808624903,25766.58808624903,25810.751666666667,15.567428125808217,-1.0000000000000033,SL,5,6.233576463676264
2023-01-05 02:05:00,2023-01-05 02:50:00,long,25755.999,25737.463870715354,25737.463870715354,25803.460025641023,15.445941070539359,-0.9999999999999469,SL,9,5.233576463676317
2023-01-05 02:55:00,2023-01-05 03:30:00,long,25735.469,25792.63622222222,25716.740406175577,25792.63622222222,15.607161520353548,3.0524033335415717,VWAP,7,8.28597979721789
2023-01-05 05:25:00,2023-01-05 06:25:00,short,25825.419,25815.469,25843.121029556012,25787.805767676768,14.75169129667614,0.5620824419323062,TIMEOUT,12,8.848062239150195
2023-01-05 09:05:00,2023-01-05 09:40:00,long,25750.369,25727.338525735293,25727.338525735293,25797.88118181818,19.19206188725357,-1.000000000000068,SL,7,7.848062239150128
2023-01-05 11:25:00,2023-01-05 12:25:00,long,25740.319,25735.319,25708.819267865725,25791.953565217387,26.24977677856288,-0.15873150853112827,TIMEOUT,12,7.689330730619
2023-01-05 13:15:00,2023-01-05 13:30:00,long,25705.319,25784.72064583333,25681.92770107022,25784.72064583333,19.4927491081485,3.394494938981339,VWAP,3,11.083825669600339
2023-01-05 15:10:00,2023-01-05 15:30:00,long,25740.419,25716.313815178964,25716.313815178964,25782.625083788706,20.08765401753027,-1.0000000000000389,SL,4,10.0838256696003
2023-01-05 19:55:00,2023-01-05 20:10:00,short,25827.419,25855.98888974439,25855.98888974439,25777.670339421606,23.80824145365525,-1.0000000000000309,SL,3,9.08382566960027
2023-01-05 20:15:00,2023-01-05 20:35:00,short,25880.269,25909.179639030335,25909.179639030335,25778.98300597907,24.09219919194713,-0.9999999999999464,SL,4,8.083825669600323
2023-01-05 20:40:00,2023-01-05 21:20:00,short,25935.419,25964.037745822967,25964.037745822967,25781.564467836248,23.848954852471298,-0.9999999999999853,SL,8,7.083825669600337
2023-01-06 03:10:00,2023-01-06 03:35:00,long,25910.419,25940.80951282051,25891.950189979725,25940.80951282051,15.39067501689592,1.6455046528252273,VWAP,5,8.729330322425565
2023-01-06 04:35:00,2023-01-06 04:55:00,long,25910.419,25939.323880952383,25891.964234183164,25939.323880952383,15.378971514031088,1.566255634954172,VWAP,4,10.295585957379737
2023-01-06 07:35:00,2023-01-06 08:10:00,short,25960.319,25937.29083150185,25972.12337001283,25937.29083150185,9.836975010691948,1.950817237439993,VWAP,7,12.246403194819731
2023-01-06 08:20:00,2023-01-06 08:30:00,long,25920.469,25937.83363333335,25908.578289643865,25937.83363333335,9.908925296780962,1.46035289846133,VWAP,2,13.706756093281061
2023-01-06 08:45:00,2023-01-06 08:55:00,short,26050.999,26090.544015499978,26090.544015499978,25940.446619047638,32.95417958331643,-0.9999999999999574,SL,2,12.706756093281104
2023-01-09 02:05:00,2023-01-09 02:30:00,long,26207.519,26230.46436231884,26192.282455898137,26230.46436231884,12.69712008488577,1.505942697073469,VWAP,5,14.212698790354573
2023-01-09 03:00:00,2023-01-09 03:55:00,long,26205.369,26190.059360575528,26190.059360575528,26226.56498039215,12.758032853725103,-1.000000000000073,SL,11,13.2126987903545
2023-01-09 05:30:00,2023-01-09 06:30:00,short,26275.419,26245.369,26291.73465774788,26225.54077083334,13.596381456563003,1.8417890632644338,TIMEOUT,12,15.054487853618934
2023-01-09 09:25:00,2023-01-09 09:35:00,short,26270.269,26286.892511726703,26286.892511726703,26237.04353453454,13.852926438917883,-1.0000000000000577,SL,2,14.054487853618877
2023-01-09 09:50:00,2023-01-09 09:55:00,short,26310.419,26333.954395541186,26333.954395541186,26238.89825287357,19.61282961765412,-0.9999999999999896,SL,1,13.054487853618888
2023-01-09 10:00:00,2023-01-09 10:20:00,short,26357.999,26382.893417583982,26382.893417583982,26240.627587570627,20.74534798665062,-1.0000000000000677,SL,4,12.05448785361882
2023-01-09 21:30:00,2023-01-09 21:35:00,long,26185.419,26154.790412536302,26154.790412536302,26271.62802542373,25.523822886417143,-0.9999999999999704,SL,1,11.05448785361885
2023-01-09 21:40:00,2023-01-09 22:40:00,long,26125.319,26160.419,26091.51949346242,26270.494490196084,28.166255447982024,1.0384766996813357,TIMEOUT,12,12.092964553300186
2023-01-10 04:05:00,2023-01-10 04:40:00,long,26153.269,26179.189476190477,26133.38392759023,26179.189476190477,16.57089367480873,1.303514297375184,VWAP,7,13.39647885067537
2023-01-10 06:15:00,2023-01-10 07:15:00,long,26143.269,26140.419,26127.08940762479,26177.423533333327,13.482993646008499,-0.17614782461177542,TIMEOUT,12,13.220331026063596
2023-01-10 10:35:00,2023-01-10 10:55:00,long,26120.269,26164.785745406825,26086.898100563325,26164.785745406825,27.809082863897334,1.333998967912092,VWAP,4,14.554329993975688
2023-01-10 13:35:00,2023-01-10 14:20:00,short,26273.369,26296.328174130576,26296.328174130576,26174.840738241302,19.132645108814657,-1.0000000000000002,SL,9,13.554329993975688
2023-01-10 15:50:00,2023-01-10 18:30:00,short,26283.319,26300.296226268503,26300.296226268503,26189.34135087719,14.147688557085,-1.0000000000001017,SL,12,12.554329993975587
2023-01-10 18:40:00,2023-01-10 18:45:00,short,26308.419,26322.347990465973,26322.347990465973,26196.50123856209,11.60749205497493,-1.0000000000000675,SL,1,11.55432999397552
2023-01-10 18:50:00,2023-01-10 19:05:00,short,26353.369,26371.586262187495,26371.586262187495,26197.84689644013,15.181051822911964,-1.0000000000000953,SL,3,10.554329993975424
2023-01-11 04:05:00,2023-01-11 04:20:00,short,26452.269,26468.4755934624,26468.4755934624,26413.541800000003,13.505494552000847,-0.9999999999999764,SL,3,9.554329993975447
2023-01-11 06:35:00,2023-01-11 06:45:00,short,26460.369,26472.15930490347,26472.15930490347,26428.31891666667,9.825254086227632,-0.9999999999999131,SL,2,8.554329993975534
2023-01-11 08:00:00,2023-01-11 08:15:00,short,26470.269,26481.664154257618,26481.664154257618,26433.472505154634,9.49596188134769,-1.000000000000053,SL,3,7.554329993975481
2023-01-11 08:20:00,2023-01-11 08:45:00,short,26485.469,26497.158094147017,26497.158094147017,26435.30368646864,9.740911789180966,-0.9999999999998637,SL,5,6.554329993975617
2023-01-11 13:10:00,2023-01-11 14:10:00,short,26505.369,26475.269,26520.678130956505,26454.453842767296,12.757609130422761,1.9661468757117277,TIMEOUT,12,8.520476869687345
2023-01-11 14:35:00,2023-01-11 14:55:00,short,26500.469,26515.788216275883,26515.788216275883,26457.144643939388,12.76601356323573,-0.999999999999966,SL,4,7.5204768696873785
2023-01-11 15:05:00,2023-01-11 15:20:00,short,26520.519,26534.155959021296,26534.155959021296,26458.888175824166,11.364132517747228,-0.9999999999999657,SL,3,6.520476869687413
2023-01-11 15:55:00,2023-01-11 18:35:00,short,26555.999,26505.319,26570.85804147568,26462.59160416666,12.382534563066873,3.410717984935173,TIMEOUT,12,9.931194854622586
2023-01-11 23:45:00,2023-01-11 23:55:00,long,26440.369,26462.41581761004,26426.59453858513,26462.41581761004,11.478717845724114,1.6005575060990567,VWAP,2,11.531752360721642
2023-01-12 01:05:00,2023-01-12 01:15:00,long,26425.999,26411.288360071452,26411.288360071452,26452.164128205135,12.258866607122897,-1.0000000000000089,SL,2,10.531752360721633
2023-01-12 01:20:00,2023-01-12 02:05:00,long,26400.369,26384.327265334174,26384.327265334174,26444.01358333334,13.368112221519544,-1.0000000000001004,SL,8,9.531752360721534
2023-01-13 00:35:00,2023-01-13 00:40:00,long,26112.519,26094.7695682828,26094.7695682828,26148.606083333336,14.791193097665207,-1.00000000000002,SL,1,8.531752360721514
2023-01-15 22:30:00,2023-01-15 22:35:00,long,25810.419,25788.48035820299,25788.48035820299,25843.312030303026,18.282201497509384,-1.0000000000000646,SL,1,7.531752360721449
2023-01-15 22:40:00,2023-01-15 23:40:00,long,25780.999,25802.999,25757.972518042374,25841.459233918125,19.188734964689118,0.9554216766800998,TIMEOUT,12,8.487174037401548
2023-01-16 05:25:00,2023-01-16 05:45:00,short,25865.369,25882.852747406083,25882.852747406083,25832.803358974365,14.569789505071348,-0.9999999999999161,SL,4,7.487174037401632
2023-01-16 07:35:00,2023-01-16 08:10:00,short,25865.519,25877.105879597722,25877.105879597722,25841.498816849817,9.655732998100403,-1.0000000000001434,SL,6,6.487174037401488
2023-01-16 08:20:00,2023-01-16 08:55:00,short,25885.469,25895.41802841804,25895.41802841804,25844.17987542087,8.290857015031268,-1.000000000000172,SL,7,5.487174037401315
2023-01-16 09:10:00,2023-01-16 10:15:00,short,25905.999,25880.519,25915.48902517309,25848.299458715584,7.908354310909828,2.684924384842104,TIMEOUT,12,8.172098422243419
2023-01-16 10:35:00,2023-01-16 11:10:00,short,25895.319,25905.166911534816,25905.166911534816,25853.39294666666,8.206592945681741,-0.9999999999998259,SL,7,7.172098422243593
2023-01-16 18:40:00,2023-01-16 18:45:00,short,25920.319,25934.750376828713,25934.750376828713,25861.769864197526,12.026147357260937,-1.0000000000000495,SL,1,6.172098422243543
2023-01-16 19:10:00,2023-01-16 19:15:00,short,26025.469,26056.789936746067,26056.789936746067,25864.071380952373,26.100780621721547,-1.0,SL,1,5.172098422243543
2023-01-16 19:20:00,2023-01-16 19:45:00,short,26065.469,26099.034603622884,26099.034603622884,25866.351450980383,27.971336352402663,-0.9999999999999918,SL,5,4.172098422243551
2023-01-17 19:00:00,2023-01-17 19:05:00,short,26279.269,26302.07582037121,26302.07582037121,26216.916149758432,19.005683642674324,-1.0000000000000377,SL,1,3.1720984222435136
2023-01-17 20:00:00,2023-01-17 20:15:00,short,26284.999,26313.443163633874,26313.443163633874,26219.082713850814,23.70346969489422,-1.0000000000000424,SL,3,2.1720984222434714
2023-01-17 20:20:00,2023-01-17 21:20:00,short,26329.369,26299.519,26358.014506495914,26220.676264573965,23.871255413262254,1.0420482529871,TIMEOUT,12,3.2141466752305714
2023-01-17 21:40:00,2023-01-17 21:45:00,short,26711.319,26788.437084477217,26788.437084477217,26227.559251046005,64.26507039768083,-1.0000000000000007,SL,1,2.2141466752305705
2023-01-18 05:35:00,2023-01-18 06:35:00,long,26654.419,26691.269,26630.566386091326,26730.934735294126,19.877178257228508,1.544904057102007,TIMEOUT,12,3.7590507323325775
2023-01-18 06:55:00,2023-01-18 07:40:00,long,26669.519,26721.434476190472,26648.92400626062,26721.434476190472,17.162494782818122,2.520781353344099,VWAP,8,6.279832085676676
2023-01-18 09:25:00,2023-01-18 09:50:00,long,26659.319,26630.217188615363,26630.217188615363,26718.148764011796,24.251509487196884,-1.0000000000000142,SL,5,5.279832085676662
2023-01-18 09:55:00,2023-01-18 10:20:00,long,26634.419,26603.40639495187,26603.40639495187,26714.79513445378,25.84383754010732,-1.0000000000000506,SL,5,4.279832085676611
2023-01-18 11:30:00,2023-01-18 11:55:00,long,26574.369,26537.69905635316,26537.69905635316,26703.432405797103,30.55828637236571,-0.9999999999999509,SL,5,3.2798320856766603
2023-01-18 12:20:00,2023-01-18 13:05:00,long,26539.469,26508.702025915973,26508.702025915973,26693.606612612617,25.639145070024014,-0.9999999999999843,SL,9,2.279832085676676
2023-01-19 11:35:00,2023-01-19 12:15:00,long,26301.469,26347.097285714288,26271.83577428018,26347.097285714288,24.69435476651522,1.5397677642556267,VWAP,8,3.8195998499323025
2023-01-19 12:35:00,2023-01-19 13:00:00,long,26311.519,26344.912596491224,26285.883268734295,26344.912596491224,21.363109388087153,1.3026192288065255,VWAP,5,5.122219078738828
2023-01-19 14:15:00,2023-01-19 14:35:00,short,26396.999,26425.089138735097,26425.089138735097,26346.31431007751,23.408448945913833,-1.0000000000000087,SL,4,4.122219078738819
2023-01-19 19:00:00,2023-01-19 19:05:00,long,26303.469,26351.795491228066,26280.38434734751,26351.795491228066,19.237210543741117,2.093446756837097,VWAP,1,6.2156658355759165
2023-01-19 21:00:00,2023-01-19 22:00:00,short,26444.419,26404.469,26474.812801233176,26355.795366237475,25.32816769431264,1.3144127545453204,TIMEOUT,12,7.530078590121237
2023-01-19 22:40:00,2023-01-19 22:45:00,short,26441.269,26461.924934836123,26461.924934836123,26360.800343873514,17.213279030103497,-0.9999999999999164,SL,1,6.53007859012132
2023-01-19 22:50:00,2023-01-19 23:35:00,short,26474.419,26497.40355605768,26497.40355605768,26361.63120915032,19.15379671473215,-1.0000000000000437,SL,9,5.530078590121277
2023-01-22 21:45:00,2023-01-22 22:35:00,long,26841.269,26867.264289855077,26821.74560454968,26867.264289855077,16.269496208599076,1.3314943049341248,VWAP,10,6.861572895055401
2023-01-22 23:25:00,2023-01-23 00:25:00,short,26906.369,26893.469,26922.441403322253,26867.507585858588,13.393669435211216,0.8026179869526291,TIMEOUT,12,7.664190882008031
2023-01-23 03:05:00,2023-01-23 03:10:00,short,26986.519,27005.40757123076,27005.40757123076,26922.70794736842,15.740476025634013,-0.999999999999964,SL,1,6.664190882008066
2023-01-23 05:50:00,2023-01-23 06:50:00,short,26961.519,26951.319,26977.81498360991,26932.78214553991,13.579986341591614,0.6259211008163932,TIMEOUT,12,7.29011198282446
2023-01-23 07:05:00,2023-01-23 07:35:00,short,26976.269,26991.18648006454,26991.18648006454,26937.204038759697,12.431233387117436,-1.0000000000000355,SL,6,6.290111982824424
2023-01-24 15:45:00,2023-01-24 15:55:00,long,27178.319,27204.472511586464,27157.571892191754,27204.472511586464,17.28925650687225,1.260585900848733,VWAP,2,7.550697883673157
2023-01-24 16:10:00,2023-01-24 18:05:00,short,27256.419,27204.883965277793,27282.307515052227,27204.883965277793,21.573762543520214,1.9906524039037397,VWAP,3,9.541350287576897
2023-01-24 18:30:00,2023-01-24 19:00:00,long,27161.419,27204.802633333347,27137.015382500853,27204.802633333347,20.336347915957422,1.7777541929944887,VWAP,6,11.319104480571387
2023-01-24 19:05:00,2023-01-24 20:00:00,short,27291.319,27326.032898845395,27326.032898845395,27204.149177133662,28.92824903783088,-0.9999999999999496,SL,11,10.319104480571436
2023-01-25 03:15:00,2023-01-25 03:30:00,long,27316.519,27294.546057597647,27294.546057597647,27385.949583333335,18.310785335296018,-0.9999999999999223,SL,3,9.319104480571514
2023-01-25 04:05:00,2023-01-25 04:35:00,long,27296.269,27274.265300503124,27274.265300503124,27370.94153333334,18.336416247396503,-1.0000000000000056,SL,6,8.319104480571509
2023-01-25 04:40:00,2023-01-25 04:45:00,long,27281.269,27262.504048475283,27262.504048475283,27360.561982456144,15.637459603931175,-1.0000000000000109,SL,1,7.319104480571498
2023-01-25 04:50:00,2023-01-25 04:55:00,long,27253.419,27233.983404042465,27233.983404042465,27357.2758361582,16.196329964614126,-0.9999999999999954,SL,1,6.319104480571503
2023-01-25 23:20:00,2023-01-26 00:05:00,long,27288.269,27326.287212005085,27269.787576639075,27326.287212005085,15.401186134103444,2.0571041127420986,VWAP,9,8.376208593313601
2023-01-26 01:05:00,2023-01-26 02:05:00,short,27393.469,27388.469,27414.51628182955,27341.22661904762,17.53940152462306,0.23756036720051157,TIMEOUT,12,8.613768960514113
2023-01-26 03:20:00,2023-01-26 04:20:00,short,27443.999,27443.369,27463.92797478585,27376.199325203255,16.60747898820845,0.03161226338889885,TIMEOUT,12,8.645381223903012
2023-01-26 05:40:00,2023-01-26 06:40:00,short,27423.319,27403.519,27442.219519871225,27391.15677777778,15.750433226020675,1.0475902321683692,TIMEOUT,12,9.692971456071382
2023-01-26 07:05:00,2023-01-26 07:45:00,short,27418.419,27432.173096881485,27432.173096881485,27395.376286821698,11.461747401235282,-1.0000000000000362,SL,8,8.692971456071346
2023-01-26 07:50:00,2023-01-26 08:00:00,short,27438.319,27453.35393406492,27453.35393406492,27397.33247368421,12.529111720765302,-1.000000000000047,SL,2,7.692971456071299
2023-01-26 08:40:00,2023-01-26 09:20:00,short,27478.269,27499.803002964672,27499.803002964672,27401.73401587302,17.945002470559086,-1.0000000000000628,SL,8,6.692971456071236
2023-01-26 14:40:00,2023-01-26 15:20:00,short,27468.369,27488.560090670093,27488.560090670093,27414.402879472695,16.825908891745996,-0.999999999999947,SL,8,5.692971456071289
2023-01-26 18:50:00,2023-01-26 19:00:00,long,27390.369,27423.423122383258,27366.80145123801,27423.423122383258,19.63962396832347,1.4025269542062613,VWAP,2,7.095498410277551
2023-01-26 19:55:00,2023-01-26 20:05:00,long,27380.319,27347.786127349766,27347.786127349766,27422.366757575764,27.110727208528107,-1.0000000000000058,SL,2,6.0954984102775445
2023-01-26 20:10:00,2023-01-26 21:10:00,long,27340.519,27390.319,27306.792607429823,27421.545128550082,28.10532714181323,1.476588398725965,TIMEOUT,12,7.572086809003509
2023-01-26 22:10:00,2023-01-26 22:40:00,long,27388.369,27370.099374957557,27370.099374957557,27416.917164642382,15.22468753536659,-1.000000000000086,SL,6,6.572086809003423
2023-01-26 23:50:00,2023-01-27 00:50:00,long,27363.269,27383.469,27348.00351332961,27413.94733957554,12.721238891989762,1.323246381603089,TIMEOUT,12,7.895333190606512
2023-01-27 03:05:00,2023-01-27 03:40:00,long,27328.469,27382.22189473684,27312.154063503567,27382.22189473684,13.595780413694435,3.2947045027474355,VWAP,7,11.190037693353947
2023-01-27 04:25:00,2023-01-27 04:50:00,long,27338.269,27372.914987654316,27321.42592582526,27372.914987654316,14.035895145615383,2.056987180302186,VWAP,5,13.247024873656134
2023-01-27 06:10:00,2023-01-27 07:10:00,short,27393.519,27388.519,27406.778061612487,27370.57562162162,11.049218010407358,0.37710059324940876,TIMEOUT,12,13.624125466905543
2023-01-27 08:10:00,2023-01-27 08:30:00,long,27353.999,27339.502875843446,27339.502875843446,27374.323625850346,12.08010346379439,-1.0000000000000704,SL,4,12.624125466905472
2023-01-27 09:00:00,2023-01-27 09:40:00,long,27313.319,27371.562580246922,27292.4107986358,27371.562580246922,17.42350113683278,2.7856810460344943,VWAP,8,15.409806512939966
2023-01-27 10:55:00,2023-01-27 11:25:00,long,27313.419,27371.749992366418,27281.322465041976,27371.749992366418,26.747112465022653,1.81736104668919,VWAP,6,17.227167559629155
2023-01-27 11:45:00,2023-01-27 12:45:00,short,27423.269,27430.519,27454.023803039818,27371.64942553192,25.62900253317992,-0.23573553667744113,TIMEOUT,12,16.991432022951713
2023-01-29 18:30:00,2023-01-29 18:35:00,long,27402.519,27382.011644787097,27382.011644787097,27436.637095238093,17.08946267741923,-1.0000000000000133,SL,1,15.991432022951699
2023-01-29 18:40:00,2023-01-29 19:05:00,long,27372.519,27351.495800862343,27351.495800862343,27424.38603703704,17.519332614713434,-1.000000000000031,SL,5,14.991432022951667
2023-01-29 23:00:00,2023-01-30 00:00:00,long,27343.519,27368.319,27318.377636207948,27422.81359016394,20.951136493376595,0.986422224550899,TIMEOUT,12,15.977854247502567
2023-01-30 00:45:00,2023-01-30 01:05:00,short,27403.999,27424.493991624357,27424.493991624357,27369.327999999998,17.07915968696279,-1.0000000000000695,SL,4,14.977854247502497
2023-01-30 01:10:00,2023-01-30 02:05:00,short,27428.419,27383.069888888884,27448.381819430117,27383.069888888884,16.635682858428538,2.271678670935032,VWAP,11,17.24953291843753
2023-01-30 03:30:00,2023-01-30 03:35:00,long,27358.419,27383.29403875969,27339.488833356758,27383.29403875969,15.775138869368782,1.3140422495207096,VWAP,1,18.56357516795824
2023-01-30 07:25:00,2023-01-30 08:15:00,short,27418.319,27432.532036532135,27432.532036532135,27392.318775280906,11.84419711011141,-1.0000000000001237,SL,10,17.563575167958117
2023-01-30 08:25:00,2023-01-30 09:20:00,short,27438.269,27451.04073950398,27451.04073950398,27395.835963696383,10.643116253315362,-1.000000000000116,SL,11,16.563575167958
2023-01-30 09:30:00,2023-01-30 09:35:00,short,27463.519,27478.948568813168,27478.948568813168,27400.58356140352,12.857974010973074,-1.0000000000000113,SL,1,15.563575167957989
2023-01-30 09:40:00,2023-01-30 09:45:00,short,27485.999,27503.68759759911,27503.68759759911,27401.896270114958,14.740497999257467,-1.0000000000000546,SL,1,14.563575167957934
2023-01-30 09:50:00,2023-01-30 10:00:00,short,27518.419,27538.6712295625,27538.6712295625,27403.70323728815,16.87685796874748,-1.0000000000000773,SL,2,13.563575167957858
2023-01-30 13:20:00,2023-01-30 14:20:00,short,27513.419,27478.319,27536.135793531583,27433.197854166683,18.93066127631674,1.5451124275619004,TIMEOUT,12,15.108687595519758
2023-01-30 18:25:00,2023-01-30 18:45:00,long,27418.519,27439.39265000002,27401.942849445935,27439.39265000002,13.813458795053391,1.2592579882729071,VWAP,4,16.367945583792665
2023-01-30 18:50:00,2023-01-30 19:05:00,short,27473.999,27492.71251461383,27492.71251461383,27439.262674796766,15.594595511527507,-0.9999999999999275,SL,3,15.367945583792737
2023-01-30 20:20:00,2023-01-30 21:20:00,long,27388.369,27416.519,27359.334952319936,27440.19879073246,24.19503973338556,0.9695513457233771,TIMEOUT,12,16.337496929516114
2023-01-30 22:30:00,2023-01-30 23:05:00,long,27394.269,27374.139998820294,27374.139998820294,27437.919255376357,16.774167649755565,-0.9999999999999859,SL,7,15.337496929516128
2023-02-01 09:00:00,2023-02-01 09:55:00,long,27269.469,27307.97716199379,27256.318211577593,27307.97716199379,10.958990352006124,2.9282017744407627,VWAP,11,18.26569870395689
2023-02-01 10:10:00,2023-02-01 10:40:00,long,27264.999,27242.653575778302,27242.653575778302,27304.97795316807,18.62118685141614,-0.9999999999999215,SL,6,17.265698703956968
2023-02-01 10:45:00,2023-02-01 10:50:00,long,27224.469,27199.642274340036,27199.642274340036,27302.166369791692,20.68893804997015,-1.000000000000022,SL,1,16.265698703956947
2023-02-01 10:55:00,2023-02-01 11:55:00,long,27179.319,27249.469,27153.730711038093,27300.53494871797,21.323574134923216,2.7414885029800398,TIMEOUT,12,19.007187206936987
2023-02-01 12:00:00,2023-02-01 12:20:00,long,27224.999,27203.273082857446,27203.273082857446,27295.087181818202,18.10493095212966,-0.9999999999999246,SL,4,18.00718720693706
2023-02-01 12:50:00,2023-02-01 13:50:00,long,27189.999,27214.319,27169.57763851789,27289.657496732052,17.017801235092502,1.1909098235836966,TIMEOUT,12,19.198097030520756
2023-02-01 14:35:00,2023-02-01 14:40:00,long,27224.519,27282.2222758621,27183.806212029212,27282.2222758621,33.927323308990815,1.4173255809329615,VWAP,1,20.615422611453717
2023-02-01 14:50:00,2023-02-01 15:10:00,short,27419.999,27475.170884537838,27475.170884537838,27283.383161958598,45.97657044819716,-1.000000000000029,SL,4,19.61542261145369
2023-02-01 23:45:00,2023-02-02 00:00:00,short,27407.319,27423.853404221845,27423.853404221845,27328.80869696972,13.778670184870437,-1.0000000000000748,SL,3,18.615422611453614
2023-02-02 02:45:00,2023-02-02 03:20:00,long,27392.319,27412.062232323227,27379.59654272049,27412.062232323227,10.602047732925419,1.5518411175979583,VWAP,7,20.167263729051573
2023-02-02 03:30:00,2023-02-02 03:55:00,short,27477.369,27496.774489911688,27496.774489911688,27409.894079365076,16.171241593072867,-1.0000000000000842,SL,5,19.167263729051488
2023-02-02 06:30:00,2023-02-02 06:55:00,short,27447.419,27425.922461538456,27459.986581592,27425.922461538456,10.47298465999806,1.7104753451717345,VWAP,4,20.87773907422322
2023-02-02 07:00:00,2023-02-02 07:25:00,long,27407.269,27393.747141689404,27393.747141689404,27426.218236947785,11.268215258829374,-1.0000000000000664,SL,5,19.877739074223154
2023-02-02 07:30:00,2023-02-02 07:45:00,long,27387.419,27372.968133003375,27372.968133003375,27424.586565543064,12.04238916385465,-1.000000000000109,SL,3,18.877739074223044
2023-02-02 08:55:00,2023-02-02 09:45:00,short,27477.469,27423.705415094333,27499.90510898939,27423.705415094333,18.69675749115854,2.396297189102261,VWAP,10,21.274036263325304
2023-02-02 10:35:00,2023-02-02 10:55:00,short,27492.419,27526.74749555145,27526.74749555145,27428.482386243373,28.60707962620747,-1.0000000000000313,SL,4,20.27403626332527
2023-02-02 13:35:00,2023-02-02 13:40:00,short,27542.469,27562.560667418675,27562.560667418675,27446.26934979423,16.743056182226777,-1.0000000000000806,SL,1,19.27403626332519
2023-02-02 13:45:00,2023-02-02 13:50:00,short,27557.469,27577.30430507018,27577.30430507018,27447.604772357718,16.529420891817907,-0.9999999999999637,SL,1,18.274036263325225
2023-02-02 14:00:00,2023-02-02 14:50:00,short,27587.419,27449.892473053886,27607.761631646936,27449.892473053886,16.95219303911206,6.7605081453087505,VWAP,10,25.034544408633977
2023-02-02 15:35:00,2023-02-02 16:00:00,short,27512.519,27543.88080843622,27543.88080843622,27454.498139784937,26.134840363517444,-0.9999999999999893,SL,5,24.034544408633987
2023-02-02 19:35:00,2023-02-02 19:40:00,short,27524.369,27554.758236261616,27554.758236261616,27460.353735202487,25.324363551346664,-1.0000000000000344,SL,1,23.034544408633952
2023-02-02 20:40:00,2023-02-02 21:40:00,short,27607.999,27502.469,27635.020608090123,27466.996356828193,22.518006741769756,3.905393033901992,TIMEOUT,12,26.939937442535943
2023-02-02 22:40:00,2023-02-02 23:45:00,short,27534.999,27502.319,27554.61797199112,27472.523039999993,16.349143325932307,1.6657345764494729,TIMEOUT,12,28.605672018985416
2023-02-03 01:05:00,2023-02-03 02:05:00,short,27527.269,27496.915190476193,27541.436915008137,27496.915190476193,11.806595840113081,2.1424330613486244,VWAP,12,30.748105080334042
2023-02-03 03:05:00,2023-02-03 03:10:00,long,27482.519,27469.89748880845,27469.89748880845,27498.440052631577,10.517925992959034,-1.0000000000000673,SL,1,29.748105080333975
2023-02-03 03:15:00,2023-02-03 03:25:00,long,27467.319,27454.31461535014,27454.31461535014,27497.142583333334,10.836987208214548,-1.0000000000001397,SL,2,28.748105080333836
2023-02-03 03:30:00,2023-02-03 03:50:00,long,27457.319,27444.262662873272,27444.262662873272,27494.580317829466,10.88028093893861,-1.0000000000000633,SL,4,27.748105080333772
2023-02-03 05:25:00,2023-02-03 05:55:00,long,27472.269,27487.817333333332,27460.418447774962,27487.817333333332,9.875460187530306,1.3120344974712392,VWAP,6,29.06013957780501
2023-02-03 06:10:00,2023-02-03 06:25:00,long,27472.369,27486.753266666663,27461.608806133678,27486.753266666663,8.966828221935465,1.3368036715104472,VWAP,3,30.39694324931546
2023-02-03 06:40:00,2023-02-03 07:40:00,short,27507.469,27507.999,27519.095466694856,27486.772827160486,9.688722245712233,-0.04558564643146388,TIMEOUT,12,30.351357602883997
2023-02-03 07:45:00,2023-02-03 07:55:00,short,27517.999,27529.883038794414,27529.883038794414,27488.801801418438,9.903365662010822,-1.0000000000001412,SL,2,29.351357602883855
2023-02-03 08:00:00,2023-02-03 08:15:00,short,27532.519,27544.438399865645,27544.438399865645,27490.049687285227,9.932833221369807,-1.0000000000000753,SL,3,28.35135760288378
2023-02-03 08:20:00,2023-02-03 08:30:00,short,27542.469,27492.08249834984,27554.32014544884,27492.08249834984,9.87595454070046,4.251614484665005,VWAP,2,32.602972087548785
2023-02-03 09:40:00,2023-02-03 09:50:00,short,27567.319,27602.440751645907,27602.440751645907,27489.793358974366,29.268126371590967,-0.9999999999999486,SL,2,31.602972087548835
2023-02-03 10:20:00,2023-02-03 10:35:00,short,27637.469,27682.02907535753,27682.02907535753,27495.109666666674,37.13339613127394,-0.9999999999999667,SL,3,30.602972087548867
2023-02-03 15:20:00,2023-02-03 16:00:00,short,27622.999,27653.731963045164,27653.731963045164,27544.093558558576,25.610802537637475,-0.9999999999999708,SL,8,29.602972087548896
2023-02-05 18:45:00,2023-02-05 19:40:00,short,27799.519,27694.953666666668,27841.089184512515,27694.953666666668,34.64182042709489,2.5153925718529058,VWAP,11,32.1183646594018
2023-02-05 22:55:00,2023-02-05 23:05:00,long,27718.419,27691.774779756393,27691.774779756393,27755.89283333333,22.203516869672853,-1.0000000000000324,SL,2,31.118364659401767
2023-02-06 00:25:00,2023-02-06 01:15:00,long,27658.419,27694.00177777778,27636.657546721268,27694.00177777778,18.134544398945316,1.635128744482782,VWAP,10,32.75349340388455
2023-02-06 02:05:00,2023-02-06 03:05:00,long,27651.519,27661.999,27636.835300276798,27676.12669230769,12.236416436002635,0.7137165835282699,TIMEOUT,12,33.467209987412815
2023-02-06 03:25:00,2023-02-06 03:30:00,long,27631.999,27613.161404854432,27613.161404854432,27669.85876190477,15.697995954640428,-0.9999999999999366,SL,1,32.46720998741288
2023-02-06 04:00:00,2023-02-06 04:15:00,long,27606.369,27587.073872577435,27587.073872577435,27663.60607482994,16.07927285213555,-1.0000000000000375,SL,3,31.46720998741284
2023-02-06 09:30:00,2023-02-06 09:35:00,short,27671.999,27689.21608110385,27689.21608110385,27626.470855072468,14.347567586539242,-1.0000000000000886,SL,1,30.46720998741275
2023-02-06 10:50:00,2023-02-06 11:00:00,short,27676.519,27704.249863824632,27704.249863824632,27629.459508905853,23.10905318719227,-1.000000000000055,SL,2,29.467209987412694
2023-02-06 11:05:00,2023-02-06 12:05:00,short,27701.469,27681.369,27728.814603433933,27630.98755721393,22.788002861611496,0.7350358915488268,TIMEOUT,12,30.20224587896152
2023-02-06 18:20:00,2023-02-06 18:45:00,short,27701.419,27719.12591169531,27719.12591169531,27649.853726368157,14.755759746092432,-0.9999999999999384,SL,5,29.20224587896158
2023-02-06 20:00:00,2023-02-06 21:00:00,short,27781.319,27748.269,27808.682476284546,27658.317929110093,22.8028969037902,1.207814374764296,TIMEOUT,12,30.410060253725877
2023-02-06 21:05:00,2023-02-06 22:05:00,short,27761.519,27748.519,27784.879026358074,27663.181293447284,19.466688631728218,0.5565062213856127,TIMEOUT,12,30.96656647511149
2023-02-07 01:15:00,2023-02-07 01:30:00,long,27623.319,27607.25612937014,27607.25612937014,27669.407541666667,13.385725524882385,-1.0000000000000329,SL,3,29.96656647511146
2023-02-08 01:00:00,2023-02-08 01:15:00,short,27608.319,27623.25353767642,27623.25353767642,27573.830666666665,12.445448063684761,-0.9999999999999734,SL,3,28.966566475111485
2023-02-08 03:15:00,2023-02-08 03:35:00,long,27548.999,27531.0986559078,27531.0986559078,27592.077888888885,14.916953410164655,-1.0000000000000675,SL,4,27.966566475111417
2023-02-08 04:25:00,2023-02-08 04:45:00,long,27538.469,27520.207578348334,27520.207578348334,27580.34679874213,15.217851376387786,-1.000000000000077,SL,4,26.96656647511134
2023-02-08 04:55:00,2023-02-08 05:55:00,long,27508.369,27515.469,27491.457529426905,27574.605101694906,14.092892144245164,0.4198333887827672,TIMEOUT,12,27.386399863894106
2023-02-08 06:15:00,2023-02-08 06:25:00,long,27503.369,27489.93057963913,27489.93057963913,27561.02615555555,11.198683634058026,-0.9999999999998708,SL,2,26.386399863894233
2023-02-08 06:50:00,2023-02-08 07:50:00,long,27483.999,27488.999,27470.38405892927,27554.969121951213,11.345784225608384,0.36724360201229206,TIMEOUT,12,26.753643465906524
2023-02-08 07:55:00,2023-02-08 08:55:00,long,27483.369,27488.469,27470.930479621584,27546.941140350867,10.365433648678039,0.4100166132985517,TIMEOUT,12,27.163660079205076
2023-02-08 10:30:00,2023-02-08 10:35:00,long,27493.519,27469.52586592494,27469.52586592494,27537.22492592591,19.994278395883523,-0.9999999999999515,SL,1,26.163660079205126
2023-02-08 11:30:00,2023-02-08 11:45:00,long,27425.519,27399.761562301195,27399.761562301195,27530.56187439612,21.464531415671757,-0.9999999999999573,SL,3,25.16366007920517
2023-02-08 13:30:00,2023-02-08 14:30:00,long,27423.319,27413.519,27397.094029858636,27515.801469135793,21.85414178446959,-0.37368965330268034,TIMEOUT,12,24.78997042590249
2023-02-08 14:45:00,2023-02-08 15:45:00,long,27403.369,27413.519,27381.845593282967,27507.671693032004,17.936172264191995,0.47157962182493485,TIMEOUT,12,25.261550047727425
2023-02-08 23:05:00,2023-02-08 23:30:00,short,27515.999,27529.361238770136,27529.361238770136,27492.550861979154,11.135198975114788,-0.9999999999998823,SL,5,24.261550047727543
2023-02-09 14:15:00,2023-02-09 15:00:00,long,27593.419,27570.93474460153,27570.93474460153,27640.53352941176,18.736879498726385,-0.999999999999964,SL,9,23.261550047727578
2023-02-09 15:05:00,2023-02-09 15:30:00,long,27558.269,27536.768765472367,27536.768765472367,27637.256666666668,17.916862106359993,-1.0000000000000673,SL,5,22.26155004772751
2023-02-09 15:35:00,2023-02-09 18:15:00,long,27523.319,27555.269,27502.393496473076,27634.37792473119,17.43791960576849,1.5268449793284413,TIMEOUT,12,23.78839502705595
2023-02-09 19:20:00,2023-02-09 19:55:00,short,27733.419,27770.91297237873,27770.91297237873,27627.305887835708,31.24497698227384,-0.9999999999999933,SL,7,22.78839502705596
2023-02-10 02:20:00,2023-02-10 02:25:00,long,27480.369,27453.27668901179,27453.27668901179,27651.949459770116,22.576925823508763,-0.999999999999968,SL,1,21.78839502705599
2023-02-10 10:50:00,2023-02-10 11:10:00,long,27540.469,27586.349432569972,27513.133884313484,27586.349432569972,22.779263072097198,1.6784429631151045,VWAP,4,23.466837990171094
2023-02-10 12:05:00,2023-02-10 13:00:00,long,27550.319,27584.29315525114,27526.03535234777,27584.29315525114,20.23637304352433,1.3990548593724843,VWAP,11,24.865892849543577
2023-02-10 15:45:00,2023-02-12 18:05:00,short,27615.319,27584.64270175439,27632.960795116393,27584.64270175439,14.701495930327441,1.7388422234370382,VWAP,8,26.604735072980617
2023-02-12 18:35:00,2023-02-12 18:50:00,long,27550.319,27532.658782954273,27532.658782954273,27583.56775,14.716847538106142,-0.99999999999994,SL,3,25.604735072980677
2023-02-12 19:10:00,2023-02-12 19:30:00,long,27485.369,27456.578209379193,27456.578209379193,27561.03455555555,23.992325517338237,-0.9999999999999915,SL,4,24.604735072980684
2023-02-12 20:05:00,2023-02-12 20:10:00,long,27410.369,27377.635133731426,27377.635133731426,27523.57271794872,27.278221890475983,-1.000000000000039,SL,1,23.604735072980645
2023-02-13 03:00:00,2023-02-13 03:15:00,short,27487.269,27502.62611890931,27502.62611890931,27439.6699009009,12.79759909109174,-0.9999999999999334,SL,3,22.604735072980713
2023-02-13 03:20:00,2023-02-13 03:30:00,short,27502.269,27517.697815003354,27517.697815003354,27445.00347154471,12.857345836127404,-1.0000000000000413,SL,2,21.60473507298067
2023-02-13 04:00:00,2023-02-13 05:00:00,short,27534.369,27527.999,27549.387389501095,27456.36784353741,12.515324584247644,0.4241466769478591,TIMEOUT,12,22.02888174992853
2023-02-13 06:00:00,2023-02-13 06:40:00,short,27517.419,27530.099217797266,27530.099217797266,27477.79078082192,10.56684816438542,-1.0000000000001221,SL,8,21.02888174992841
2023-02-13 06:45:00,2023-02-13 07:00:00,short,27532.519,27543.25888292917,27543.25888292917,27482.444691056913,8.949902440974707,-1.0000000000000853,SL,2,20.028881749928324
2023-02-13 07:05:00,2023-02-13 07:20:00,short,27557.369,27568.69962200998,27568.69962200998,27484.59245098039,9.442185008316782,-1.0000000000000133,SL,3,19.02888174992831
2023-02-13 07:25:00,2023-02-13 08:30:00,short,27577.319,27567.469,27589.169999459264,27488.26188389514,9.875832882718854,0.8311535270807798,TIMEOUT,12,19.86003527700909
2023-02-13 09:25:00,2023-02-13 09:30:00,short,27557.319,27568.129189438445,27568.129189438445,27502.606470238097,9.008491198704979,-0.9999999999999448,SL,1,18.860035277009146
2023-02-13 09:35:00,2023-02-13 09:40:00,short,27557.319,27570.01270415866,27570.01270415866,27503.626368421053,10.578086798883296,-1.0000000000000582,SL,1,17.86003527700909
2023-02-13 09:45:00,2023-02-13 10:00:00,short,27582.319,27598.660836749048,27598.660836749048,27504.914545977015,13.618197290873983,-0.9999999999999846,SL,3,16.860035277009104
2023-02-14 01:15:00,2023-02-14 01:25:00,short,27629.269,27642.902872220584,27642.902872220584,27601.524416666667,11.361560183820465,-0.9999999999999389,SL,2,15.860035277009164
2023-02-14 01:30:00,2023-02-14 01:45:00,short,27644.469,27657.911622911306,27657.911622911306,27607.746368421052,11.202185759421894,-0.9999999999999112,SL,3,14.860035277009253
2023-02-14 03:00:00,2023-02-14 03:10:00,short,27649.269,27623.54638738738,27661.343446799146,27623.54638738738,10.0620389992886,2.1303346679565855,VWAP,2,16.99036994496584
2023-02-14 03:15:00,2023-02-14 03:25:00,long,27604.319,27589.27054095564,27589.27054095564,27624.03633333333,12.54038253696682,-0.9999999999999435,SL,2,15.990369944965895
2023-02-14 05:30:00,2023-02-14 06:05:00,short,27664.319,27678.534599087456,27678.534599087456,27622.315169154233,11.846332572879799,-1.000000000000032,SL,7,14.990369944965863
2023-02-14 13:05:00,2023-02-14 13:20:00,short,27714.369,27746.99697394002,27746.99697394002,27641.20064556963,27.189978283349625,-1.0000000000000056,SL,3,13.990369944965858
2023-02-14 14:50:00,2023-02-14 15:50:00,short,27769.469,27769.369,27795.253863412167,27651.22482867784,21.487386176804772,0.0038782443173618337,TIMEOUT,12,13.99424818928322
2023-02-14 15:55:00,2023-02-14 18:35:00,short,27769.519,27741.369,27791.094275701405,27658.151795138885,17.979396417836835,1.3047341961970547,TIMEOUT,12,15.298982385480274
2023-02-14 19:55:00,2023-02-14 20:40:00,long,27621.469,27593.40730806258,27593.40730806258,27663.66816666667,23.38474328118537,-0.9999999999999999,SL,9,14.298982385480274
2023-02-14 21:00:00,2023-02-14 21:15:00,long,27556.469,27530.71897603168,27530.71897603168,27660.538413447775,21.458353306935766,-0.9999999999999384,SL,3,13.298982385480336
2023-02-15 07:00:00,2023-02-15 07:15:00,short,27534.419,27546.30651848486,27546.30651848486,27492.868552845535,9.90626540405012,-0.9999999999998571,SL,3,12.298982385480478
2023-02-15 09:45:00,2023-02-15 10:10:00,short,27554.269,27503.845666666668,27577.9440550305,27503.845666666668,19.72921252541732,2.12980849541306,VWAP,5,14.428790880893539
2023-02-15 13:25:00,2023-02-15 13:45:00,short,27586.519,27607.27865749434,27607.27865749434,27518.269901467494,17.29971457861532,-0.9999999999999899,SL,4,13.42879088089355
2023-02-15 15:40:00,2023-02-15 16:05:00,short,27629.419,27646.491898503962,27646.491898503962,27532.03084587811,14.227415419966722,-1.000000000000023,SL,5,12.428790880893526
2023-02-15 16:10:00,2023-02-15 18:50:00,short,27669.269,27654.999,27687.13158958467,27535.39853124997,14.885491320558826,0.7988763293451437,TIMEOUT,12,13.22766721023867
2023-02-15 20:50:00,2023-02-15 21:50:00,short,27712.419,27722.469,27743.52501850297,27554.348137426878,25.921682085805323,-0.3230886009741448,TIMEOUT,12,12.904578609264524
2023-02-15 23:50:00,2023-02-16 00:05:00,short,27692.419,27704.17924000997,27704.17924000997,27573.828520201994,9.800200008306886,-0.99999999999995,SL,2,11.904578609264574
2023-02-16 01:15:00,2023-02-16 01:40:00,long,27684.469,27671.868603085913,27671.868603085913,27705.88941666667,10.500330761739594,-0.9999999999999964,SL,5,10.904578609264577
2023-02-16 05:05:00,2023-02-16 05:30:00,long,27657.519,27677.356759562852,27644.055506697507,27677.356759562852,11.219577752078266,1.4734481695903587,VWAP,5,12.378026778854936
2023-02-16 07:10:00,2023-02-16 07:20:00,long,27647.999,27637.72936018469,27637.72936018469,27673.153302325587,8.558033179424028,-1.00000000000005,SL,2,11.378026778854887
2023-02-16 07:25:00,2023-02-16 08:20:00,long,27637.319,27626.66681389423,27626.66681389423,27672.209823970046,8.876821754808672,-0.9999999999999565,SL,11,10.378026778854931
2023-02-16 08:25:00,2023-02-16 08:30:00,long,27612.999,27601.565572153722,27601.565572153722,27667.63200330034,9.527856538563707,-1.0000000000000904,SL,1,9.37802677885484
2023-02-16 08:35:00,2023-02-16 08:40:00,long,27577.469,27560.449156601935,27560.449156601935,27666.31492233011,14.183202831720845,-1.0000000000000497,SL,1,8.37802677885479
2023-02-16 08:45:00,2023-02-16 08:50:00,long,27557.419,27538.15807380473,27538.15807380473,27664.401126984143,16.05077182939198,-1.000000000000041,SL,1,7.37802677885475
2023-02-16 08:55:00,2023-02-16 09:20:00,long,27557.469,27537.935078943876,27537.935078943876,27662.328127725872,16.2782675467716,-0.9999999999999587,SL,5,6.378026778854791
2023-02-16 15:05:00,2023-02-16 15:20:00,long,27599.999,27578.94882220488,27578.94882220488,27636.60590607735,17.541814829269235,-0.9999999999999141,SL,3,5.378026778854877
2023-02-16 15:40:00,2023-02-16 18:05:00,long,27524.519,27498.958406456364,27498.958406456364,27634.12545390071,21.300494619695396,-1.000000000000062,SL,9,4.378026778854815
2023-02-16 22:05:00,2023-02-16 23:05:00,long,27496.269,27499.999,27472.549338978886,27608.962292517015,19.766384184262694,0.15725351204130275,TIMEOUT,12,4.535280290896117
2023-02-17 07:55:00,2023-02-17 09:00:00,short,27494.419,27489.369,27508.970798601433,27463.712541666682,12.126498834525913,0.34703613885270984,TIMEOUT,12,4.882316429748827
2023-02-17 09:05:00,2023-02-17 09:35:00,short,27494.369,27507.3193497372,27507.3193497372,27465.78065137616,10.791958114336909,-0.9999999999998608,SL,6,3.8823164297489665
2023-02-17 09:55:00,2023-02-17 10:05:00,long,27434.999,27466.99373389357,27414.794733091974,27466.99373389357,16.83688909002073,1.5835632165828752,VWAP,2,5.4658796463318415
2023-02-17 10:20:00,2023-02-17 10:50:00,short,27514.519,27467.237172043024,27540.3936992791,27467.237172043024,21.56224939924771,1.827338259933822,VWAP,6,7.293217906265664
2023-02-17 12:55:00,2023-02-17 13:55:00,long,27439.999,27444.999,27421.28384493263,27466.94930107528,15.595962556141576,0.2671631617264857,TIMEOUT,12,7.560381067992149
2023-02-17 14:25:00,2023-02-17 14:55:00,short,27504.419,27521.593243823685,27521.593243823685,27465.983855491337,14.311869853069183,-1.0000000000000198,SL,6,6.56038106799213
2023-02-19 19:00:00,2023-02-19 19:05:00,long,27459.319,27441.016415413178,27441.016415413178,27485.272589743585,15.252153822352081,-0.9999999999999437,SL,1,5.560381067992186
2023-02-19 19:20:00,2023-02-19 19:40:00,long,27421.369,27474.61194117647,27399.296613536437,27474.61194117647,18.39365538630267,2.412196853492224,VWAP,4,7.97257792148441
2023-02-20 01:25:00,2023-02-20 02:30:00,short,27534.319,27524.469,27543.619895935153,27518.654555555553,7.750746612628431,1.059037760305328,TIMEOUT,12,9.031615681789738
2023-02-20 03:10:00,2023-02-20 03:20:00,long,27499.269,27489.421805881848,27489.421805881848,27523.57057894737,8.205995098458915,-1.000000000000173,SL,2,8.031615681789566
2023-02-20 04:25:00,2023-02-20 04:45:00,long,27494.469,27483.70589740284,27483.70589740284,27519.247427672966,8.969252164299766,-1.0000000000000697,SL,4,7.031615681789496
2023-02-20 04:50:00,2023-02-20 05:50:00,long,27479.469,27499.419,27469.176020897903,27516.485034482765,8.577482585082324,1.938214369436816,TIMEOUT,12,8.969830051226312
2023-02-20 09:45:00,2023-02-20 11:00:00,long,27494.519,27486.70558250238,27486.70558250238,27510.457851851857,6.511181248014562,-1.0000000000001315,SL,3,7.969830051226181
2023-02-20 11:05:00,2023-02-20 11:35:00,long,27484.369,27476.67282837491,27476.67282837491,27509.56580851064,6.413476354241427,-0.9999999999997812,SL,5,6.969830051226399
2023-02-20 11:40:00,2023-02-20 12:00:00,long,27479.469,27471.10628232317,27471.10628232317,27507.9353,6.968931397358374,-1.0000000000001592,SL,2,5.96983005122624
2023-02-20 19:35:00,2023-02-20 19:40:00,short,27539.419,27506.111272727274,27558.70490967051,27506.111272727274,16.071591392088397,1.727049843216121,VWAP,1,7.696879894442361
2023-02-20 19:55:00,2023-02-20 20:05:00,long,27386.419,27357.994412585922,27357.994412585922,27505.040754385966,23.68715617840069,-0.9999999999999611,SL,2,6.6968798944424
2023-02-21 00:50:00,2023-02-21 01:30:00,long,27459.269,27476.59657575758,27448.62215991267,27476.59657575758,8.872366739443134,1.62748530225383,VWAP,8,8.324365196696231
2023-02-21 02:05:00,2023-02-21 02:10:00,long,27454.999,27444.24692791165,27444.24692791165,27470.705487179486,8.960060073626497,-0.9999999999999509,SL,1,7.32436519669628
2023-02-21 02:15:00,2023-02-21 03:05:00,long,27449.369,27469.189547619048,27438.36352967892,27469.189547619048,9.171225267565749,1.800972338373057,VWAP,10,9.125337535069336
2023-02-21 11:00:00,2023-02-21 11:20:00,long,27394.519,27369.152269514165,27369.152269514165,27446.600400673404,21.13894207153095,-0.9999999999999327,SL,4,8.125337535069404
2023-02-21 11:25:00,2023-02-21 13:20:00,long,27349.269,27344.419,27325.845324934777,27442.990942307693,19.51972922101837,-0.20705546787572676,TIMEOUT,12,7.918282067193677
2023-02-22 09:35:00,2023-02-22 09:45:00,long,27081.269,27104.0244945055,27063.80928428072,27104.0244945055,14.549763099399286,1.3033141473415448,VWAP,2,9.221596214535221
2023-02-22 11:00:00,2023-02-22 12:00:00,long,27046.519,27086.319,27022.646918265447,27102.877728522344,19.89340144546076,1.6672194927345605,TIMEOUT,12,10.888815707269782
2023-02-22 15:00:00,2023-02-22 16:00:00,long,27031.469,27051.319,27006.274145480784,27102.009948509483,20.995712099346722,0.7878592823331839,TIMEOUT,12,11.676674989602965
2023-02-22 20:50:00,2023-02-22 21:55:00,short,27131.319,27126.269,27149.696484591805,27099.47918987342,15.314570493169837,0.274792775625644,TIMEOUT,12,11.951467765228609
2023-02-22 22:25:00,2023-02-22 22:40:00,short,27136.519,27147.59900091521,27147.59900091521,27102.48646666667,9.233334096005246,-1.0000000000001605,SL,3,10.951467765228449
2023-02-22 23:10:00,2023-02-22 23:15:00,short,27161.519,27170.780022275314,27170.780022275314,27104.74762318841,7.7175185627610725,-1.0000000000000484,SL,1,9.9514677652284
2023-02-22 23:20:00,2023-02-23 00:25:00,short,27176.469,27161.269,27186.16561614555,27105.451401433696,8.08051345462564,1.5675571531183228,TIMEOUT,12,11.519024918346723
2023-02-23 00:55:00,2023-02-23 02:00:00,long,27141.519,27141.369,27132.970631743963,27157.216222222214,7.123640213363861,-0.017547208485728157,TIMEOUT,12,11.501477709860994
2023-02-23 02:05:00,2023-02-23 02:35:00,long,27136.469,27150.694199999994,27128.847540387982,27150.694199999994,6.351216343348251,1.8664666250494173,VWAP,6,13.367944334910412
2023-02-23 08:10:00,2023-02-23 08:20:00,short,27186.319,27197.3214068682,27197.3214068682,27158.817078431377,9.168672390166858,-0.9999999999999442,SL,2,12.367944334910467
2023-02-23 11:10:00,2023-02-23 11:20:00,long,27133.319,27111.293858106186,27111.293858106186,27160.912945578242,18.354284911510945,-1.0000000000000062,SL,2,11.367944334910462
2023-02-23 11:40:00,2023-02-23 13:35:00,long,27071.269,27086.419,27047.67387868106,27157.714865384627,19.66260109911748,0.6420818861329524,TIMEOUT,12,12.010026221043415
2023-02-24 07:05:00,2023-02-24 07:20:00,long,27391.419,27415.118288888894,27376.84409191649,27415.118288888894,12.14575673625884,1.6260335058788418,VWAP,3,13.636059726922257
2023-02-24 09:00:00,2023-02-24 09:25:00,long,27343.419,27326.203060053846,27326.203060053846,27413.47865517241,14.346616621795288,-1.0000000000001041,SL,5,12.636059726922152
2023-02-24 12:10:00,2023-02-24 13:05:00,long,27331.369,27306.18291142233,27306.18291142233,27403.86579738562,20.988407148059085,-0.9999999999999475,SL,11,11.636059726922205
2023-02-24 13:10:00,2023-02-24 15:05:00,long,27286.269,27366.999,27263.72021026418,27395.296076023387,18.790658113183646,3.580236498092585,TIMEOUT,12,15.21629622501479
2023-02-24 15:45:00,2023-02-26 18:45:00,long,27331.469,27311.15817296319,27311.15817296319,27386.283800995017,16.92568919734302,-0.9999999999999313,SL,12,14.21629622501486
2023-02-26 20:45:00,2023-02-26 20:50:00,short,27422.419,27451.21507220142,27451.21507220142,27348.437181818183,23.996726834514675,-1.000000000000003,SL,1,13.216296225014856
2023-02-27 00:50:00,2023-02-27 01:05:00,short,27442.999,27419.449303030302,27456.626519144185,27419.449303030302,11.356265953487398,1.7280986157885487,VWAP,3,14.944394840803405
2023-02-27 13:00:00,2023-02-27 14:00:00,short,27527.519,27544.99174667731,27544.99174667731,27481.59782882884,14.5606222310933,-0.9999999999999496,SL,12,13.944394840803454
2023-02-27 19:45:00,2023-02-27 20:45:00,short,27582.469,27549.419,27605.70418325292,27497.7869375,19.36265271076803,1.422411850177403,TIMEOUT,12,15.366806690980857
2023-02-27 23:00:00,2023-02-27 23:35:00,long,27474.999,27460.57764468111,27460.57764468111,27503.6470234506,12.017796099075206,-0.9999999999999313,SL,7,14.366806690980926
2023-02-27 23:40:00,2023-02-28 00:10:00,long,27449.519,27435.71714452774,27435.71714452774,27502.24399194849,11.501546226881395,-1.0000000000000575,SL,5,13.36680669098087
2023-02-28 00:20:00,2023-02-28 00:25:00,long,27424.419,27410.489360369764,27410.489360369764,27442.401,11.608033025196942,-1.0000000000001157,SL,1,12.366806690980754
2023-02-28 00:30:00,2023-02-28 01:05:00,long,27404.369,27434.649,27389.004667869845,27434.649,12.803610108460685,1.9707983232526811,VWAP,7,14.337605014233436
2023-02-28 04:00:00,2023-02-28 04:05:00,short,27466.469,27484.54977613763,27484.54977613763,27436.159816326523,15.067313448023643,-0.9999999999999382,SL,1,13.337605014233498
2023-02-28 04:55:00,2023-02-28 06:00:00,short,27489.419,27505.785415685354,27505.785415685354,27442.2461111111,13.638679737794671,-0.9999999999999,SL,2,12.337605014233597
2023-02-28 06:05:00,2023-02-28 08:05:00,short,27534.469,27541.319,27552.362504103763,27445.79407936507,14.911253419801264,-0.3828204895070586,TIMEOUT,12,11.954784524726538
2023-02-28 11:50:00,2023-02-28 14:00:00,long,27444.269,27472.479581039748,27423.551224176514,27472.479581039748,17.264813186238843,1.3616606956315807,VWAP,3,13.31644522035812
2023-02-28 14:35:00,2023-02-28 16:00:00,long,27444.519,27425.26004036151,27425.26004036151,27471.29320903954,16.049133032073957,-1.000000000000045,SL,6,12.316445220358075
2023-02-28 16:05:00,2023-02-28 18:45:00,long,27394.419,27374.04241839947,27374.04241839947,27469.33123999999,16.980484667109984,-1.0000000000000264,SL,12,11.316445220358048
2023-02-28 18:50:00,2023-02-28 19:20:00,long,27364.319,27345.242933839014,27345.242933839014,27462.00663285023,15.896721800821688,-0.9999999999999802,SL,6,10.316445220358068
2023-03-01 07:00:00,2023-03-01 08:00:00,long,27477.419,27479.419,27464.692990226245,27517.821072072078,10.605008144797686,0.157158452300129,TIMEOUT,12,10.473603672658196
2023-03-01 09:00:00,2023-03-01 09:55:00,long,27432.319,27511.393865900387,27418.907759093854,27511.393865900387,11.176034088454724,5.896163259892801,VWAP,11,16.369766932551
2023-03-01 11:05:00,2023-03-01 11:10:00,long,27457.519,27435.421071666344,27435.421071666344,27505.020848184824,18.414940278046156,-1.0000000000000484,SL,1,15.36976693255095
2023-03-01 11:15:00,2023-03-01 13:10:00,long,27412.369,27472.319,27389.161276079652,27503.449550161815,19.3397699336214,2.5831917083193123,TIMEOUT,12,17.952958640870264
2023-03-01 13:30:00,2023-03-01 15:00:00,long,27462.319,27442.606623074393,27442.606623074393,27498.115862745104,16.426980771339952,-0.9999999999999424,SL,7,16.95295864087032
2023-03-01 19:00:00,2023-03-01 19:05:00,short,27534.369,27552.326248530335,27552.326248530335,27493.92142222222,14.964373775279565,-1.0000000000000333,SL,1,15.952958640870287
2023-03-01 20:40:00,2023-03-01 21:40:00,long,27436.319,27479.469,27399.286325068962,27500.082333333343,30.860562442529954,1.1651872320959125,TIMEOUT,12,17.1181458729662
2023-03-02 03:00:00,2023-03-02 03:05:00,long,27494.419,27481.4779143504,27481.4779143504,27515.58215315315,10.784238041336387,-0.9999999999999748,SL,1,16.118145872966224
2023-03-02 03:10:00,2023-03-02 04:05:00,long,27466.419,27513.55805982906,27451.691472067436,27513.55805982906,12.272939943805238,3.2007448938408474,VWAP,11,19.318890766807073
2023-03-02 07:00:00,2023-03-02 08:00:00,short,27546.319,27561.890205360083,27561.890205360083,27508.046162162165,12.976004466735901,-1.0000000000000395,SL,12,18.318890766807034
2023-03-02 09:30:00,2023-03-02 09:35:00,short,27564.369,27578.41401636616,27578.41401636616,27517.44828315412,11.704180305136665,-0.9999999999999004,SL,1,17.318890766807133
2023-03-02 09:40:00,2023-03-02 09:55:00,short,27579.269,27596.87481513205,27596.87481513205,27518.597526315792,14.671512610041146,-1.0000000000000546,SL,3,16.31889076680708
2023-03-03 05:20:00,2023-03-03 06:20:00,short,27924.419,27924.269,27939.01698557615,27898.8643125,12.164987980121024,0.010275390341977888,TIMEOUT,12,16.329166157149057
2023-03-03 06:25:00,2023-03-03 06:45:00,short,27924.519,27901.84722510822,27937.310932573506,27901.84722510822,10.65994381125392,1.7723494680341623,VWAP,4,18.101515625183218
2023-03-03 09:05:00,2023-03-03 09:15:00,short,27934.269,27948.42548158283,27948.42548158283,27903.01000775194,11.797067985692728,-1.0000000000000142,SL,2,17.101515625183204
2023-03-03 09:20:00,2023-03-03 09:50:00,short,27944.469,27958.413069255643,27958.413069255643,27904.327838951307,11.620057713034699,-1.0000000000000122,SL,6,16.101515625183193
2023-03-06 02:05:00,2023-03-06 02:25:00,long,28220.519,28243.692599999995,28207.539184551297,28243.692599999995,10.816512873920887,1.7853566633188567,VWAP,4,17.88687228850205
2023-03-06 05:05:00,2023-03-06 08:05:00,long,28192.319,28200.419,28174.425299034072,28232.721721088434,14.911417471607182,0.4526732628104933,TIMEOUT,12,18.339545551312543
2023-03-06 10:40:00,2023-03-06 11:20:00,short,28265.369,28282.7505321877,28282.7505321877,28225.89817695473,14.48461015641596,-1.000000000000103,SL,8,17.33954555131244
2023-03-06 11:55:00,2023-03-06 13:00:00,short,28285.469,28232.83559722222,28304.089049411014,28232.83559722222,15.516707842509929,2.826705859687661,VWAP,2,20.1662514110001
2023-03-06 13:50:00,2023-03-06 15:15:00,long,28200.319,28181.694333979056,28181.694333979056,28231.793228395054,15.520555017451882,-1.0000000000000695,SL,6,19.16625141100003
2023-03-06 15:20:00,2023-03-06 18:15:00,long,28180.269,28212.519,28163.943858382525,28229.480362318838,13.60428468123055,1.9754805658454566,TIMEOUT,12,21.141731976845485
2023-03-06 19:30:00,2023-03-06 19:40:00,short,28275.999,28302.545747535394,28302.545747535394,28225.71993896713,22.122289612827906,-1.000000000000034,SL,2,20.14173197684545
2023-03-06 19:45:00,2023-03-06 20:05:00,short,28325.419,28356.089364553667,28356.089364553667,28227.302126436778,25.558637128055082,-0.999999999999978,SL,4,19.14173197684547
2023-03-07 04:25:00,2023-03-07 05:25:00,short,28361.269,28356.999,28377.16916952245,28322.74432051281,13.250141268708143,0.26855059588965624,TIMEOUT,12,19.410282572735127
2023-03-07 07:50:00,2023-03-07 10:05:00,short,28399.999,28339.752415637853,28411.462566210907,28339.752415637853,9.552971842422888,5.255483612492478,VWAP,4,24.665766185227604
2023-03-07 10:10:00,2023-03-07 10:20:00,long,28269.999,28340.864891472862,28248.60147928477,28340.864891472862,17.831267262689565,3.311873951005485,VWAP,2,27.977640136233088
2023-03-07 22:50:00,2023-03-07 23:30:00,short,28394.519,28417.01205663527,28417.01205663527,28331.630182170546,18.74421386272655,-0.9999999999999386,SL,8,26.97764013623315
2023-03-07 23:45:00,2023-03-08 00:00:00,short,28429.519,28447.846703493015,28447.846703493015,28336.112825136617,15.273086244179499,-0.9999999999999384,SL,3,25.97764013623321
2023-03-08 03:15:00,2023-03-08 03:40:00,long,28392.519,28428.070025641024,28377.431609120027,28428.070025641024,12.57282573331129,2.356340199829553,VWAP,5,28.333980336062762
2023-03-08 04:40:00,2023-03-08 04:55:00,short,28477.369,28495.927596147587,28495.927596147587,28429.814000000002,15.465496789655727,-1.0000000000000664,SL,3,27.333980336062695
2023-03-08 06:00:00,2023-03-08 06:10:00,short,28587.469,28610.950709636287,28610.950709636287,28436.19402732241,19.56809136357206,-0.999999999999972,SL,2,26.333980336062723
2023-03-08 16:00:00,2023-03-08 19:00:00,short,28612.419,28638.19075775624,28638.19075775624,28501.177440860207,21.47646479686632,-1.0000000000000093,SL,4,25.333980336062712
2023-03-08 19:05:00,2023-03-08 20:05:00,short,28717.519,28614.469,28748.65614613068,28506.514193798444,25.947621775567576,3.309551863472119,TIMEOUT,12,28.64353219953483
2023-03-09 00:35:00,2023-03-09 00:50:00,short,28614.469,28629.007980957605,28629.007980957605,28589.192333333336,12.115817464668966,-1.0000000000001203,SL,3,27.64353219953471
2023-03-09 02:25:00,2023-03-09 02:35:00,long,28579.519,28566.566370345183,28566.566370345183,28601.707222222227,10.79385804568092,-1.000000000000025,SL,2,26.643532199534686
2023-03-09 02:40:00,2023-03-09 02:50:00,long,28569.469,28555.847479828124,28555.847479828124,28599.026272727275,11.351266809898338,-0.9999999999999195,SL,2,25.643532199534768
2023-03-09 02:55:00,2023-03-09 03:10:00,long,28526.369,28510.965428637894,28510.965428637894,28594.70816666667,12.836309468420987,-0.9999999999999971,SL,3,24.64353219953477
2023-03-09 03:15:00,2023-03-09 03:25:00,long,28489.999,28469.80191374237,28469.80191374237,28587.29483333334,16.830905214691057,-1.0000000000000793,SL,2,23.643532199534693
2023-03-09 14:00:00,2023-03-09 14:35:00,long,28404.319,28376.05088993089,28376.05088993089,28528.393285714305,23.55675839092442,-0.9999999999999516,SL,7,22.643532199534743
2023-03-09 14:50:00,2023-03-09 16:00:00,long,28361.369,28333.058675640004,28333.058675640004,28516.998808743185,23.59193696666301,-0.9999999999999576,SL,3,21.643532199534786
2023-03-09 22:45:00,2023-03-09 22:55:00,long,28253.469,28200.788051861913,28200.788051861913,28442.78238709678,43.90079011507332,-0.9999999999999973,SL,2,20.64353219953479
2023-03-09 23:00:00,2023-03-10 00:00:00,long,28153.319,28138.469,28096.61333853521,28438.838100529105,47.2547178873237,-0.261878613464719,TIMEOUT,12,20.38165358607007
2023-03-10 06:35:00,2023-03-10 06:55:00,short,28203.999,28230.951483936766,28230.951483936766,28141.424000000006,22.460403280636886,-1.0000000000000617,SL,4,19.38165358607001
2023-03-10 11:00:00,2023-03-10 12:00:00,long,28018.269,28003.519,27964.386275944322,28152.7861043771,44.902270046400034,-0.27374265608320025,TIMEOUT,12,19.107910929986808
2023-03-10 12:05:00,2023-03-10 12:25:00,long,27983.269,27937.907350793346,27937.907350793346,28140.090071428567,37.801374338877636,-1.0000000000000178,SL,4,18.10791092998679
2023-03-10 12:55:00,2023-03-10 16:00:00,long,27923.519,27881.05781412326,27881.05781412326,28124.791841530052,35.38432156394946,-0.9999999999999788,SL,2,17.10791092998681
2023-03-13 03:35:00,2023-03-13 03:40:00,long,27756.369,27718.58539635461,27718.58539635461,27821.262560606065,31.48633637115713,-0.999999999999991,SL,1,16.107910929986822
2023-03-13 03:45:00,2023-03-13 03:55:00,long,27681.269,27639.973015224128,27639.973015224128,27816.61124637682,34.41332064655903,-1.0000000000000295,SL,2,15.107910929986792
2023-03-13 04:00:00,2023-03-13 04:05:00,long,27606.469,27561.245292072672,27561.245292072672,27805.720156462594,37.686423272773325,-1.0000000000000244,SL,1,14.107910929986767
2023-03-13 04:10:00,2023-03-13 04:25:00,long,27564.319,27514.822088572866,27514.822088572866,27797.089261437915,41.24742618927901,-0.9999999999999726,SL,3,13.107910929986794
2023-03-14 06:20:00,2023-03-14 06:35:00,short,27234.369,27264.546891030473,27264.546891030473,27183.582686868685,25.148242525396313,-0.9999999999999714,SL,3,12.107910929986822
2023-03-14 14:50:00,2023-03-14 14:55:00,short,27379.999,27419.874667189586,27419.874667189586,27259.957482384816,33.22972265798871,-0.9999999999999947,SL,1,11.107910929986827
2023-03-14 15:00:00,2023-03-14 17:40:00,short,27449.519,27419.419,27490.839304872654,27262.700733333328,34.43358739387809,0.7284554190189216,TIMEOUT,12,11.836366349005749
2023-03-14 20:00:00,2023-03-14 20:30:00,long,27216.269,27281.829497835497,27173.05199256198,27281.829497835497,36.01417286501664,1.5170068850676652,VWAP,6,13.353373234073414
2023-03-15 00:25:00,2023-03-15 00:35:00,long,27168.999,27146.0625957789,27146.0625957789,27220.95511111111,19.113670184247983,-1.000000000000027,SL,2,12.353373234073388
2023-03-15 04:00:00,2023-03-15 04:10:00,long,27218.999,27185.90713589222,27185.90713589222,27264.259884353738,27.576553423150592,-0.9999999999999957,SL,2,11.353373234073391
2023-03-15 04:15:00,2023-03-15 04:30:00,long,27168.319,27132.302137957435,27132.302137957435,27259.990410256407,30.014051702136214,-1.0000000000000362,SL,3,10.353373234073356
2023-03-15 04:40:00,2023-03-15 05:00:00,long,27043.319,26999.88772578693,26999.88772578693,27248.80736257309,36.192728510890525,-0.9999999999999812,SL,4,9.353373234073375
2023-03-15 06:00:00,2023-03-15 07:00:00,long,26778.469,26733.369,26710.533134853795,27229.201365591383,56.613220955171506,-0.6638614214000483,TIMEOUT,12,8.689511812673327
2023-03-15 23:55:00,2023-03-16 00:55:00,short,26985.369,26978.319,27017.37123666305,26923.312420138882,26.668530552541956,0.22029710217533557,TIMEOUT,12,8.909808914848663
2023-03-16 01:55:00,2023-03-16 02:45:00,long,26933.469,26974.098166666674,26903.52808785263,26974.098166666674,24.950760122809992,1.356978253257362,VWAP,10,10.266787168106024
2023-03-16 03:00:00,2023-03-16 03:15:00,short,27033.469,26968.426747747755,27066.78942424329,26968.426747747755,27.76702020273899,1.9520235329941864,VWAP,3,12.21881070110021
2023-03-16 03:20:00,2023-03-16 03:40:00,long,26858.369,26967.701276422773,26810.42047748822,26967.701276422773,39.95710209314925,2.280201155226742,VWAP,4,14.499011856326952
2023-03-16 04:05:00,2023-03-16 04:20:00,long,26883.469,26832.705673081306,26832.705673081306,26959.78093333334,42.30277243224549,-1.0000000000000158,SL,3,13.499011856326936
2023-03-16 05:50:00,2023-03-16 07:45:00,long,26860.369,26818.01662229758,26818.01662229758,26939.327779342722,35.29364808535149,-0.9999999999999625,SL,12,12.499011856326973
2023-03-16 10:40:00,2023-03-16 10:55:00,short,27048.369,27101.533253799484,27101.533253799484,26931.302017543872,44.303544832903825,-1.000000000000005,SL,3,11.499011856326968
2023-03-16 11:55:00,2023-03-16 14:15:00,short,27188.319,27236.286444193505,27236.286444193505,26953.360575757586,39.97287016125392,-1.0000000000000229,SL,5,10.499011856326945
2023-03-16 14:55:00,2023-03-16 15:10:00,short,27258.319,27294.026294918367,27294.026294918367,26982.289000000004,29.756079098638224,-1.000000000000047,SL,3,9.499011856326899
2023-03-16 21:05:00,2023-03-16 22:05:00,short,27208.999,27208.519,27255.313385273952,27031.812561076604,38.59532106162821,0.010363950577349117,TIMEOUT,12,9.509375806904247
2023-03-16 23:15:00,2023-03-16 23:20:00,short,27258.519,27282.497365373,27282.497365373,27055.394169340474,19.981971144166863,-1.0000000000000318,SL,1,8.509375806904215
2023-03-16 23:25:00,2023-03-17 00:25:00,short,27345.369,27325.369,27374.269059938964,27058.000040564384,24.083383282470333,0.6920400871914828,TIMEOUT,12,9.201415894095698
2023-03-17 01:05:00,2023-03-17 01:45:00,long,27275.369,27312.459,27249.06545031061,27312.459,21.919624741157985,1.410075842917948,VWAP,8,10.611491737013646
2023-03-17 03:15:00,2023-03-17 04:15:00,short,27380.369,27328.369,27411.375158245035,27313.223499999993,25.838465204197572,1.6770861965243062,TIMEOUT,12,12.288577933537951
2023-03-17 08:00:00,2023-03-17 09:00:00,long,27073.319,27118.419,27025.51493791468,27323.80188288289,39.83671840443251,0.9434344704746908,TIMEOUT,12,13.232012404012641
2023-03-19 20:55:00,2023-03-19 21:55:00,long,27120.369,27093.419,27061.42324359491,27199.0608018018,49.12146367090822,-0.4572000029109815,TIMEOUT,12,12.77481240110166
2023-03-19 22:25:00,2023-03-19 22:30:00,long,27060.369,27023.832459305,27023.832459305,27169.808696969692,30.447117245832818,-1.0000000000000289,SL,1,11.77481240110163
2023-03-19 23:05:00,2023-03-19 23:40:00,long,27033.519,26996.52138442282,26996.52138442282,27153.844661375664,30.83134631431697,-0.9999999999999932,SL,7,10.774812401101638
2023-03-20 07:35:00,2023-03-20 07:50:00,short,27018.999,27063.153280391678,27063.153280391678,26880.572456790123,36.795233659733086,-0.9999999999999657,SL,3,9.774812401101672
2023-03-21 02:20:00,2023-03-21 02:30:00,short,27165.999,27180.19059104075,27180.19059104075,27118.996241379307,11.826325867294063,-0.9999999999999044,SL,2,8.774812401101768
2023-03-21 03:10:00,2023-03-21 03:25:00,short,27213.419,27233.592629439674,27233.592629439674,27135.279512820514,16.81135786639422,-0.9999999999999655,SL,3,7.774812401101802
2023-03-21 20:50:00,2023-03-21 21:50:00,short,27461.369,27416.419,27505.432467931238,27260.418668874172,36.71955660936424,1.0201194347694893,TIMEOUT,12,8.794931835871292
2023-03-21 23:00:00,2023-03-21 23:10:00,short,27466.419,27489.771012803234,27489.771012803234,27285.65615630884,19.460010669359296,-1.0000000000000515,SL,2,7.794931835871241
2023-03-22 01:40:00,2023-03-22 02:35:00,long,27456.469,27433.81124380596,27433.81124380596,27487.281222222224,18.881463495034254,-0.9999999999999246,SL,11,6.794931835871316
2023-03-22 04:35:00,2023-03-22 05:20:00,short,27524.519,27551.030132670436,27551.030132670436,27474.26072619048,22.092610558695075,-1.0000000000000522,SL,9,5.794931835871264
2023-03-22 05:30:00,2023-03-22 07:25:00,short,27564.369,27564.519,27588.35755719375,27484.439746268657,19.99046432812592,-0.006252981318965254,TIMEOUT,12,5.788678854552298
2023-03-22 07:55:00,2023-03-22 09:50:00,short,27579.269,27559.269,27596.73202057104,27502.176490196078,14.55251714253183,1.145277239904836,TIMEOUT,12,6.933956094457134
2023-03-22 13:05:00,2023-03-22 13:10:00,short,27589.319,27616.614172350324,27616.614172350324,27513.268356725144,22.745976958602714,-1.0000000000000537,SL,1,5.933956094457081
2023-03-22 15:00:00,2023-03-22 17:50:00,long,27269.319,27254.269,27199.634984159948,27513.903444444444,58.070013200044514,-0.21597492364021792,TIMEOUT,12,5.717981170816863
2023-03-22 23:10:00,2023-03-23 00:10:00,long,27372.999,27410.319,27351.033058776888,27450.209314136133,18.3049510192615,1.698993893361123,TIMEOUT,12,7.416975064177986
2023-03-23 01:10:00,2023-03-23 02:05:00,long,27380.419,27420.87077777777,27356.77634466915,27420.87077777777,19.702212775710628,1.7109659305053253,VWAP,11,9.127940994683312
2023-03-23 03:55:00,2023-03-23 04:25:00,short,27495.369,27425.48129166666,27520.142890094387,27425.48129166666,20.644908411989903,2.8210227811243507,VWAP,6,11.948963775807663
2023-03-23 07:40:00,2023-03-23 10:00:00,short,27485.519,27505.600253154735,27505.600253154735,27431.753349593484,16.734377628945587,-0.9999999999999869,SL,5,10.948963775807675
2023-03-23 22:50:00,2023-03-23 23:00:00,long,27335.369,27311.857624537963,27311.857624537963,27408.44577536231,19.592812885029478,-1.0000000000000304,SL,2,9.948963775807645
2023-03-24 00:30:00,2023-03-24 01:10:00,short,27370.519,27390.08761391894,27390.08761391894,27334.03566666667,16.30717826578225,-0.9999999999999822,SL,8,8.948963775807663
2023-03-24 02:00:00,2023-03-24 02:30:00,short,27440.269,27460.1381354819,27460.1381354819,27381.27246666666,16.557612901582687,-0.999999999999959,SL,6,7.948963775807703
2023-03-24 02:35:00,2023-03-24 02:50:00,short,27465.519,27484.03081850061,27484.03081850061,27394.65754166666,15.426515417174487,-1.0000000000000544,SL,3,6.948963775807649
2023-03-24 03:10:00,2023-03-24 03:40:00,long,27340.999,27312.38314310282,27312.38314310282,27403.010880341873,23.846547414317328,-0.9999999999999895,SL,6,5.94896377580766
2023-03-24 03:45:00,2023-03-24 04:40:00,long,27260.369,27223.032940731555,27223.032940731555,27393.126898550716,31.113382723703072,-1.0000000000000067,SL,11,4.948963775807654
2023-03-24 04:45:00,2023-03-24 05:10:00,long,27215.519,27171.751483838114,27171.751483838114,27368.79451724138,36.472930134906605,-0.999999999999963,SL,5,3.9489637758076905
2023-03-24 14:30:00,2023-03-26 18:00:00,short,27360.469,27393.71434646309,27393.71434646309,27297.715442577028,27.70445538590619,-1.0000000000000453,SL,10,2.9489637758076452
2023-03-26 20:20:00,2023-03-26 20:30:00,long,27395.319,27364.385276676207,27364.385276676207,27440.54056862745,25.77810276982624,-1.0000000000000473,SL,2,1.948963775807598
2023-03-26 23:35:00,2023-03-26 23:40:00,short,27495.469,27517.651205559087,27517.651205559087,27443.52179761905,18.48517129923938,-0.9999999999999236,SL,1,0.9489637758076743
2023-03-26 23:45:00,2023-03-27 00:45:00,short,27533.469,27500.269,27556.918248670845,27446.299172413794,19.54104055903789,1.4158236140537162,TIMEOUT,12,2.3647873898613905
2023-03-27 05:45:00,2023-03-27 06:45:00,short,27563.319,27565.319,27590.288413972576,27504.839761904765,22.474511643814242,-0.07415808152278097,TIMEOUT,12,2.2906293083386093
2023-03-27 06:50:00,2023-03-27 08:45:00,short,27575.999,27583.999,27598.582769015076,27513.1268313253,18.819807512563518,-0.3542367084369066,TIMEOUT,12,1.9363925999017026
2023-03-27 13:30:00,2023-03-27 19:00:00,short,27588.369,27610.338874255667,27610.338874255667,27527.525384615376,18.3082285463903,-1.000000000000002,SL,7,0.9363925999017007
2023-03-27 21:50:00,2023-03-27 22:50:00,long,27493.519,27469.369,27463.736350991167,27536.180520467835,24.8188741740289,-0.8108748148238136,TIMEOUT,12,0.12551778507788702
2023-03-27 23:00:00,2023-03-27 23:40:00,long,27464.419,27441.875809106146,27441.875809106146,27532.267162162156,18.785992411545575,-1.0000000000000295,SL,8,-0.8744822149221425
2023-03-27 23:45:00,2023-03-28 00:45:00,long,27444.269,27431.519,27423.839370295667,27528.863570446723,17.024691420277506,-0.6240935437657883,TIMEOUT,12,-1.498575758687931
2023-03-28 01:15:00,2023-03-28 01:35:00,short,27489.319,27507.002888596475,27507.002888596475,27450.63816666667,14.73657383039686,-0.9999999999999472,SL,4,-2.498575758687878
2023-03-28 01:40:00,2023-03-28 01:55:00,short,27509.319,27527.63857456092,27527.63857456092,27460.896777777783,15.266312134098708,-1.0000000000000375,SL,3,-3.498575758687916
2023-03-28 02:15:00,2023-03-28 03:05:00,short,27554.469,27572.85535295972,27572.85535295972,27476.880071428575,15.32196079976458,-1.0000000000000466,SL,10,-4.498575758687963
2023-03-28 09:00:00,2023-03-28 09:50:00,long,27476.419,27510.61846360153,27457.766632710845,27510.61846360153,15.543639407630105,1.833518666631241,VWAP,10,-2.665057092056722
2023-03-28 10:35:00,2023-03-28 13:30:00,long,27469.319,27459.319,27443.53755366814,27508.293308176097,21.484538609885384,-0.3878758340893126,TIMEOUT,12,-3.0529329261460343
2023-03-28 13:40:00,2023-03-28 14:00:00,long,27421.369,27398.659026809077,27398.659026809077,27503.240499999996,18.92497765910029,-1.000000000000074,SL,4,-4.0529329261461084
2023-03-28 20:05:00,2023-03-28 20:10:00,short,27541.319,27559.58382898342,27559.58382898342,27498.001960526308,15.220690819519305,-0.9999999999999071,SL,1,-5.052932926146015
2023-03-28 20:15:00,2023-03-28 20:45:00,short,27576.999,27598.812163766317,27598.812163766317,27498.8904069264,18.177636471932576,-0.9999999999999181,SL,6,-6.0529329261459335
2023-03-28 21:10:00,2023-03-28 21:20:00,short,27621.369,27645.798345641088,27645.798345641088,27504.799343434344,20.35778803423981,-1.0000000000000393,SL,2,-7.052932926145973
2023-03-30 18:55:00,2023-03-30 20:00:00,short,27960.519,27974.52324660359,27974.52324660359,27848.564306122444,11.6702055029895,-1.0000000000000715,SL,2,-8.052932926146044
2023-03-30 20:05:00,2023-03-30 20:10:00,short,28022.519,28043.084442342595,28043.084442342595,27851.502088888883,17.137868618829557,-0.9999999999999727,SL,1,-9.052932926146017
2023-03-30 23:45:00,2023-03-31 00:15:00,short,28044.469,28068.629003875703,28068.629003875703,27894.464412371133,20.13333656308592,-0.9999999999999705,SL,6,-10.052932926145987
2023-03-31 01:45:00,2023-03-31 01:50:00,long,28002.999,27979.70382714706,27979.70382714706,28058.768090909092,19.412644044115797,-1.0000000000000704,SL,1,-11.052932926146058
2023-03-31 03:50:00,2023-03-31 04:25:00,long,28009.469,28054.603609929076,27985.64776731119,28054.603609929076,19.851027240673748,1.894721844108417,VWAP,7,-9.15821108203764
2023-03-31 15:05:00,2023-03-31 15:25:00,short,28192.469,28208.59529144971,28208.59529144971,28092.90084,13.438576208092252,-0.9999999999999094,SL,4,-10.15821108203755
2023-04-02 20:00:00,2023-04-02 20:05:00,long,28174.519,28150.18254501375,28150.18254501375,28230.969714285715,20.280379155207584,-0.9999999999999963,SL,1,-11.158211082037546
2023-04-02 20:10:00,2023-04-02 20:35:00,long,28154.519,28221.421708333335,28125.668587282264,28221.421708333335,24.042010598112505,2.3189515168428865,VWAP,5,-8.83925956519466
2023-04-03 02:10:00,2023-04-03 03:05:00,short,28237.519,28259.637977217455,28259.637977217455,28192.826777777784,18.432481014544507,-1.0000000000000635,SL,10,-9.839259565194723
2023-04-03 03:10:00,2023-04-03 04:10:00,short,28267.999,28237.419,28290.721563383602,28206.943824561404,18.935469486334732,1.3457988644919767,TIMEOUT,12,-8.493460700702746
2023-04-03 08:35:00,2023-04-03 09:00:00,long,28192.369,28218.230884057983,28176.06342312925,28218.230884057983,13.587980725622852,1.5860759949180734,VWAP,5,-6.907384705784673
2023-04-03 10:05:00,2023-04-03 10:20:00,long,28182.269,28163.788248454573,28163.788248454573,28217.67017845119,15.400626287855939,-0.99999999999998,SL,3,-7.9073847057846525
2023-04-03 10:40:00,2023-04-03 10:50:00,long,28147.319,28121.38142544165,28121.38142544165,28215.395194968565,21.61464546529231,-0.9999999999999432,SL,2,-8.907384705784596
2023-04-03 10:55:00,2023-04-03 12:50:00,long,28092.469,28122.419,28064.068740778173,28212.77429051989,23.66688268485695,1.0545678391900473,TIMEOUT,12,-7.852816866594548
2023-04-03 22:40:00,2023-04-03 23:20:00,short,28267.369,28292.24324173854,28292.24324173854,28200.779055865925,20.728534782116782,-1.0000000000000004,SL,8,-8.852816866594548
2023-04-03 23:25:00,2023-04-04 00:25:00,short,28302.269,28262.319,28321.36608540854,28204.414833333343,15.914237840447964,2.0919422595314283,TIMEOUT,12,-6.760874607063119
2023-04-04 03:05:00,2023-04-04 03:15:00,short,28292.999,28267.788298245618,28307.951324089314,28267.788298245618,12.460270074427491,1.6860724529373496,VWAP,2,-5.07480215412577
2023-04-04 03:45:00,2023-04-04 04:20:00,long,28244.519,28266.98066666667,28227.19668606651,28266.98066666667,14.435261611241781,1.2966897351538846,VWAP,7,-3.7781124189718853
2023-04-04 05:20:00,2023-04-04 06:25:00,short,28297.999,28292.419,28315.971847587305,28265.495358974364,14.977372989420052,0.3104683313477712,TIMEOUT,12,-3.467644087624114
2023-04-04 10:00:00,2023-04-04 10:05:00,long,28239.269,28223.09802210302,28223.09802210302,28276.39825170068,13.475814914150495,-1.0000000000000646,SL,1,-4.467644087624179
2023-04-04 10:10:00,2023-04-04 10:20:00,long,28187.269,28164.655656813316,28164.655656813316,28274.9675,18.84445265556859,-1.0000000000000653,SL,2,-5.467644087624244
2023-04-04 10:25:00,2023-04-04 13:00:00,long,28132.469,28102.81051349084,28102.81051349084,28271.584954692556,24.71540542430209,-0.9999999999999447,SL,8,-6.467644087624189
2023-04-06 07:00:00,2023-04-06 07:35:00,short,27579.269,27596.104859959374,27596.104859959374,27519.7244117647,14.029883299479392,-0.9999999999999198,SL,7,-7.467644087624109
2023-04-06 07:40:00,2023-04-06 08:05:00,short,27594.369,27609.867539789313,27609.867539789313,27525.067494623654,12.915449824429386,-0.9999999999999337,SL,5,-8.467644087624043
2023-04-06 10:10:00,2023-04-06 11:10:00,short,27594.369,27589.519,27618.4705316294,27534.999840108416,20.084609691165415,0.20123202436158147,TIMEOUT,12,-8.266412063262461
2023-04-06 12:00:00,2023-04-06 12:15:00,short,27621.999,27644.322720617623,27644.322720617623,27543.282241379322,18.603100514685682,-1.000000000000036,SL,3,-9.266412063262496
2023-04-06 14:15:00,2023-04-06 15:15:00,short,27659.469,27634.999,27677.463897157973,27559.4769263566,14.995747631643416,1.359829944299541,TIMEOUT,12,-7.906582118962955
2023-04-06 18:25:00,2023-04-06 19:35:00,short,27649.269,27591.519,27663.53175245746,27571.714874587466,11.885627047882819,4.049008083975887,TIMEOUT,12,-3.857574034987068
2023-04-06 20:00:00,2023-04-09 19:00:00,long,27531.519,27575.00362709284,27513.981371814847,27575.00362709284,14.614690154295348,2.479504448021592,VWAP,1,-1.3780695869654758
2023-04-09 20:05:00,2023-04-09 20:25:00,short,27734.319,27655.2459047619,27759.722319318782,27655.2459047619,21.169432765652104,3.112707211440423,VWAP,4,1.734637624474947
2023-04-09 20:35:00,2023-04-09 20:50:00,long,27622.999,27662.197333333334,27592.07734060827,27662.197333333334,25.76804949310897,1.2676659048840164,VWAP,3,3.0023035293589633
2023-04-09 21:15:00,2023-04-09 22:15:00,long,27617.469,27642.369,27587.316258920317,27656.80233333333,25.12728423307137,0.8257955697690557,TIMEOUT,12,3.828099099128019
2023-04-09 23:30:00,2023-04-10 00:20:00,long,27622.999,27643.064987654314,27607.173733191637,27643.064987654314,13.187722340301319,1.267971522837886,VWAP,10,5.0960706219659055
2023-04-10 01:05:00,2023-04-10 01:55:00,long,27622.519,27641.880190476186,27611.1425804075,27641.880190476186,9.48034966041505,1.7018702869356996,VWAP,9,6.797940908901605
2023-04-10 05:30:00,2023-04-10 05:35:00,short,27672.519,27681.19902951998,27681.19902951998,27645.608897435897,7.233357933316399,-0.9999999999999384,SL,1,5.7979409089016665
2023-04-10 05:40:00,2023-04-10 06:15:00,short,27687.519,27696.6649438208,27696.6649438208,27646.709199004978,7.621619850665567,-1.0000000000001785,SL,7,4.797940908901488
2023-04-10 06:20:00,2023-04-10 06:25:00,short,27697.469,27706.48019528537,27706.48019528537,27651.28842222222,7.50932940447371,-1.0000000000001128,SL,1,3.797940908901375
2023-04-10 10:00:00,2023-04-10 10:05:00,short,27712.469,27727.831200245753,27727.831200245753,27659.067178694153,12.801833538125615,-1.0000000000001028,SL,1,2.797940908901272
2023-04-10 10:10:00,2023-04-10 10:35:00,short,27749.269,27768.272223681284,27768.272223681284,27660.789942760937,15.836019734404335,-0.9999999999999366,SL,5,1.7979409089013356
2023-04-10 12:40:00,2023-04-10 14:15:00,short,27802.369,27821.472911502628,27821.472911502628,27677.119903954797,15.919926252190026,-1.0000000000000384,SL,8,0.7979409089012972
2023-04-11 08:05:00,2023-04-11 10:00:00,long,27911.519,27896.98681384394,27896.98681384394,27946.965434108526,12.110155130047582,-1.0000000000001132,SL,12,-0.20205909109881603
2023-04-11 12:10:00,2023-04-11 12:20:00,short,28001.269,28025.35519656032,28025.35519656032,27942.860681415936,20.07183046693033,-1.000000000000069,SL,2,-1.202059091098885
2023-04-11 21:05:00,2023-04-11 22:05:00,short,28058.999,28066.369,28082.119473861294,27972.265830265842,19.267061551078903,-0.3187650929740192,TIMEOUT,12,-1.5208241840729042
2023-04-11 22:10:00,2023-04-11 22:15:00,short,28076.419,28095.128811502207,28095.128811502207,27978.219378787875,15.591509585172403,-0.9999999999999214,SL,1,-2.5208241840728256
2023-04-11 22:20:00,2023-04-11 23:25:00,short,28101.319,28081.469,28119.90929665241,27979.538906367034,15.491913877010811,1.0677613365261744,TIMEOUT,12,-1.4530628475466512
2023-04-12 00:55:00,2023-04-12 01:10:00,long,28071.999,28088.74427777778,28060.465899675568,28088.74427777778,9.610916937025708,1.4519320310001913,VWAP,3,-0.0011308165464598563
2023-04-12 01:45:00,2023-04-12 02:00:00,short,28116.469,28090.02112121213,28129.457313852658,28090.02112121213,10.823594877213415,2.0362826990405614,VWAP,3,2.0351518824941017
2023-04-12 02:30:00,2023-04-12 03:10:00,long,28071.369,28090.862333333338,28057.034439340812,28090.862333333338,11.945467215988902,1.3598835567273861,VWAP,8,3.3950354392214876
2023-04-12 05:20:00,2023-04-12 05:55:00,long,28066.469,28088.67464102564,28051.427494407362,28088.67464102564,12.53458799386464,1.4762911125403828,VWAP,7,4.871326551761871
2023-04-12 08:00:00,2023-04-12 08:30:00,short,28128.999,28142.441969601485,28142.441969601485,28089.750960784317,11.202474667904495,-0.9999999999999668,SL,6,3.871326551761904
2023-04-12 08:35:00,2023-04-12 10:00:00,short,28226.269,28093.26392753623,28250.055320595824,28093.26392753623,19.8219338298541,5.591662313973651,VWAP,6,9.462988865735555
2023-04-12 10:40:00,2023-04-12 11:00:00,long,28016.319,27979.935407304412,27979.935407304412,28093.431295597482,30.31966057965561,-1.000000000000011,SL,4,8.462988865735545
2023-04-12 14:30:00,2023-04-12 16:00:00,long,28001.419,27969.421632382666,27969.421632382666,28083.79951282052,26.664473014447978,-0.9999999999999458,SL,7,7.462988865735599
2023-04-12 16:05:00,2023-04-12 18:00:00,long,27936.319,27906.67565303128,27906.67565303128,28077.839628019326,24.702789140598423,-1.0,SL,2,6.462988865735599
2023-04-12 18:05:00,2023-04-12 20:00:00,long,27881.999,27958.269,27852.843566585176,28074.14786524823,24.29619451235232,2.61597894686842,TIMEOUT,12,9.078967812604018
2023-04-12 22:50:00,2023-04-12 23:50:00,short,28122.999,28107.469,28143.935776261947,28058.45873262033,17.447313551621725,0.7417569832957334,TIMEOUT,12,9.820724795899752
2023-04-14 04:15:00,2023-04-14 04:20:00,long,28431.369,28414.641423953362,28414.641423953362,28455.525666666676,13.939646705529528,-1.0000000000000568,SL,1,8.820724795899695
2023-04-14 04:25:00,2023-04-14 05:25:00,long,28411.469,28451.999,28394.105916572036,28453.990296296306,14.469236189971863,2.334262815020418,TIMEOUT,12,11.154987610920113
2023-04-14 06:10:00,2023-04-14 06:15:00,long,28426.319,28412.574278409258,28412.574278409258,28447.067533333353,11.453934658951543,-0.9999999999999667,SL,1,10.154987610920147
2023-04-14 08:10:00,2023-04-14 08:50:00,short,28476.269,28445.60884848486,28491.710135234476,28445.60884848486,12.867612695396174,1.9856151150523305,VWAP,8,12.140602725972478
2023-04-14 12:10:00,2023-04-14 12:50:00,long,28408.419,28373.798869653005,28373.798869653005,28452.188385964906,28.850108622497224,-1.0000000000000104,SL,8,11.140602725972467
2023-04-14 16:00:00,2023-04-16 18:00:00,short,28508.369,28533.602136358902,28533.602136358902,28446.864531400963,21.02761363241898,-1.0000000000000375,SL,4,10.14060272597243
2023-04-16 20:40:00,2023-04-16 20:55:00,long,28491.269,28463.22118890997,28463.22118890997,28547.219208333325,23.373175908358157,-0.9999999999999872,SL,3,9.140602725972442
2023-04-16 21:00:00,2023-04-16 21:10:00,long,28448.999,28418.80609765352,28418.80609765352,28538.748259259253,25.160751955399412,-1.0000000000000224,SL,2,8.14060272597242
2023-04-16 23:05:00,2023-04-17 00:05:00,long,28467.469,28472.999,28447.73714329708,28510.38807103825,16.443213919101066,0.28025745794008966,TIMEOUT,12,8.42086018391251
2023-04-17 01:10:00,2023-04-17 01:40:00,short,28512.419,28526.670263398384,28526.670263398384,28487.34122222222,11.876052831986279,-0.9999999999999228,SL,6,7.420860183912587
2023-04-17 01:45:00,2023-04-17 02:45:00,short,28537.469,28527.999,28552.611540869573,28496.874303030305,12.618784057978,0.6253904203771735,TIMEOUT,12,8.04625060428976
2023-04-17 03:30:00,2023-04-17 04:10:00,short,28552.519,28511.74241085271,28566.95856349186,28511.74241085271,12.032969576547519,2.8239488797765366,VWAP,8,10.870199484066298
2023-04-17 04:30:00,2023-04-17 04:35:00,long,28492.419,28477.047683649536,28477.047683649536,28514.027242424236,12.809430292053431,-1.0000000000000802,SL,1,9.870199484066218
2023-04-17 05:45:00,2023-04-17 06:45:00,long,28462.999,28477.419,28447.35220744988,28506.24880952381,13.038993791766064,0.9215946305808195,TIMEOUT,12,10.791794114647038
2023-04-17 14:45:00,2023-04-17 18:00:00,short,28527.419,28542.93188896856,28542.93188896856,28499.73599494949,12.92740747379993,-0.9999999999999023,SL,4,9.791794114647136
2023-04-17 20:30:00,2023-04-17 21:00:00,short,28592.519,28617.914337107133,28617.914337107133,28506.4785111111,21.1627809226107,-1.0000000000000042,SL,6,8.791794114647132
2023-04-17 21:20:00,2023-04-17 21:30:00,short,28647.319,28675.986175616286,28675.986175616286,28512.34891666665,23.88931301357344,-0.9999999999999551,SL,2,7.7917941146471765
2023-04-18 04:15:00,2023-04-18 04:45:00,long,28635.519,28655.423743589745,28620.89979061962,28655.423743589745,12.182674483649636,1.3615471994305495,VWAP,6,9.153341314077727
2023-04-18 05:25:00,2023-04-18 05:35:00,short,28683.269,28697.262475418323,28697.262475418323,28655.344858585864,11.661229515268746,-1.0000000000000515,SL,2,8.153341314077675
2023-04-18 05:40:00,2023-04-18 07:00:00,short,28703.319,28717.636150690254,28717.636150690254,28657.0615120773,11.930958908544422,-1.0000000000000828,SL,5,7.1533413140775925
2023-04-18 08:15:00,2023-04-18 08:35:00,short,28703.469,28718.02959551453,28718.02959551453,28665.8910599251,12.13382959544106,-0.9999999999999998,SL,4,6.1533413140775925
2023-04-18 10:25:00,2023-04-18 10:30:00,long,28643.369,28622.232824385035,28622.232824385035,28670.446788461544,17.613479679135615,-1.0000000000000397,SL,1,5.153341314077553
2023-04-18 14:05:00,2023-04-18 14:50:00,long,28618.999,28599.995552647488,28599.995552647488,28661.887906666674,15.83620612709311,-1.0000000000000149,SL,9,4.1533413140775375
2023-04-18 20:40:00,2023-04-18 20:50:00,long,28610.269,28587.789946685745,28587.789946685745,28657.49113080169,18.732544428544816,-1.0000000000000542,SL,2,3.1533413140774833
2023-04-18 20:55:00,2023-04-18 21:30:00,long,28555.369,28530.916747765517,28530.916747765517,28656.127737060044,20.376876862067697,-1.0000000000000075,SL,7,2.1533413140774758
2023-04-19 03:10:00,2023-04-19 04:00:00,long,28539.519,28564.524726495732,28523.032332393086,28564.524726495732,13.738889672427709,1.5167241247252865,VWAP,10,3.6700654388027623
2023-04-19 04:15:00,2023-04-19 05:05:00,long,28519.419,28501.439430743678,28501.439430743678,28560.535538461543,14.982974380268992,-1.0000000000000608,SL,10,2.6700654388027014
2023-04-19 05:10:00,2023-04-19 05:55:00,long,28484.369,28464.406017451227,28464.406017451227,28553.39016402117,16.635818790642407,-1.0000000000000473,SL,9,1.6700654388026541
2023-04-19 20:00:00,2023-04-19 20:05:00,long,28481.269,28466.111083319247,28466.111083319247,28522.32343693695,12.631597233960292,-1.00000000000006,SL,1,0.6700654388025942
2023-04-19 21:35:00,2023-04-19 21:55:00,short,28624.319,28652.428831474394,28652.428831474394,28523.567083832346,23.42485956199408,-1.0000000000000397,SL,4,-0.3299345611974456
2023-04-19 22:00:00,2023-04-19 23:00:00,short,28652.369,28635.419,28679.044205624185,28526.82971705427,22.229338020154138,0.6354215310951321,TIMEOUT,12,0.30548696989768653
2023-04-19 23:45:00,2023-04-20 00:00:00,short,28662.419,28680.065095065907,28680.065095065907,28539.360122625214,14.705079221587019,-1.0000000000000715,SL,3,-0.694513030102385
2023-04-20 03:00:00,2023-04-20 03:15:00,long,28625.519,28612.712293111563,28612.712293111563,28660.54161261261,10.672255740365465,-0.9999999999999155,SL,3,-1.6945130301023004
2023-04-20 03:30:00,2023-04-20 03:35:00,long,28585.419,28570.804362125706,28570.804362125706,28653.890627906978,12.178864895247198,-0.9999999999999579,SL,1,-2.694513030102258
2023-04-20 03:40:00,2023-04-20 03:45:00,long,28560.369,28543.267603057364,28543.267603057364,28649.85751851852,14.251164118861107,-1.0000000000000915,SL,1,-3.6945130301023497
2023-04-20 04:05:00,2023-04-20 04:35:00,long,28537.999,28518.151520298423,28518.151520298423,28639.90686666667,16.539566417980964,-0.99999999999999,SL,6,-4.69451303010234
2023-04-20 13:25:00,2023-04-20 15:00:00,short,28670.319,28594.873000000025,28692.605308628434,28594.873000000025,18.57192385702819,3.38530715237952,VWAP,8,-1.3092058777228197
2023-04-20 15:10:00,2023-04-20 15:20:00,long,28560.999,28537.11842176937,28537.11842176937,28598.76188000002,19.90048185885693,-1.0000000000000666,SL,2,-2.3092058777228863
2023-04-20 20:40:00,2023-04-20 20:55:00,short,28660.319,28689.33039733272,28689.33039733272,28595.644448717954,24.176164443935335,-0.9999999999999402,SL,3,-3.3092058777228264
2023-04-20 21:00:00,2023-04-20 21:35:00,short,28755.469,28598.098937500006,28791.328372428674,28598.098937500006,29.882810357226923,4.388533648016809,VWAP,7,1.0793277702939825
2023-04-21 00:30:00,2023-04-21 00:40:00,long,28549.519,28531.010633338577,28531.010633338577,28577.12519047619,15.42363888451865,-1.000000000000021,SL,2,0.07932777029396143
2023-04-21 02:40:00,2023-04-21 03:15:00,long,28546.469,28530.637444520624,28530.637444520624,28567.713747474747,13.192962899480227,-1.0000000000000542,SL,7,-0.9206722297060927
2023-04-21 03:30:00,2023-04-21 04:05:00,long,28524.469,28562.516286821705,28508.105051495935,28562.516286821705,13.636623753386706,2.3250676211951355,VWAP,7,1.4043953914890428
2023-04-21 04:35:00,2023-04-21 04:45:00,long,28529.469,28558.324535714284,28510.377455098736,28558.324535714284,15.909620751053978,1.5114301049765524,VWAP,2,2.915825496465595
2023-04-21 06:30:00,2023-04-21 06:45:00,long,28524.269,28506.59910881214,28506.59910881214,28558.23689029536,14.724909323215408,-1.000000000000047,SL,3,1.9158254964655481
2023-04-21 06:50:00,2023-04-21 08:10:00,long,28494.999,28555.949441767072,28477.063879992285,28555.949441767072,14.945933339763524,3.398384941993676,VWAP,5,5.314210438459224
2023-04-21 10:00:00,2023-04-21 10:05:00,short,28599.469,28616.838529965273,28616.838529965273,28556.083747474753,14.474608304393922,-0.9999999999999476,SL,1,4.314210438459276
2023-04-21 10:10:00,2023-04-21 10:20:00,short,28619.369,28638.844564102706,28638.844564102706,28557.20540264027,16.229636752257928,-0.9999999999999081,SL,2,3.314210438459368
2023-04-21 10:25:00,2023-04-21 10:30:00,short,28654.999,28676.330024174073,28676.330024174073,28559.61313461539,17.775853478393103,-1.000000000000051,SL,1,2.314210438459317
2023-04-23 20:05:00,2023-04-23 20:15:00,long,28574.319,28621.80657575758,28554.372024711363,28621.80657575758,16.622479407195375,2.3806905593670153,VWAP,2,4.694900997826332
2023-04-24 01:05:00,2023-04-24 01:20:00,long,28599.999,28587.601532700108,28587.601532700108,28620.892809523804,10.331222749910953,-0.9999999999999089,SL,3,3.6949009978264233
2023-04-24 04:00:00,2023-04-24 04:10:00,short,28624.469,28638.485547804587,28638.485547804587,28600.49382993197,11.68045650382041,-1.0000000000000768,SL,2,2.6949009978263465
2023-04-24 05:10:00,2023-04-24 05:20:00,short,28629.369,28643.006987154477,28643.006987154477,28604.59608994708,11.36498929539787,-1.000000000000022,SL,2,1.6949009978263245
2023-04-24 05:25:00,2023-04-24 06:15:00,short,28649.319,28663.165413184543,28663.165413184543,28606.20753535353,11.53867765378592,-0.9999999999999964,SL,10,0.6949009978263281
2023-04-24 08:05:00,2023-04-24 10:00:00,short,28681.469,28693.52417146949,28693.52417146949,28617.247392156863,10.04597622457495,-0.9999999999998734,SL,12,-0.30509900217354535
2023-04-24 12:50:00,2023-04-24 14:05:00,short,28684.269,28701.966218388086,28701.966218388086,28635.020166666673,14.747681990072385,-0.9999999999999618,SL,4,-1.3050990021735072
2023-04-24 16:05:00,2023-04-24 18:50:00,short,28709.369,28681.519,28725.205028656026,28641.368313725496,13.196690546690443,1.7586479921780442,TIMEOUT,12,0.4535489900045371
2023-04-24 20:00:00,2023-04-24 20:05:00,short,28741.369,28757.281595192835,28757.281595192835,28645.893194260494,13.26049599402879,-1.0000000000001106,SL,1,-0.5464510099955735
2023-04-24 20:10:00,2023-04-24 21:10:00,short,28781.469,28719.369,28802.896247895864,28647.501614379093,17.856039913218694,2.8981790056199235,TIMEOUT,12,2.35172799562435
2023-04-24 21:40:00,2023-04-24 22:40:00,short,28744.519,28689.469,28772.3829366842,28654.518142300196,23.219947236833054,1.9756720173433193,TIMEOUT,12,4.3274000129676695
2023-04-24 23:10:00,2023-04-24 23:40:00,short,28694.319,28659.58575485009,28713.39847235336,28659.58575485009,15.899560294467815,1.8204510327451697,VWAP,6,6.147851045712839
2023-04-25 01:35:00,2023-04-25 02:35:00,long,28616.419,28624.419,28600.198917053935,28642.500499999995,13.516735788388385,0.4932157268616361,TIMEOUT,12,6.641066772574475
2023-04-25 03:05:00,2023-04-25 03:25:00,long,28594.369,28577.441762507908,28577.441762507908,28633.764526315786,14.106031243408212,-1.0000000000000724,SL,4,5.641066772574403
2023-04-25 03:30:00,2023-04-25 03:40:00,long,28574.519,28555.188898386554,28555.188898386554,28628.90923255813,16.1084180112059,-0.999999999999968,SL,2,4.641066772574435
2023-04-25 04:20:00,2023-04-25 04:25:00,long,28564.519,28544.01210425896,28544.01210425896,28618.3234654088,17.089079784199956,-1.0000000000000198,SL,1,3.6410667725744155
2023-04-25 11:00:00,2023-04-25 11:20:00,long,28584.519,28611.6343872054,28568.8025905069,28611.6343872054,13.09700791091607,1.7252914679592715,VWAP,4,5.366358240533687
2023-04-25 11:35:00,2023-04-25 12:10:00,long,28574.999,28555.616829089937,28555.616829089937,28610.68613836479,16.151809091719933,-0.9999999999999524,SL,7,4.366358240533735
2023-04-25 12:15:00,2023-04-25 12:55:00,long,28544.269,28526.62395056893,28526.62395056893,28607.583298245623,14.704207859224837,-1.0000000000000235,SL,8,3.3663582405337116
2023-04-25 15:00:00,2023-04-25 16:00:00,long,28389.469,28384.469,28359.557795106404,28601.072467741946,24.9260040779974,-0.16716143725358099,TIMEOUT,12,3.1991968032801306
2023-04-25 21:30:00,2023-04-25 22:30:00,long,28479.319,28467.319,28445.866403626118,28561.33430571992,27.87716364490179,-0.3587165512022531,TIMEOUT,12,2.8404802520778776
2023-04-25 23:15:00,2023-04-25 23:35:00,long,28452.469,28431.211178772384,28431.211178772384,28552.450105263146,17.714851023014603,-0.9999999999999594,SL,4,1.8404802520779182
2023-04-25 23:50:00,2023-04-25 23:55:00,long,28415.319,28396.86813206695,28396.86813206695,28548.478543147197,15.375723277542315,-0.9999999999999675,SL,1,0.8404802520779507
2023-04-26 01:05:00,2023-04-26 01:10:00,short,28400.369,28420.97214722518,28420.97214722518,28356.446619047616,17.169289354318032,-0.9999999999999982,SL,1,-0.15951974792204748
2023-04-26 03:40:00,2023-04-26 03:45:00,long,28360.999,28339.087590175714,28339.087590175714,28390.934833333336,18.25950818690433,-1.0000000000000475,SL,1,-1.159519747922095
2023-04-26 03:50:00,2023-04-26 04:50:00,long,28305.269,28380.369,28279.67075377396,28388.17363768116,21.331871855034777,2.9337947348751356,TIMEOUT,12,1.7742749869530408
2023-04-26 15:00:00,2023-04-26 16:00:00,long,28280.369,28310.519,28251.70383233717,28361.73115053765,23.887639719024577,1.0517991855005742,TIMEOUT,12,2.826074172453615
2023-04-26 19:40:00,2023-04-26 20:15:00,long,28295.419,28274.810681586932,28274.810681586932,28352.494977011513,17.173598677556566,-1.0000000000000717,SL,7,1.8260741724535434
2023-04-27 00:55:00,2023-04-27 01:40:00,short,28415.999,28433.24123282618,28433.24123282618,28386.119000000002,14.368527355151379,-1.0000000000000122,SL,9,0.8260741724535312
2023-04-27 01:50:00,2023-04-27 02:50:00,short,28450.999,28442.269,28468.091886510352,28401.611608695657,14.244072091959499,0.5107387798259061,TIMEOUT,12,1.3368129522794372
2023-04-27 08:50:00,2023-04-27 08:55:00,short,28515.319,28531.277404080443,28531.277404080443,28457.580770833334,13.298670067037026,-0.9999999999999648,SL,1,0.3368129522794724
2023-04-28 01:30:00,2023-04-28 01:40:00,short,28772.369,28811.56315244358,28811.56315244358,28705.24584210526,32.66179370298541,-0.9999999999999982,SL,2,-0.6631870477205258
2023-04-28 01:45:00,2023-04-28 02:15:00,short,28830.319,28869.506727739998,28869.506727739998,28719.24036363636,32.65643978333068,-1.0000000000000322,SL,6,-1.663187047720558
2023-04-28 02:40:00,2023-04-28 02:45:00,short,28917.319,28951.85198463291,28951.85198463291,28763.409937499997,28.77748719409426,-0.9999999999999503,SL,1,-2.663187047720508
2023-04-28 04:15:00,2023-04-28 05:15:00,long,28760.419,28755.369,28722.753285358227,28810.193509803918,31.388095534811107,-0.13407418518490516,TIMEOUT,12,-2.7972612329054134
2023-04-28 08:10:00,2023-04-28 08:35:00,short,28850.319,28872.99440651044,28872.99440651044,28806.170264367807,18.896172092032312,-1.0000000000000384,SL,5,-3.797261232905452
2023-04-28 10:05:00,2023-04-28 10:25:00,short,28975.419,29004.196684299655,29004.196684299655,28815.03428619528,23.981403583044205,-1.0000000000000202,SL,4,-4.7972612329054725
2023-04-28 15:00:00,2023-04-28 16:00:00,short,29050.519,29070.469,29084.711069266017,28847.784403225804,28.493391055014722,-0.583468635512749,TIMEOUT,12,-5.380729868418221
2023-04-28 16:05:00,2023-04-30 18:45:00,short,29070.419,29042.519,29098.874420371063,28864.7991459854,23.712850309216275,0.9804810344104787,TIMEOUT,12,-4.400248834007742
2023-04-30 20:00:00,2023-04-30 20:05:00,short,29090.269,29110.298092966852,29110.298092966852,29056.832095238096,16.690910805711223,-0.9999999999999143,SL,1,-5.400248834007657
2023-05-02 01:25:00,2023-05-02 02:05:00,long,29148.419,29127.247348699933,29127.247348699933,29181.15585185185,17.643042750056104,-1.0000000000000477,SL,8,-6.400248834007705
2023-05-02 02:30:00,2023-05-02 03:10:00,long,29103.419,29163.635451612903,29082.592191939322,29163.635451612903,17.355673383898612,2.8912952689371534,VWAP,8,-3.5089535650705517
2023-05-02 03:30:00,2023-05-02 03:55:00,long,29108.999,29086.362134349638,29086.362134349638,29153.498612403102,18.864054708636296,-0.9999999999999256,SL,5,-4.5089535650704775
2023-05-02 04:00:00,2023-05-02 04:05:00,long,29073.369,29050.349577554185,29050.349577554185,29147.190632653055,19.18285203817849,-0.9999999999999784,SL,1,-5.508953565070456
2023-05-02 04:10:00,2023-05-02 05:10:00,long,29053.319,29029.16623268703,29029.16623268703,29143.752529411762,20.127306094144046,-0.999999999999934,SL,12,-6.5089535650703905
2023-05-02 07:10:00,2023-05-02 07:50:00,long,29028.469,29009.10999379929,29009.10999379929,29112.2565877193,16.1325051672588,-0.9999999999999558,SL,8,-7.508953565070346
2023-05-02 07:55:00,2023-05-02 09:00:00,long,29003.419,28986.574543631174,28986.574543631174,29102.357352941188,14.037046974021916,-1.0000000000001072,SL,2,-8.508953565070453
2023-05-02 09:05:00,2023-05-02 09:35:00,long,28963.369,28944.679396996242,28944.679396996242,29098.397636363643,15.574669169798272,-0.9999999999999468,SL,6,-9.5089535650704
2023-05-02 23:15:00,2023-05-02 23:25:00,long,28833.419,28818.667651317017,28818.667651317017,28951.570241134752,12.292790569153603,-1.0000000000000342,SL,2,-10.508953565070433
2023-05-03 00:50:00,2023-05-03 01:05:00,short,28853.469,28863.747891491006,28863.747891491006,28835.089909090908,8.56574290917096,-1.0000000000000044,SL,3,-11.508953565070438
2023-05-03 03:10:00,2023-05-03 03:15:00,long,28823.319,28809.264154522727,28809.264154522727,28842.686777777777,11.712371231060871,-0.9999999999999588,SL,1,-12.508953565070398
2023-05-03 04:15:00,2023-05-03 04:25:00,long,28793.369,28772.091916229365,28772.091916229365,28841.334448717942,17.730903142196173,-0.9999999999999295,SL,2,-13.508953565070327
2023-05-03 05:35:00,2023-05-03 06:35:00,long,28783.269,28803.319,28763.486093399253,28830.559294117636,16.48575550062154,1.013501221263581,TIMEOUT,12,-12.495452343806745
2023-05-03 06:50:00,2023-05-03 07:50:00,long,28778.999,28788.319,28762.362347742375,28824.795907630516,13.863876881353967,0.5602088602728503,TIMEOUT,12,-11.935243483533895
2023-05-03 09:35:00,2023-05-03 09:55:00,long,28755.999,28817.837031746032,28734.210514549937,28817.837031746032,18.15707120838559,2.8381060210797893,VWAP,4,-9.097137462454107
2023-05-03 15:00:00,2023-05-03 15:05:00,short,28883.269,28908.886499697586,28908.886499697586,28817.336392473117,21.347916414653834,-1.0000000000000555,SL,1,-10.097137462454162
2023-05-03 16:00:00,2023-05-03 19:00:00,long,28708.369,28661.705676082536,28661.705676082536,28813.77424509803,38.886103264551544,-1.0000000000000149,SL,1,-11.097137462454176
2023-05-03 19:05:00,2023-05-03 20:10:00,long,28575.999,28643.369,28524.749623765045,28810.441463768107,42.70781352912851,1.3145525848185804,TIMEOUT,12,-9.782584877635596
2023-05-03 23:45:00,2023-05-04 00:10:00,long,28748.369,28729.42814340299,28729.42814340299,28774.614906735744,15.784047164174778,-0.9999999999999059,SL,5,-10.782584877635502
2023-05-04 01:50:00,2023-05-04 01:55:00,long,28728.999,28715.1322410917,28715.1322410917,28746.396272727266,11.55563242358533,-0.9999999999999399,SL,1,-11.782584877635442
2023-05-04 02:45:00,2023-05-04 03:15:00,long,28683.999,28668.144799606256,28668.144799606256,28736.444353535353,13.211833661452468,-1.0000000000000446,SL,6,-12.782584877635486
2023-05-04 03:20:00,2023-05-04 03:40:00,long,28663.319,28729.563333333335,28643.175791160036,28729.563333333335,16.786007366634987,3.2886683477120147,VWAP,4,-9.493916529923471
2023-05-04 04:10:00,2023-05-04 04:20:00,long,28683.319,28724.150466666662,28658.791748223342,28724.150466666662,20.439376480546837,1.6647387582788307,VWAP,2,-7.82917777164464
2023-05-04 05:15:00,2023-05-04 07:00:00,long,28673.419,28649.702736994917,28649.702736994917,28718.079211640204,19.763552504237804,-0.9999999999999564,SL,10,-8.829177771644597
2023-05-04 07:05:00,2023-05-04 07:25:00,long,28643.369,28622.50344673234,28622.50344673234,28710.831432432427,17.387961056383205,-1.0000000000000213,SL,4,-9.829177771644618
2023-05-04 09:45:00,2023-05-04 11:40:00,long,28610.269,28633.999,28582.877580887034,28696.859842105256,22.82618259413845,0.8663297035518182,TIMEOUT,12,-8.9628480680928
2023-05-04 13:50:00,2023-05-04 15:45:00,long,28623.319,28620.469,28590.922739672624,28682.918153005463,26.99688360614558,-0.08797311699555357,TIMEOUT,12,-9.050821185088354
2023-05-04 22:50:00,2023-05-05 00:05:00,short,28743.469,28743.269,28758.14532108042,28686.91843223443,12.23026756701563,0.013627393330033431,TIMEOUT,12,-9.037193791758321
2023-05-05 01:05:00,2023-05-05 01:45:00,long,28718.319,28708.87322439777,28708.87322439777,28733.517484848482,7.871479668525224,-1.0000000000000935,SL,6,-10.037193791758416
2023-05-05 02:20:00,2023-05-05 02:50:00,short,28753.519,28766.588446397855,28766.588446397855,28728.69441666666,10.891205331546587,-0.99999999999988,SL,5,-11.037193791758295
2023-05-05 03:00:00,2023-05-05 03:25:00,short,28778.269,28789.868586965826,28789.868586965826,28736.404053763443,9.666322471521529,-0.9999999999999658,SL,5,-12.037193791758261
2023-05-05 07:00:00,2023-05-05 07:25:00,short,28808.519,28827.2898851201,28827.2898851201,28746.666745098035,15.642404266750065,-0.9999999999999258,SL,5,-13.037193791758186
2023-05-05 07:30:00,2023-05-05 09:00:00,short,28838.269,28854.988551123424,28854.988551123424,28752.65913513513,13.93295926952011,-0.9999999999999937,SL,7,-14.03719379175818
2023-05-07 23:30:00,2023-05-07 23:50:00,long,28972.419,28948.04305912573,28948.04305912573,29013.74536363636,20.313284061890908,-1.0000000000000322,SL,4,-15.037193791758211
2023-05-08 03:10:00,2023-05-08 03:15:00,short,28997.519,29012.522727256895,29012.522727256895,28964.01404273504,12.50310604741195,-1.0000000000000584,SL,1,-16.03719379175827
2023-05-08 03:20:00,2023-05-08 04:20:00,short,29017.419,29002.419,29034.67282605314,28966.10493495935,14.37818837761551,0.8693723904369245,TIMEOUT,12,-15.167821401321346
2023-05-08 05:20:00,2023-05-08 07:00:00,short,29007.419,29021.760076438903,29021.760076438903,28977.857512820516,11.950897032416655,-1.0000000000000657,SL,8,-16.16782140132141
2023-05-08 07:05:00,2023-05-08 07:20:00,short,29027.469,29040.383505914568,29040.383505914568,28981.936792792796,10.762088262138455,-1.0000000000000422,SL,3,-17.167821401321454
2023-05-08 09:45:00,2023-05-08 09:50:00,long,28967.369,28951.254918152114,28951.254918152114,28991.738645390076,13.428401539905167,-0.9999999999999407,SL,1,-18.167821401321394
2023-05-08 13:45:00,2023-05-08 15:00:00,short,29017.269,29031.73205654377,29031.73205654377,28991.018000000004,12.052547119806299,-1.0000000000001135,SL,4,-19.167821401321508
2023-05-08 20:10:00,2023-05-08 20:20:00,short,29074.419,29093.519055299737,29093.519055299737,28998.759,15.916712749780016,-0.9999999999999826,SL,2,-20.16782140132149
2023-05-08 21:20:00,2023-05-08 21:30:00,short,29142.269,29169.340757082373,29169.340757082373,29007.053230769234,22.559797568644917,-0.9999999999999536,SL,2,-21.167821401321444
2023-05-09 12:00:00,2023-05-09 12:50:00,short,29222.519,29242.573375429893,29242.573375429893,29187.253374999993,16.71197952490973,-1.0000000000000355,SL,10,-22.16782140132148
2023-05-09 12:55:00,2023-05-09 14:00:00,short,29252.419,29270.232165002337,29270.232165002337,29191.157021680214,14.844304168611206,-1.000000000000096,SL,2,-23.167821401321575
2023-05-09 14:05:00,2023-05-09 16:00:00,short,29270.269,29230.519,29287.73074326171,29192.90058730159,14.55145271808995,2.276405018917455,TIMEOUT,12,-20.89141638240412
2023-05-09 19:35:00,2023-05-09 19:45:00,short,29220.319,29231.032625037402,29231.032625037402,29199.89216348194,8.928020864501677,-1.0000000000000344,SL,2,-21.891416382404156
2023-05-09 19:50:00,2023-05-09 20:05:00,short,29240.269,29200.449249999987,29252.447448326227,29200.449249999987,10.148706938524118,3.2696899418830556,VWAP,3,-18.6217264405211
2023-05-09 20:30:00,2023-05-09 20:40:00,long,29157.469,29135.51507524961,29135.51507524961,29200.286837301574,18.294937291993346,-1.0000000000000273,SL,2,-19.62172644052113
2023-05-09 20:45:00,2023-05-09 20:50:00,long,29135.369,29112.285868558087,29112.285868558087,29199.352723196862,19.23594286826138,-0.9999999999999272,SL,1,-20.62172644052106
2023-05-09 21:30:00,2023-05-09 22:15:00,long,29115.319,29089.73816166013,29089.73816166013,29196.034703703684,21.3173652832256,-0.9999999999999302,SL,9,-21.621726440520987
2023-05-10 03:40:00,2023-05-10 04:00:00,long,29102.999,29085.438354370384,29085.438354370384,29127.04129629629,14.633871358013126,-0.9999999999999838,SL,4,-22.62172644052097
2023-05-10 04:05:00,2023-05-10 05:05:00,long,29032.319,29062.999,29008.524241964366,29121.789333333334,19.828965029695095,1.2893596124850315,TIMEOUT,12,-21.332366828035937
2023-05-10 05:10:00,2023-05-10 06:10:00,long,29052.269,29054.519,29031.794723824027,29108.77519047619,17.061896813310796,0.10989399481874862,TIMEOUT,12,-21.22247283321719
2023-05-10 10:40:00,2023-05-10 10:45:00,long,29022.469,28984.42580902133,28984.42580902133,29095.406165109034,31.70265914889118,-1.0000000000000466,SL,1,-22.222472833217235
2023-05-10 14:00:00,2023-05-10 15:00:00,long,28957.269,29002.319,28926.21265354375,29082.69142666666,25.880288713542665,1.4505891754994686,TIMEOUT,12,-20.771883657717765
2023-05-10 20:05:00,2023-05-10 20:20:00,short,29112.519,29071.717614718596,29135.71258123452,29071.717614718596,19.327984362097546,1.7591671104539266,VWAP,3,-19.01271654726384
2023-05-10 20:30:00,2023-05-10 20:40:00,long,29027.269,29071.626777777758,28998.872222241276,29071.626777777758,23.66398146560252,1.5620708150286984,VWAP,2,-17.45064573223514
2023-05-10 22:10:00,2023-05-10 23:05:00,long,29034.469,29071.291011173154,29005.763594729848,29071.291011173154,23.921171058461418,1.2827553147782567,VWAP,11,-16.167890417456885
2023-05-10 23:50:00,2023-05-11 00:35:00,short,29124.319,29142.02955290511,29142.02955290511,29071.49407537685,14.758794087593087,-0.9999999999999828,SL,9,-17.167890417456867
2023-05-11 01:05:00,2023-05-11 01:20:00,long,29102.519,29087.79612263568,29087.79612263568,29127.1670952381,12.269064470269106,-0.9999999999999305,SL,3,-18.167890417456796
2023-05-11 02:40:00,2023-05-11 02:50:00,long,29089.419,29073.567737975234,29073.567737975234,29118.637333333332,13.209385020640532,-0.9999999999999278,SL,2,-19.167890417456725
2023-05-11 08:00:00,2023-05-11 08:20:00,long,29082.419,29138.218803921565,29062.30396322753,29138.218803921565,16.762530643726222,2.7740343978853015,VWAP,4,-16.393856019571423
2023-05-11 08:35:00,2023-05-11 09:00:00,long,29062.269,29035.324157145966,29035.324157145966,29135.16925362319,22.454035711694775,-1.0000000000000286,SL,5,-17.39385601957145
2023-05-11 10:00:00,2023-05-11 10:20:00,long,29002.369,28973.725439628757,28973.725439628757,29129.96695918367,23.86963364270102,-1.0000000000000138,SL,4,-18.393856019571466
2023-05-11 21:05:00,2023-05-11 21:15:00,short,29299.269,29347.300639075733,29347.300639075733,29121.51771485944,40.02636589644268,-1.0000000000000273,SL,2,-19.393856019571494
2023-05-11 21:20:00,2023-05-11 22:20:00,short,29382.419,29364.419,29433.166381577765,29125.651583826435,42.28948464813562,0.3546981034364837,TIMEOUT,12,-19.03915791613501
2023-05-12 14:55:00,2023-05-12 16:00:00,short,29532.269,29554.371704794856,29554.371704794856,29479.717246913595,18.418920662378483,-1.0000000000000608,SL,2,-20.03915791613507
2023-05-14 20:35:00,2023-05-14 20:50:00,short,29622.369,29556.616254901957,29656.02687350258,29556.616254901957,28.048227918816604,1.95356207197705,VWAP,3,-18.08559584415802
2023-05-14 20:55:00,2023-05-14 21:10:00,long,29492.319,29556.419634920632,29453.279080770844,29556.419634920632,32.53326602429514,1.6419253980618833,VWAP,3,-16.44367044609614
2023-05-14 22:35:00,2023-05-14 23:15:00,long,29493.469,29538.59371544715,29463.019338839906,29538.59371544715,25.374717633412693,1.4819447484127022,VWAP,8,-14.961725697683436
2023-05-14 23:55:00,2023-05-15 00:10:00,short,29588.519,29609.078037810865,29609.078037810865,29537.28326900585,17.132531509054335,-0.9999999999999677,SL,3,-15.961725697683404
2023-05-15 00:40:00,2023-05-15 01:30:00,long,29573.419,29601.53788888889,29553.633341824978,29601.53788888889,16.488048479186237,1.4211753099215108,VWAP,10,-14.540550387761893
2023-05-15 02:15:00,2023-05-15 03:00:00,short,29663.319,29685.504235108587,29685.504235108587,29597.852452380943,18.487695923822898,-0.9999999999999885,SL,9,-15.540550387761883
2023-05-15 23:00:00,2023-05-15 23:10:00,short,29838.519,29863.796234029942,29863.796234029942,29733.978886363635,21.064361691617492,-1.0000000000000246,SL,2,-16.540550387761908
2023-05-15 23:15:00,2023-05-15 23:35:00,short,29868.319,29892.544521561143,29892.544521561143,29736.00238919925,20.187934634286986,-0.9999999999999832,SL,4,-17.54055038776189
2023-05-16 01:15:00,2023-05-16 01:20:00,long,29838.999,29821.454661542615,29821.454661542615,29863.18441666667,14.620282047820107,-1.000000000000026,SL,1,-18.540550387761915
2023-05-16 02:05:00,2023-05-16 03:05:00,long,29823.999,29804.41425237651,29804.41425237651,29852.855666666663,16.320623019573024,-1.000000000000045,SL,11,-19.54055038776196
2023-05-16 03:50:00,2023-05-16 04:50:00,short,29893.419,29847.760376811595,29914.198316754166,29847.760376811595,17.3160972951358,2.197311092014578,VWAP,12,-17.34323929574738
2023-05-16 06:30:00,2023-05-16 08:25:00,short,29888.269,29888.999,29904.59160823852,29853.980538461536,13.602173532098046,-0.04472324455333854,TIMEOUT,12,-17.38796254030072
2023-05-16 10:00:00,2023-05-16 10:10:00,short,29908.469,29925.891724991445,29925.891724991445,29861.0677414966,14.518937492868385,-1.0000000000001013,SL,2,-18.38796254030082
2023-05-16 12:00:00,2023-05-16 13:00:00,short,29983.519,29963.519,30008.01557914204,29868.22035135136,20.413815951698833,0.8164405276358765,TIMEOUT,12,-17.571522012664943
2023-05-16 14:50:00,2023-05-16 16:00:00,short,29923.469,29879.776835820903,29942.435555382097,29879.776835820903,15.805462818412572,2.303642559172567,VWAP,3,-15.267879453492377
2023-05-16 20:00:00,2023-05-16 20:05:00,short,29945.319,29966.06383231298,29966.06383231298,29880.704231788084,17.2873602608173,-0.9999999999999281,SL,1,-16.267879453492306
2023-05-16 20:35:00,2023-05-16 21:10:00,short,29993.469,30021.130828098205,30021.130828098205,29884.66615189873,23.051523415168976,-1.0000000000000386,SL,7,-17.267879453492345
2023-05-16 22:05:00,2023-05-16 22:50:00,short,30058.369,30087.043401001494,30087.043401001494,29897.489511363638,23.8953341679138,-0.9999999999999605,SL,9,-18.267879453492306
2023-05-18 01:10:00,2023-05-18 02:10:00,short,30589.319,30584.469,30614.661119278848,30540.96788888889,21.118432732372323,0.1913809948817843,TIMEOUT,12,-18.076498458610523
2023-05-18 03:15:00,2023-05-18 03:30:00,short,30634.319,30656.36884810171,30656.36884810171,30572.62616666666,18.374873418092093,-0.9999999999999476,SL,3,-19.07649845861047
2023-05-18 03:35:00,2023-05-18 03:40:00,short,30684.469,30707.340269045006,30707.340269045006,30580.62915151515,19.059390870838534,-0.9999999999999343,SL,1,-20.076498458610402
2023-05-18 03:45:00,2023-05-18 03:50:00,short,30759.469,30787.473614635746,30787.473614635746,30587.63871014493,23.337178863121085,-1.0000000000000029,SL,1,-21.076498458610406
2023-05-18 03:55:00,2023-05-18 04:00:00,short,30811.999,30841.49636670123,30841.49636670123,30596.55288888889,24.581138917690964,-1.0000000000000602,SL,1,-22.076498458610466
2023-05-18 14:20:00,2023-05-18 14:50:00,short,30796.519,30822.169468415785,30822.169468415785,30747.60427131784,21.375390346485812,-1.0000000000000562,SL,6,-23.076498458610523
2023-05-18 15:00:00,2023-05-18 16:00:00,short,30824.419,30845.234200285766,30845.234200285766,30751.50595863748,17.346000238136508,-1.0000000000000164,SL,1,-24.07649845861054
2023-05-18 16:05:00,2023-05-18 18:10:00,short,30904.469,30929.707841062725,30929.707841062725,30753.69506714629,21.032367552270685,-0.9999999999999886,SL,4,-25.07649845861053
2023-05-18 18:20:00,2023-05-18 19:00:00,short,30929.519,30955.77515005269,30955.77515005269,30759.898954022992,21.880125043907967,-1.0000000000000138,SL,8,-26.076498458610544
2023-05-18 20:20:00,2023-05-18 20:25:00,long,30709.269,30770.718303797472,30665.330853105505,30770.718303797472,36.61512241208081,1.3985410887951644,VWAP,1,-24.67795736981538
2023-05-18 22:15:00,2023-05-18 22:45:00,short,30869.369,30911.000953419458,30911.000953419458,30773.145022099452,34.69329451621511,-1.0000000000000213,SL,6,-25.677957369815402
2023-05-19 02:05:00,2023-05-19 02:20:00,short,30882.319,30911.401894378196,30911.401894378196,30810.304256410254,24.235745315163896,-0.9999999999999842,SL,3,-26.67795736981539
2023-05-19 03:30:00,2023-05-19 04:30:00,short,30952.369,30892.319,30980.71729121288,30843.285124030997,23.623576010736333,2.1182934642885294,TIMEOUT,12,-24.559663905526858
2023-05-19 05:00:00,2023-05-19 05:15:00,short,30937.469,30962.267236827334,30962.267236827334,30857.35495628415,20.665197356109903,-1.0000000000000575,SL,3,-25.559663905526914
2023-05-19 12:00:00,2023-05-19 12:05:00,long,30769.419,30737.920915557042,30737.920915557042,30877.69257142857,26.248403702465538,-1.0000000000000184,SL,1,-26.559663905526932
2023-05-19 12:10:00,2023-05-19 12:35:00,long,30757.319,30725.073406781325,30725.073406781325,30875.573298245614,26.871327682228085,-1.0000000000000377,SL,5,-27.55966390552697
2023-05-21 20:00:00,2023-05-21 20:05:00,long,30704.319,30753.741777777785,30675.514598916674,30753.741777777785,24.003667569437788,1.7158064711991379,VWAP,1,-25.843857434327834
2023-05-21 20:30:00,2023-05-21 21:30:00,short,30839.519,30847.269,30877.190844926514,30763.894925925924,31.393204105428328,-0.20572393030173677,TIMEOUT,12,-26.04958136462957
2023-05-21 22:40:00,2023-05-21 22:45:00,short,30851.319,30881.956859927202,30881.956859927202,30799.101196969696,25.531549939336227,-0.9999999999999831,SL,1,-27.049581364629553
2023-05-22 00:45:00,2023-05-22 00:50:00,short,30963.469,30988.58615147034,30988.58615147034,30913.628999999997,20.930959558613754,-1.0000000000000708,SL,1,-28.049581364629624
2023-05-22 00:55:00,2023-05-22 01:00:00,short,31016.319,31047.534319380033,31047.534319380033,30930.48872222222,26.01276615002916,-0.9999999999999419,SL,1,-29.049581364629567
2023-05-22 01:05:00,2023-05-22 02:05:00,short,31076.419,31061.369,31111.13529068993,30946.688523809524,28.930242241606752,0.43351405639569723,TIMEOUT,12,-28.61606730823387
2023-05-22 19:30:00,2023-05-22 19:50:00,short,31248.319,31276.8790080285,31276.8790080285,31099.19109245742,23.800006690415948,-1.0000000000000409,SL,4,-29.61606730823391
2023-05-22 20:40:00,2023-05-22 21:40:00,short,31308.319,31298.369,31352.303034751276,31114.69601986756,36.653362292731416,0.22621844622182344,TIMEOUT,12,-29.389848862012084
2023-05-22 23:45:00,2023-05-22 23:50:00,long,30981.369,30932.11368203443,30932.11368203443,31147.345507092203,41.04609830464015,-1.000000000000031,SL,1,-30.389848862012116
2023-05-23 21:45:00,2023-05-23 22:45:00,long,30628.319,30643.369,30578.10444002939,30762.583093567257,41.8454666421729,0.2997138680257005,TIMEOUT,12,-30.090134993986414
2023-05-23 23:30:00,2023-05-24 00:20:00,long,30591.419,30748.323652777777,30551.9034213863,30748.323652777777,32.929648844750545,3.970703663779182,VWAP,10,-26.11943133020723
2023-05-24 01:05:00,2023-05-24 01:50:00,short,30791.369,30730.15257142857,30824.425978547344,30730.15257142857,27.547482122789273,1.8518458510582987,VWAP,9,-24.26758547914893
2023-05-24 01:55:00,2023-05-24 02:00:00,long,30706.999,30676.29280225563,30676.29280225563,30746.02872222222,25.588498120309225,-0.9999999999999653,SL,1,-25.267585479148895
2023-05-24 02:05:00,2023-05-24 02:15:00,long,30666.269,30632.722288679597,30632.722288679597,30740.62771794872,27.95559276700134,-1.000000000000045,SL,2,-26.26758547914894
2023-05-24 03:05:00,2023-05-24 03:20:00,long,30593.269,30564.866231903023,30564.866231903023,30701.864877192984,23.66897341414928,-0.9999999999999433,SL,3,-27.267585479148885
2023-05-24 05:10:00,2023-05-24 05:20:00,long,30611.469,30579.243524769223,30579.243524769223,30658.268999999997,26.854562692314175,-1.000000000000034,SL,2,-28.26758547914892
2023-05-24 05:25:00,2023-05-24 06:00:00,long,30576.319,30544.10725470772,30544.10725470772,30655.12733333333,26.843121076900182,-0.9999999999999738,SL,7,-29.267585479148895
2023-05-24 07:00:00,2023-05-24 07:45:00,long,30511.999,30481.842548066306,30481.842548066306,30644.40291891892,25.130376611411815,-0.9999999999999762,SL,9,-30.26758547914887
2023-05-24 12:20:00,2023-05-24 14:15:00,long,30496.369,30501.469,30470.97468874382,30591.288652173902,21.161926046817356,0.20083238125865188,TIMEOUT,12,-30.066753097890217
2023-05-24 14:20:00,2023-05-24 15:00:00,long,30486.419,30462.86781538898,30462.86781538898,30583.840536458327,19.62598717585171,-0.9999999999999253,SL,8,-31.066753097890142
2023-05-24 19:10:00,2023-05-24 19:40:00,short,30631.469,30663.080279908532,30663.080279908532,30578.426338129495,26.34273325711092,-0.9999999999999427,SL,6,-32.066753097890086
2023-05-25 02:50:00,2023-05-25 03:05:00,short,30863.999,30807.48814285715,30892.113928533687,30807.48814285715,23.429107111406463,2.0099946928599794,VWAP,3,-30.056758405030106
2023-05-25 03:35:00,2023-05-25 03:45:00,long,30746.269,30709.307393376555,30709.307393376555,30807.820893939406,30.801338852870703,-0.9999999999999994,SL,2,-31.056758405030106
2023-05-25 05:00:00,2023-05-25 05:40:00,short,30871.269,30904.734915633366,30904.734915633366,30803.139655737716,27.888263027804935,-0.9999999999999877,SL,8,-32.056758405030095
2023-05-25 08:45:00,2023-05-25 09:00:00,short,30991.369,31024.522622659595,31024.522622659595,30845.83815789474,27.628018882997793,-0.999999999999968,SL,3,-33.05675840503007
2023-05-25 15:10:00,2023-05-25 15:30:00,short,31031.269,31066.811085607755,31066.811085607755,30872.545404199485,29.61840467313018,-0.9999999999999494,SL,4,-34.05675840503002
2023-05-25 22:00:00,2023-05-25 23:00:00,short,31078.369,31021.999,31121.61350689634,30909.13808045978,36.03708908028489,1.3035181586211455,TIMEOUT,12,-32.75324024640887
2023-05-26 01:55:00,2023-05-26 02:55:00,long,30946.269,30971.519,30911.295310805705,30996.44580555556,29.144740995246096,0.7219713041916842,TIMEOUT,12,-32.03126894221719
2023-05-26 03:45:00,2023-05-26 04:05:00,long,30926.369,30978.119724637683,30897.29323330405,30978.119724637683,24.229805579956313,1.7798576105956032,VWAP,4,-30.251411331621586
2023-05-26 06:25:00,2023-05-26 06:40:00,short,31071.999,31095.243186632986,31095.243186632986,30994.859213675216,19.370155527487668,-1.0000000000000508,SL,3,-31.251411331621636
2023-05-26 06:45:00,2023-05-26 08:00:00,short,31131.519,31156.60994643963,31156.60994643963,30999.804853658545,20.909122033022143,-1.0000000000000637,SL,4,-32.251411331621696
2023-05-26 08:50:00,2023-05-26 10:00:00,short,31191.269,31216.95450367844,31216.95450367844,31020.306951388902,21.404586398698864,-1.000000000000053,SL,3,-33.251411331621746
2023-05-29 02:45:00,2023-05-29 03:00:00,short,31301.419,31328.966083645937,31328.966083645937,31250.682627450977,22.955903038278187,-1.0000000000000553,SL,3,-34.2514113316218
2023-05-29 03:05:00,2023-05-29 04:05:00,short,31366.269,31321.519,31396.41696855507,31259.710140350875,25.123307129223956,1.4843454516100796,TIMEOUT,12,-32.76706588001172
2023-05-29 04:20:00,2023-05-29 05:20:00,short,31346.419,31328.469,31373.09147093922,31282.123905660377,22.227059116016576,0.672978519346949,TIMEOUT,12,-32.09408736066477
2023-05-29 05:40:00,2023-05-29 07:05:00,long,31251.269,31225.349944866088,31225.349944866088,31291.94368599034,21.599212611592648,-1.0000000000000504,SL,6,-33.09408736066482
2023-05-29 07:10:00,2023-05-29 09:05:00,long,31211.519,31236.469,31187.050284829067,31287.636324561405,20.390595975778805,1.0196693952136016,TIMEOUT,12,-32.07441796545122
2023-05-29 19:45:00,2023-05-29 20:00:00,long,31223.419,31203.180198624228,31203.180198624228,31277.329546448083,16.865667813144178,-1.00000000000003,SL,3,-33.07441796545125
2023-05-29 20:15:00,2023-05-29 20:20:00,short,31348.269,31276.99842708333,31385.759694861117,31276.99842708333,31.242245717597584,1.9010203246616069,VWAP,1,-31.173397640789638
2023-05-29 20:35:00,2023-05-29 20:40:00,long,31138.319,31087.063367452927,31087.063367452927,31275.822888888888,42.71302712256109,-0.9999999999999806,SL,1,-32.17339764078962
2023-05-29 23:05:00,2023-05-30 00:05:00,long,31106.469,31245.964452674893,31069.76950803061,31245.964452674893,30.58290997449241,3.801018629664884,VWAP,12,-28.372379011124732
2023-05-30 01:15:00,2023-05-30 01:50:00,short,31371.999,31305.224625,31408.33153850222,31305.224625,30.277115418518765,1.8378670401991366,VWAP,7,-26.534511970925596
2023-05-30 03:05:00,2023-05-30 03:15:00,long,31266.319,31230.167269022113,31230.167269022113,31324.363473684203,30.126442481571807,-1.0000000000000084,SL,2,-27.534511970925603
2023-05-30 05:10:00,2023-05-30 07:05:00,short,31416.419,31346.419,31458.662931850788,31322.326830687827,35.20327654232125,1.6570427262134313,TIMEOUT,12,-25.877469244712174
2023-05-30 09:40:00,2023-05-30 09:50:00,long,31271.519,31240.78645598955,31240.78645598955,31332.130017543856,25.61045334204174,-1.0000000000000138,SL,2,-26.877469244712188
2023-05-30 11:00:00,2023-05-30 11:15:00,long,31171.419,31129.53156835829,31129.53156835829,31327.290333333327,34.90619303475982,-1.0000000000000335,SL,3,-27.87746924471222
2023-05-30 11:20:00,2023-05-30 13:15:00,long,31096.419,31126.999,31055.97267328408,31320.175089743585,33.705272263269855,0.7560637141359658,TIMEOUT,12,-27.121405530576254
2023-05-30 13:30:00,2023-05-30 15:25:00,long,31076.469,31161.469,31044.7114056198,31295.820764705877,26.46466198350041,2.676525148044396,TIMEOUT,12,-24.444880382531856
2023-05-31 05:05:00,2023-05-31 07:00:00,short,30946.419,30911.469,30984.082938214535,30870.768139784952,31.386615178778747,0.9279433234231873,TIMEOUT,12,-23.51693705910867
2023-05-31 07:50:00,2023-05-31 07:55:00,long,30836.369,30808.72089881939,30808.72089881939,30878.241738095243,23.040084317173854,-1.0000000000000482,SL,1,-24.51693705910872
2023-05-31 08:00:00,2023-05-31 08:10:00,long,30811.369,30781.41507602284,30781.41507602284,30876.725124031014,24.961603314297715,-1.0000000000000386,SL,2,-25.51693705910876
2023-05-31 08:15:00,2023-05-31 08:20:00,long,30771.999,30742.55803098476,30742.55803098476,30873.56270786517,24.534140846032134,-1.0000000000000084,SL,1,-26.516937059108766
2023-05-31 19:55:00,2023-05-31 20:05:00,short,30886.369,30917.129702991428,30917.129702991428,30821.21292543858,25.6339191595249,-0.9999999999999662,SL,2,-27.516937059108734
2023-05-31 20:20:00,2023-05-31 20:25:00,short,31013.319,31058.447277458417,31058.447277458417,30825.14464755837,37.606897882016355,-0.9999999999999611,SL,1,-28.516937059108695
2023-06-01 14:00:00,2023-06-01 15:00:00,short,31389.319,31416.908136387774,31416.908136387774,31233.10641935485,22.990946989813015,-0.999999999999959,SL,12,-29.516937059108653
2023-06-01 23:35:00,2023-06-01 23:50:00,short,31394.469,31427.678451623626,31427.678451623626,31284.36911965812,27.674543019687142,-1.0000000000000062,SL,3,-30.51693705910866
2023-06-01 23:55:00,2023-06-02 00:20:00,short,31446.519,31481.866875880423,31481.866875880423,31286.864226130656,29.45656323368633,-0.9999999999999857,SL,5,-31.516937059108646
2023-06-02 02:00:00,2023-06-02 02:15:00,short,31519.419,31547.729375594045,31547.729375594045,31470.739799999996,23.59197966170224,-1.000000000000006,SL,3,-32.51693705910865
2023-06-02 02:20:00,2023-06-02 02:25:00,short,31544.469,31571.61767964758,31571.61767964758,31479.563137931036,22.623899706317182,-0.9999999999999823,SL,1,-33.516937059108635
2023-06-02 02:30:00,2023-06-02 02:35:00,short,31574.369,31603.22415745123,31603.22415745123,31485.60555913978,24.045964542691873,-1.0000000000000333,SL,1,-34.51693705910867
2023-06-02 02:40:00,2023-06-02 03:20:00,short,31596.519,31625.906865353358,31625.906865353358,31492.243747474746,24.489887794464057,-1.000000000000021,SL,8,-35.51693705910869
2023-06-04 19:50:00,2023-06-04 20:00:00,long,31889.419,31857.44646485467,31857.44646485467,31966.10293939394,26.643779287775466,-1.0000000000000067,SL,2,-36.5169370591087
2023-06-04 20:10:00,2023-06-04 20:45:00,long,31826.269,31941.040333333327,31785.680336623132,31941.040333333327,33.82388614739055,2.827669693571002,VWAP,7,-33.689267365537695
2023-06-04 23:30:00,2023-06-04 23:35:00,short,32116.369,32150.441348208376,32150.441348208376,31983.890454545457,28.39362350698219,-0.9999999999999717,SL,1,-34.68926736553767
2023-06-06 01:55:00,2023-06-06 02:05:00,short,32528.469,32444.79191666667,32566.332747522192,32444.79191666667,31.553122935159546,2.2099524957029164,VWAP,2,-32.47931486983475
2023-06-06 02:50:00,2023-06-06 03:30:00,long,32373.419,32431.91938095238,32337.58543333466,32431.91938095238,29.861305554450656,1.6325581402132672,VWAP,8,-30.846756729621486
2023-06-06 03:40:00,2023-06-06 04:35:00,long,32281.469,32239.97302843411,32239.97302843411,32418.327,34.57997630491055,-0.9999999999999726,SL,11,-31.846756729621458
2023-06-06 08:00:00,2023-06-06 08:45:00,short,32441.519,32472.27773225034,32472.27773225034,32383.79283720929,25.632276875280944,-1.0000000000000495,SL,9,-32.846756729621504
2023-06-06 10:10:00,2023-06-06 12:00:00,short,32611.269,32651.291147775166,32651.291147775166,32395.64434653464,33.35178981263657,-1.0000000000000442,SL,11,-33.846756729621546
2023-06-06 19:35:00,2023-06-06 20:00:00,short,32611.519,32638.292396951885,32638.292396951885,32468.902963963956,22.311164126570333,-1.00000000000002,SL,5,-34.84675672962157
2023-06-06 21:00:00,2023-06-06 21:05:00,long,32388.469,32319.055279736247,32319.055279736247,32480.80738383838,57.84476688646312,-0.999999999999974,SL,1,-35.84675672962154
2023-06-06 21:10:00,2023-06-06 22:10:00,long,32113.269,32081.999,32014.439414670538,32477.899439121753,82.35798777455248,-0.3164032298198691,TIMEOUT,12,-36.16315995944141
2023-06-07 19:00:00,2023-06-07 20:00:00,long,31856.999,31946.763468599034,31812.722749639182,31946.763468599034,36.89687530068202,2.0273728662097845,VWAP,12,-34.13578709323163
2023-06-07 22:30:00,2023-06-07 23:30:00,long,31858.999,31808.0406746471,31808.0406746471,31939.081074074078,42.465271127415576,-0.9999999999999885,SL,12,-35.13578709323161
2023-06-07 23:35:00,2023-06-07 23:55:00,long,31653.419,31601.298199229346,31601.298199229346,31932.341400690846,43.43400064221276,-1.0000000000000033,SL,4,-36.13578709323161
2023-06-08 03:10:00,2023-06-08 03:30:00,short,31721.369,31764.842986040803,31764.842986040803,31611.16891452992,36.228321700669035,-1.0000000000000369,SL,4,-37.13578709323165
2023-06-08 06:00:00,2023-06-08 07:35:00,short,31761.419,31674.952013698643,31790.36959292158,31674.952013698643,24.125494101313546,2.9867086499950997,VWAP,8,-34.14907844323655
2023-06-08 14:30:00,2023-06-08 15:00:00,short,31801.999,31831.9974332538,31831.9974332538,31689.510016949145,24.998694378168526,-0.9999999999999462,SL,6,-35.14907844323649
2023-06-11 19:50:00,2023-06-11 20:00:00,long,32393.519,32432.94324242424,32365.961219809014,32432.94324242424,22.964816825821615,1.4306029785786507,VWAP,2,-33.71847546465784
2023-06-11 22:50:00,2023-06-11 23:05:00,short,32517.319,32455.472049645396,32548.356464067623,32455.472049645396,25.86455338968565,1.992654754907007,VWAP,3,-31.725820709750835
2023-06-11 23:45:00,2023-06-12 00:05:00,long,32392.519,32347.607671361035,32347.607671361035,32457.4193448276,37.426107199138016,-1.0000000000000004,SL,4,-32.725820709750835
2023-06-12 02:20:00,2023-06-12 03:20:00,short,32465.319,32498.082101511052,32498.082101511052,32399.05693103449,27.302584592543276,-1.0000000000000269,SL,12,-33.72582070975086
2023-06-12 04:05:00,2023-06-12 05:05:00,short,32600.369,32630.519,32635.756677663507,32441.028800000007,29.489731386256125,-0.851991483778346,TIMEOUT,12,-34.57781219352921
2023-06-12 08:00:00,2023-06-12 09:00:00,short,32595.469,32585.999,32626.00545750314,32498.377178294588,25.44704791928181,0.31012110684508676,TIMEOUT,12,-34.267691086684124
2023-06-12 10:00:00,2023-06-12 11:00:00,short,32610.269,32607.519,32637.56345347797,32509.0114915825,22.7453778983104,0.1007530706639479,TIMEOUT,12,-34.166938016020175
2023-06-12 12:30:00,2023-06-12 14:25:00,short,32640.369,32650.319,32664.495468628553,32526.361824858763,20.10539052379597,-0.412410127366269,TIMEOUT,12,-34.57934814338645
2023-06-12 14:35:00,2023-06-12 15:00:00,short,32655.469,32672.323188535138,32672.323188535138,32539.13872222223,14.045157112613483,-1.0000000000000444,SL,5,-35.57934814338649
2023-06-12 16:00:00,2023-06-12 18:50:00,short,32720.469,32739.9866402388,32739.9866402388,32544.710207729466,16.26470019899962,-0.9999999999999607,SL,12,-36.57934814338645
2023-06-12 19:00:00,2023-06-12 20:15:00,short,32747.519,32761.497209697354,32761.497209697354,32561.705030701753,11.648508081126893,-1.000000000000126,SL,4,-37.579348143386575
2023-06-12 21:30:00,2023-06-12 21:45:00,short,32922.319,32976.753918397764,32976.753918397764,32582.782450292405,45.36243199813617,-0.9999999999999571,SL,3,-38.57934814338653
2023-06-14 01:25:00,2023-06-14 01:45:00,short,33649.369,33513.07455555556,33699.09665574996,33513.07455555556,41.43971312496833,2.7408178082985684,VWAP,4,-35.83853033508797
2023-06-14 03:20:00,2023-06-14 03:30:00,short,33719.319,33767.480587690414,33767.480587690414,33556.184040650405,40.13465640867426,-1.0000000000000324,SL,2,-36.838530335088
2023-06-14 13:15:00,2023-06-14 13:20:00,long,33472.519,33429.52219748833,33429.52219748833,33598.50523563219,35.83066875972581,-0.9999999999999459,SL,1,-37.838530335087945
2023-06-14 13:25:00,2023-06-14 14:00:00,long,33437.469,33394.801450895546,33394.801450895546,33595.860158192096,35.55629092037572,-1.0000000000000175,SL,7,-38.83853033508796
2023-06-14 20:00:00,2023-06-14 20:15:00,long,33467.519,33407.80137997913,33407.80137997913,33575.51991111112,49.764683350726266,-0.9999999999999835,SL,3,-39.838530335087945
2023-06-14 21:35:00,2023-06-14 22:10:00,long,33474.469,33570.43858579883,33402.337321038685,33570.43858579883,60.109732467762576,1.330477637298627,VWAP,7,-38.50805269778932
2023-06-14 22:50:00,2023-06-14 23:50:00,short,33729.469,33704.319,33798.23827936961,33570.73117391305,57.307732808008964,0.36571562521139345,TIMEOUT,12,-38.142337072577924
2023-06-15 01:40:00,2023-06-15 02:00:00,long,33527.999,33467.81458968558,33467.81458968558,33641.69296825398,50.15367526202153,-0.9999999999999845,SL,4,-39.14233707257791
2023-06-15 04:25:00,2023-06-15 04:45:00,long,33489.519,33447.621806939234,33447.621806939234,33551.4115308642,34.91432755063729,-1.0000000000000266,SL,4,-40.14233707257794
2023-06-15 05:20:00,2023-06-15 05:25:00,long,33317.319,33264.93274246751,33264.93274246751,33529.915,43.65521461041601,-0.9999999999999488,SL,1,-41.14233707257789
2023-06-15 05:55:00,2023-06-15 06:35:00,long,33249.999,33186.707021621216,33186.707021621216,33505.71927777779,52.743315315657554,-0.9999999999999747,SL,8,-42.14233707257786
2023-06-15 14:45:00,2023-06-15 15:00:00,short,33532.419,33563.21807893758,33563.21807893758,33437.066164179116,25.6658991146465,-1.0000000000000153,SL,3,-43.142337072577874
2023-06-15 20:00:00,2023-06-15 20:05:00,long,33379.999,33353.09952143982,33353.09952143982,33445.70839393941,22.416232133483284,-1.0000000000000995,SL,1,-44.14233707257797
2023-06-15 20:10:00,2023-06-15 20:15:00,long,33264.519,33226.44573532311,33226.44573532311,33443.84517521369,31.72772056407488,-0.9999999999999606,SL,1,-45.14233707257793
2023-06-18 20:00:00,2023-06-18 20:05:00,long,33737.269,33694.90148622791,33694.90148622791,33800.69156410256,35.30626147674189,-1.000000000000063,SL,1,-46.142337072577995
2023-06-18 23:35:00,2023-06-18 23:40:00,long,33587.519,33548.903790506614,33548.903790506614,33664.22144047619,32.17934124448541,-1.0000000000000888,SL,1,-47.14233707257809
2023-06-19 05:30:00,2023-06-19 05:45:00,short,33497.999,33533.635809279476,33533.635809279476,33409.946661691545,29.697341066229015,-0.9999999999999434,SL,3,-48.14233707257803
2023-06-19 05:50:00,2023-06-19 06:50:00,short,33552.319,33497.519,33586.161625412096,33416.12017370892,28.202187843413533,1.619259715601614,TIMEOUT,12,-46.523077356976415
2023-06-19 11:00:00,2023-06-19 12:00:00,long,33372.419,33364.419,33341.514935858126,33430.12398316499,25.753386784899504,-0.2588656289112105,TIMEOUT,12,-46.781942985887625
2023-06-19 18:30:00,2023-06-19 20:00:00,long,33362.269,33341.63647515057,33341.63647515057,33420.18911299436,17.193770707861955,-0.9999999999998975,SL,7,-47.781942985887525
2023-06-19 20:15:00,2023-06-19 21:15:00,long,33204.519,33319.369,33163.052625729615,33412.25306250001,34.555311891988396,2.7697140640053655,TIMEOUT,12,-45.01222892188216
2023-06-19 21:45:00,2023-06-19 21:55:00,long,33324.319,33267.22493775293,33267.22493775293,33403.214639269405,47.57838520589629,-0.9999999999999633,SL,2,-46.01222892188213
2023-06-19 23:30:00,2023-06-20 00:30:00,long,33144.519,33232.269,33089.51706343237,33375.07097604791,45.83494713968625,1.5953983709666948,TIMEOUT,12,-44.416830550915435
2023-06-20 02:00:00,2023-06-20 03:00:00,short,33364.519,33312.469,33411.12211711814,33279.033,38.83593093178318,1.1168780806669034,TIMEOUT,12,-43.299952470248535
2023-06-20 04:15:00,2023-06-20 04:35:00,long,33217.369,33174.37186158863,33174.37186158863,33301.74758974359,35.83094867614081,-0.999999999999952,SL,4,-44.299952470248485
2023-06-20 04:40:00,2023-06-20 04:55:00,long,33147.319,33103.065439370184,33103.065439370184,33291.135374269,36.87796719151656,-0.9999999999999762,SL,3,-45.29995247024846
2023-06-20 06:20:00,2023-06-20 06:40:00,long,33182.269,33148.350865515735,33148.350865515735,33260.34882683982,28.265112070222496,-0.9999999999999549,SL,4,-46.29995247024842
2023-06-20 10:30:00,2023-06-20 12:25:00,long,33149.419,33182.419,33111.13202330121,33243.25947619048,31.905813915660566,0.8619118782768921,TIMEOUT,12,-45.43804059197153
2023-06-20 16:00:00,2023-06-20 18:40:00,long,33149.469,33144.999,33121.6255175128,33225.2819951691,23.20290207266506,-0.1605402629519893,TIMEOUT,12,-45.59858085492352
2023-06-20 18:55:00,2023-06-20 20:00:00,long,33129.469,33217.54856427016,33112.620515832146,33217.54856427016,14.040403473210134,5.227744133696248,VWAP,2,-40.37083672122727
2023-06-20 20:35:00,2023-06-20 20:40:00,short,33329.999,33374.86569776874,33374.86569776874,33219.51897942388,37.388914807281296,-1.0000000000000313,SL,1,-41.3708367212273
2023-06-21 04:15:00,2023-06-21 05:15:00,short,33757.999,33777.999,33795.83122495513,33611.9548974359,31.526854129271843,-0.528649848739336,TIMEOUT,12,-41.89948656996663
2023-06-21 08:35:00,2023-06-21 08:55:00,long,33602.369,33665.02871326165,33565.227752467894,33665.02871326165,30.951039610086003,1.687065390237402,VWAP,4,-40.21242117972923
2023-06-21 11:00:00,2023-06-21 11:10:00,long,33584.319,33545.0955471074,33545.0955471074,33662.77812457913,32.686210743838195,-0.9999999999999931,SL,2,-41.212421179729226
2023-06-21 16:15:00,2023-06-21 19:00:00,long,33592.369,33558.831038046534,33558.831038046534,33647.640558753,27.94830162788731,-1.0000000000000107,SL,1,-42.21242117972923
2023-06-22 00:30:00,2023-06-22 01:25:00,long,33384.419,33338.72881393677,33338.72881393677,33486.197095238094,38.0751550526948,-1.0000000000000309,SL,11,-43.21242117972926
2023-06-22 20:35:00,2023-06-22 20:55:00,long,33259.999,33200.80235696096,33200.80235696096,33360.17616981131,49.33053586587114,-1.0000000000000062,SL,4,-44.21242117972927
2023-06-22 21:00:00,2023-06-22 21:10:00,long,33216.519,33147.96593263243,33147.96593263243,33357.688837398375,57.127556139642124,-0.9999999999999565,SL,2,-45.212421179729226
2023-06-22 21:35:00,2023-06-22 21:40:00,long,32940.269,32852.46627979455,32852.46627979455,33347.30929239766,73.16893350454187,-1.0000000000000075,SL,1,-46.21242117972923
2023-06-23 14:45:00,2023-06-23 16:00:00,long,32602.519,32660.966192982476,32562.343462704415,32660.966192982476,33.47961441298895,1.4547955526383518,VWAP,4,-44.75762562709088
2023-06-25 20:00:00,2023-06-25 20:05:00,long,32570.999,32537.270541890677,32537.270541890677,32638.980666666674,28.107048424436833,-0.9999999999999547,SL,1,-45.75762562709084
2023-06-25 20:40:00,2023-06-25 20:45:00,short,32737.469,32803.76760591567,32803.76760591567,32621.9186969697,55.248838263060044,-0.9999999999999983,SL,1,-46.75762562709084
2023-06-25 21:25:00,2023-06-25 22:25:00,short,32875.319,32867.999,32950.316173829444,32655.822978494623,62.49764485786774,0.09760367792854258,TIMEOUT,12,-46.6600219491623
2023-06-25 22:35:00,2023-06-25 23:35:00,short,32904.319,32782.269,32965.13035488492,32712.144259259254,50.67612907075898,2.0070264875859127,TIMEOUT,12,-44.65299546157639
2023-06-26 03:10:00,2023-06-26 03:20:00,long,32617.269,32578.32870075301,32578.32870075301,32725.372846153852,32.45024937249419,-0.9999999999999567,SL,2,-45.652995461576346
2023-06-26 03:30:00,2023-06-26 03:40:00,long,32569.999,32526.42484051454,32526.42484051454,32713.409620155046,36.31179957121541,-1.0000000000000107,SL,2,-46.65299546157635
2023-06-26 04:30:00,2023-06-26 05:30:00,long,32532.419,32602.469,32483.320604997418,32686.63754545455,40.915329168819255,1.4267268817303271,TIMEOUT,12,-45.22626857984603
2023-06-26 07:00:00,2023-06-26 08:00:00,long,32582.419,32587.319,32540.765328529968,32667.16715315316,34.711392891693954,0.1176366890856924,TIMEOUT,12,-45.108631890760336
2023-06-26 09:00:00,2023-06-26 09:40:00,long,32547.519,32655.86225670498,32516.477638021108,32655.86225670498,25.86780164907576,3.490286823711387,VWAP,8,-41.61834506704895
2023-06-26 09:50:00,2023-06-26 11:05:00,short,32717.999,32649.797934707894,32755.22646065956,32649.797934707894,31.02288388296543,1.8320095994673773,VWAP,4,-39.78633546758157
2023-06-26 19:00:00,2023-06-26 19:45:00,long,32599.269,32570.092841580612,32570.092841580612,32653.817872901676,24.31346534948902,-1.0000000000000482,SL,7,-40.78633546758162
2023-06-26 20:15:00,2023-06-26 20:20:00,long,32572.269,32525.017936563734,32525.017936563734,32650.170622807014,39.37588619688717,-1.000000000000032,SL,1,-41.78633546758165
2023-06-26 20:30:00,2023-06-26 20:50:00,long,32507.469,32453.423990390136,32453.423990390136,32648.23046236559,45.037508008221955,-0.9999999999999712,SL,4,-42.78633546758162
2023-06-26 21:15:00,2023-06-26 22:15:00,long,32344.419,32449.469,32279.02968865023,32637.623186991856,54.49109279147814,1.606531676684537,TIMEOUT,12,-41.17980379089708
2023-06-26 22:50:00,2023-06-26 23:35:00,long,32364.319,32308.74785209868,32308.74785209868,32612.975794171216,46.30928991776698,-0.9999999999999736,SL,9,-42.179803790897054
2023-06-27 00:50:00,2023-06-27 01:30:00,short,32509.469,32553.61561398816,32553.61561398816,32419.419303030303,36.78884499013374,-0.9999999999999779,SL,8,-43.17980379089703
2023-06-27 02:10:00,2023-06-27 03:10:00,short,32622.999,32602.519,32670.78122636504,32485.443074074075,39.81852197086729,0.4286112548113391,TIMEOUT,12,-42.751192536085696
2023-06-27 10:30:00,2023-06-27 10:45:00,short,32677.369,32717.87172983957,32717.87172983957,32553.326371794872,33.752274866311474,-0.9999999999999704,SL,3,-43.75119253608567
2023-06-27 10:50:00,2023-06-27 12:40:00,short,32742.369,32782.814847015514,32782.814847015514,32558.926993827157,33.70487251293004,-0.9999999999999749,SL,11,-44.75119253608564
2023-06-27 22:30:00,2023-06-27 22:40:00,short,32817.999,32872.27746387077,32872.27746387077,32656.063007285975,45.23205322563946,-0.9999999999999963,SL,2,-45.75119253608563
2023-06-27 22:45:00,2023-06-27 23:40:00,short,32997.469,33059.366587873206,33059.366587873206,32659.941437275986,51.58132322767167,-1.0000000000000482,SL,11,-46.75119253608568
2023-06-28 11:45:00,2023-06-28 13:40:00,short,33320.269,33302.419,33358.97505897686,33157.94740978596,32.25504914738321,0.46116810834887745,TIMEOUT,12,-46.2900244277368
2023-06-28 19:05:00,2023-06-28 19:35:00,short,33320.519,33348.54206879334,33348.54206879334,33186.42007142858,23.352557327780623,-0.9999999999999832,SL,6,-47.29002442773679
2023-06-28 20:25:00,2023-06-28 20:30:00,short,33407.419,33453.9148239238,33453.9148239238,33201.19235470087,38.74651993649665,-1.0000000000000158,SL,1,-48.2900244277368
2023-06-28 20:50:00,2023-06-28 21:40:00,short,33460.269,33510.420326084626,33510.420326084626,33208.595190476204,41.792771737187955,-1.0000000000000073,SL,10,-49.29002442773681
2023-06-29 01:40:00,2023-06-29 01:50:00,long,33239.469,33188.764102009314,33188.764102009314,33317.40519047619,42.25408165890201,-1.0000000000000135,SL,2,-50.290024427736824
2023-06-29 09:25:00,2023-06-29 09:40:00,long,33162.269,33226.98675362318,33135.22515330768,33226.98675362318,22.53653891026623,2.3930676119962975,VWAP,3,-47.89695681574052
2023-06-29 11:00:00,2023-06-29 12:00:00,long,33119.469,33169.469,33079.668721392445,33224.992099999996,33.16689883962392,1.2562726128886137,TIMEOUT,12,-46.64068420285191
2023-06-29 13:05:00,2023-06-29 15:00:00,long,33132.419,33152.319,33100.50316800853,33217.01981871345,26.596526659559313,0.6235150004962837,TIMEOUT,12,-46.017169202355625
2023-06-29 15:40:00,2023-06-29 19:40:00,long,33157.269,33136.90319457451,33136.90319457451,33206.84268159204,16.97150452124521,-0.9999999999998895,SL,11,-47.01716920235551
2023-06-29 19:45:00,2023-06-29 20:05:00,long,33084.469,33058.71160838331,33058.71160838331,33202.63621461187,21.46449301390797,-0.999999999999921,SL,4,-48.01716920235543
2023-06-29 20:10:00,2023-06-29 21:10:00,long,32949.469,32972.269,32906.722260305345,33197.69588741722,35.62228307887531,0.5333740108103792,TIMEOUT,12,-47.483795191545056
2023-06-30 01:40:00,2023-06-30 02:40:00,short,33192.469,33177.999,33238.57868359548,33087.00693650794,38.42473632956979,0.3138169441139077,TIMEOUT,12,-47.169978247431146
2023-06-30 03:30:00,2023-06-30 03:55:00,short,33202.319,33234.20167187342,33234.20167187342,33133.30155813953,26.568893227851635,-0.9999999999999352,SL,5,-48.16997824743108
2023-06-30 04:00:00,2023-06-30 05:00:00,short,33250.469,33245.469,33282.24110331243,33143.32314965985,26.476752760360398,0.15737075858127061,TIMEOUT,12,-48.01260748884981
2023-07-03 08:45:00,2023-07-03 10:00:00,long,33685.319,33664.795266131296,33664.795266131296,33716.467491228075,17.10311155725587,-1.0000000000000222,SL,4,-49.01260748884983
2023-07-03 10:05:00,2023-07-03 10:10:00,long,33640.369,33615.93786765315,33615.93786765315,33714.51226666667,20.35927695571052,-0.9999999999998952,SL,1,-50.012607488849724
2023-07-03 10:45:00,2023-07-03 12:40:00,long,33582.519,33680.319,33549.37594392403,33707.67751851852,27.61921339664093,2.9508443571356207,TIMEOUT,12,-47.0617631317141
2023-07-03 13:00:00,2023-07-04 18:00:00,long,33635.269,33606.98817305967,33606.98817305967,33700.329349462365,23.567355783611646,-0.9999999999999369,SL,1,-48.06176313171404
2023-07-06 23:20:00,2023-07-06 23:35:00,short,32672.519,32713.495224653972,32713.495224653972,32597.761478632474,34.146853878310765,-0.9999999999999818,SL,3,-49.06176313171402
2023-07-07 01:35:00,2023-07-07 01:50:00,long,32524.519,32480.00686724502,32480.00686724502,32608.692166666664,37.093443962482354,-0.9999999999999964,SL,3,-50.06176313171402
2023-07-07 02:50:00,2023-07-07 03:00:00,long,32424.419,32387.521053332628,32387.521053332628,32546.24966666666,30.74828888947652,-1.0000000000000486,SL,2,-51.061763131714066
2023-07-07 03:05:00,2023-07-07 03:30:00,long,32329.519,32289.74688453782,32289.74688453782,32533.612859649118,33.14342955181507,-1.0000000000000357,SL,5,-52.0617631317141
2023-07-07 11:35:00,2023-07-07 11:50:00,short,32502.419,32537.383519484516,32537.383519484516,32421.799903426807,29.137099570428923,-0.9999999999999888,SL,3,-53.06176313171409
2023-07-07 13:00:00,2023-07-07 14:00:00,short,32669.369,32627.419,32711.1078523081,32428.69563716816,34.78237692341772,1.005058780493944,TIMEOUT,12,-52.05670435122014
2023-07-09 19:35:00,2023-07-09 20:00:00,long,32404.469,32370.938006807937,32370.938006807937,32454.123761904757,27.942494326719245,-1.00000000000002,SL,5,-53.05670435122016
2023-07-09 21:20:00,2023-07-09 21:25:00,long,32349.519,32286.027915561663,32286.027915561663,32432.092333333334,52.909237031948656,-0.9999999999999871,SL,1,-54.05670435122015
2023-07-09 21:40:00,2023-07-09 21:45:00,long,32161.469,32082.15130438767,32082.15130438767,32412.12358333333,66.09807967694401,-0.9999999999999846,SL,1,-55.056704351220134
2023-07-10 01:40:00,2023-07-10 02:40:00,long,32166.469,32154.999,32103.288687024018,32262.89566666666,52.6502608133176,-0.1815438933384462,TIMEOUT,12,-55.23824824455858
2023-07-10 03:25:00,2023-07-10 03:45:00,long,32109.999,32217.40098412698,32060.452150659192,32217.40098412698,41.28904111734094,2.167685444299659,VWAP,4,-53.07056280025892
2023-07-10 04:25:00,2023-07-10 05:25:00,short,32329.469,32311.469,32379.333459663747,32222.6327654321,41.55371638645538,0.36097854306213917,TIMEOUT,12,-52.70958425719678
2023-07-10 19:00:00,2023-07-10 19:45:00,short,32354.319,32382.71176922701,32382.71176922701,32260.9564879227,23.660641022511083,-0.999999999999945,SL,9,-53.709584257196724
2023-07-10 19:50:00,2023-07-10 20:05:00,short,32426.999,32458.842210473405,32458.842210473405,32266.951477477458,26.536008727839295,-0.9999999999999523,SL,3,-54.709584257196674
2023-07-10 20:50:00,2023-07-10 21:50:00,short,32466.999,32340.469,32524.031700309355,32275.34329166666,47.52725025779521,2.2185518012242174,TIMEOUT,12,-52.49103245597246
2023-07-11 00:05:00,2023-07-11 01:05:00,long,32170.999,32215.999,32122.50648868719,32254.52566666667,40.41042609400677,0.9279783368966156,TIMEOUT,12,-51.563054119075844
2023-07-11 01:15:00,2023-07-11 01:30:00,long,32095.469,32193.440875000004,32045.591514616364,32193.440875000004,41.56457115302907,1.964250487899458,VWAP,3,-49.59880363117639
2023-07-11 15:05:00,2023-07-11 15:25:00,short,32248.419,32270.612367117912,32270.612367117912,32179.947015873015,18.494472598257577,-1.0000000000000582,SL,4,-50.598803631176445
2023-07-11 15:50:00,2023-07-11 20:05:00,short,32313.999,32245.469,32336.736853805378,32185.801246913583,18.94821150448157,3.0139168184725658,TIMEOUT,12,-47.58488681270388
2023-07-11 20:20:00,2023-07-11 20:25:00,long,32125.269,32088.049483849838,32088.049483849838,32195.328577777793,31.016263458467503,-1.0000000000000333,SL,1,-48.584886812703914
2023-07-12 12:50:00,2023-07-12 14:45:00,short,32096.369,32096.419,32142.049114328383,31990.02946831956,38.06676194032033,-0.0010945681887630856,TIMEOUT,12,-48.585981380892676
2023-07-12 18:20:00,2023-07-12 18:40:00,short,32088.519,32111.664513967055,32111.664513967055,32005.503712643676,19.287928305877884,-1.0000000000000355,SL,3,-49.58598138089271
2023-07-12 18:45:00,2023-07-12 20:05:00,short,32116.369,32136.979230227327,32136.979230227327,32008.239089485458,17.17519185610627,-1.000000000000044,SL,5,-50.585981380892754
2023-07-12 20:35:00,2023-07-12 20:50:00,short,32168.469,32221.091441093587,32221.091441093587,32011.54866666667,43.852034244655826,-0.9999999999999912,SL,3,-51.58598138089275
2023-07-12 23:05:00,2023-07-12 23:15:00,short,32351.419,32388.91600228998,32388.91600228998,32056.348754385966,31.24750190831775,-0.9999999999999577,SL,2,-52.585981380892704
2023-07-12 23:20:00,2023-07-13 00:00:00,short,32419.269,32460.20323543407,32460.20323543407,32061.47870639033,34.111862861725335,-0.999999999999983,SL,8,-53.58598138089269
2023-07-13 13:00:00,2023-07-13 14:15:00,short,32744.269,32768.43152647406,32768.43152647406,32633.357617886177,20.13543872838424,-0.9999999999998644,SL,4,-54.585981380892555
2023-07-13 18:05:00,2023-07-13 18:40:00,short,32786.319,32805.30118955279,32805.30118955279,32646.848082125583,15.818491293988584,-0.9999999999999689,SL,6,-55.58598138089253
2023-07-14 09:05:00,2023-07-14 09:45:00,short,32481.999,32393.375206896548,32512.978117535553,32393.375206896548,25.81593127962665,2.860759122713757,VWAP,8,-52.72522225817877
2023-07-14 13:00:00,2023-07-14 13:05:00,long,32356.519,32324.87024985195,32324.87024985195,32400.391470238093,26.373958456710387,-0.9999999999999688,SL,1,-53.72522225817874
2023-07-14 14:35:00,2023-07-16 19:10:00,long,32366.999,32343.999,32342.317024944026,32397.86650636133,20.568312546643135,-0.9318541140991546,TIMEOUT,12,-54.65707637227789
2023-07-16 19:35:00,2023-07-16 19:45:00,long,32303.369,32279.503308418603,32279.503308418603,32336.10525,19.888076317830603,-0.9999999999999433,SL,2,-55.657076372277835
2023-07-16 19:50:00,2023-07-16 19:55:00,long,32273.519,32247.626203934284,32247.626203934284,32320.752333333334,21.577330054764396,-0.9999999999999716,SL,1,-56.65707637227781
2023-07-16 20:05:00,2023-07-16 21:05:00,long,32193.999,32198.999,32158.581168747674,32308.33304761905,29.51485937693776,0.14117182851707588,TIMEOUT,12,-56.51590454376073
2023-07-17 03:20:00,2023-07-17 03:40:00,short,32276.269,32296.027687587622,32296.027687587622,32240.630083333344,16.46557298968518,-1.0000000000000024,SL,4,-57.51590454376073
2023-07-17 05:40:00,2023-07-17 05:50:00,long,32193.319,32166.037974930437,32166.037974930437,32247.188901960788,22.734187557967005,-1.0000000000000593,SL,2,-58.51590454376079
2023-07-17 10:00:00,2023-07-17 11:00:00,short,32411.419,32418.999,32451.609510711827,32227.133795918366,33.492092259855255,-0.18860173373630823,TIMEOUT,12,-58.704506277497096
2023-07-18 01:55:00,2023-07-18 02:10:00,short,32485.999,32421.25288888889,32523.006989311267,32421.25288888889,30.83999109272225,1.7495171263303475,VWAP,3,-56.95498915116675
2023-07-18 02:55:00,2023-07-18 03:55:00,long,32365.999,32416.196222222217,32334.148568702545,32416.196222222217,26.54202608121199,1.576029591355314,VWAP,12,-55.378959559811435
2023-07-18 05:20:00,2023-07-18 05:45:00,short,32470.269,32500.113727767428,32500.113727767428,32411.260435897435,24.870606472856508,-0.9999999999999958,SL,5,-56.37895955981143
2023-07-18 10:00:00,2023-07-18 10:55:00,short,32623.469,32667.663052317832,32667.663052317832,32426.44755218855,36.828376931525455,-1.0000000000000089,SL,11,-57.378959559811435
2023-07-18 11:00:00,2023-07-18 12:00:00,short,32663.369,32702.279799331183,32702.279799331183,32447.858819819816,32.42566610932164,-0.9999999999999633,SL,1,-58.3789595598114
2023-07-18 12:05:00,2023-07-18 14:00:00,short,32720.269,32713.369,32759.728842280463,32452.621920353977,32.88320190038454,0.17486131725919218,TIMEOUT,12,-58.204098242552206
2023-07-19 01:50:00,2023-07-19 02:00:00,short,32824.269,32855.66743383756,32855.66743383756,32754.00407246377,26.165361531301315,-0.9999999999999314,SL,2,-59.204098242552135
2023-07-19 02:05:00,2023-07-19 02:10:00,short,32951.369,32990.663218345886,32990.663218345886,32767.79412820513,32.74518195490886,-0.9999999999999128,SL,1,-60.20409824255205
2023-07-19 02:15:00,2023-07-19 02:30:00,short,32991.519,33034.4550352064,33034.4550352064,32783.197095238094,35.780029338671625,-0.9999999999999355,SL,3,-61.204098242551986
2023-07-19 02:35:00,2023-07-19 03:35:00,short,33036.269,33026.469,33074.57638758668,32812.25972916667,31.922822988905068,0.2558253281518197,TIMEOUT,12,-60.948272914400164
2023-07-19 12:30:00,2023-07-19 15:25:00,long,32854.469,32914.999,32821.967752442346,32932.053350282484,27.084372964708912,1.8623900480324036,TIMEOUT,12,-59.08588286636776
2023-07-19 18:15:00,2023-07-19 18:25:00,long,32849.319,32823.80993113361,32823.80993113361,32922.33747222223,21.257557388661077,-0.9999999999999226,SL,2,-60.08588286636768
2023-07-19 20:00:00,2023-07-19 20:10:00,long,32781.269,32753.377255825806,32753.377255825806,32915.881619047614,23.24312014516058,-1.0000000000000528,SL,2,-61.08588286636773
2023-07-20 14:25:00,2023-07-20 14:30:00,long,32394.269,32365.236236604214,32365.236236604214,32434.601377261002,24.193969496489316,-0.9999999999999553,SL,1,-62.08588286636769
2023-07-20 14:35:00,2023-07-20 18:00:00,long,32364.469,32334.463178500573,32334.463178500573,32433.588694656508,25.00485124952402,-0.9999999999999672,SL,10,-63.085882866367655
2023-07-20 18:50:00,2023-07-20 20:00:00,long,32344.999,32323.09194767048,32323.09194767048,32424.446600000014,18.255876941265775,-1.0000000000000262,SL,3,-64.08588286636768
2023-07-21 01:05:00,2023-07-21 01:20:00,long,32323.369,32288.603857078273,32288.603857078273,32375.701380952378,28.970952434772936,-0.9999999999999499,SL,3,-65.08588286636763
2023-07-21 01:25:00,2023-07-21 02:25:00,long,32273.269,32308.319,32237.70304063444,32357.971592592592,29.63829947130251,0.98549288772839,TIMEOUT,12,-64.10038997863924
2023-07-21 03:35:00,2023-07-21 03:40:00,short,32545.369,32590.45903526794,32590.45903526794,32334.5074090909,37.575029389951446,-1.0000000000000027,SL,1,-65.10038997863924
2023-07-21 03:45:00,2023-07-21 03:55:00,short,32613.419,32664.570897756545,32664.570897756545,32345.497478260862,42.62658146378476,-1.000000000000023,SL,2,-66.10038997863927
2023-07-23 22:45:00,2023-07-23 23:00:00,short,32761.999,32804.10275146784,32804.10275146784,32677.794652173914,35.086459556536305,-0.9999999999999821,SL,3,-67.10038997863926
2023-07-24 01:45:00,2023-07-24 02:10:00,long,32659.999,32629.578644501664,32629.578644501664,32707.36869696969,25.350296248613848,-0.9999999999999796,SL,5,-68.10038997863924
2023-07-24 02:15:00,2023-07-24 03:15:00,long,32629.269,32636.419,32597.368016146203,32695.858404761897,26.584153211496346,0.22413101842784514,TIMEOUT,12,-67.8762589602114
2023-07-24 03:30:00,2023-07-24 03:50:00,long,32616.519,32674.666131782935,32588.981911368497,32674.666131782935,22.94757385958567,2.111593297354372,VWAP,4,-65.76466566285703
2023-07-24 06:10:00,2023-07-24 06:25:00,long,32639.369,32615.984095941876,32615.984095941876,32673.542600000004,19.487420048436007,-0.9999999999999752,SL,3,-66.764665662857
2023-07-24 06:50:00,2023-07-24 09:05:00,long,32616.999,32594.79459209,32594.79459209,32669.313136546192,18.503673258334715,-0.9999999999999913,SL,4,-67.76466566285698
2023-07-24 09:10:00,2023-07-24 09:50:00,long,32589.469,32568.501022360237,32568.501022360237,32665.744643939404,17.47331469980302,-1.0000000000000318,SL,8,-68.76466566285701
2023-07-24 09:55:00,2023-07-24 10:55:00,long,32524.319,32658.654017182143,32494.97743809729,32658.654017182143,24.451301585593644,4.578318551260416,VWAP,12,-64.1863471115966
2023-07-24 12:05:00,2023-07-24 12:30:00,short,32714.419,32747.09562465459,32747.09562465459,32652.08147023811,27.23052054548994,-1.0000000000000182,SL,5,-65.18634711159662
2023-07-24 19:00:00,2023-07-24 20:00:00,short,32771.369,32681.369,32795.18118454663,32666.32817274941,19.843487122191853,3.779577628577397,TIMEOUT,12,-61.40676948301922
2023-07-24 20:05:00,2023-07-24 20:15:00,long,32611.469,32671.984466666683,32577.581040564437,32671.984466666683,28.239966196303982,1.785751271974563,VWAP,2,-59.62101821104466
2023-07-24 23:05:00,2023-07-24 23:50:00,long,32588.519,32550.626005547438,32550.626005547438,32659.131939068102,31.57749537713559,-0.9999999999999961,SL,9,-60.62101821104465
2023-07-25 02:00:00,2023-07-25 03:00:00,short,32668.269,32676.419,32693.887673601814,32598.73433333333,21.348894668178186,-0.31812732097981955,TIMEOUT,12,-60.93914553202447
2023-07-25 08:45:00,2023-07-25 10:00:00,long,32601.519,32628.92194736842,32586.121172948406,32628.92194736842,12.831522542996227,1.7796632782403556,VWAP,4,-59.15948225378411
2023-07-25 12:00:00,2023-07-25 13:00:00,long,32581.519,32611.369,32561.23352928098,32627.0514702381,16.904558932517652,1.4714965412170073,TIMEOUT,12,-57.687985712567105
2023-07-25 14:15:00,2023-07-25 14:35:00,short,32656.999,32673.88486771771,32673.88486771771,32623.981395833336,14.07155643142262,-1.0000000000000866,SL,4,-58.68798571256719
2023-07-25 18:35:00,2023-07-25 20:00:00,long,32603.419,32625.560208053685,32586.410707346146,32625.560208053685,14.173577211545648,1.3017889863662961,VWAP,6,-57.38619672620089
2023-07-25 22:35:00,2023-07-25 23:35:00,short,32688.369,32693.419,32728.483789607188,32621.004017921136,33.428991339323325,-0.12588873204754447,TIMEOUT,12,-57.512085458248436
2023-07-26 03:15:00,2023-07-26 03:25:00,long,32595.469,32571.707462306935,32571.707462306935,32653.131499999996,19.801281410889143,-0.9999999999999677,SL,2,-58.5120854582484
2023-07-26 04:05:00,2023-07-26 04:35:00,long,32583.999,32557.616711895294,32557.616711895294,32643.98439999999,21.985240087253757,-1.0000000000000326,SL,6,-59.512085458248436
2023-07-26 05:30:00,2023-07-26 05:40:00,long,32528.369,32504.26627906119,32504.26627906119,32621.097706467655,20.085600782340613,-0.9999999999999898,SL,2,-60.51208545824843
2023-07-26 14:40:00,2023-07-26 15:00:00,short,32633.519,32569.115390977422,32668.544917602736,32569.115390977422,29.188264668946093,1.8387415214369325,VWAP,4,-58.6733439368115
2023-07-26 20:00:00,2023-07-26 20:15:00,long,32465.999,32568.32178867101,32436.48194451661,32568.32178867101,24.597546236157662,3.466564906130098,VWAP,3,-55.2067790306814
2023-07-26 20:30:00,2023-07-26 20:55:00,short,32675.999,32722.749650234055,32722.749650234055,32569.32814046121,38.958875195045664,-0.9999999999999996,SL,5,-56.2067790306814
2023-07-26 22:30:00,2023-07-26 23:05:00,short,32718.269,32762.862829617494,32762.862829617494,32585.038107468106,37.161524681246036,-0.9999999999999635,SL,7,-57.20677903068137
2023-07-26 23:10:00,2023-07-27 00:05:00,short,32798.319,32837.98957316409,32837.98957316409,32591.71573647467,33.05881097007712,-0.9999999999999475,SL,11,-58.20677903068132
2023-07-28 07:10:00,2023-07-28 08:00:00,short,32695.999,32734.718592533045,32734.718592533045,32574.06904385965,32.266327110870904,-1.0000000000000036,SL,10,-59.20677903068132
2023-07-28 09:00:00,2023-07-28 09:05:00,short,32857.269,32896.31253518804,32896.31253518804,32592.82179693487,32.536279323363395,-1.0000000000000215,SL,1,-60.20677903068134
2023-07-28 09:10:00,2023-07-28 09:45:00,short,32975.419,33022.45980329989,33022.45980329989,32601.084393258432,39.20066941657293,-1.0000000000000395,SL,7,-61.20677903068138
2023-07-28 09:50:00,2023-07-28 10:50:00,short,33145.999,33050.269,33208.693515324616,32634.368003436437,52.245429437176,1.5269278262116763,TIMEOUT,12,-59.679851204469706
2023-07-31 01:45:00,2023-07-31 02:05:00,short,33194.419,33239.017522846,33239.017522846,33106.72248484849,37.1654357050003,-0.9999999999999393,SL,4,-60.67985120446964
2023-07-31 02:10:00,2023-07-31 03:10:00,short,33277.369,33257.369,33323.47503071462,33129.55764197531,38.42169226218324,0.43378273275773754,TIMEOUT,12,-60.24606847171191
2023-07-31 03:40:00,2023-07-31 04:40:00,short,33299.519,33292.419,33334.35024612263,33184.17114814814,29.02603843552596,0.2038399652714524,TIMEOUT,12,-60.04222850644046
2023-07-31 06:45:00,2023-07-31 07:45:00,short,33322.369,33324.419,33346.03864144051,33235.68306504065,19.724701200425514,-0.08660883204146613,TIMEOUT,12,-60.12883733848192
2023-07-31 08:15:00,2023-07-31 09:15:00,short,33362.319,33337.999,33382.449260473426,33251.209866666664,16.775217061182992,1.2081314115191077,TIMEOUT,12,-58.92070592696282
2023-07-31 11:05:00,2023-07-31 12:05:00,short,33352.269,33332.369,33383.243551708285,33271.094099502465,25.812126423568635,0.6424628897754263,TIMEOUT,12,-58.278243037187394
2023-07-31 13:45:00,2023-07-31 14:45:00,short,33332.269,33292.999,33354.0042681765,33280.84265461845,18.112723480411088,1.8067409926171194,TIMEOUT,12,-56.47150204457027
2023-07-31 15:50:00,2023-07-31 15:55:00,long,33252.369,33282.10594589876,33230.9553418802,33282.10594589876,17.844715099827795,1.3886906072938907,VWAP,1,-55.08281143727638
2023-07-31 18:00:00,2023-07-31 19:05:00,short,33332.999,33294.469,33359.39713687584,33281.95967681894,21.9984473965307,1.4595727032264159,TIMEOUT,12,-53.62323873404997
2023-07-31 19:55:00,2023-07-31 20:00:00,long,33249.999,33283.51001978689,33229.93875701216,33283.51001978689,16.71686915653303,1.670519136144035,VWAP,1,-51.95271959790593
2023-07-31 22:10:00,2023-07-31 22:25:00,short,33366.999,33406.42847476806,33406.42847476806,33285.73332249321,32.857895640042145,-1.0000000000000921,SL,3,-52.952719597906025
2023-07-31 23:15:00,2023-08-01 00:15:00,short,33386.319,33386.419,33419.482099215995,33289.888987129954,27.635916013327364,-0.0030153997172351135,TIMEOUT,12,-52.95573499762326
2023-08-01 00:45:00,2023-08-01 01:45:00,short,33476.999,33466.519,33515.819191257375,33407.846000000005,32.350159381140536,0.2699626060707247,TIMEOUT,12,-52.68577239155253
2023-08-01 03:15:00,2023-08-01 04:00:00,long,33394.519,33368.862781673124,33368.862781673124,33427.49508333333,21.38018193906405,-0.9999999999999709,SL,9,-53.685772391552504
2023-08-01 04:15:00,2023-08-01 04:35:00,long,33349.999,33322.603280028656,33322.603280028656,33417.6222051282,22.829766642789536,-1.00000000000001,SL,4,-54.68577239155251
2023-08-01 05:30:00,2023-08-01 05:35:00,long,33329.999,33305.327300677025,33305.327300677025,33400.430641791034,20.559749435815608,-0.999999999999986,SL,1,-55.6857723915525
2023-08-01 05:40:00,2023-08-01 05:55:00,long,33306.519,33280.83338170621,33280.83338170621,33397.946391304344,21.40468191149441,-0.9999999999999409,SL,3,-56.68577239155244
2023-08-01 06:00:00,2023-08-01 07:00:00,long,33286.269,33334.469,33261.621899935206,33392.41260730592,20.539250053993232,1.9556053196233938,TIMEOUT,12,-54.730167071929046
2023-08-01 07:30:00,2023-08-01 08:30:00,long,33316.369,33294.65373311916,33294.65373311916,33377.22588644688,18.096055734032998,-1.000000000000075,SL,12,-55.730167071929124
2023-08-01 08:45:00,2023-08-01 09:35:00,long,33286.999,33267.33180565244,33267.33180565244,33367.3005408805,16.389328622970623,-1.0000000000000988,SL,10,-56.73016707192922
2023-08-01 10:25:00,2023-08-01 11:15:00,long,33224.319,33186.89820655347,33186.89820655347,33353.897544973544,31.183994538773643,-1.0000000000000515,SL,10,-57.73016707192927
2023-08-01 11:20:00,2023-08-01 12:20:00,long,33174.419,33204.319,33134.790579747896,33344.11539902676,33.02368354342103,0.7545090066620316,TIMEOUT,12,-56.97565806526724
2023-08-01 14:25:00,2023-08-01 15:25:00,long,33231.419,33234.319,33210.931914512046,33319.83127969349,17.072571239961512,0.14155258939621373,TIMEOUT,12,-56.83410547587103
2023-08-01 15:45:00,2023-08-01 18:00:00,long,33196.319,33178.11661418293,33178.11661418293,33311.514245614046,15.168654847557566,-1.0000000000001799,SL,7,-57.834105475871205
2023-08-02 08:40:00,2023-08-02 09:35:00,long,32543.369,32513.51551784936,32513.51551784936,32584.771793650794,24.8779017922,-1.0000000000000018,SL,11,-58.834105475871205
2023-08-02 10:10:00,2023-08-02 10:45:00,long,32443.469,32392.381746613595,32392.381746613595,32580.74393224932,42.5727111553368,-1.000000000000032,SL,7,-59.83410547587124
2023-08-02 11:55:00,2023-08-02 12:55:00,long,32343.999,32338.469,32296.5374033281,32556.04638425925,39.55133055991691,-0.11651525417965722,TIMEOUT,12,-59.9506207300509
2023-08-02 13:55:00,2023-08-02 14:55:00,long,32338.419,32368.369,32302.57691249709,32527.555230158712,29.868406252425597,0.8356098120000647,TIMEOUT,12,-59.115010918050835
2023-08-02 15:30:00,2023-08-02 18:00:00,long,32328.419,32301.281630272693,32301.281630272693,32510.528340463443,22.614474772757152,-0.9999999999999932,SL,10,-60.11501091805083
2023-08-02 19:15:00,2023-08-02 20:15:00,long,32301.369,32284.192618319947,32284.192618319947,32489.095729857803,14.31365140004212,-1.0000000000000933,SL,12,-61.11501091805092
2023-08-02 22:00:00,2023-08-02 22:35:00,long,32276.519,32206.95067069186,32206.95067069186,32463.80935519124,57.97360775678496,-1.0000000000000007,SL,7,-62.11501091805092
2023-08-02 22:40:00,2023-08-02 23:40:00,long,32118.469,32223.269,32048.812646781815,32457.405124338606,58.046961015154515,1.5045289504567227,TIMEOUT,12,-60.6104819675942
2023-08-03 00:55:00,2023-08-03 01:20:00,long,32208.999,32293.573444444442,32159.061870264606,32293.573444444442,41.61427477949366,1.6936184536954157,VWAP,5,-58.91686351389878
2023-08-03 01:40:00,2023-08-03 02:40:00,long,32178.419,32188.369,32122.747865107543,32280.73455555556,46.39261241038308,0.17872816890148854,TIMEOUT,12,-58.738135344997296
2023-08-03 02:55:00,2023-08-03 03:15:00,long,32133.999,32092.022070221938,32092.022070221938,32234.960944444447,34.980774815050445,-1.0000000000000395,SL,4,-59.73813534499734
2023-08-03 03:20:00,2023-08-03 03:30:00,long,32028.469,31983.000371928207,31983.000371928207,32217.509975609762,37.89052339316327,-0.9999999999999627,SL,2,-60.7381353449973
2023-08-03 03:35:00,2023-08-03 03:40:00,long,31893.519,31837.483053981876,31837.483053981876,32200.06400000001,46.696621681771006,-0.9999999999999851,SL,1,-61.73813534499729
2023-08-03 03:50:00,2023-08-03 04:00:00,long,31828.369,31767.00404030546,31767.00404030546,32177.262262411357,51.13746641211756,-0.999999999999978,SL,2,-62.73813534499727
2023-08-03 19:10:00,2023-08-03 19:30:00,short,31968.269,31925.121047619043,31993.721935862748,31925.121047619043,21.210779885621967,1.6952053238035358,VWAP,4,-61.04293002119373
2023-08-03 20:40:00,2023-08-03 20:50:00,short,32166.369,32233.58951582167,32233.58951582167,31930.011412280688,56.017096518058764,-1.0000000000000093,SL,2,-62.04293002119374
2023-08-03 20:55:00,2023-08-03 21:55:00,short,32251.319,32136.319,32319.13866226684,31933.69015440114,56.51638522236707,1.6956734397692175,TIMEOUT,12,-60.347256581424524
2023-08-03 23:10:00,2023-08-03 23:35:00,short,32171.519,32222.379898931118,32222.379898931118,31956.379658914717,42.384082442597,-1.0000000000000284,SL,5,-61.34725658142455
2023-08-04 01:05:00,2023-08-04 01:15:00,long,32109.319,32155.883285714288,32073.918628144307,32155.883285714288,29.50030987974274,1.3153614855828786,VWAP,2,-60.031895095841676
2023-08-04 03:05:00,2023-08-04 03:10:00,long,32086.519,32051.391941256028,32051.391941256028,32149.14242105264,29.272548953311336,-0.9999999999999589,SL,1,-61.031895095841634
2023-08-04 04:05:00,2023-08-04 04:15:00,short,32206.999,32244.59764398671,32244.59764398671,32142.498800000012,31.33220332225983,-1.0000000000000049,SL,2,-62.03189509584164
2023-08-04 04:20:00,2023-08-04 05:20:00,short,32241.419,32219.269,32277.79503237566,32147.62711320756,30.31336031304823,0.6089174259374093,TIMEOUT,12,-61.422977669904235
2023-08-04 06:50:00,2023-08-04 07:00:00,long,32106.469,32080.968896904003,32080.968896904003,32159.409441767075,21.250085913331024,-1.0000000000000095,SL,2,-62.42297766990424
2023-08-04 07:05:00,2023-08-04 07:40:00,long,32059.419,32032.70262736811,32032.70262736811,32156.46368992249,22.263643859908345,-1.0000000000000147,SL,7,-63.422977669904256
2023-08-04 07:45:00,2023-08-04 07:50:00,long,31979.369,31947.540268239154,31947.540268239154,32147.274744680864,26.52394313403841,-0.9999999999999555,SL,1,-64.42297766990421
2023-08-04 09:25:00,2023-08-04 09:40:00,long,32054.269,32127.94049122809,32013.444582639797,32127.94049122809,34.020347800168985,1.8045938188920523,VWAP,3,-62.61838385101216
2023-08-04 10:05:00,2023-08-04 10:30:00,long,32024.269,32126.38618579237,31974.07920878208,32126.38618579237,41.82482601493311,2.0346206532118285,VWAP,5,-60.58376319780033
2023-08-04 12:25:00,2023-08-04 12:45:00,short,32259.419,32293.916947485286,32293.916947485286,32135.389400000015,28.74828957107124,-0.999999999999968,SL,4,-61.583763197800295
2023-08-04 13:00:00,2023-08-04 14:00:00,short,32294.469,32184.519,32324.366012851424,32141.918787685794,24.914177376186306,3.6776249368593823,TIMEOUT,12,-57.906138260940914
2023-08-04 14:10:00,2023-08-04 14:20:00,long,32104.999,32070.14488082841,32070.14488082841,32149.707284600405,29.045099309656152,-1.0000000000000333,SL,2,-58.90613826094095
2023-08-04 14:25:00,2023-08-04 15:25:00,long,32019.419,32004.469,31980.572685196803,32148.378195402314,32.37192900266575,-0.38484989054276086,TIMEOUT,12,-59.29098815148371
2023-08-07 08:45:00,2023-08-07 08:55:00,short,32309.999,32332.03764952874,32332.03764952874,32266.615069182404,18.36554127394844,-1.000000000000015,SL,2,-60.290988151483724
2023-08-07 10:35:00,2023-08-07 10:45:00,short,32339.419,32371.23010291243,32371.23010291243,32273.972963254604,26.50925242702106,-1.000000000000041,SL,2,-61.290988151483766
2023-08-07 13:00:00,2023-08-07 14:00:00,short,32409.469,32399.999,32433.45609821259,32293.282547008534,19.989248510492697,0.3947955653523026,TIMEOUT,12,-60.89619258613146
2023-08-07 16:05:00,2023-08-07 18:45:00,short,32434.469,32419.419,32454.18052885205,32313.271193436954,16.42627404337555,0.7635125673386602,TIMEOUT,12,-60.132680018792804
2023-08-07 20:55:00,2023-08-07 21:40:00,short,32511.999,32330.76602741703,32558.96675129782,32330.76602741703,39.13979274818432,3.858668289945933,VWAP,9,-56.27401172884687
2023-08-08 02:15:00,2023-08-08 03:00:00,long,32309.419,32273.62068681388,32273.62068681388,32354.991261904765,29.831927655102017,-0.9999999999999871,SL,9,-57.27401172884686
2023-08-08 03:40:00,2023-08-08 04:40:00,long,32226.519,32266.319,32188.274787677656,32336.45914814814,31.87017693528668,1.0406803430684413,TIMEOUT,12,-56.23333138577841
2023-08-08 05:10:00,2023-08-08 05:15:00,long,32264.999,32231.29234657969,32231.29234657969,32321.43339153439,28.08887785025819,-1.0000000000000449,SL,1,-57.233331385778456
2023-08-08 15:00:00,2023-08-08 15:30:00,short,32306.319,32333.563869470236,32333.563869470236,32247.83010497237,22.704057891862305,-1.000000000000051,SL,6,-58.233331385778506
2023-08-08 20:05:00,2023-08-08 20:10:00,long,32201.519,32255.656012012005,32167.39926590748,32255.656012012005,28.433111743768492,1.5866774302871673,VWAP,1,-56.64665395549134
2023-08-08 21:05:00,2023-08-08 22:05:00,short,32366.369,32328.419,32420.554824366198,32257.85629344729,45.15485363849831,0.7003676781499875,TIMEOUT,12,-55.94628627734135
2023-08-08 23:35:00,2023-08-09 00:35:00,long,32178.319,32218.319,32139.787740102955,32261.23117171717,32.109383247536016,1.038118143732681,TIMEOUT,12,-54.90816813360867
2023-08-09 00:40:00,2023-08-09 01:40:00,short,32266.419,32248.469,32303.49883400742,32201.62418518519,30.899861672847038,0.48409062447287377,TIMEOUT,12,-54.42407750913579
2023-08-09 02:55:00,2023-08-09 03:05:00,short,32288.469,32313.593829928905,32313.593829928905,32236.53612962963,20.93735827408486,-1.000000000000072,SL,2,-55.42407750913586
2023-08-09 04:05:00,2023-08-09 05:05:00,short,32338.319,32348.999,32368.830581247697,32253.486266666663,25.426317706415823,-0.35003102308261125,TIMEOUT,12,-55.77410853221848
2023-08-09 08:50:00,2023-08-09 09:00:00,long,32251.419,32231.445752891166,32231.445752891166,32279.097566978195,16.644372590696797,-0.9999999999999669,SL,2,-56.77410853221844
2023-08-09 09:30:00,2023-08-09 09:40:00,long,32223.469,32202.831367917,32202.831367917,32276.654014492757,17.198026735835846,-0.9999999999999627,SL,2,-57.774108532218406
2023-08-09 11:15:00,2023-08-09 11:20:00,long,32151.269,32118.8611146569,32118.8611146569,32269.620593137257,27.006571119251152,-1.0000000000000175,SL,1,-58.77410853221842
2023-08-09 11:25:00,2023-08-09 12:25:00,long,32076.419,32103.999,32041.906078454165,32267.210497584543,28.760767954864406,0.7991209890292414,TIMEOUT,12,-57.97498754318918
2023-08-09 15:10:00,2023-08-09 15:45:00,long,32208.469,32184.101739892478,32184.101739892478,32244.46949180328,20.306050089601808,-1.0000000000000415,SL,7,-58.97498754318922
2023-08-09 15:50:00,2023-08-09 16:00:00,long,32143.369,32117.11415995139,32117.11415995139,32242.56730715532,21.879033373840564,-0.9999999999999918,SL,2,-59.974987543189215
2023-08-10 07:05:00,2023-08-10 07:45:00,short,32553.519,32514.589813953487,32572.10269411115,32514.589813953487,15.486411759289856,2.0948034235647617,VWAP,8,-57.88018411962445
2023-08-10 09:05:00,2023-08-10 09:35:00,short,32665.319,32705.78954606271,32705.78954606271,32522.719727272735,33.725455052259214,-1.000000000000022,SL,6,-58.880184119624474
2023-08-10 09:40:00,2023-08-10 09:55:00,short,32733.269,32773.64779675112,32773.64779675112,32532.22823076924,33.64899729259955,-0.9999999999999185,SL,3,-59.880184119624396
2023-08-10 10:00:00,2023-08-10 11:00:00,short,32803.419,32705.419,32844.97451744088,32539.896465564747,34.62959786739754,2.3582909330735475,TIMEOUT,12,-57.52189318655085
2023-08-10 15:35:00,2023-08-10 18:20:00,long,32518.269,32533.519,32480.52553617687,32575.75781205674,31.452886519276273,0.40404346753818227,TIMEOUT,12,-57.11784971901267
2023-08-10 19:10:00,2023-08-10 19:45:00,long,32530.319,32571.54338596492,32513.622279339685,32571.54338596492,13.913933883594673,2.469010939549752,VWAP,6,-54.64883877946291
2023-08-10 20:15:00,2023-08-10 20:45:00,short,32653.269,32681.108389687124,32681.108389687124,32572.184128205143,23.199491405936975,-0.9999999999999836,SL,6,-55.6488387794629
2023-08-11 01:55:00,2023-08-11 02:55:00,short,32653.999,32643.999,32674.284635475284,32611.47927777779,16.904696229402834,0.4929596616376296,TIMEOUT,12,-55.15587911782527
2023-08-11 04:10:00,2023-08-11 04:25:00,long,32590.269,32566.539493428634,32566.539493428634,32626.18919607844,19.774588809472096,-0.9999999999999815,SL,3,-56.15587911782525
2023-08-11 04:40:00,2023-08-11 05:40:00,long,32550.469,32598.319,32526.491789964184,32620.2978888889,19.98100836317957,1.995645028279919,TIMEOUT,12,-54.160234089545334
2023-08-11 05:55:00,2023-08-11 06:55:00,long,32548.419,32575.469,32524.690713110092,32611.79094444445,19.773572408258154,1.1399895881864954,TIMEOUT,12,-53.02024450135884
2023-08-11 07:00:00,2023-08-11 07:10:00,long,32575.469,32607.365078431372,32556.296378633117,32607.365078431372,15.977184472403522,1.6636263670477296,VWAP,2,-51.35661813431111
2023-08-11 08:30:00,2023-08-11 08:50:00,long,32535.519,32515.93508101935,32515.93508101935,32603.278741100334,16.319932483875704,-0.999999999999967,SL,4,-52.35661813431108
2023-08-11 11:00:00,2023-08-11 11:15:00,long,32543.469,32505.994575803983,32505.994575803983,32591.386493734328,31.228686830014666,-1.0000000000000089,SL,3,-53.356618134311084
2023-08-11 11:50:00,2023-08-11 12:50:00,long,32460.319,32483.419,32428.57526257741,32583.83452447552,26.45311451882242,0.7277025919312713,TIMEOUT,12,-52.628915542379815
2023-08-11 13:05:00,2023-08-11 14:05:00,long,32468.469,32488.419,32441.15475150834,32574.938092827007,22.761873743050256,0.7303880246272176,TIMEOUT,12,-51.8985275177526
2023-08-11 15:10:00,2023-08-11 16:10:00,long,32463.319,32488.999,32439.12015337765,32563.260438979974,20.165705518623025,1.0612076021955865,TIMEOUT,12,-50.83731991555701
2023-08-13 19:05:00,2023-08-13 19:20:00,long,32485.519,32508.99185714286,32467.88224181857,32508.99185714286,14.697298484524632,1.3309054249876802,VWAP,3,-49.50641449056933
2023-08-13 20:00:00,2023-08-13 20:05:00,long,32455.269,32428.575433146565,32428.575433146565,32500.821,22.244639044530715,-0.9999999999999375,SL,1,-50.50641449056926
2023-08-13 20:55:00,2023-08-13 21:05:00,long,32395.319,32337.663928627142,32337.663928627142,32496.933444444447,48.045892810715486,-0.9999999999999811,SL,2,-51.50641449056924
2023-08-13 21:35:00,2023-08-13 22:15:00,long,32265.999,32202.61238313608,32202.61238313608,32469.04104545455,52.82218071993469,-0.9999999999999982,SL,8,-52.50641449056924
2023-08-13 22:20:00,2023-08-13 23:05:00,long,32180.269,32117.912608690534,32117.912608690534,32438.344031446548,51.96365942455486,-1.0,SL,9,-53.50641449056924
2023-08-14 08:30:00,2023-08-14 09:30:00,long,32105.999,32110.369,32081.438729918722,32153.66993851132,20.466891734398796,0.17792963943544257,TIMEOUT,12,-53.3284848511338
2023-08-14 13:20:00,2023-08-14 14:20:00,short,32260.519,32220.419,32283.704790285985,32166.324362318835,19.321491904985734,1.7295075779341134,TIMEOUT,12,-51.59897727319969
2023-08-14 15:05:00,2023-08-14 15:20:00,short,32238.319,32259.076384398923,32259.076384398923,32173.247553113557,17.29782033243543,-1.0000000000000244,SL,3,-52.59897727319971
2023-08-14 15:45:00,2023-08-14 16:00:00,short,32278.999,32299.15795704389,32299.15795704389,32176.59954385965,16.799130869910673,-0.9999999999999529,SL,3,-53.59897727319966
2023-08-14 18:10:00,2023-08-14 18:30:00,short,32323.519,32342.703686396537,32342.703686396537,32182.108279731994,15.987238663781937,-0.9999999999999082,SL,4,-54.598977273199566
2023-08-15 01:00:00,2023-08-15 01:35:00,long,32277.419,32253.130965658114,32253.130965658114,32326.39515384616,20.240028618239787,-0.9999999999999857,SL,7,-55.59897727319955
2023-08-15 01:40:00,2023-08-15 02:40:00,long,32215.519,32235.999,32188.69234439721,32301.083761904767,22.355546335659614,0.7634197979515736,TIMEOUT,12,-54.83555747524798
2023-08-15 03:00:00,2023-08-15 03:25:00,long,32222.369,32201.39710253757,32201.39710253757,32276.523504504505,17.47658121869297,-0.9999999999999353,SL,5,-55.83555747524792
2023-08-15 03:30:00,2023-08-15 03:55:00,long,32137.269,32110.700894916932,32110.700894916932,32266.312100775194,22.140087569223308,-1.000000000000004,SL,5,-56.835557475247924
2023-08-16 06:15:00,2023-08-16 07:15:00,long,31797.519,31800.419,31771.299764572257,31839.767070175436,21.849362856453972,0.1106058186934285,TIMEOUT,12,-56.724951656554495
2023-08-16 08:45:00,2023-08-16 08:55:00,long,31805.469,31783.78375294343,31783.78375294343,31834.736830188685,18.0710392138103,-0.9999999999999752,SL,2,-57.724951656554474
2023-08-16 09:00:00,2023-08-16 09:10:00,long,31785.999,31763.606054014836,31763.606054014836,31833.559305810402,18.66078832096996,-1.0000000000000138,SL,2,-58.72495165655449
2023-08-16 12:10:00,2023-08-16 13:10:00,long,31770.369,31740.76898884327,31740.76898884327,31828.989249433107,24.666675963942996,-0.9999999999999473,SL,12,-59.72495165655444
2023-08-16 14:10:00,2023-08-16 14:35:00,long,31730.419,31820.010130604267,31698.0887633733,31820.010130604267,26.9418638555849,2.771125112343629,VWAP,5,-56.95382654421081
2023-08-16 14:50:00,2023-08-16 15:15:00,long,31760.269,31723.81781878743,31723.81781878743,31818.801867783965,30.37598434380852,-1.0000000000000242,SL,5,-57.953826544210834
2023-08-16 18:00:00,2023-08-16 19:00:00,long,31670.419,31637.692797455613,31637.692797455613,31809.889016920453,27.271835453656188,-1.000000000000042,SL,10,-58.95382654421088
2023-08-17 03:40:00,2023-08-17 04:40:00,short,31730.519,31742.269,31764.889967411273,31645.85862962963,28.64247284272733,-0.3418582857852963,TIMEOUT,12,-59.295684829996176
2023-08-17 09:45:00,2023-08-17 09:55:00,long,31657.999,31629.47644987792,31629.47644987792,31701.022333333345,23.768791768401144,-0.9999999999999925,SL,2,-60.29568482999617
2023-08-17 10:25:00,2023-08-17 10:35:00,long,31615.999,31579.862176170493,31579.862176170493,31697.290798941813,30.11401985792134,-1.000000000000044,SL,2,-61.29568482999621
2023-08-17 13:20:00,2023-08-17 13:30:00,long,31595.519,31566.59100242805,31566.59100242805,31676.6326645963,24.106664643291513,-1.0000000000000404,SL,2,-62.295684829996254
2023-08-17 13:45:00,2023-08-17 14:05:00,long,31537.369,31509.847406559613,31509.847406559613,31673.316128514085,22.934661200321578,-1.0000000000000007,SL,4,-63.295684829996254
2023-08-17 14:35:00,2023-08-17 14:45:00,long,31485.369,31456.104297618756,31456.104297618756,31664.618564393968,24.387251984368607,-1.000000000000002,SL,2,-64.29568482999626
2023-08-17 23:50:00,2023-08-18 00:50:00,long,31417.519,31430.469,31370.76428838051,31582.681882205525,38.96225968290912,0.2769774328926066,TIMEOUT,12,-64.01870739710365
2023-08-18 01:10:00,2023-08-18 01:25:00,long,31365.999,31319.880890455126,31319.880890455126,31441.651666666665,38.431757954060345,-1.0000000000000286,SL,3,-65.01870739710368
2023-08-18 05:15:00,2023-08-18 06:05:00,long,31380.269,31435.178166666672,31342.2532499808,31435.178166666672,31.679791682667172,1.4443794121893914,VWAP,10,-63.57432798491429
2023-08-18 07:25:00,2023-08-18 07:35:00,long,31375.469,31350.0892726993,31350.0892726993,31428.981851851866,21.14977275058321,-1.0000000000000187,SL,2,-64.5743279849143
2023-08-18 07:40:00,2023-08-18 08:40:00,long,31345.519,31355.519,31319.69642533541,31426.63387455199,21.51881222049249,0.3872580534625165,TIMEOUT,12,-64.18706993145179
2023-08-18 08:45:00,2023-08-18 09:30:00,long,31337.269,31311.23129033392,31311.23129033392,31418.665446540905,21.698091388401615,-0.9999999999999776,SL,9,-65.18706993145176
2023-08-18 14:05:00,2023-08-18 15:05:00,short,31495.269,31487.319,31525.828951270607,31419.01084313727,25.466626058837583,0.26014439387040666,TIMEOUT,12,-64.92692553758135
2023-08-18 15:45:00,2023-08-20 18:25:00,short,31530.269,31525.419,31556.70011171068,31426.605684210543,22.025926425568052,0.1834958761132436,TIMEOUT,12,-64.74342966146811
2023-08-20 18:45:00,2023-08-20 19:20:00,short,31570.469,31522.924925925923,31594.425024152435,31522.924925925923,19.963353460360906,1.9846395950994646,VWAP,7,-62.75879006636865
2023-08-20 20:40:00,2023-08-20 21:15:00,short,31682.369,31546.583583333333,31733.625488389956,31546.583583333333,42.713740324963936,2.6491361568435443,VWAP,7,-60.1096539095251
2023-08-20 22:15:00,2023-08-20 23:15:00,short,31728.999,31750.269,31799.552412482328,31568.08083006536,58.79451040193932,-0.30147372397229305,TIMEOUT,12,-60.411127633497394
2023-08-21 01:00:00,2023-08-21 01:15:00,long,31613.519,31580.781749659487,31580.781749659487,31654.443102564102,27.281041950427145,-1.0000000000000169,SL,3,-61.41112763349741
2023-08-21 01:40:00,2023-08-21 02:40:00,long,31528.519,31555.319,31493.41003362091,31624.276460317462,29.257471982576448,0.7633377670713583,TIMEOUT,12,-60.64778986642605
2023-08-21 04:30:00,2023-08-21 05:30:00,short,31718.319,31728.319,31750.2834243239,31604.077242424246,26.63702026991737,-0.3128478053810177,TIMEOUT,12,-60.96063767180707
2023-08-21 05:50:00,2023-08-21 06:50:00,short,31745.419,31710.369,31767.557023506353,31629.25284976526,18.448352921958275,1.5832488383594585,TIMEOUT,12,-59.37738883344761
2023-08-21 07:50:00,2023-08-21 08:50:00,short,31748.469,31693.469,31766.522688411904,31653.83240350878,15.044740343251604,3.0464688846485886,TIMEOUT,12,-56.33091994879902
2023-08-21 09:40:00,2023-08-21 10:25:00,short,31733.999,31664.387233618236,31758.068635557494,31664.387233618236,20.058029631246903,2.8920988942885772,VWAP,9,-53.43882105451044
2023-08-21 13:25:00,2023-08-21 14:10:00,short,31763.369,31789.70999214327,31789.70999214327,31669.89937037037,21.950826786060414,-0.9999999999999872,SL,9,-54.43882105451043
2023-08-22 01:55:00,2023-08-22 02:10:00,short,31878.999,31909.25745548183,31909.25745548183,31815.69677777778,25.215379568194276,-0.9999999999999406,SL,3,-55.43882105451037
2023-08-22 02:20:00,2023-08-22 03:20:00,short,31948.519,31958.319,31981.21488152856,31831.526241379313,27.246567940466633,-0.29973193998268377,TIMEOUT,12,-55.738552994493055
2023-08-23 06:45:00,2023-08-23 06:50:00,long,31918.519,31898.519127372667,31898.519127372667,31959.523715447158,16.666560522778493,-0.9999999999999598,SL,1,-56.73855299449301
2023-08-23 06:55:00,2023-08-23 07:10:00,long,31895.469,31875.71621186725,31875.71621186725,31958.16431746032,16.46065677729368,-0.999999999999951,SL,3,-57.73855299449296
2023-08-23 08:25:00,2023-08-23 08:30:00,long,31878.419,31857.828595784238,31857.828595784238,31945.628640522882,17.15867017980152,-1.0000000000000842,SL,1,-58.73855299449305
2023-08-23 12:45:00,2023-08-23 13:20:00,short,31983.319,32004.744406570488,32004.744406570488,31938.419173160168,17.85450547540534,-1.0000000000000802,SL,7,-59.738552994493126
2023-08-24 04:45:00,2023-08-24 05:30:00,long,32168.369,32138.041912178473,32138.041912178473,32222.805034482764,25.27257318460587,-0.9999999999999728,SL,9,-60.7385529944931
2023-08-24 05:35:00,2023-08-24 06:35:00,long,32113.999,32153.469,32086.81791733045,32212.620225490202,22.650902224626343,1.4521128712880764,TIMEOUT,12,-59.28644012320502
2023-08-24 07:45:00,2023-08-24 08:15:00,long,32140.319,32121.240353245114,32121.240353245114,32194.37112765958,15.898872295738176,-1.0000000000000098,SL,6,-60.286440123205026
2023-08-24 08:20:00,2023-08-24 09:20:00,long,32110.519,32120.999,32092.55394283571,32189.88322442244,14.970880970240756,0.5833546703559506,TIMEOUT,12,-59.70308545284907
2023-08-24 09:30:00,2023-08-24 09:35:00,long,32098.469,32079.11043221778,32079.11043221778,32181.239318840584,16.132139818516514,-0.9999999999999747,SL,1,-60.703085452849045
2023-08-24 09:40:00,2023-08-24 09:45:00,long,32030.419,32004.312377779617,32004.312377779617,32178.948031339034,21.755518516986236,-1.000000000000037,SL,1,-61.70308545284908
2023-08-24 09:50:00,2023-08-24 10:15:00,long,31998.269,31969.705065534465,31969.705065534465,32176.13160504202,23.803278721278794,-1.0000000000000355,SL,5,-62.703085452849116
2023-08-24 10:20:00,2023-08-24 10:30:00,long,31953.269,31915.679302592132,31915.679302592132,32168.26036,31.324747839890662,-0.9999999999999734,SL,2,-63.70308545284909
2023-08-25 04:25:00,2023-08-25 05:25:00,short,31717.319,31694.519,31748.733058913556,31644.46004938272,26.178382427963108,0.7257896874370686,TIMEOUT,12,-62.977295765412016
2023-08-25 06:15:00,2023-08-25 07:15:00,short,31737.369,31742.469,31760.90024615454,31659.52180701754,19.609371795449515,-0.2167331031475501,TIMEOUT,12,-63.19402886855956
2023-08-25 08:15:00,2023-08-25 08:25:00,short,31752.519,31770.021232314102,31770.021232314102,31677.202766666654,14.5851935950846,-1.0000000000000275,SL,2,-64.19402886855958
2023-08-25 08:30:00,2023-08-25 09:30:00,short,31777.469,31764.369,31795.130218802507,31679.72314239481,14.717682335423161,0.74173816351463,TIMEOUT,12,-63.45229070504495
2023-08-25 13:55:00,2023-08-25 14:15:00,short,31777.469,31810.041968178182,31810.041968178182,31707.78265079365,27.144140148484496,-0.999999999999998,SL,4,-64.45229070504494
2023-08-25 14:20:00,2023-08-25 14:40:00,short,31837.419,31869.916513985583,31869.916513985583,31710.492102119464,27.081261654651385,-0.9999999999999939,SL,4,-65.45229070504494
2023-08-25 15:00:00,2023-08-25 16:00:00,short,31902.999,31879.999,31933.179168878563,31717.052554327813,25.150140732137558,0.7620898376196742,TIMEOUT,12,-64.69020086742528
2023-08-28 06:15:00,2023-08-28 06:55:00,long,32123.319,32162.91939473684,32104.626879823412,32162.91939473684,15.576766813821713,2.118560888905727,VWAP,8,-62.57163997851955
2023-08-28 08:25:00,2023-08-28 08:30:00,short,32220.999,32237.215310457414,32237.215310457414,32164.04171241829,13.513592047845474,-0.9999999999999516,SL,1,-63.5716399785195
2023-08-28 08:35:00,2023-08-28 09:35:00,short,32250.269,32267.804288098487,32267.804288098487,32165.506179487165,14.61274008207084,-1.0000000000000844,SL,12,-64.57163997851958
2023-08-28 14:45:00,2023-08-28 15:45:00,short,32258.319,32281.445846624272,32281.445846624272,32201.251921348317,19.27237218689464,-0.9999999999999639,SL,12,-65.57163997851954
2023-08-28 16:05:00,2023-08-28 18:05:00,short,32313.369,32338.901355801718,32338.901355801718,32206.947951890037,21.276963168100263,-0.9999999999999466,SL,4,-66.57163997851949
2023-08-28 18:10:00,2023-08-28 19:20:00,short,32338.319,32323.519,32360.509956414528,32209.948112227812,18.492463678774794,0.6669383564878179,TIMEOUT,12,-65.90470162203167
2023-08-29 01:50:00,2023-08-29 02:50:00,long,32214.369,32229.999,32187.187907412444,32264.20697101449,22.650910489629755,0.575032072373606,TIMEOUT,12,-65.32966954965806
2023-08-29 03:55:00,2023-08-29 04:10:00,long,32196.469,32169.973462717873,32169.973462717873,32248.329277777786,22.07961440177234,-1.0000000000000364,SL,3,-66.3296695496581
2023-08-29 04:15:00,2023-08-29 05:15:00,long,32164.269,32214.369,32137.84983839247,32243.07387179488,22.01596800627368,1.8963508662486106,TIMEOUT,12,-64.4333186834095
2023-08-29 09:45:00,2023-08-29 10:45:00,short,32341.419,32314.369,32366.962862828186,32231.648717514126,21.2865523568202,1.0589627802947974,TIMEOUT,12,-63.3743559031147
2023-08-29 12:15:00,2023-08-29 12:35:00,short,32364.999,32392.495331351754,32392.495331351754,32251.24512612611,22.913609459795648,-0.9999999999999948,SL,4,-64.37435590311469
2023-08-29 13:15:00,2023-08-29 14:15:00,short,32404.469,32404.319,32428.762411030584,32261.176479166643,20.24450919215373,0.006174513731834979,TIMEOUT,12,-64.36818138938285
2023-08-29 21:30:00,2023-08-29 21:50:00,short,32447.369,32485.376093915518,32485.376093915518,32314.35448117153,31.67257826293367,-0.9999999999999727,SL,4,-65.36818138938283
2023-08-29 22:00:00,2023-08-29 22:20:00,short,32519.419,32558.42161497273,32558.42161497273,32318.202591836714,32.502179143938214,-1.0000000000000373,SL,4,-66.36818138938287
2023-08-30 00:45:00,2023-08-30 01:10:00,long,32411.469,32384.647937107366,32384.647937107366,32450.114,22.350885743862683,-1.000000000000006,SL,5,-67.36818138938287
2023-08-30 01:30:00,2023-08-30 01:45:00,long,32349.469,32320.11484663178,32320.11484663178,32422.957947368413,24.461794473517955,-1.0000000000000115,SL,3,-68.36818138938288
2023-08-30 01:50:00,2023-08-30 02:15:00,long,32314.519,32284.943009518174,32284.943009518174,32406.917550724633,24.64665873485403,-1.00000000000004,SL,5,-69.36818138938293
2023-08-30 09:20:00,2023-08-30 09:40:00,long,32274.369,32253.193820895707,32253.193820895707,32301.622421828903,17.64598258691065,-0.9999999999999443,SL,4,-70.36818138938287
2023-08-30 10:25:00,2023-08-30 11:10:00,long,32216.269,32299.838656084656,32183.673617419263,32299.838656084656,27.16281881728096,2.563849523092957,VWAP,9,-67.80433186628991
2023-08-30 12:30:00,2023-08-30 13:30:00,short,32359.419,32349.319,32384.663889750314,32298.456748344368,21.0374081252604,0.4000809708379561,TIMEOUT,12,-67.40425089545195
2023-08-30 16:10:00,2023-08-30 19:00:00,short,32406.419,32379.999,32426.314516143168,32313.77715384615,16.579596785970192,1.327937401065082,TIMEOUT,12,-66.07631349438687
2023-08-30 20:20:00,2023-08-30 21:20:00,short,32474.369,32504.467102269984,32504.467102269984,32322.978276018104,25.08175189165425,-1.0000000000000049,SL,12,-67.07631349438687
2023-08-30 22:35:00,2023-08-30 23:35:00,short,32549.269,32494.519,32584.04804290501,32340.008771505385,28.982535754174922,1.5742238838928282,TIMEOUT,12,-65.50208961049404
2023-08-30 23:50:00,2023-08-30 23:55:00,short,32554.269,32584.902746849755,32584.902746849755,32349.359405576688,25.5281223747947,-1.0000000000000433,SL,1,-66.50208961049408
2023-08-31 07:00:00,2023-08-31 07:35:00,long,32559.269,32598.91958823529,32539.125123843358,32598.91958823529,16.786563463868866,1.9683693409828267,VWAP,7,-64.53372026951125
2023-08-31 07:45:00,2023-08-31 08:45:00,short,32639.469,32624.519,32660.73933306586,32597.93634042553,17.725277554882343,0.7028568830451036,TIMEOUT,12,-63.83086338646615
2023-08-31 11:00:00,2023-08-31 11:05:00,long,32556.319,32523.94726025903,32523.94726025903,32607.16581704261,26.976449784143192,-0.999999999999973,SL,1,-64.83086338646612
2023-08-31 11:10:00,2023-08-31 11:30:00,long,32524.419,32490.329081549877,32490.329081549877,32605.98117283951,28.408265375103003,-1.00000000000004,SL,4,-65.83086338646616
2023-08-31 11:35:00,2023-08-31 12:20:00,long,32484.999,32450.902963722143,32450.902963722143,32602.43792857143,28.413363564880125,-1.0000000000000222,SL,9,-66.83086338646619
2023-08-31 12:25:00,2023-08-31 12:50:00,long,32434.999,32399.922929807173,32399.922929807173,32594.22753333333,29.23005849402132,-1.0000000000000289,SL,5,-67.83086338646622
2023-08-31 18:55:00,2023-08-31 19:00:00,long,32514.319,32495.48475170331,32495.48475170331,32562.935892109515,15.695206913908287,-1.0000000000000524,SL,1,-68.83086338646628
2023-08-31 19:05:00,2023-08-31 19:45:00,long,32486.999,32467.71855121357,32467.71855121357,32562.303082934624,16.06704065535989,-0.9999999999999291,SL,7,-69.8308633864662
2023-08-31 19:55:00,2023-08-31 20:05:00,long,32459.999,32559.17332721714,32439.281104762,32559.17332721714,17.264912698331372,4.786892011851187,VWAP,2,-65.04397137461501
2023-08-31 20:20:00,2023-08-31 20:30:00,short,32679.469,32716.748103313726,32716.748103313726,32559.43209417042,31.065919428105808,-0.9999999999999606,SL,2,-66.04397137461497
2023-09-01 02:30:00,2023-09-01 03:30:00,long,32654.319,32684.369,32627.491813379875,32755.03889247312,22.355988850103625,1.1201323651827635,TIMEOUT,12,-64.9238390094322
2023-09-01 04:45:00,2023-09-01 05:25:00,long,32684.269,32727.033252873567,32660.579607978612,32727.033252873567,19.741160017823756,1.8052068552437393,VWAP,8,-63.11863215418846
2023-09-01 05:45:00,2023-09-01 06:00:00,long,32689.469,32666.04048542007,32666.04048542007,32722.74638095238,19.523762149941557,-0.999999999999983,SL,3,-64.11863215418845
2023-09-01 08:00:00,2023-09-01 08:30:00,long,32684.469,32665.31845790695,32665.31845790695,32715.010958762894,15.958785077542537,-1.0000000000000304,SL,6,-65.11863215418848
2023-09-01 08:45:00,2023-09-01 09:10:00,long,32641.999,32712.678433962268,32612.663345138568,32712.678433962268,24.446379051193496,2.4093354757589256,VWAP,5,-62.70929667842955
2023-09-01 09:40:00,2023-09-01 10:15:00,long,32634.519,32711.438373219375,32596.742602069822,32711.438373219375,31.480331608481546,2.0361754278834243,VWAP,7,-60.67312125054613
2023-09-03 19:40:00,2023-09-03 19:45:00,long,32719.269,32743.508473684215,32704.373863380562,32743.508473684215,12.412613849531567,1.627341480881904,VWAP,1,-59.04577976966423
2023-09-03 20:00:00,2023-09-03 20:05:00,short,32821.469,32747.82262318841,32845.81734904695,32747.82262318841,20.290290872461195,3.0246969381606315,VWAP,1,-56.0210828315036
2023-09-03 20:55:00,2023-09-03 21:55:00,short,32851.999,32791.469,32895.81105893755,32752.719490196076,36.51004911462465,1.3815830953365273,TIMEOUT,12,-54.63949973616707
2023-09-03 22:10:00,2023-09-03 22:30:00,short,32854.519,32896.94249953667,32896.94249953667,32771.56131292517,35.35291628055788,-1.0000000000000469,SL,4,-55.63949973616712
2023-09-04 21:00:00,2023-09-04 22:00:00,long,32794.519,32841.519,32755.508548553527,32960.85710996563,32.508709538726436,1.204805334398428,TIMEOUT,12,-54.43469440176869
2023-09-05 01:00:00,2023-09-05 01:55:00,short,32966.519,32998.053192488245,32998.053192488245,32909.58361538462,26.278493740204024,-1.0000000000000062,SL,11,-55.434694401768695
2023-09-05 03:10:00,2023-09-05 03:40:00,long,32909.519,32882.46616290474,32882.46616290474,32944.24352991454,22.544030912715332,-1.00000000000005,SL,6,-56.434694401768745
2023-09-05 03:45:00,2023-09-05 04:05:00,long,32884.319,32853.87612105901,32853.87612105901,32939.37117391305,25.36906578416271,-0.9999999999999583,SL,4,-57.4346944017687
2023-09-05 06:10:00,2023-09-05 06:20:00,short,32984.519,33010.286987974374,33010.286987974374,32928.984466666676,21.473323311975932,-1.0000000000000995,SL,2,-58.4346944017688
2023-09-05 06:25:00,2023-09-05 07:25:00,short,33014.519,32984.369,33039.71579940951,32931.822162393175,20.997332841258345,1.1965805462031005,TIMEOUT,12,-57.2381138555657
2023-09-05 07:40:00,2023-09-05 07:50:00,short,33001.519,33023.55861435088,33023.55861435088,32941.448498207894,18.36634529239509,-1.0000000000001288,SL,2,-58.23811385556583
2023-09-05 09:45:00,2023-09-05 10:10:00,short,33094.319,33123.81282889,33123.81282889,32960.27106214691,24.578190741659146,-1.000000000000099,SL,5,-59.23811385556593
2023-09-05 19:55:00,2023-09-05 20:00:00,short,33099.319,33120.050863938864,33120.050863938864,33028.82009567904,17.27655328238273,-1.0000000000001001,SL,1,-60.23811385556603
2023-09-05 20:05:00,2023-09-05 20:25:00,short,33121.519,33145.44606635544,33145.44606635544,33029.671354740094,19.93922196287063,-0.9999999999998698,SL,4,-61.2381138555659
2023-09-05 20:50:00,2023-09-05 21:00:00,short,33186.269,33220.0207093267,33220.0207093267,33033.87393392073,28.126424438917457,-1.0000000000000173,SL,2,-62.23811385556591
2023-09-05 21:05:00,2023-09-05 21:10:00,short,33241.369,33277.74746552142,33277.74746552142,33036.22913043481,30.31538793451256,-1.0000000000000955,SL,1,-63.238113855566006
2023-09-05 22:30:00,2023-09-05 23:30:00,short,33236.469,33216.419,33276.48613695625,33047.79939136305,33.34761413021202,0.5010353444803838,TIMEOUT,12,-62.73707851108562
2023-09-05 23:40:00,2023-09-05 23:55:00,short,33246.369,33279.24439396457,33279.24439396457,33057.19930651342,27.39616163714289,-0.9999999999999098,SL,3,-63.73707851108553
2023-09-06 00:45:00,2023-09-06 00:55:00,long,33206.269,33177.92668010318,33177.92668010318,33248.496333333336,23.618599914017892,-1.000000000000055,SL,2,-64.73707851108558
2023-09-06 01:00:00,2023-09-06 01:35:00,long,33161.469,33232.346435897445,33133.70058279398,33232.346435897445,23.140347671682882,2.5524478176625607,VWAP,7,-62.184630693423024
2023-09-06 03:10:00,2023-09-06 03:20:00,long,33166.369,33139.68240208718,33139.68240208718,33217.64378632478,22.238831594018887,-0.9999999999998892,SL,2,-63.18463069342291
2023-09-06 07:45:00,2023-09-06 08:40:00,long,33194.419,33171.41195648137,33171.41195648137,33233.83495744681,19.172536265521682,-1.0000000000000884,SL,11,-64.184630693423
2023-09-06 09:35:00,2023-09-06 10:30:00,long,33151.419,33127.73304669816,33127.73304669816,33225.7146321839,19.738294418205008,-0.9999999999998838,SL,11,-65.18463069342289
2023-09-06 19:00:00,2023-09-06 20:00:00,long,33099.419,33139.999,33083.78581750566,33168.0692750809,13.027652078620303,2.595760653000912,TIMEOUT,12,-62.58887004042198
2023-09-06 20:15:00,2023-09-06 20:25:00,short,33239.419,33271.60553105954,33271.60553105954,33166.34314781298,26.822109216280936,-1.000000000000044,SL,2,-63.58887004042202
2023-09-06 20:30:00,2023-09-06 20:45:00,short,33281.519,33315.70323204731,33315.70323204731,33167.64562202381,28.486860039420275,-1.0000000000001041,SL,3,-64.58887004042212
2023-09-07 00:35:00,2023-09-07 00:45:00,long,33071.999,33038.921953766294,33038.921953766294,33123.155666666666,27.564205194760003,-0.9999999999999258,SL,2,-65.58887004042205
2023-09-07 00:50:00,2023-09-07 01:50:00,long,33006.999,32999.369,32972.88856320136,33099.79748484848,28.42536399886546,-0.22368520359461339,TIMEOUT,12,-65.81255524401666
2023-09-07 01:55:00,2023-09-07 02:35:00,long,32989.269,32956.31513035776,32956.31513035776,33055.379138888886,27.46155803519703,-1.0000000000000693,SL,8,-66.81255524401674
2023-09-07 07:15:00,2023-09-07 07:25:00,long,32981.369,32964.14413004349,32964.14413004349,33011.37676515154,14.354058297089926,-1.0000000000001092,SL,2,-67.81255524401685
2023-09-07 07:30:00,2023-09-07 08:05:00,long,32944.469,32926.05192299765,32926.05192299765,33009.807754578775,15.347564168625016,-0.9999999999999108,SL,7,-68.81255524401676
2023-09-07 14:20:00,2023-09-07 14:40:00,long,32836.469,32814.61710238586,32814.61710238586,32941.011061657046,18.20991467844524,-1.00000000000003,SL,4,-69.81255524401679
2023-09-07 19:20:00,2023-09-07 19:45:00,long,32886.319,32929.49080223286,32873.53027772815,32929.49080223286,10.657268559877826,3.375771348782308,VWAP,5,-66.43678389523448
2023-09-07 20:05:00,2023-09-07 20:10:00,long,32856.369,32827.46383630038,32827.46383630038,32928.74759327217,24.08763641634705,-0.9999999999999674,SL,1,-67.43678389523446
2023-09-07 20:15:00,2023-09-07 20:30:00,long,32806.519,32772.135261912066,32772.135261912066,32927.733060606064,28.653115073278745,-0.9999999999999868,SL,3,-68.43678389523444
2023-09-07 20:35:00,2023-09-07 21:35:00,long,32551.369,32646.369,32488.850997305042,32924.073404761904,52.09833557913147,1.5195623005349463,TIMEOUT,12,-66.9172215946995
2023-09-08 04:35:00,2023-09-08 05:05:00,long,32554.419,32523.84336461172,32523.84336461172,32598.459535714275,25.47969615690179,-1.0000000000000127,SL,6,-67.91722159469951
2023-09-08 07:30:00,2023-09-08 08:05:00,long,32539.469,32574.765849816842,32514.831864606327,32574.765849816842,20.530946161394258,1.432668581506658,VWAP,7,-66.48455301319285
2023-09-08 08:40:00,2023-09-08 09:20:00,short,32634.269,32656.024689304402,32656.024689304402,32575.814206349194,18.12974108700307,-0.9999999999999245,SL,8,-67.48455301319278
2023-09-08 09:30:00,2023-09-08 09:35:00,short,32669.369,32691.09994151912,32691.09994151912,32581.242014492742,18.109117932601805,-1.0000000000000386,SL,1,-68.48455301319282
2023-09-10 18:10:00,2023-09-10 18:15:00,long,32516.519,32472.855370060395,32472.855370060395,32575.570111111112,36.38635828300294,-1.000000000000034,SL,1,-69.48455301319285
2023-09-10 23:25:00,2023-09-11 00:15:00,long,32471.269,32427.419179459685,32427.419179459685,32550.73192929294,36.541517116929064,-1.0000000000000189,SL,10,-70.48455301319287
2023-09-11 06:30:00,2023-09-11 06:35:00,short,32554.519,32577.506425851905,32577.506425851905,32480.124949367088,19.15618820992145,-0.9999999999999613,SL,1,-71.48455301319282
2023-09-11 09:35:00,2023-09-11 10:00:00,short,32564.519,32494.12207471264,32586.813061892783,32494.12207471264,18.578384910653305,3.157653622113024,VWAP,5,-68.32689939107979
2023-09-11 10:25:00,2023-09-11 10:40:00,short,32559.999,32589.056359851555,32589.056359851555,32495.86664550264,24.214466542963343,-0.999999999999958,SL,3,-69.32689939107975
2023-09-11 10:45:00,2023-09-11 11:45:00,short,32624.269,32589.369,32655.502336076643,32498.615512820514,26.027780063868526,1.1173958463598554,TIMEOUT,12,-68.2095035447199
2023-09-11 13:15:00,2023-09-11 13:30:00,short,32631.999,32654.06405727417,32654.06405727417,32519.290833333333,18.387547728472708,-1.00000000000007,SL,3,-69.20950354471996
2023-09-11 19:20:00,2023-09-11 19:30:00,short,32661.369,32672.717143228594,32672.717143228594,32550.77961320754,9.456786023828824,-1.0000000000000617,SL,2,-70.20950354472002
2023-09-11 20:05:00,2023-09-11 21:05:00,short,32719.269,32586.319,32743.97280539092,32555.694535444945,20.58650449243254,5.381761955138792,TIMEOUT,12,-64.82774158958122
2023-09-11 22:25:00,2023-09-11 22:35:00,short,32644.519,32687.185693912466,32687.185693912466,32559.38679116466,35.55557826038982,-0.9999999999999616,SL,2,-65.82774158958118
2023-09-11 22:40:00,2023-09-11 23:40:00,short,32709.269,32750.815145235312,32750.815145235312,32560.862981481478,34.6217876960919,-1.0000000000000413,SL,12,-66.82774158958122
2023-09-12 00:30:00,2023-09-12 00:45:00,long,32686.269,32728.688999999995,32653.67825785588,32728.688999999995,27.158951786765492,1.3015966255819014,VWAP,3,-65.52614496399931
2023-09-12 01:55:00,2023-09-12 02:10:00,short,32776.269,32803.73704045258,32803.73704045258,32726.470666666664,22.8900337104831,-0.9999999999999688,SL,3,-66.52614496399929
2023-09-12 02:15:00,2023-09-12 03:15:00,short,32836.999,32776.269,32864.638393048896,32737.44221428571,23.032827540740758,2.19722625213163,TIMEOUT,12,-64.32891871186766
2023-09-12 04:10:00,2023-09-12 04:25:00,long,32721.999,32762.896973856212,32698.30217396098,32762.896973856212,19.747355032517962,1.7258840398653121,VWAP,3,-62.603034672002345
2023-09-12 07:50:00,2023-09-12 08:15:00,long,32724.999,32757.854719298248,32706.35897442235,32757.854719298248,15.533354648040458,1.7626434664148556,VWAP,5,-60.84039120558749
2023-09-12 09:35:00,2023-09-12 09:40:00,short,32794.369,32814.292432510425,32814.292432510425,32758.16851149425,16.602860425355885,-0.9999999999999573,SL,1,-61.840391205587444
2023-09-12 09:45:00,2023-09-12 10:45:00,short,32829.269,32806.999,32852.26206170542,32759.20566666666,19.160884754515944,0.9685530481026839,TIMEOUT,12,-60.87183815748476
2023-09-12 11:55:00,2023-09-12 12:55:00,short,32816.369,32829.519,32841.416649529805,32766.574115740732,20.873041274838133,-0.524999361091884,TIMEOUT,12,-61.396837518576646
2023-09-12 13:20:00,2023-09-12 13:25:00,short,32854.369,32873.37028870789,32873.37028870789,32773.101836438924,15.834407256578505,-0.9999999999998811,SL,1,-62.396837518576525
2023-09-12 13:30:00,2023-09-12 14:30:00,short,32886.519,32844.419,32906.94609077364,32774.383662576685,17.02257564470343,2.0609885404884833,TIMEOUT,12,-60.335848978088045
2023-09-12 19:15:00,2023-09-12 19:35:00,long,32764.469,32752.445393924314,32752.445393924314,32783.71541390205,10.019671729739914,-0.9999999999999242,SL,3,-61.33584897808797
2023-09-12 19:40:00,2023-09-12 19:45:00,long,32751.319,32738.192574835284,32738.192574835284,32783.357852713176,10.938687637263385,-0.9999999999999442,SL,1,-62.33584897808791
2023-09-12 21:40:00,2023-09-12 22:40:00,long,32681.519,32689.319,32633.84038594324,32785.253769874485,39.732178380633975,0.16359535935154226,TIMEOUT,12,-62.17225361873637
2023-09-12 23:35:00,2023-09-13 00:35:00,long,32639.999,32709.469,32607.192194555817,32777.102180661575,27.339004536820262,2.117548449457951,TIMEOUT,12,-60.05470516927842
2023-09-13 00:40:00,2023-09-13 00:50:00,short,32734.319,32764.65434908604,32764.65434908604,32676.336037037036,25.279457571698416,-1.0000000000000318,SL,2,-61.05470516927845
2023-09-13 00:55:00,2023-09-13 01:50:00,short,32806.419,32698.40566666666,32838.686500707736,32698.40566666666,26.88958392311278,3.3474341354070165,VWAP,11,-57.707271033871436
2023-09-13 04:40:00,2023-09-13 05:40:00,long,32661.469,32701.369,32632.775556380893,32713.464146198836,23.911203015922922,1.3905615697318274,TIMEOUT,12,-56.316709464139606
2023-09-13 06:15:00,2023-09-13 07:15:00,long,32664.419,32669.269,32643.687317361906,32705.894175438585,17.276402198413095,0.23394145495389643,TIMEOUT,12,-56.08276800918571
2023-09-13 09:35:00,2023-09-13 10:35:00,short,32884.519,32849.999,32924.942630808044,32711.942160919534,33.68635900670282,0.8539559487844942,TIMEOUT,12,-55.22881206040122
2023-09-13 10:40:00,2023-09-13 11:40:00,short,32884.319,32904.269,32924.40435022742,32726.402979328166,33.404458522848195,-0.49768805528238996,TIMEOUT,12,-55.726500115683606
2023-09-13 15:40:00,2023-09-13 18:20:00,short,32844.519,32839.999,32868.204806060654,32772.79855908289,19.738171717212495,0.19083158869163708,TIMEOUT,12,-55.53566852699197
2023-09-13 19:45:00,2023-09-13 19:50:00,short,32919.519,32938.704752564,32938.704752564,32781.3307057903,15.988127136665817,-1.0000000000000908,SL,1,-56.53566852699206
2023-09-13 21:45:00,2023-09-13 22:45:00,short,33070.419,33070.999,33109.1147596324,32798.02615893109,32.246466360331745,-0.014988722421051535,TIMEOUT,12,-56.55065724941311
2023-09-14 19:15:00,2023-09-14 19:35:00,short,33432.519,33446.1275012758,33446.1275012758,33281.27153968255,11.34041772983304,-0.99999999999985,SL,4,-57.550657249412964
2023-09-14 19:40:00,2023-09-14 20:25:00,short,33455.319,33472.05581574678,33472.05581574678,33284.90735658915,13.947346455649345,-0.999999999999989,SL,9,-58.55065724941295
2023-09-14 20:30:00,2023-09-14 21:00:00,short,33495.469,33529.221936870475,33529.221936870475,33291.68494074075,28.127447392067342,-0.9999999999999213,SL,6,-59.55065724941287
2023-09-14 21:55:00,2023-09-14 22:00:00,short,33532.269,33575.77897139721,33575.77897139721,33305.66861432507,36.25830949767439,-0.9999999999999841,SL,1,-60.55065724941286
2023-09-14 22:05:00,2023-09-14 23:05:00,short,33604.369,33584.369,33650.970659010854,33307.983371584705,38.83471584238272,0.42916927046179915,TIMEOUT,12,-60.12148797895106
2023-09-15 01:35:00,2023-09-15 01:55:00,long,33497.269,33580.50550000001,33453.8742742825,33580.50550000001,36.16227143125445,1.9181248094956598,VWAP,4,-58.2033631694554
2023-09-15 03:30:00,2023-09-15 04:30:00,long,33477.419,33509.319,33436.22457103786,33553.54830232559,34.328690801784,0.7743765553667156,TIMEOUT,12,-57.428986614088686
2023-09-15 08:35:00,2023-09-15 08:45:00,long,33514.269,33494.14442450551,33494.14442450551,33540.817108974356,16.770479578739355,-1.0000000000001514,SL,2,-58.428986614088835
2023-09-15 08:50:00,2023-09-15 09:00:00,long,33474.469,33453.0112360199,33453.0112360199,33539.46121183801,17.881469983415403,-1.0000000000000295,SL,2,-59.42898661408886
2023-09-15 09:05:00,2023-09-15 09:30:00,long,33452.319,33430.97280194451,33430.97280194451,33537.25551515152,17.78849837957837,-0.9999999999999513,SL,5,-60.428986614088814
2023-09-15 09:50:00,2023-09-15 10:50:00,long,33389.519,33384.269,33361.93217823563,33530.454742296926,22.989018136979823,-0.1903082582271069,TIMEOUT,12,-60.61929487231592
2023-09-15 10:55:00,2023-09-15 11:55:00,long,33347.999,33357.319,33311.93700790782,33516.84495959596,30.051660076820337,0.25844384792096947,TIMEOUT,12,-60.36085102439495
2023-09-18 02:35:00,2023-09-18 03:05:00,long,33219.269,33258.59943010753,33203.00335895644,33258.59943010753,13.554700869631626,2.418006766669064,VWAP,6,-57.94284425772588
2023-09-18 03:15:00,2023-09-18 03:30:00,long,33212.369,33253.065410256415,33192.34614324453,33253.065410256415,16.68571396288608,2.03249769767803,VWAP,3,-55.91034656004785
2023-09-18 07:30:00,2023-09-18 07:35:00,long,33212.269,33194.28753405906,33194.28753405906,33238.45803703704,14.984554950781652,-1.0000000000000293,SL,1,-56.91034656004788
2023-09-18 07:40:00,2023-09-18 07:45:00,long,33179.519,33160.4607972244,33160.4607972244,33237.431826086955,15.881835646336633,-0.9999999999999336,SL,1,-57.91034656004781
2023-09-18 16:00:00,2023-09-18 18:50:00,short,33277.269,33282.419,33294.938902256756,33231.99587500001,14.724918547295193,-0.29145605477432074,TIMEOUT,12,-58.201802614822135
2023-09-18 18:55:00,2023-09-18 19:50:00,short,33284.519,33234.48187804879,33297.58629522678,33234.48187804879,10.889412688978766,3.8291873783248063,VWAP,11,-54.37261523649733
2023-09-18 21:35:00,2023-09-18 22:35:00,long,33149.319,33159.999,33104.0937636494,33238.797059071745,37.687696958837975,0.2361513363292193,TIMEOUT,12,-54.13646390016811
2023-09-19 00:55:00,2023-09-19 01:25:00,long,33179.469,33154.9411396801,33154.9411396801,33210.90927777778,20.439883599912246,-1.0000000000000824,SL,6,-55.136463900168195
2023-09-19 02:35:00,2023-09-19 03:05:00,short,33252.519,33277.89231241591,33277.89231241591,33205.87025,21.144427013261108,-0.9999999999999335,SL,6,-56.13646390016813
2023-09-19 03:10:00,2023-09-19 03:20:00,short,33274.369,33296.56326164978,33296.56326164978,33216.07079487179,18.495218041484577,-1.0000000000000944,SL,2,-57.13646390016822
2023-09-19 04:10:00,2023-09-19 04:15:00,short,33319.469,33342.31143341164,33342.31143341164,33235.44782352941,19.03536117637071,-0.9999999999998996,SL,1,-58.136463900168124
2023-09-19 10:00:00,2023-09-19 10:05:00,long,33232.319,33208.11404042297,33208.11404042297,33291.91012947658,20.170799647525378,-0.9999999999999611,SL,1,-59.13646390016809
2023-09-19 10:10:00,2023-09-19 10:35:00,long,33214.269,33189.677172609605,33189.677172609605,33290.7733902439,20.493189491998713,-0.9999999999998733,SL,5,-60.13646390016796
2023-09-19 18:45:00,2023-09-19 19:25:00,long,33247.519,33265.730789819376,33234.789207889255,33265.730789819376,10.608160092288925,1.4306431449105008,VWAP,6,-58.70582075525746
2023-09-19 19:55:00,2023-09-19 20:05:00,long,33244.469,33229.0381725198,33229.0381725198,33265.444627906974,12.859022900160914,-1.000000000000133,SL,2,-59.7058207552576
2023-09-19 20:10:00,2023-09-19 21:00:00,long,33162.369,33138.17866910569,33138.17866910569,33264.73655351682,20.158609078591006,-0.9999999999999257,SL,10,-60.70582075525753
2023-09-19 21:30:00,2023-09-19 21:45:00,long,33164.269,33258.56182051283,33129.59322354001,33258.56182051283,28.896480383326896,2.7192706303669447,VWAP,3,-57.986550124890584
2023-09-19 22:05:00,2023-09-19 22:30:00,long,33147.999,33106.046155443655,33106.046155443655,33256.84976071923,34.96070379695712,-0.9999999999999938,SL,5,-58.98655012489058
2023-09-19 22:50:00,2023-09-19 23:35:00,long,33109.999,33076.263500298424,33076.263500298424,33252.24104000001,28.11291641798396,-0.9999999999999512,SL,9,-59.98655012489053
2023-09-19 23:40:00,2023-09-20 00:40:00,long,33064.519,33072.419,33035.88312253913,33246.02297435898,23.86323121738866,0.2758776996024496,TIMEOUT,12,-59.71067242528808
2023-09-20 01:50:00,2023-09-20 02:00:00,long,33019.419,32992.666704141826,32992.666704141826,33065.72407246377,22.29357988181251,-1.0000000000000289,SL,2,-60.71067242528811
2023-09-20 04:00:00,2023-09-20 04:20:00,short,33134.369,33156.061175416624,33156.061175416624,33080.73566666667,18.07681284718587,-1.000000000000095,SL,4,-61.7106724252882
2023-09-20 04:25:00,2023-09-20 05:25:00,short,33167.419,33172.269,33188.390241274035,33086.78109876544,17.47603439502567,-0.23126909545427893,TIMEOUT,12,-61.94194152074248
2023-09-20 09:05:00,2023-09-20 09:40:00,short,33194.419,33206.85219684062,33206.85219684062,33130.5527878788,10.36099736717918,-1.00000000000029,SL,7,-62.94194152074277
2023-09-20 12:15:00,2023-09-20 12:30:00,short,33232.319,33250.254740298464,33250.254740298464,33156.50539639642,14.946450248719323,-0.999999999999855,SL,3,-63.94194152074263
2023-09-20 15:15:00,2023-09-20 15:35:00,long,33114.369,33077.6310188976,33077.6310188976,33170.58807608698,30.61498425200125,-0.9999999999999654,SL,4,-64.9419415207426
2023-09-21 22:00:00,2023-09-21 22:55:00,long,32233.269,32398.05035802467,32185.033249601314,32398.05035802467,40.19645866557107,3.416166570701067,VWAP,11,-61.52577495004154
2023-09-22 11:30:00,2023-09-22 12:30:00,short,32611.419,32581.319,32643.50735476286,32520.40130215827,26.740295635716482,0.9380350043636706,TIMEOUT,12,-60.58773994567787
2023-09-22 13:45:00,2023-09-22 14:45:00,long,32496.469,32486.419,32470.814602744384,32528.76369879518,21.378664379682025,-0.39174570736789677,TIMEOUT,12,-60.979485653045764
2023-09-22 15:15:00,2023-09-22 15:40:00,short,32573.469,32526.60236956522,32600.324082895513,32526.60236956522,22.379235746259504,1.7451679675364515,VWAP,5,-59.23431768550931
2023-09-22 15:50:00,2023-09-24 18:35:00,long,32471.319,32503.419,32441.714278389212,32527.06130366492,24.67060134232122,1.0842865007150635,TIMEOUT,12,-58.150031184794244
2023-09-24 19:40:00,2023-09-24 19:45:00,short,32526.269,32542.45744940032,32542.45744940032,32497.511777777774,13.49037450026811,-0.9999999999999348,SL,1,-59.15003118479418
2023-09-24 20:15:00,2023-09-24 20:55:00,long,32406.269,32498.165266666667,32374.889864432247,32498.165266666667,26.149279639793253,2.928578655975078,VWAP,8,-56.2214525288191
2023-09-24 21:20:00,2023-09-24 21:35:00,short,32573.469,32615.899746653256,32615.899746653256,32491.092333333334,35.35895554437868,-1.000000000000025,SL,3,-57.22145252881913
2023-09-24 22:15:00,2023-09-24 22:20:00,short,32622.369,32659.800985911443,32659.800985911443,32517.249000000003,31.193321592870895,-0.999999999999969,SL,1,-58.2214525288191
2023-09-24 23:10:00,2023-09-24 23:55:00,short,32650.999,32680.348391931144,32680.348391931144,32538.978444444456,24.457826609286993,-0.9999999999999887,SL,9,-59.221452528819086
2023-09-25 03:30:00,2023-09-25 04:10:00,short,32735.519,32688.12186821705,32760.316845876394,32688.12186821705,20.66487156366161,1.911340687380769,VWAP,8,-57.310111841438314
2023-09-25 04:20:00,2023-09-25 04:30:00,long,32645.319,32619.994859641647,32619.994859641647,32690.49333962264,21.10345029862587,-1.0000000000000557,SL,2,-58.31011184143837
2023-09-25 04:35:00,2023-09-25 04:40:00,long,32582.469,32555.543597533786,32555.543597533786,32686.125428571428,22.437835388513392,-0.9999999999999609,SL,1,-59.31011184143833
2023-09-25 04:45:00,2023-09-25 05:45:00,long,32507.469,32570.319,32475.550566240865,32681.000091954025,26.5986947992793,1.9690815807028963,TIMEOUT,12,-57.34103026073543
2023-09-25 07:35:00,2023-09-25 08:00:00,long,32605.419,32578.4108635833,32578.4108635833,32658.017455284567,22.5067803472518,-0.9999999999999846,SL,5,-58.341030260735415
2023-09-25 08:10:00,2023-09-25 09:10:00,long,32570.519,32544.476602443443,32544.476602443443,32652.913606741586,21.701997963797982,-0.9999999999999879,SL,12,-59.3410302607354
2023-09-25 09:35:00,2023-09-25 10:35:00,long,32525.369,32542.419,32499.231722186396,32638.33981761008,21.781064844670414,0.6523250095741936,TIMEOUT,12,-58.68870525116121
2023-09-25 12:25:00,2023-09-25 12:55:00,short,32690.519,32628.24659523811,32720.60704462034,32628.24659523811,25.073370516950188,2.069672707138727,VWAP,6,-56.61903254402248
2023-09-25 13:15:00,2023-09-25 14:15:00,short,32685.319,32657.369,32711.94094695943,32630.34735555557,22.184955799524,1.049885646703295,TIMEOUT,12,-55.569146897319186
2023-09-25 15:50:00,2023-09-25 18:05:00,short,32675.519,32698.838781051556,32698.838781051556,32634.178152854533,19.43315087629578,-1.0000000000000355,SL,7,-56.56914689731922
2023-09-25 18:10:00,2023-09-25 19:30:00,short,32700.519,32677.419,32720.12670022338,32636.33296825399,16.339750186148834,1.1781085867712326,TIMEOUT,12,-55.39103831054799
2023-09-25 20:00:00,2023-09-25 20:05:00,long,32612.319,32591.02985402428,32591.02985402428,32640.32993397748,17.740954979767167,-0.9999999999999386,SL,1,-56.39103831054793
2023-09-25 20:10:00,2023-09-25 20:15:00,long,32540.469,32511.80968535767,32511.80968535767,32639.574406698586,23.88276220194215,-0.9999999999999541,SL,1,-57.391038310547884
2023-09-25 20:20:00,2023-09-25 20:30:00,long,32492.999,32459.05132564003,32459.05132564003,32638.37140126384,28.289728633307313,-1.000000000000031,SL,2,-58.39103831054791
2023-09-25 20:35:00,2023-09-25 21:35:00,long,32380.519,32460.369,32340.578052270826,32635.586242990674,33.28412310764434,1.9992014346138167,TIMEOUT,12,-56.391836875934096
2023-09-26 11:10:00,2023-09-26 11:50:00,long,32223.419,32181.85844086555,32181.85844086555,32281.591814814827,34.633799278707286,-1.000000000000034,SL,8,-57.39183687593413
2023-09-26 11:55:00,2023-09-26 12:55:00,long,32168.369,32178.419,32134.55033664005,32276.575712962975,28.18221946662358,0.2971731878648168,TIMEOUT,12,-57.09466368806932
2023-09-26 13:20:00,2023-09-26 13:35:00,long,32135.269,32105.911416370054,32105.911416370054,32266.10839958594,24.46465302495653,-0.9999999999999383,SL,3,-58.094663688069254
2023-09-26 13:40:00,2023-09-26 14:40:00,long,32078.419,32065.999,32048.335131037722,32262.342676767694,25.06989080189986,-0.41284583494146004,TIMEOUT,12,-58.50750952301071
2023-09-27 09:15:00,2023-09-27 09:40:00,short,32438.519,32360.256529761904,32460.94648407745,32360.256529761904,18.689570064540895,3.4895786780109463,VWAP,5,-55.01793084499977
2023-09-27 10:55:00,2023-09-27 11:55:00,long,32266.419,32261.319,32231.352936277042,32361.378696969696,29.22171976913383,-0.1454397630796182,TIMEOUT,12,-55.16337060807938
2023-09-27 21:50:00,2023-09-27 22:25:00,long,32075.519,32022.795465812273,32022.795465812273,32286.37974074074,43.936278489773336,-0.9999999999999931,SL,7,-56.163370608079376
2023-09-28 04:05:00,2023-09-28 04:25:00,long,31743.269,31705.709259326628,31705.709259326628,31819.25273333334,31.299783894475492,-1.0000000000000453,SL,4,-57.16337060807942
2023-09-28 05:10:00,2023-09-28 06:10:00,long,31683.319,31793.319,31643.946086126904,31800.251380952377,32.81076156091366,2.793798811907677,TIMEOUT,12,-54.36957179617174
2023-09-28 10:50:00,2023-09-28 11:10:00,short,31913.319,31954.293468148237,31954.293468148237,31796.765284987265,34.14539012353157,-0.99999999999998,SL,4,-55.36957179617172
2023-09-28 11:30:00,2023-09-28 11:45:00,short,32000.319,32038.38553420893,32038.38553420893,31805.25389208631,31.722111840775497,-0.9999999999999983,SL,3,-56.36957179617172
2023-09-28 15:15:00,2023-09-28 15:30:00,short,32010.999,32044.149531637646,32044.149531637646,31851.76548550723,27.62544303137222,-0.9999999999999816,SL,3,-57.3695717961717
2023-09-28 18:00:00,2023-09-28 19:10:00,short,32013.519,32000.469,32043.64390803174,31861.379558375607,25.10409002645013,0.4331963432469089,TIMEOUT,12,-56.936375452924786
2023-09-28 19:55:00,2023-09-28 20:20:00,short,32028.319,31875.98043730884,32046.5954502834,31875.98043730884,15.230375236167337,8.335237988173056,VWAP,5,-48.60113746475173
2023-09-28 20:50:00,2023-09-28 21:00:00,long,31823.469,31780.922800250555,31780.922800250555,31877.19397816592,35.45516645787278,-0.9999999999999641,SL,2,-49.601137464751694
2023-09-28 21:25:00,2023-09-28 22:15:00,long,31788.519,31743.26507322561,31743.26507322561,31875.532064971732,37.71160564532281,-1.0000000000000286,SL,10,-50.60113746475172
2023-09-29 00:30:00,2023-09-29 00:45:00,long,31781.269,31746.49450754296,31746.49450754296,31825.86471428571,28.97874371419855,-1.0000000000000426,SL,3,-51.601137464751766
2023-09-29 00:50:00,2023-09-29 01:50:00,long,31736.419,31799.69536363636,31702.534208999754,31799.69536363636,28.23732583353881,1.8673971940951117,VWAP,12,-49.733740270656654
2023-09-29 04:05:00,2023-09-29 04:25:00,short,32011.519,32045.809152892263,32045.809152892263,31884.45293333333,28.575127410218048,-1.0000000000000389,SL,4,-50.73374027065669
2023-09-29 05:25:00,2023-09-29 06:20:00,short,32051.319,32080.830932055767,32080.830932055767,31920.89566666666,24.59327671313986,-0.9999999999999999,SL,11,-51.73374027065669
2023-09-29 06:25:00,2023-09-29 07:25:00,short,32081.469,32071.269,32107.333472447004,31940.110923076925,21.553727039169047,0.3943633499929627,TIMEOUT,12,-51.339376920663724
2023-09-29 08:40:00,2023-09-29 09:40:00,short,32111.469,32068.369,32136.551341865452,31974.044365079364,20.90195155454181,1.718340346017313,TIMEOUT,12,-49.62103657464641
2023-09-29 11:55:00,2023-09-29 12:55:00,long,31901.469,31858.763357909247,31858.763357909247,31987.482912037038,35.588035075628504,-0.9999999999999912,SL,12,-50.6210365746464
2023-09-29 13:00:00,2023-09-29 13:10:00,long,31843.269,31805.182679017737,31805.182679017737,31980.528532908695,31.738600818552296,-1.000000000000025,SL,2,-51.62103657464643
2023-10-02 19:00:00,2023-10-02 19:20:00,long,31598.319,31576.74012358944,31576.74012358944,31710.168967637543,17.98239700879998,-1.000000000000003,SL,4,-52.62103657464643
2023-10-02 19:25:00,2023-10-02 19:55:00,long,31583.419,31565.35604450693,31565.35604450693,31707.318194312797,15.052462910893556,-0.9999999999999332,SL,6,-53.62103657464637
2023-10-02 20:00:00,2023-10-02 20:05:00,long,31538.469,31507.244553920424,31507.244553920424,31704.120773700306,26.020371732981033,-1.0000000000000027,SL,1,-54.62103657464637
2023-10-02 20:10:00,2023-10-02 20:20:00,long,31403.419,31362.695941900773,31362.695941900773,31701.806257575754,33.93588174935622,-1.00000000000004,SL,2,-55.62103657464641
2023-10-02 20:25:00,2023-10-02 21:25:00,long,31303.469,31325.319,31255.286243934403,31697.046683109114,40.15229672133205,0.45348173878328674,TIMEOUT,12,-55.16755483586312
2023-10-03 06:15:00,2023-10-03 06:45:00,long,31193.369,31161.30202093445,31161.30202093445,31248.432991228074,26.722482554622395,-1.0000000000000466,SL,6,-56.16755483586317
2023-10-03 06:50:00,2023-10-03 07:05:00,long,31168.469,31137.417021442783,31137.417021442783,31243.913457831328,25.87664879768096,-1.000000000000021,SL,3,-57.16755483586319
2023-10-03 07:10:00,2023-10-03 07:20:00,long,31115.999,31084.805669211455,31084.805669211455,31239.541337164756,25.994442323786338,-1.000000000000035,SL,2,-58.16755483586323
2023-10-03 07:25:00,2023-10-03 08:25:00,long,31050.319,31068.469,31018.11691263031,31234.079629629632,26.83507280807527,0.5636280590023129,TIMEOUT,12,-57.60392677686092
2023-10-03 19:55:00,2023-10-03 20:05:00,long,30703.519,30675.091733157362,30675.091733157362,31001.223243939385,23.68938903553331,-0.9999999999999429,SL,2,-58.60392677686086
2023-10-03 21:15:00,2023-10-03 22:15:00,long,30638.999,30653.269,30570.225511162178,30983.199269774002,57.311240698185756,0.2074927452590199,TIMEOUT,12,-58.39643403160184
2023-10-03 23:35:00,2023-10-03 23:50:00,long,30593.269,30537.311395932826,30537.311395932826,30949.10811742423,46.63133672264575,-0.9999999999999937,SL,3,-59.396434031601835
2023-10-04 00:40:00,2023-10-04 01:40:00,short,30738.519,30596.255666666664,30803.570705313563,30596.255666666664,54.20975442796751,2.18692703976938,VWAP,12,-57.209506991832455
2023-10-04 02:00:00,2023-10-04 02:10:00,long,30505.519,30438.443914024738,30438.443914024738,30628.822333333334,55.89590497938437,-1.0000000000000184,SL,2,-58.20950699183248
2023-10-04 02:15:00,2023-10-04 02:55:00,long,30410.419,30341.016075842694,30341.016075842694,30609.174714285713,57.83577013108875,-1.0000000000000218,SL,8,-59.2095069918325
2023-10-04 05:45:00,2023-10-04 06:45:00,short,30575.999,30515.319,30623.040408127104,30494.203333333335,39.20117343925469,1.2899273728380594,TIMEOUT,12,-57.91957961899444
2023-10-04 07:15:00,2023-10-04 08:15:00,short,30578.269,30617.35260620277,30617.35260620277,30505.26271212121,32.569671835640484,-1.0000000000000406,SL,12,-58.91957961899448
2023-10-04 10:55:00,2023-10-04 11:15:00,long,30423.519,30523.246676767663,30362.41875337231,30523.246676767663,50.916872189741795,1.632197614116786,VWAP,4,-57.2873820048777
2023-10-04 12:00:00,2023-10-04 13:00:00,short,30628.269,30620.369,30685.76717430779,30525.352632183898,47.91514525649226,0.13739566682086887,TIMEOUT,12,-57.14998633805683
2023-10-04 15:10:00,2023-10-04 15:20:00,short,30643.519,30680.02007703481,30680.02007703481,30540.651112932588,30.41756419567418,-0.9999999999999992,SL,2,-58.14998633805683
2023-10-04 15:25:00,2023-10-04 18:05:00,short,30693.999,30675.519,30730.826977494708,30542.83199283152,30.689981245588914,0.5017924213366238,TIMEOUT,12,-57.6481939167202
2023-10-04 19:10:00,2023-10-04 19:45:00,short,30700.269,30722.202992589624,30722.202992589624,30559.66785714284,18.278327158018957,-1.0000000000000486,SL,7,-58.64819391672025
2023-10-04 20:40:00,2023-10-04 21:10:00,short,30725.319,30781.58124081344,30781.58124081344,30569.206865497064,46.88520067786758,-1.0000000000000013,SL,6,-59.64819391672025
2023-10-04 21:15:00,2023-10-04 22:15:00,short,30792.419,30840.519,30850.09291876734,30574.212999999985,48.061598972780445,-0.8339991633660213,TIMEOUT,12,-60.482193080086276
2023-10-04 22:25:00,2023-10-04 23:15:00,short,30870.319,30920.451739355696,30920.451739355696,30587.22396653278,41.777282796412614,-1.0000000000000309,SL,10,-61.482193080086304
2023-10-05 04:05:00,2023-10-05 04:10:00,short,31085.419,31131.037380721627,31131.037380721627,30998.618800000004,38.01531726802081,-1.0000000000000167,SL,1,-62.48219308008632
2023-10-05 06:15:00,2023-10-05 07:15:00,short,31095.369,31095.319,31130.670569409212,31031.136587719306,29.41797450767853,0.0014163676243306527,TIMEOUT,12,-62.48077671246199
2023-10-05 07:45:00,2023-10-05 08:40:00,short,31135.469,31045.238219858173,31161.595548896174,31045.238219858173,21.772124080143257,3.4536050092344577,VWAP,11,-59.02717170322753
2023-10-05 10:05:00,2023-10-05 10:40:00,long,30980.519,30937.019531477035,30937.019531477035,31049.87375409838,36.24955710247116,-0.9999999999999886,SL,7,-60.027171703227516
2023-10-05 10:45:00,2023-10-05 11:00:00,long,30907.999,30861.214728806644,30861.214728806644,31044.666820512837,38.986892661128,-1.000000000000038,SL,3,-61.02717170322755
2023-10-05 12:50:00,2023-10-05 13:50:00,long,30930.419,31007.469,30893.227850026757,31024.35517204303,30.992624977703258,2.0717294317446666,TIMEOUT,12,-58.95544227148289
2023-10-05 15:45:00,2023-10-05 15:55:00,short,31070.369,31022.51431578948,31098.54970817966,31022.51431578948,23.483923483049967,1.6981363245178192,VWAP,2,-57.25730594696507
2023-10-05 21:05:00,2023-10-05 21:55:00,short,31135.369,31022.70861206899,31195.019496745193,31022.70861206899,49.708747287662675,1.888674765144924,VWAP,10,-55.36863118182014
2023-10-06 02:35:00,2023-10-06 03:20:00,long,31015.419,31055.125666666667,30984.07513863099,31055.125666666667,26.11988447417797,1.2668083934903758,VWAP,9,-54.10182278832976
2023-10-06 03:30:00,2023-10-06 04:30:00,short,31105.999,31125.369,31138.115973295364,31050.90210077519,26.764144412802203,-0.6031078900824011,TIMEOUT,12,-54.70493067841216
2023-10-06 05:15:00,2023-10-06 05:35:00,short,31120.519,31147.721643407072,31147.721643407072,31067.92155208333,22.668869505893223,-1.0000000000000113,SL,4,-55.704930678412175
2023-10-06 11:30:00,2023-10-06 11:40:00,short,31185.269,31241.46454749705,31241.46454749705,31075.965978417265,46.829622914208066,-0.99999999999999,SL,2,-56.70493067841217
2023-10-06 11:50:00,2023-10-06 12:50:00,short,31312.999,31305.999,31370.36862005579,31081.229606060606,47.80801671315852,0.12201579848694676,TIMEOUT,12,-56.58291487992522
2023-10-09 03:20:00,2023-10-09 03:40:00,long,30951.369,31036.52103252032,30918.614604887498,31036.52103252032,27.29532926041784,2.5997131752196516,VWAP,4,-53.983201704705564
2023-10-09 04:55:00,2023-10-09 05:10:00,short,31108.469,31144.434345976675,31144.434345976675,31034.554999999993,29.9711216472275,-1.0000000000000318,SL,3,-54.98320170470559
2023-10-09 06:15:00,2023-10-09 07:15:00,short,31141.469,31081.419,31169.53957042194,31053.557245614018,23.39214201828249,2.139251147994708,TIMEOUT,12,-52.84395055671089
2023-10-09 09:45:00,2023-10-09 10:00:00,short,31136.319,31172.41858970603,31172.41858970603,31063.951796610156,30.082991421691496,-1.0000000000000364,SL,3,-53.84395055671092
2023-10-09 13:10:00,2023-10-09 13:30:00,short,31136.469,31164.160584444762,31164.160584444762,31073.540488469596,23.076320370633773,-1.000000000000026,SL,4,-54.84395055671095
2023-10-09 13:35:00,2023-10-09 13:45:00,short,31206.419,31232.190348700038,31232.190348700038,31076.305016260158,21.476123916697357,-0.9999999999999861,SL,2,-55.843950556710936
2023-10-09 13:50:00,2023-10-09 14:10:00,short,31256.319,31284.073947920548,31284.073947920548,31079.209918163666,23.129123267122612,-1.0000000000000364,SL,4,-56.84395055671097
2023-10-09 14:15:00,2023-10-09 14:40:00,short,31291.419,31317.696595433197,31317.696595433197,31084.886286821697,21.897996194330698,-0.9999999999999503,SL,5,-57.84395055671092
2023-10-10 10:15:00,2023-10-10 10:30:00,short,31885.369,31920.43062079206,31920.43062079206,31797.16179569893,29.218017326718204,-0.9999999999999801,SL,3,-58.8439505567109
2023-10-10 10:35:00,2023-10-10 11:35:00,short,31915.319,31930.369,31950.95441418789,31800.37855729167,29.696178489910224,-0.42233268064870044,TIMEOUT,12,-59.2662832373596
2023-10-10 18:15:00,2023-10-10 19:15:00,long,31760.519,31825.63444999999,31733.487029964683,31825.63444999999,22.526641696099396,2.4088310957326478,VWAP,12,-56.85745214162695
2023-10-10 19:35:00,2023-10-10 19:45:00,short,31872.369,31893.436549656177,31893.436549656177,31824.936978395057,17.55629138014867,-0.9999999999999816,SL,2,-57.85745214162693
2023-10-10 20:40:00,2023-10-10 21:05:00,short,31915.369,31826.950499272192,31960.28556314784,31826.950499272192,37.43046928986749,1.968505480634855,VWAP,5,-55.888946660992076
2023-10-10 22:45:00,2023-10-10 23:45:00,short,31928.419,31963.369,31969.234286443545,31833.044551181105,34.01273870295333,-0.8562968202695378,TIMEOUT,12,-56.74524348126161
2023-10-11 04:10:00,2023-10-11 04:30:00,long,31898.369,31867.525842213432,31867.525842213432,31953.27377124183,25.70263148880447,-1.0000000000000444,SL,4,-57.74524348126165
2023-10-11 12:25:00,2023-10-11 13:20:00,long,31898.999,31868.05607684083,31868.05607684083,31964.38759999999,25.785769299310363,-0.9999999999999597,SL,11,-58.74524348126161
2023-10-11 16:15:00,2023-10-11 18:50:00,short,32018.369,32041.21458787457,32041.21458787457,31956.765360544203,19.03798989547578,-0.9999999999999547,SL,10,-59.74524348126157
2023-10-11 19:10:00,2023-10-11 19:30:00,short,32070.369,32087.604960702418,32087.604960702418,31961.803746031735,14.363300585349343,-0.999999999999994,SL,4,-60.74524348126156
2023-10-11 19:35:00,2023-10-11 19:40:00,short,32110.419,32129.259192987083,32129.259192987083,31964.563418604637,15.700160822566938,-1.0000000000000644,SL,1,-61.745243481261625
2023-10-13 04:30:00,2023-10-13 05:10:00,long,32243.999,32210.83330729409,32210.83330729409,32291.796212121215,27.638077254924124,-0.9999999999999848,SL,8,-62.74524348126161
2023-10-13 05:15:00,2023-10-13 05:30:00,long,32178.319,32146.58543753304,32146.58543753304,32281.879052083335,26.444635389133683,-1.000000000000028,SL,3,-63.74524348126164
2023-10-13 05:45:00,2023-10-13 05:50:00,long,32133.319,32102.68690608962,32102.68690608962,32270.85219047619,25.526744925316656,-0.9999999999999645,SL,1,-64.74524348126161
2023-10-13 05:55:00,2023-10-13 06:45:00,long,32073.469,32038.808959842583,32038.808959842583,32265.519000000004,28.883366797849636,-0.9999999999999499,SL,10,-65.74524348126155
2023-10-13 08:05:00,2023-10-13 08:55:00,long,32130.999,32225.848489795917,32098.74658785881,32225.848489795917,26.877010117659903,2.940849489975916,VWAP,10,-62.804393991285636
2023-10-13 09:25:00,2023-10-13 09:30:00,long,32178.269,32219.99920467836,32145.656540278895,32219.99920467836,27.177049767588713,1.2795785731964122,VWAP,1,-61.524815418089226
2023-10-13 10:15:00,2023-10-13 10:50:00,long,32148.419,32097.84659078522,32097.84659078522,32219.330612903224,42.14367434565272,-0.9999999999999941,SL,7,-62.52481541808922
2023-10-13 10:55:00,2023-10-13 11:05:00,long,32053.519,32000.7528245148,32000.7528245148,32213.100818181814,43.97181290433604,-0.9999999999999674,SL,2,-63.52481541808918
2023-10-13 11:55:00,2023-10-13 12:55:00,long,31913.419,31975.469,31863.618351187826,32194.1582824074,41.50054067681324,1.2459677028309821,TIMEOUT,12,-62.2788477152582
2023-10-15 19:50:00,2023-10-15 20:05:00,long,31900.419,31860.014368285993,31860.014368285993,31961.31595652174,33.6705264283419,-0.9999999999999722,SL,3,-63.27884771525817
2023-10-15 20:10:00,2023-10-15 20:30:00,long,31763.999,31945.054679012344,31709.80730939234,31945.054679012344,45.159742173049644,3.3410228945091043,VWAP,4,-59.93782482074907
2023-10-15 20:45:00,2023-10-15 21:45:00,long,31745.319,31767.519,31672.185822036867,31924.148215686273,60.94431496927771,0.3035557953080043,TIMEOUT,12,-59.634269025441064
2023-10-16 06:10:00,2023-10-16 06:20:00,long,31635.519,31674.194688888892,31607.554365183725,31674.194688888892,23.30386234689497,1.3830214176937845,VWAP,2,-58.25124760774728
2023-10-16 08:55:00,2023-10-16 09:20:00,short,31740.419,31765.433853785,31765.433853785,31678.033197530873,20.84571148750011,-0.9999999999999953,SL,5,-59.251247607747274
2023-10-16 09:45:00,2023-10-16 09:50:00,short,31805.269,31834.89946743047,31834.89946743047,31684.92329378532,24.692056192059944,-0.9999999999999403,SL,1,-60.25124760774722
2023-10-16 09:55:00,2023-10-16 10:10:00,short,31847.369,31879.144249978315,31879.144249978315,31687.38697222223,26.479374981929332,-1.0000000000000386,SL,3,-61.25124760774725
2023-10-16 10:15:00,2023-10-16 10:30:00,short,31912.319,31947.68173455411,31947.68173455411,31693.384510752694,29.46894546175747,-1.000000000000027,SL,3,-62.25124760774728
2023-10-16 10:35:00,2023-10-16 10:40:00,short,31990.419,32026.99588779675,32026.99588779675,31701.541864583338,30.48073983062414,-1.0000000000000107,SL,1,-63.25124760774729
2023-10-16 18:00:00,2023-10-16 19:05:00,short,31990.419,32018.994657763025,32018.994657763025,31788.312045685256,23.813048135851908,-1.0000000000000469,SL,10,-64.25124760774733
2023-10-17 03:45:00,2023-10-17 04:40:00,short,32085.419,32001.537405797095,32115.15937577994,32001.537405797095,24.783646483281867,2.8204618133806596,VWAP,11,-61.43078579436667
2023-10-17 06:20:00,2023-10-17 07:20:00,long,31950.269,31930.419,31911.66320743019,32011.140255411257,32.17149380817671,-0.5141715447002719,TIMEOUT,12,-61.944957339066946
2023-10-17 08:35:00,2023-10-17 08:55:00,long,31905.369,31871.933233565003,31871.933233565003,31993.651756410272,27.863138695829733,-0.9999999999999934,SL,4,-62.94495733906694
2023-10-17 09:00:00,2023-10-17 09:55:00,long,31850.419,31817.029551520667,31817.029551520667,31988.57612538228,27.82454039944452,-1.0000000000000333,SL,11,-63.944957339066974
2023-10-17 14:40:00,2023-10-17 15:40:00,short,32100.469,32080.999,32130.948665110485,32017.140676082887,25.399720925402292,0.6387865460275325,TIMEOUT,12,-63.30617079303944
2023-10-17 19:05:00,2023-10-17 19:45:00,short,32100.319,32118.796860157036,32118.796860157036,32026.569614886746,15.398216797530901,-0.999999999999944,SL,8,-64.30617079303939
2023-10-17 20:05:00,2023-10-17 20:10:00,long,31987.999,31956.093707844055,31956.093707844055,32029.969978593286,26.587743463287644,-0.9999999999999966,SL,1,-65.30617079303939
2023-10-17 20:15:00,2023-10-17 20:25:00,long,31935.469,32029.346333333346,31896.413110334925,32029.346333333346,32.54657472089594,2.4036664927720865,VWAP,2,-62.902504300267296
2023-10-17 20:50:00,2023-10-17 21:50:00,long,31890.269,31927.469,31839.57565556167,32027.128735682825,42.24445369860693,0.7338241422452784,TIMEOUT,12,-62.16868015802202
2023-10-17 22:45:00,2023-10-17 23:45:00,long,31915.519,31922.269,31866.10643074049,32018.82844,41.17714104959255,0.136604918569393,TIMEOUT,12,-62.03207523945263
2023-10-18 00:45:00,2023-10-18 01:05:00,short,32055.419,31991.517,32092.68528818108,31991.517,31.05524015089857,1.7147401342870443,VWAP,4,-60.31733510516559
2023-10-18 01:50:00,2023-10-18 02:20:00,short,32095.319,32016.47885507246,32133.93791800318,32016.47885507246,32.18243166931788,2.0414902592829183,VWAP,6,-58.27584484588267
2023-10-18 03:20:00,2023-10-18 04:15:00,long,31955.269,32017.573634146345,31923.18378999403,32017.573634146345,26.737675004974943,1.9418490368226469,VWAP,11,-56.33399580906003
2023-10-18 05:40:00,2023-10-18 06:10:00,long,31975.319,31944.562862207258,31944.562862207258,32015.072381642512,25.630114827283002,-1.000000000000057,SL,6,-57.333995809060085
2023-10-18 06:25:00,2023-10-18 07:25:00,long,31910.269,31910.469,31882.96078625929,32007.385495726492,22.756844783926446,0.007323803815939921,TIMEOUT,12,-57.32667200524414
2023-10-18 08:40:00,2023-10-18 08:50:00,long,31940.469,31917.600162205814,31917.600162205814,31988.27325396825,19.057364828488726,-1.0000000000000286,SL,2,-58.32667200524417
2023-10-18 08:55:00,2023-10-18 09:40:00,long,31910.999,31887.901343792335,31887.901343792335,31986.4452345679,19.24804683971926,-1.0000000000000748,SL,9,-59.32667200524425
2023-10-18 09:45:00,2023-10-18 10:05:00,long,31865.519,31836.930932022715,31836.930932022715,31980.378067796602,23.8233899810716,-0.9999999999999815,SL,4,-60.32667200524423
2023-10-18 10:40:00,2023-10-18 11:40:00,long,31767.519,31765.519,31720.75609897946,31969.744219638233,38.969084183785334,-0.04276894624483248,TIMEOUT,12,-60.36944095148906
2023-10-19 05:45:00,2023-10-19 06:00:00,short,31527.469,31561.181196329955,31561.181196329955,31455.851476190477,28.093496941628306,-1.000000000000006,SL,3,-61.36944095148907
2023-10-19 06:35:00,2023-10-19 07:35:00,short,31565.519,31510.269,31594.674816049097,31467.29679166667,24.296513374247468,1.8949906909469356,TIMEOUT,12,-59.474450260542135
2023-10-19 08:25:00,2023-10-19 08:40:00,short,31567.319,31594.04090139181,31594.04090139181,31481.49952287582,22.268251159842155,-1.0000000000000198,SL,3,-60.474450260542156
2023-10-19 09:05:00,2023-10-19 10:05:00,short,31635.419,31600.269,31667.242689277762,31489.77787878788,26.51974106480115,1.1045231020579542,TIMEOUT,12,-59.3699271584842
2023-10-19 10:10:00,2023-10-19 11:10:00,short,31645.269,31530.999,31686.308662110052,31501.21076151762,34.19971842504388,2.784379649461344,TIMEOUT,12,-56.58554750902286
2023-10-19 11:45:00,2023-10-19 12:05:00,short,31587.419,31629.72468916265,31629.72468916265,31508.14637089203,35.25474096887355,-0.9999999999999813,SL,4,-57.58554750902284
2023-10-19 13:05:00,2023-10-19 13:45:00,short,31660.269,31515.524801687774,31733.448208583715,31515.524801687774,60.98267381976295,1.977941564462832,VWAP,8,-55.60760594456001
2023-10-19 14:30:00,2023-10-19 14:35:00,long,31427.419,31369.907006070127,31369.907006070127,31519.550790476187,47.92666160822773,-1.0000000000000253,SL,1,-56.607605944560035
2023-10-19 14:40:00,2023-10-19 15:40:00,long,31340.999,31282.359066458426,31282.359066458426,31517.87609981167,48.86661128464534,-0.9999999999999856,SL,12,-57.60760594456002
2023-10-19 15:45:00,2023-10-19 18:25:00,long,31252.319,31255.469,31200.93833377047,31503.735070175437,42.8172218579407,0.06130710695594537,TIMEOUT,12,-57.54629883760408
2023-10-19 18:50:00,2023-10-19 19:05:00,long,31240.319,31213.09978965948,31213.09978965948,31484.497244766502,22.68267528376374,-1.0000000000000464,SL,3,-58.54629883760413
2023-10-20 01:40:00,2023-10-20 02:00:00,long,31312.519,31273.170184868493,31273.170184868493,31364.31820634921,32.79067927625478,-1.0000000000000284,SL,4,-59.546298837604155
2023-10-20 02:05:00,2023-10-20 02:25:00,long,31225.999,31185.798786404805,31185.798786404805,31349.62733333333,33.50017799599557,-1.0000000000000138,SL,4,-60.54629883760417
2023-10-20 05:30:00,2023-10-20 05:55:00,long,31250.519,31305.090393034825,31212.555582669163,31305.090393034825,31.63618110902994,1.4374731484064502,VWAP,5,-59.10882568919772
2023-10-20 06:25:00,2023-10-20 07:15:00,long,31255.269,31300.411051282044,31223.32339996311,31300.411051282044,26.621333364076623,1.4130913562403722,VWAP,10,-57.69573433295735
2023-10-20 08:25:00,2023-10-20 09:25:00,long,31225.999,31295.275601307178,31198.17807360253,31295.275601307178,23.184105331226462,2.4900896655070883,VWAP,12,-55.205644667450265
2023-10-20 10:20:00,2023-10-20 10:30:00,long,31215.999,31175.51954644057,31175.51954644057,31290.43019999999,33.732877966190415,-1.0000000000000397,SL,2,-56.20564466745031
2023-10-20 11:10:00,2023-10-20 11:20:00,long,31145.419,31099.221256731813,31099.221256731813,31283.00213580246,38.49811939015741,-0.9999999999999977,SL,2,-57.20564466745031
2023-10-20 11:25:00,2023-10-20 12:25:00,long,31075.419,31135.269,31026.294529897885,31279.07032850241,40.93705841843147,1.218333752518552,TIMEOUT,12,-55.987310914931754
2023-10-20 13:50:00,2023-10-20 14:15:00,long,31200.369,31155.734657279245,31155.734657279245,31258.516724550875,37.19528560062942,-0.9999999999999691,SL,5,-56.987310914931726
2023-10-20 14:20:00,2023-10-20 15:20:00,long,31145.519,31120.419,31103.72530596764,31256.06832562618,34.828078360298626,-0.6005690710317475,TIMEOUT,12,-57.587879985963475
2023-10-20 15:25:00,2023-10-20 16:05:00,long,31090.469,31051.95777462977,31051.95777462977,31247.490344085996,32.09268780852731,-0.9999999999999758,SL,8,-58.587879985963454
2023-10-20 16:10:00,2023-10-22 18:50:00,long,31030.999,31037.369,30995.862990026348,31239.93303418801,29.28000831137768,0.18129548587832067,TIMEOUT,12,-58.40658450008513
2023-10-22 19:40:00,2023-10-22 19:50:00,short,31112.999,31137.595398298756,31137.595398298756,31050.999000000003,20.496998582297987,-0.9999999999999338,SL,2,-59.40658450008507
2023-10-22 22:40:00,2023-10-22 23:40:00,long,31027.999,31057.999,30981.954356220424,31088.835900584792,38.370536482981734,0.6515415808973145,TIMEOUT,12,-58.75504291918775
2023-10-23 00:35:00,2023-10-23 00:45:00,long,30985.369,31025.88983333333,30953.03065612578,31025.88983333333,26.948619895182574,1.2530274738539198,VWAP,2,-57.50201544533383
2023-10-23 03:00:00,2023-10-23 03:25:00,long,30995.369,30963.990561181712,30963.990561181712,31046.90449549549,26.148699015238257,-1.0000000000000242,SL,5,-58.50201544533385
2023-10-23 03:30:00,2023-10-23 03:40:00,long,30942.369,30907.53756561599,30907.53756561599,31037.59217829457,29.026195320009588,-0.9999999999999629,SL,2,-59.50201544533382
2023-10-23 03:45:00,2023-10-23 04:45:00,long,30895.519,30950.369,30859.1891088405,31029.595739130433,30.274909299584795,1.5097760617885314,TIMEOUT,12,-57.99223938354529
2023-10-23 05:05:00,2023-10-23 05:15:00,long,30895.999,30858.550490681522,30858.550490681522,31003.316096774193,31.207091098730576,-1.0000000000000242,SL,2,-58.99223938354531
2023-10-23 05:25:00,2023-10-23 05:35:00,long,30860.269,30823.970481917822,30823.970481917822,30995.6684949495,30.24876506848299,-0.9999999999999538,SL,2,-59.99223938354527
2023-10-23 05:40:00,2023-10-23 05:50:00,long,30785.269,30746.797648605487,30746.797648605487,30987.503202898548,32.05945949542862,-0.9999999999999775,SL,2,-60.99223938354525
2023-10-23 09:40:00,2023-10-23 09:45:00,long,30792.419,30761.847999595753,30761.847999595753,30916.717689458692,25.475833670207084,-0.9999999999999993,SL,1,-61.99223938354525
2023-10-23 11:15:00,2023-10-23 12:15:00,short,31065.419,31097.269,31116.305589961095,30922.6508872549,42.40549163424534,-0.6259016378254,TIMEOUT,12,-62.61814102137065
2023-10-23 12:55:00,2023-10-23 13:00:00,short,31135.469,31173.4709480004,31173.4709480004,30944.116735042735,31.66829000033232,-0.9999999999999671,SL,1,-63.61814102137061
2023-10-23 18:30:00,2023-10-23 19:10:00,short,31067.369,31092.92057195414,31092.92057195414,30974.13789983582,21.29297662845002,-0.9999999999999969,SL,7,-64.6181410213706
2023-10-23 19:15:00,2023-10-23 19:30:00,short,31112.469,31133.0905221324,31133.0905221324,30978.32803633493,17.184601776997958,-1.0000000000000335,SL,3,-65.61814102137063
2023-10-23 19:35:00,2023-10-23 19:40:00,short,31177.369,31200.759051375037,31200.759051375037,30981.241046511645,19.491709479197112,-1.000000000000051,SL,1,-66.61814102137069
2023-10-23 20:30:00,2023-10-23 21:15:00,long,30862.269,30801.65386328847,30801.65386328847,30986.396404129806,50.512613926276074,-0.9999999999999919,SL,9,-67.61814102137068
2023-10-23 21:20:00,2023-10-23 21:25:00,long,30742.469,30674.8602503078,30674.8602503078,30980.262474576284,56.34062474350134,-0.9999999999999903,SL,1,-68.61814102137066
2023-10-24 01:15:00,2023-10-24 01:40:00,short,31075.319,31134.01023902992,31134.01023902992,30909.250250000005,48.909365858268906,-0.9999999999999908,SL,5,-69.61814102137065
2023-10-24 07:00:00,2023-10-24 07:10:00,short,31105.519,31135.45695022915,31135.45695022915,31048.465901960804,24.94829185762291,-1.0000000000000355,SL,2,-70.61814102137069
2023-10-24 13:30:00,2023-10-24 14:30:00,short,31170.999,31210.469,31213.85816590664,31091.371883435586,35.715971588866935,-0.920923194958536,TIMEOUT,12,-71.53906421632922
2023-10-24 14:45:00,2023-10-24 15:20:00,short,31235.469,31268.220172257854,31268.220172257854,31099.183494382025,27.292643548209284,-1.0000000000000533,SL,7,-72.53906421632928
2023-10-24 16:10:00,2023-10-24 18:50:00,short,31290.519,31225.319,31321.977815211434,31112.610076923072,26.21567934286154,2.072551034163025,TIMEOUT,12,-70.46651318216625
2023-10-24 19:40:00,2023-10-24 19:45:00,short,31265.519,31287.79924411995,31287.79924411995,31124.65935493827,18.56687009995898,-0.9999999999999294,SL,1,-71.46651318216618
2023-10-24 19:50:00,2023-10-24 19:55:00,short,31300.469,31325.247781919756,31325.247781919756,31126.17848012233,20.648984933128002,-1.000000000000044,SL,1,-72.46651318216622
2023-10-24 21:20:00,2023-10-24 22:20:00,short,31456.999,31419.519,31517.668474394883,31141.865652542383,50.55789532906895,0.6177736064771459,TIMEOUT,12,-71.84873957568908
2023-10-25 06:15:00,2023-10-25 06:30:00,long,31249.369,31296.081412280702,31221.03210475383,31296.081412280702,23.614079371805506,1.6484661384003527,VWAP,3,-70.20027343728873
2023-10-25 08:20:00,2023-10-25 09:20:00,short,31364.319,31314.519,31385.04085189331,31302.537943894386,17.268209911093283,2.4032601070791566,TIMEOUT,12,-67.79701333020957
2023-10-25 09:35:00,2023-10-25 09:40:00,long,31259.269,31235.346991613475,31235.346991613475,31305.419603448277,19.93500698877275,-0.9999999999999333,SL,1,-68.7970133302095
2023-10-25 09:45:00,2023-10-25 09:50:00,long,31164.469,31134.048227462637,31134.048227462637,31303.950412429378,25.350643781135624,-1.0000000000000253,SL,1,-69.79701333020952
2023-10-26 03:00:00,2023-10-26 03:05:00,long,30566.419,30532.21330316066,30532.21330316066,30616.921432432435,28.50474736611838,-0.9999999999999638,SL,1,-70.79701333020948
2023-10-26 03:10:00,2023-10-26 04:05:00,long,30526.519,30612.921735042743,30490.007149153833,30612.921735042743,30.4265423718063,2.3664298861971136,VWAP,11,-68.43058344401237
2023-10-26 06:55:00,2023-10-26 07:05:00,long,30556.469,30525.89812739131,30525.89812739131,30603.53526984128,25.475727173910215,-1.0000000000000013,SL,2,-69.43058344401237
2023-10-26 08:35:00,2023-10-26 08:45:00,short,30671.999,30707.57399048444,30707.57399048444,30597.28791025641,29.645825403702528,-0.9999999999999573,SL,2,-70.43058344401233
2023-10-26 08:50:00,2023-10-26 08:55:00,short,30721.369,30758.959213591224,30758.959213591224,30600.079778816198,31.3251779926876,-1.0000000000000133,SL,1,-71.43058344401234
2023-10-26 09:00:00,2023-10-26 09:35:00,short,30751.319,30790.176010698557,30790.176010698557,30602.77248623853,32.38084224879703,-1.000000000000018,SL,7,-72.43058344401236
2023-10-26 12:20:00,2023-10-26 13:00:00,long,30558.999,30507.337443179153,30507.337443179153,30634.174548098454,43.05129735070544,-1.0000000000000127,SL,8,-73.43058344401237
2023-10-26 13:30:00,2023-10-26 14:05:00,long,30466.469,30626.115973415155,30413.84179452025,30626.115973415155,43.856004566459866,3.0335445699577934,VWAP,7,-70.39703887405457
2023-10-26 14:55:00,2023-10-26 15:35:00,short,30728.269,30626.102425925958,30773.578453506776,30626.102425925958,37.75787792231211,2.2548622013012602,VWAP,8,-68.14217667275331
2023-10-26 15:45:00,2023-10-26 16:05:00,long,30556.469,30628.225543859673,30512.280246349448,30628.225543859673,36.82396137546217,1.623864398329132,VWAP,4,-66.51831227442418
2023-10-26 19:05:00,2023-10-26 19:25:00,short,30706.469,30735.91597215932,30735.91597215932,30628.047650793673,24.53914346609894,-1.0000000000000282,SL,4,-67.5183122744242
2023-10-26 19:30:00,2023-10-26 19:45:00,short,30736.999,30764.72135681924,30764.72135681924,30630.197759689945,23.10196401603174,-1.0000000000000144,SL,3,-68.51831227442422
2023-10-26 19:55:00,2023-10-26 20:50:00,short,30796.369,30828.954924039248,30828.954924039248,30633.106424242447,27.154936699374595,-0.999999999999991,SL,11,-69.5183122744242
2023-10-26 21:10:00,2023-10-26 22:00:00,short,30883.269,30943.072087091263,30943.072087091263,30642.58433333336,49.83590590938622,-0.999999999999985,SL,10,-70.51831227442419
2023-10-27 04:15:00,2023-10-27 04:40:00,long,30931.519,30979.375858974352,30895.00071747236,30979.375858974352,30.43190210636472,1.3104904081437259,VWAP,5,-69.20782186628047
2023-10-27 05:25:00,2023-10-27 05:40:00,long,30936.369,30907.19486372767,30907.19486372767,30975.80127272727,24.311780226941906,-0.9999999999999776,SL,3,-70.20782186628044
2023-10-27 06:25:00,2023-10-27 07:00:00,long,30921.469,30897.94428209512,30897.94428209512,30969.24711965812,19.603931587402347,-0.9999999999999645,SL,7,-71.2078218662804
2023-10-27 07:05:00,2023-10-27 07:10:00,long,30873.419,30848.56706514085,30848.56706514085,30964.06124806201,20.70994571595874,-1.0000000000000122,SL,1,-72.20782186628041
2023-10-27 07:15:00,2023-10-27 07:40:00,long,30838.369,30812.376872493893,30812.376872493893,30961.534530303023,21.66010625508697,-1.0000000000000646,SL,5,-73.20782186628048
2023-10-27 08:00:00,2023-10-27 09:00:00,long,30801.469,30896.419,30775.280779188724,30948.601096219925,21.823517342731307,3.6256758595494936,TIMEOUT,12,-69.582146006731
2023-10-27 09:35:00,2023-10-27 09:45:00,long,30836.269,30801.01002387187,30801.01002387187,30935.307821839084,29.382480106775404,-1.0000000000000033,SL,2,-70.582146006731
2023-10-27 09:50:00,2023-10-27 10:30:00,long,30756.519,30716.647001984875,30716.647001984875,30932.0783557423,33.22666501260424,-1.0000000000000084,SL,8,-71.58214600673101
2023-10-29 19:45:00,2023-10-29 20:00:00,long,30616.269,30692.67243137255,30559.790881106903,30692.67243137255,47.065099077581024,1.3527970277687087,VWAP,3,-70.2293489789623
2023-10-29 21:35:00,2023-10-29 22:35:00,long,30590.999,30675.81191666667,30535.785520402347,30675.81191666667,46.0112329980442,1.5360907750192694,VWAP,12,-68.69325820394303
2023-10-29 23:20:00,2023-10-29 23:35:00,long,30603.319,30567.43302683095,30567.43302683095,30661.93653246754,29.904977640874765,-1.000000000000007,SL,3,-69.69325820394303
2023-10-30 02:35:00,2023-10-30 02:50:00,short,30745.469,30776.92711536464,30776.92711536464,30680.67275,26.215096137200092,-0.9999999999999815,SL,3,-70.69325820394302
2023-10-30 04:10:00,2023-10-30 05:10:00,short,30843.269,30825.469,30876.7664020965,30717.9695882353,27.914501747082987,0.5313844921083997,TIMEOUT,12,-70.16187371183462
2023-10-30 05:55:00,2023-10-30 06:55:00,short,30838.999,30833.469,30864.547459853216,30748.250666666678,21.290383211014934,0.21645140379381078,TIMEOUT,12,-69.9454223080408
2023-10-30 09:05:00,2023-10-30 09:20:00,long,30533.369,30481.243705199056,30481.243705199056,30764.812727272732,43.4377456674526,-0.9999999999999852,SL,3,-70.94542230804079
2023-10-30 09:25:00,2023-10-30 10:25:00,long,30420.999,30475.999,30353.50830506014,30755.593912280703,56.242245783218365,0.8149271547582679,TIMEOUT,12,-70.13049515328252
2023-10-30 14:45:00,2023-10-30 17:00:00,long,30603.999,30572.476612068916,30572.476612068916,30680.164580524335,26.26865660923606,-1.0000000000000027,SL,7,-71.13049515328252
2023-10-30 17:05:00,2023-10-30 18:05:00,long,30573.469,30546.83858529997,30546.83858529997,30676.470021505364,22.192012250024124,-1.0000000000000429,SL,9,-72.13049515328257
2023-10-30 19:10:00,2023-10-30 19:15:00,long,30588.999,30555.051779027748,30555.051779027748,30667.664657051275,28.289350810210316,-0.9999999999999792,SL,1,-73.13049515328255
2023-10-30 22:20:00,2023-10-30 22:30:00,long,30610.319,30662.775544715427,30576.886737477565,30662.775544715427,27.860218768694875,1.5690396269240738,VWAP,2,-71.56145552635847
2023-10-30 23:10:00,2023-10-31 00:10:00,short,30912.519,30772.269,30992.322761241594,30666.91720312498,66.50313436799404,1.7574359631423393,TIMEOUT,12,-69.80401956321613
2023-10-31 13:50:00,2023-10-31 14:10:00,short,31350.519,31383.976612632952,31383.976612632952,31148.95965868262,27.881343860792526,-1.0000000000000313,SL,4,-70.80401956321616
2023-10-31 17:40:00,2023-10-31 17:45:00,short,31355.519,31374.261495217084,31374.261495217084,31176.727773747825,15.618746014235223,-1.0000000000000964,SL,1,-71.80401956321626
2023-10-31 17:50:00,2023-10-31 18:50:00,short,31390.999,31342.999,31410.51209026371,31178.773854700838,16.2609085530905,2.4598871501800383,TIMEOUT,12,-69.34413241303622
2023-10-31 18:55:00,2023-10-31 19:00:00,short,31357.519,31380.781295146324,31380.781295146324,31188.958246794857,19.38524595527064,-0.9999999999999496,SL,1,-70.34413241303616
2023-10-31 19:05:00,2023-10-31 19:10:00,short,31470.369,31503.985509590453,31503.985509590453,31191.23173015871,28.013757992044454,-1.0000000000000306,SL,1,-71.34413241303619
2023-10-31 19:20:00,2023-10-31 20:20:00,short,31535.999,31512.469,31576.00245902705,31195.742082942077,33.33621585587544,0.5881991350819873,TIMEOUT,12,-70.7559332779542
2023-11-01 05:10:00,2023-11-01 06:10:00,long,31480.469,31505.369,31449.486138535078,31573.987201058197,25.8190512207684,0.8036701202756528,TIMEOUT,12,-69.95226315767854
2023-11-01 06:20:00,2023-11-01 07:20:00,long,31490.369,31522.519,31464.90534670393,31560.284844155845,21.219711080057074,1.2625839515716826,TIMEOUT,12,-68.68967920610686
2023-11-01 08:25:00,2023-11-01 08:40:00,short,31630.469,31662.53347846009,31662.53347846009,31555.217562091497,26.72039871673985,-1.00000000000001,SL,3,-69.68967920610687
2023-11-01 08:50:00,2023-11-01 09:25:00,short,31667.369,31703.51299665482,31703.51299665482,31559.2503707165,30.119997212349197,-1.0000000000000409,SL,7,-70.68967920610692
2023-11-01 12:10:00,2023-11-01 13:00:00,short,31705.269,31741.53628405371,31741.53628405371,31588.94886394557,30.22273671142537,-0.9999999999999565,SL,10,-71.68967920610687
2023-11-01 14:10:00,2023-11-01 15:05:00,short,31820.519,31879.392504188607,31879.392504188607,31605.13586159844,49.06125349050653,-0.9999999999999791,SL,11,-72.68967920610686
2023-11-02 01:15:00,2023-11-02 02:05:00,long,31876.269,31950.317541666664,31837.84245356605,31950.317541666664,32.02212202829333,1.9270152677899086,VWAP,10,-70.76266393831695
2023-11-02 03:25:00,2023-11-02 04:25:00,short,32011.269,32026.519,32050.397173649526,31936.358920634917,32.60681137460621,-0.3897447434320558,TIMEOUT,12,-71.15240868174901
2023-11-02 04:45:00,2023-11-02 05:45:00,short,32041.319,32016.369,32070.05456300956,31959.827563218387,23.946302507965058,0.8682620901390316,TIMEOUT,12,-70.28414659160998
2023-11-02 06:05:00,2023-11-02 07:05:00,short,32033.469,32057.85114793928,32057.85114793928,31973.214045045046,20.318456616065955,-0.9999999999999978,SL,12,-71.28414659160998
2023-11-02 07:15:00,2023-11-02 07:50:00,short,32091.269,32114.714487916714,32114.714487916714,31985.017598484854,19.53790659726013,-1.0000000000000497,SL,7,-72.28414659161004
2023-11-02 09:40:00,2023-11-02 10:10:00,short,32183.269,32223.55884162161,32223.55884162161,32016.398515669516,33.57486801800849,-0.9999999999999583,SL,6,-73.28414659161
2023-11-03 04:15:00,2023-11-03 05:10:00,long,32358.419,32392.01435947712,32333.108883154095,32392.01435947712,21.09176403825501,1.3273490470888156,VWAP,11,-71.95679754452118
2023-11-03 06:15:00,2023-11-03 06:30:00,long,32363.269,32388.3461111111,32344.385304072814,32388.3461111111,15.736413272654499,1.32797685409652,VWAP,3,-70.62882069042466
2023-11-03 07:00:00,2023-11-03 07:30:00,short,32421.469,32439.31514335281,32439.31514335281,32388.717968253946,14.871786127340565,-1.000000000000076,SL,6,-71.62882069042473
2023-11-03 07:35:00,2023-11-03 08:35:00,short,32556.519,32508.999,32585.06821193708,32392.948084249063,23.791009947566018,1.66449428112873,TIMEOUT,12,-69.964326409296
2023-11-06 06:25:00,2023-11-06 07:25:00,long,32658.519,32666.519,32637.952097912028,32692.613188034193,17.139085073308994,0.38897447781788463,TIMEOUT,12,-69.57535193147812
2023-11-06 08:15:00,2023-11-06 09:05:00,long,32666.419,32688.32853333334,32648.941225481743,32688.32853333334,14.564812098548291,1.2535653958947337,VWAP,10,-68.32178653558339
2023-11-06 09:40:00,2023-11-06 09:45:00,long,32621.369,32596.101902542145,32596.101902542145,32685.242960113963,21.05591454821189,-0.9999999999999936,SL,1,-69.32178653558339
2023-11-06 09:50:00,2023-11-06 10:05:00,long,32586.319,32558.26447208991,32558.26447208991,32683.750764705885,23.37877325840696,-0.9999999999999849,SL,3,-70.32178653558337
2023-11-06 10:10:00,2023-11-06 11:10:00,long,32511.519,32571.269,32478.741287597873,32679.595829268295,27.314760335104143,1.822884991697176,TIMEOUT,12,-68.49890154388619
2023-11-06 12:25:00,2023-11-06 13:15:00,long,32551.519,32524.464289411568,32524.464289411568,32657.487755555565,22.545592157025915,-1.000000000000052,SL,10,-69.49890154388625
2023-11-06 13:20:00,2023-11-06 14:20:00,long,32486.419,32491.999,32459.96951168708,32650.028689441006,22.04124026076755,0.2109681644492221,TIMEOUT,12,-69.28793337943702
2023-11-06 15:35:00,2023-11-06 18:15:00,long,32563.269,32583.469,32540.90943518109,32632.377226950357,18.632970682426347,0.9034165093819564,TIMEOUT,12,-68.38451687005507
2023-11-06 18:20:00,2023-11-06 18:30:00,long,32578.419,32561.52137178276,32561.52137178276,32629.23407462688,14.081356847701072,-0.9999999999999659,SL,2,-69.38451687005504
2023-11-06 18:55:00,2023-11-06 19:00:00,long,32571.419,32547.27136553847,32547.27136553847,32627.968246794884,20.12302871794334,-1.000000000000042,SL,1,-70.38451687005508
2023-11-06 19:05:00,2023-11-06 19:45:00,long,32496.419,32464.80492742858,32464.80492742858,32627.015682539695,26.345060476185857,-0.9999999999999446,SL,8,-71.38451687005502
2023-11-06 19:50:00,2023-11-06 20:50:00,long,32458.999,32491.369,32415.826283338978,32621.596184170485,35.977263884183465,0.7497790851143091,TIMEOUT,12,-70.63473778494071
2023-11-07 08:10:00,2023-11-07 08:40:00,short,32321.519,32341.396044254125,32341.396044254125,32264.930010101016,16.564203545102277,-1.0000000000000882,SL,6,-71.6347377849408
2023-11-07 08:45:00,2023-11-07 09:20:00,short,32361.369,32382.879807941434,32382.879807941434,32269.16201886793,17.925673284528322,-1.0000000000000429,SL,7,-72.63473778494084
2023-11-07 10:00:00,2023-11-07 10:25:00,short,32421.319,32454.212581476197,32454.212581476197,32280.7854738292,27.411317896831477,-0.9999999999999808,SL,5,-73.63473778494082
2023-11-08 06:00:00,2023-11-08 06:35:00,short,32236.369,32262.071365078482,32262.071365078482,32182.531009132425,21.418637565401376,-1.0000000000000573,SL,7,-74.63473778494088
2023-11-08 07:25:00,2023-11-08 07:35:00,short,32276.369,32297.731659835394,32297.731659835394,32194.881666666668,17.80221652949597,-0.9999999999999869,SL,2,-75.63473778494087
2023-11-08 08:05:00,2023-11-08 09:00:00,short,32323.269,32344.57965524862,32344.57965524862,32203.413421768706,17.758879373851236,-0.9999999999999588,SL,11,-76.63473778494082
2023-11-08 15:50:00,2023-11-08 18:30:00,short,32326.469,32321.419,32349.610027201812,32250.810431064576,19.28418933484146,0.21822713209568914,TIMEOUT,12,-76.41651065284513
2023-11-08 20:00:00,2023-11-08 20:10:00,short,32381.269,32429.670241676584,32429.670241676584,32257.616104072393,40.334368063818744,-1.0000000000000226,SL,2,-77.41651065284516
2023-11-08 20:15:00,2023-11-08 20:35:00,short,32433.319,32480.45794605082,32480.45794605082,32259.77139583333,39.28245504235032,-1.0000000000000275,SL,4,-78.41651065284519
2023-11-08 21:30:00,2023-11-08 22:30:00,short,32466.999,32443.419,32512.000153456276,32270.615066945607,37.50096121356436,0.5239865689866873,TIMEOUT,12,-77.8925240838585
2023-11-08 23:00:00,2023-11-08 23:35:00,short,32501.269,32534.796463262574,32534.796463262574,32284.752994811934,27.939552718812376,-0.9999999999999536,SL,7,-78.89252408385846
2023-11-09 05:25:00,2023-11-09 06:25:00,short,32681.999,32656.469,32709.56604735203,32634.34021212121,22.972539460024375,0.9261057114308449,TIMEOUT,12,-77.96641837242761
2023-11-09 08:45:00,2023-11-09 09:15:00,short,32691.369,32709.430251774476,32709.430251774476,32647.811704402528,15.051043145397154,-1.0000000000000544,SL,6,-78.96641837242767
2023-11-09 09:25:00,2023-11-09 09:45:00,short,32746.319,32767.39872742885,32767.39872742885,32652.173619883048,17.566439524042018,-0.9999999999999257,SL,4,-79.9664183724276
2023-11-10 06:35:00,2023-11-10 07:30:00,long,32431.419,32547.02066666667,32405.269104890445,32547.02066666667,21.79157925796394,4.420731562491869,VWAP,11,-75.54568680993573
2023-11-10 08:50:00,2023-11-10 09:35:00,short,32626.519,32543.17794080997,32655.302039668575,32543.17794080997,23.985866390479583,2.8954919337800638,VWAP,9,-72.65019487615567
2023-11-10 10:40:00,2023-11-10 10:50:00,long,32486.419,32548.894994832033,32438.876244081333,32548.894994832033,39.618963265556495,1.3141012468631463,VWAP,2,-71.33609362929252
2023-11-10 11:05:00,2023-11-10 11:30:00,short,32646.519,32698.613163401613,32698.613163401613,32549.102383084573,43.41180283467857,-0.9999999999999678,SL,5,-72.33609362929249
2023-11-10 12:10:00,2023-11-10 12:35:00,short,32713.469,32749.956625103776,32749.956625103776,32561.39208390022,30.40635425314693,-0.9999999999999616,SL,5,-73.33609362929245
2023-11-10 12:40:00,2023-11-10 13:25:00,short,32783.369,32815.84133434033,32815.84133434033,32568.192747276677,27.060278616940074,-1.0000000000000941,SL,9,-74.33609362929255
2023-11-12 21:50:00,2023-11-12 21:55:00,long,32723.999,32683.92216889875,32683.92216889875,32787.472840579714,33.39735925104191,-1.0000000000000107,SL,1,-75.33609362929256
2023-11-12 22:00:00,2023-11-12 22:10:00,long,32663.269,32622.131997672903,32622.131997672903,32783.05983333333,34.280835272581925,-0.9999999999999788,SL,2,-76.33609362929255
2023-11-12 22:15:00,2023-11-12 22:45:00,long,32628.519,32589.564898647,32589.564898647,32774.31069934641,32.46175112750086,-0.9999999999999662,SL,6,-77.33609362929252
2023-11-12 22:50:00,2023-11-12 23:50:00,long,32581.319,32566.999,32542.4856904455,32754.71963218391,32.36109129541676,-0.3687555906071433,TIMEOUT,12,-77.70484921989966
2023-11-13 03:55:00,2023-11-13 04:05:00,short,32651.519,32678.70834752666,32678.70834752666,32587.653652777768,22.657789605547823,-1.0000000000000528,SL,2,-78.70484921989971
2023-11-13 04:10:00,2023-11-13 04:20:00,short,32688.519,32716.43981359915,32716.43981359915,32592.641679738557,23.267344665957747,-1.0000000000000353,SL,2,-79.70484921989974
2023-11-13 04:25:00,2023-11-13 05:25:00,short,32706.269,32636.519,32734.208798643343,32598.5839382716,23.283165536118744,2.4964388931492913,TIMEOUT,12,-77.20841032675045
2023-11-13 06:00:00,2023-11-13 07:00:00,short,32693.519,32631.369,32718.885873076277,32615.05749315068,21.139060896897277,2.450045766899214,TIMEOUT,12,-74.75836455985124
2023-11-13 07:25:00,2023-11-13 08:20:00,long,32586.419,32618.160296296286,32565.09606214325,32618.160296296286,17.76911488062586,1.4885986400900586,VWAP,11,-73.26976591976118
2023-11-13 08:30:00,2023-11-13 08:40:00,short,32656.469,32616.784242718448,32679.385626516843,32616.784242718448,19.097188764034257,1.7317015334865888,VWAP,2,-71.5380643862746
2023-11-13 11:00:00,2023-11-13 11:30:00,short,32733.999,32772.70879573448,32772.70879573448,32621.5507293233,32.25816311206551,-0.9999999999999756,SL,6,-72.53806438627457
2023-11-13 11:35:00,2023-11-13 11:50:00,short,32776.319,32809.86458014802,32809.86458014802,32628.34845238094,27.954650123348713,-1.000000000000053,SL,3,-73.53806438627463
2023-11-13 14:40:00,2023-11-13 15:40:00,short,32776.469,32773.319,32797.805935860604,32658.280581920877,17.78077988383608,0.14763131972526417,TIMEOUT,12,-73.39043306654936
2023-11-13 20:45:00,2023-11-13 21:00:00,short,32786.519,32832.986497418686,32832.986497418686,32682.725069868986,38.72291451557079,-1.0000000000000124,SL,3,-74.39043306654938
2023-11-13 22:40:00,2023-11-13 22:50:00,short,32746.369,32779.14544517008,32779.14544517008,32689.1371084656,27.313704308398012,-1.000000000000032,SL,2,-75.3904330665494
2023-11-13 22:55:00,2023-11-13 23:55:00,short,32806.519,32781.419,32840.55201823566,32690.216581699337,28.360848529719807,0.7375190712205429,TIMEOUT,12,-74.65291399532886
2023-11-14 00:20:00,2023-11-14 01:05:00,long,32726.469,32698.24978359696,32698.24978359696,32761.746333333336,23.51601366920046,-1.0000000000000542,SL,9,-75.65291399532892
2023-11-14 01:15:00,2023-11-14 02:15:00,long,32691.519,32683.369,32664.66765161686,32730.71233333333,22.37612365261623,-0.30352293239467304,TIMEOUT,12,-75.95643692772359
2023-11-14 02:55:00,2023-11-14 03:10:00,short,32748.369,32714.680111111098,32767.73355034075,32714.680111111098,16.13712528395774,1.739719657626563,VWAP,3,-74.21671727009702
2023-11-14 04:10:00,2023-11-14 05:10:00,short,32776.519,32766.419,32800.30063089193,32720.955993464042,19.81802574327324,0.42469753423961987,TIMEOUT,12,-73.7920197358574
2023-11-14 08:30:00,2023-11-14 08:35:00,short,32941.269,32975.3360557491,32975.3360557491,32747.04440453074,28.389213124252002,-1.0000000000000182,SL,1,-74.79201973585741
2023-11-14 08:40:00,2023-11-14 08:50:00,short,32976.319,33016.443553171426,33016.443553171426,32751.127571428566,33.437127642850136,-1.0000000000000715,SL,2,-75.79201973585748
2023-11-15 04:35:00,2023-11-15 05:35:00,long,33364.319,33449.269,33328.91333157153,33465.890130952386,29.504723690395988,2.399333320640704,TIMEOUT,12,-73.39268641521677
2023-11-15 06:30:00,2023-11-15 06:55:00,short,33514.319,33540.05140687892,33540.05140687892,33455.24056118145,21.44367239909503,-1.0000000000001021,SL,5,-74.39268641521687
2023-11-15 09:15:00,2023-11-15 09:30:00,long,33424.319,33475.36730357143,33383.65154276268,33475.36730357143,33.889547697768776,1.2552617507784154,VWAP,3,-73.13742466443846
2023-11-15 11:10:00,2023-11-15 11:45:00,short,33584.369,33480.53699999998,33625.69193096489,33480.53699999998,34.435775804075064,2.5126968870682793,VWAP,7,-70.62472777737018
2023-11-15 12:45:00,2023-11-15 13:05:00,long,33419.999,33383.99090809501,33383.99090809501,33481.95194372294,30.006743254163872,-0.9999999999999325,SL,4,-71.62472777737011
2023-11-15 13:15:00,2023-11-15 14:15:00,long,33341.419,33384.999,33305.68881009668,33478.66762499999,29.775158252764957,1.2196968479015795,TIMEOUT,12,-70.40503092946854
2023-11-15 14:20:00,2023-11-15 15:20:00,long,33364.469,33404.369,33337.13193988934,33472.29212138726,22.78088342555066,1.4595570935018511,TIMEOUT,12,-68.94547383596668
2023-11-16 03:40:00,2023-11-16 04:00:00,short,33476.419,33423.048111111115,33507.42109118628,33423.048111111115,25.835075988567986,1.7215254470480186,VWAP,4,-67.22394838891866
2023-11-16 07:10:00,2023-11-16 08:10:00,long,33386.519,33401.269,33362.17847620572,33432.09428735633,20.283769828566694,0.6059853158733675,TIMEOUT,12,-66.61796307304529
2023-11-16 09:25:00,2023-11-16 10:15:00,long,33351.469,33320.157711668595,33320.157711668595,33424.475052631584,26.09274027617052,-0.9999999999999312,SL,10,-67.61796307304522
2023-11-16 10:20:00,2023-11-16 10:55:00,long,33286.319,33243.55770166644,33243.55770166644,33418.881346666676,35.63441527796888,-1.0000000000000293,SL,7,-68.61796307304525
2023-11-16 11:00:00,2023-11-16 12:00:00,long,33231.269,33251.419,33186.402797988296,33410.861982456154,37.3885016764209,0.4491131207126592,TIMEOUT,12,-68.1688499523326
2023-11-16 13:50:00,2023-11-16 14:50:00,long,33306.419,33381.269,33270.06515663767,33386.85688423156,30.294869468612823,2.0589294852259643,TIMEOUT,12,-66.10992046710663
2023-11-16 18:50:00,2023-11-16 18:55:00,long,33338.469,33317.388798437634,33317.388798437634,33383.3371803543,17.566834635302406,-1.0000000000000087,SL,1,-67.10992046710665
2023-11-16 19:00:00,2023-11-16 19:10:00,long,33283.519,33259.32317314266,33259.32317314266,33382.60396012763,20.16318904778668,-0.9999999999999782,SL,2,-68.10992046710662
2023-11-16 19:45:00,2023-11-16 20:45:00,short,33476.369,33461.369,33524.24128417393,33382.06387767587,39.893570144940064,0.31333370151093004,TIMEOUT,12,-67.79658676559569
2023-11-16 23:00:00,2023-11-17 00:00:00,short,33504.319,33504.419,33539.03925680194,33391.57783268485,28.93354733494397,-0.00288016302900669,TIMEOUT,12,-67.7994669286247
2023-11-17 00:55:00,2023-11-17 01:20:00,short,33574.269,33604.50109542707,33604.50109542707,33517.74122222222,25.193412855888067,-1.0000000000001097,SL,5,-68.79946692862481
2023-11-17 03:55:00,2023-11-17 04:20:00,long,33511.419,33483.71347842708,33483.71347842708,33555.663375000004,23.087934644101548,-0.9999999999999214,SL,5,-69.79946692862472
2023-11-17 04:25:00,2023-11-17 05:25:00,long,33434.519,33456.419,33404.58006897877,33548.16270370371,24.9491091843588,0.7314890429612044,TIMEOUT,12,-69.06797788566352
2023-11-17 07:55:00,2023-11-17 08:55:00,long,33444.369,33454.369,33423.317603793526,33504.895701388894,17.54283017206277,0.47502787472709485,TIMEOUT,12,-68.59295001093643
2023-11-17 09:00:00,2023-11-17 09:40:00,long,33429.999,33407.381065905,33407.381065905,33499.46444342507,18.848278412504506,-0.9999999999999323,SL,8,-69.59295001093636
2023-11-17 10:10:00,2023-11-17 10:55:00,long,33401.419,33491.698024390236,33370.87878820407,33491.698024390236,25.450176496609387,2.9560706714634515,VWAP,9,-66.63687933947291
2023-11-17 13:40:00,2023-11-17 14:40:00,short,33566.419,33529.269,33589.26015234679,33493.46108080808,19.03429362232487,1.6264503399813195,TIMEOUT,12,-65.0104289994916
2023-11-17 15:25:00,2023-11-17 15:35:00,short,33539.269,33498.2810967742,33554.98190133025,33498.2810967742,13.09408444187296,2.6085509203129083,VWAP,2,-62.40187807917869
2023-11-19 19:00:00,2023-11-19 19:05:00,short,33561.419,33587.764440121326,33587.764440121326,33502.62669230769,21.954533434437778,-0.9999999999999464,SL,1,-63.40187807917863
2023-11-19 19:10:00,2023-11-19 19:15:00,short,33674.319,33713.669425410735,33713.669425410735,33519.79855555556,32.79202117561249,-0.9999999999999238,SL,1,-64.40187807917856
2023-11-19 19:20:00,2023-11-19 19:25:00,short,33761.519,33804.82560150211,33804.82560150211,33544.05311764706,36.088834585094695,-0.999999999999926,SL,1,-65.40187807917849
2023-11-19 21:55:00,2023-11-19 22:55:00,long,33514.319,33474.999,33463.41745499471,33597.125875,42.41795417107584,-0.7724716410064283,TIMEOUT,12,-66.17434972018492
2023-11-19 23:00:00,2023-11-20 00:00:00,long,33374.999,33414.999,33325.34989546661,33580.900967213114,41.3742537778313,0.8056540067725315,TIMEOUT,12,-65.3686957134124
2023-11-20 00:55:00,2023-11-20 01:15:00,long,33371.419,33331.86598979823,33331.86598979823,33440.66705555556,32.96084183481317,-0.9999999999999253,SL,4,-66.36869571341232
2023-11-20 10:45:00,2023-11-20 11:45:00,long,33246.519,33259.369,33215.411957152726,33297.55394871795,25.922535706063982,0.4130897322219582,TIMEOUT,12,-65.95560598119036
2023-11-20 11:50:00,2023-11-20 12:15:00,long,33254.999,33294.20524708626,33226.883030361496,33294.20524708626,23.4299746987583,1.3944476249738957,VWAP,5,-64.56115835621647
2023-11-20 12:40:00,2023-11-20 13:05:00,long,33259.269,33292.706211329,33236.42455546581,33292.706211329,19.037037111823352,1.463691151647846,VWAP,5,-63.09746720456862
2023-11-20 13:10:00,2023-11-20 14:10:00,short,33344.469,33364.519,33370.687478549225,33292.26916771491,21.848732124354243,-0.76472782211062,TIMEOUT,12,-63.862195026679245
2023-11-20 14:40:00,2023-11-20 14:50:00,short,33374.319,33392.525199554104,33392.525199554104,33298.72197551791,15.171832961751722,-0.9999999999999276,SL,2,-64.86219502667917
2023-11-20 14:55:00,2023-11-20 15:15:00,short,33404.999,33424.01574942433,33424.01574942433,33300.24490740743,15.847291186941618,-0.9999999999999367,SL,4,-65.86219502667912
2023-11-21 01:05:00,2023-11-21 02:05:00,long,33326.369,33331.519,33289.42515480431,33373.69900000001,30.78653766307414,0.13940075735815438,TIMEOUT,12,-65.72279426932096
2023-11-21 02:30:00,2023-11-21 02:40:00,long,33306.419,33282.513333490904,33282.513333490904,33350.92867741936,19.921388757584225,-0.9999999999998507,SL,2,-66.7227942693208
2023-11-21 03:15:00,2023-11-21 03:20:00,long,33241.419,33214.44123028052,33214.44123028052,33331.08708333333,22.481474766235234,-0.9999999999999312,SL,1,-67.72279426932073
2023-11-21 03:25:00,2023-11-21 04:25:00,long,33211.519,33261.469,33183.74684141535,33325.59161904762,23.143465487213035,1.798563833190658,TIMEOUT,12,-65.92423043613007
2023-11-21 05:55:00,2023-11-21 06:05:00,long,33261.519,33239.64231981848,33239.64231981848,33292.089,18.230566817935706,-0.9999999999999524,SL,2,-66.92423043613003
2023-11-21 06:15:00,2023-11-21 07:15:00,long,33233.419,33241.319,33211.64299149666,33289.51154385965,18.146673752786636,0.362784575455521,TIMEOUT,12,-66.56144586067451
2023-11-21 07:55:00,2023-11-21 08:05:00,long,33221.369,33201.73997215634,33201.73997215634,33280.30886111111,16.35752320304539,-1.0000000000001414,SL,2,-67.56144586067465
2023-11-21 08:10:00,2023-11-21 08:50:00,long,33196.319,33177.71997151148,33177.71997151148,33277.988461279456,15.499190407102752,-1.0000000000001734,SL,8,-68.56144586067482
2023-11-21 09:45:00,2023-11-21 10:30:00,long,33188.469,33162.36934020124,33162.36934020124,33266.431570621455,21.749716498960428,-1.0000000000000626,SL,9,-69.56144586067488
2023-11-21 10:35:00,2023-11-21 11:35:00,long,33141.269,33151.469,33106.78207559035,33261.42743749998,28.73910367470539,0.2957642693456308,TIMEOUT,12,-69.26568159132925
2023-11-21 16:15:00,2023-11-21 18:30:00,long,33173.419,33153.650759535565,33153.650759535565,33229.75483333334,16.473533720362145,-1.000000000000099,SL,6,-70.26568159132935
2023-11-22 03:10:00,2023-11-22 04:00:00,short,33526.999,33550.4328851449,33550.4328851449,33458.30660683761,19.528237620747905,-1.0000000000000753,SL,10,-71.26568159132943
2023-11-22 04:10:00,2023-11-22 05:10:00,short,33586.469,33546.419,33612.977923728984,33477.70984967321,22.090769774158332,1.5108119971010818,TIMEOUT,12,-69.75486959422834
2023-11-22 07:20:00,2023-11-22 07:25:00,short,33576.469,33597.79490397713,33597.79490397713,33502.602782771544,17.77158664760733,-1.000000000000019,SL,1,-70.75486959422835
2023-11-22 08:40:00,2023-11-22 08:45:00,short,33623.319,33647.009285349406,33647.009285349406,33517.906269841274,19.7419044578365,-0.9999999999999655,SL,1,-71.75486959422832
2023-11-22 15:15:00,2023-11-22 16:00:00,short,33738.999,33761.96963805913,33761.96963805913,33598.04275,19.142198382602448,-1.000000000000016,SL,9,-72.75486959422834
2023-11-22 21:15:00,2023-11-22 21:45:00,short,33671.469,33691.4690085042,33691.4690085042,33620.428519774,16.66667375350167,-1.000000000000137,SL,6,-73.75486959422848
2023-11-22 21:50:00,2023-11-22 22:15:00,short,33696.419,33713.55403481025,33713.55403481025,33622.18750480109,14.279195675205798,-1.0000000000001563,SL,5,-74.75486959422864
2023-11-22 23:35:00,2023-11-23 00:25:00,short,33686.419,33698.44371534205,33698.44371534205,33627.10991254753,10.020596118372117,-1.000000000000255,SL,10,-75.7548695942289
2023-11-23 02:25:00,2023-11-23 03:00:00,short,33733.419,33708.66033333333,33746.41011153798,33708.66033333333,10.825926281652626,1.9058158799021578,VWAP,7,-73.84905371432673
2023-11-23 05:45:00,2023-11-23 06:50:00,long,33691.369,33696.269,33678.69290780593,33711.99352380952,10.56341016172259,0.38655446213106914,TIMEOUT,12,-73.46249925219566
2023-11-23 08:15:00,2023-11-23 08:20:00,short,33726.369,33735.77134640898,33735.77134640898,33709.631517006805,7.835288674155834,-0.9999999999996977,SL,1,-74.46249925219536
2023-11-23 09:05:00,2023-11-23 10:05:00,short,33741.269,33736.999,33751.3806146476,33711.14430864198,8.42634553966689,0.4222866622997914,TIMEOUT,12,-74.04021258989556
2023-11-23 21:00:00,2023-11-23 21:25:00,short,33813.269,33724.04085185183,33853.432450214284,33724.04085185183,33.46954184523936,2.2216255742996074,VWAP,5,-71.81858701559595
2023-11-23 21:35:00,2023-11-23 22:35:00,long,33668.319,33713.269,33628.1386354728,33724.66518538323,33.48363710600389,1.1187056297003746,TIMEOUT,12,-70.69988138589558
2023-11-23 23:40:00,2023-11-23 23:50:00,long,33681.319,33654.56433003683,33654.56433003683,33720.90912578616,22.295558302645624,-0.9999999999998667,SL,2,-71.69988138589545
2023-11-23 23:55:00,2023-11-24 00:55:00,long,33636.999,33638.269,33609.92237685529,33719.93529457364,22.563852620594947,0.046903928647569766,TIMEOUT,12,-71.65297745724789
2023-11-24 01:05:00,2023-11-24 02:05:00,long,33591.369,33606.269,33563.06650323887,33643.296619047615,23.585413967607973,0.52645532038237,TIMEOUT,12,-71.12652213686552
2023-11-24 04:45:00,2023-11-24 05:45:00,short,33678.519,33681.999,33696.66713496439,33634.26704597701,15.123445803657335,-0.19175524134198005,TIMEOUT,12,-71.3182773782075
2023-11-24 07:05:00,2023-11-24 07:15:00,short,33683.999,33696.79777493113,33696.79777493113,33647.5059379845,10.665645775939748,-1.0000000000000797,SL,2,-72.31827737820758
2023-11-24 08:35:00,2023-11-24 08:40:00,long,33631.419,33617.79645166629,33617.79645166629,33653.04416025642,11.352123611426746,-0.9999999999999318,SL,1,-73.31827737820751
2023-11-24 10:00:00,2023-11-24 10:05:00,short,33711.419,33732.36240545759,33732.36240545759,33653.41332506888,17.45283788132742,-0.9999999999998812,SL,1,-74.3182773782074
2023-11-24 10:20:00,2023-11-24 11:20:00,short,33746.369,33746.469,33769.03582838594,33656.009853333344,18.889023654950712,-0.004411733229540398,TIMEOUT,12,-74.32268911143694
2023-11-26 20:05:00,2023-11-26 20:40:00,long,33618.269,33569.09658523309,33569.09658523309,33714.428466666664,40.97701230575682,-1.000000000000003,SL,7,-75.32268911143694
2023-11-26 21:05:00,2023-11-26 22:05:00,long,33482.999,33467.999,33429.71089886492,33674.26827927928,44.40675094590364,-0.2814887316396445,TIMEOUT,12,-75.60417784307658
2023-11-26 22:35:00,2023-11-26 22:45:00,long,33435.269,33398.59648825619,33398.59648825619,33607.88924242424,30.56042645317441,-1.0000000000000437,SL,2,-76.60417784307663
2023-11-27 05:10:00,2023-11-27 05:25:00,short,33505.519,33527.010964461144,33527.010964461144,33465.06302116403,17.909970384286098,-1.0000000000000158,SL,3,-77.60417784307664
2023-11-27 06:30:00,2023-11-27 07:10:00,short,33525.469,33542.43368682424,33542.43368682424,33475.48465400844,14.137239020204374,-0.9999999999997881,SL,8,-78.60417784307643
2023-11-27 09:15:00,2023-11-27 09:40:00,long,33455.469,33433.409294946534,33433.409294946534,33486.18792857144,18.383087544553877,-0.9999999999999435,SL,5,-79.60417784307637
2023-11-27 10:35:00,2023-11-27 11:10:00,short,33565.369,33486.60577083335,33598.59726625782,33486.60577083335,27.690221881519015,2.37036830497015,VWAP,7,-77.23380953810621
2023-11-27 11:30:00,2023-11-27 12:30:00,short,33570.999,33567.319,33604.952273728,33490.99151798562,28.294394773331796,0.10838424681758249,TIMEOUT,12,-77.12542529128864
2023-11-27 12:45:00,2023-11-27 13:45:00,short,33605.269,33587.369,33630.10959466586,33499.03813419913,20.700495554881492,0.72059466533642,TIMEOUT,12,-76.40483062595221
2023-11-27 18:45:00,2023-11-27 19:00:00,short,33560.469,33514.39076375404,33580.12695057832,33514.39076375404,16.381625481935302,2.344000004597125,VWAP,3,-74.0608306213551
2023-11-27 19:15:00,2023-11-27 19:25:00,long,33445.519,33410.09718512097,33410.09718512097,33514.19263207546,29.51817906585893,-1.0000000000000207,SL,2,-75.06083062135511
2023-11-27 19:30:00,2023-11-27 19:35:00,long,33410.419,33373.518414253194,33373.518414253194,33512.82986821705,30.75048812233716,-1.0000000000000746,SL,1,-76.06083062135518
2023-11-28 02:20:00,2023-11-28 02:40:00,long,33352.999,33330.249690407836,33330.249690407836,33390.299344827596,18.95775799347121,-1.0000000000000797,SL,4,-77.06083062135527
2023-11-28 02:45:00,2023-11-28 03:40:00,long,33325.519,33302.02679045486,33302.02679045486,33382.9533137255,19.576841287614464,-1.0000000000001217,SL,11,-78.0608306213554
2023-11-28 04:20:00,2023-11-28 05:15:00,long,33290.369,33362.097301886795,33259.2669699386,33362.097301886795,25.918358384499424,2.306225726912227,VWAP,11,-75.75460489444316
2023-11-28 06:40:00,2023-11-28 07:15:00,long,33330.519,33313.4638232677,33313.4638232677,33358.488670781895,14.212647276916789,-0.9999999999998562,SL,7,-76.75460489444302
2023-11-28 07:35:00,2023-11-28 08:10:00,long,33305.999,33288.276856672914,33288.276856672914,33354.59932608695,14.768452772574912,-0.9999999999999903,SL,7,-77.754604894443
2023-11-28 09:00:00,2023-11-28 09:20:00,long,33315.369,33296.84898510943,33296.84898510943,33348.449,15.433345742141096,-1.0000000000001166,SL,4,-78.75460489444312
2023-11-28 09:30:00,2023-11-28 09:35:00,long,33270.999,33249.70975680654,33249.70975680654,33345.99734782609,17.741035994553048,-1.0000000000001557,SL,1,-79.75460489444328
2023-11-28 09:40:00,2023-11-28 09:45:00,long,33240.999,33215.422621940335,33215.422621940335,33344.37794586895,21.313648383058823,-0.9999999999999012,SL,1,-80.75460489444318
2023-11-28 12:30:00,2023-11-28 12:40:00,long,33305.319,33339.16685871964,33279.26176703619,33339.16685871964,21.714360803181783,1.2989813141954258,VWAP,2,-79.45562358024775
2023-11-28 13:00:00,2023-11-28 13:05:00,long,33275.999,33248.07970120538,33248.07970120538,33338.29657961783,23.26608232885163,-1.0000000000000229,SL,1,-80.45562358024777
2023-11-28 13:10:00,2023-11-28 14:10:00,long,33250.519,33252.519,33220.45295154954,33337.28099161426,25.055040375388003,0.0665202147630088,TIMEOUT,12,-80.38910336548477
2023-11-28 18:10:00,2023-11-28 18:30:00,long,33267.999,33250.42221650818,33250.42221650818,33322.65369011725,14.647319576517006,-1.0000000000001148,SL,3,-81.38910336548489
2023-11-28 19:35:00,2023-11-28 19:55:00,long,33255.369,33210.956682832,33210.956682832,33319.71673643411,37.010264306663636,-1.0000000000000067,SL,4,-82.38910336548489
2023-11-29 00:30:00,2023-11-29 01:05:00,long,33307.469,33271.77785210438,33271.77785210438,33355.162809523805,29.742623246346618,-1.0000000000000346,SL,7,-83.38910336548491
2023-11-29 01:15:00,2023-11-29 02:15:00,long,33267.469,33282.469,33232.957550832856,33321.92525,28.759540972616445,0.43463836964233693,TIMEOUT,12,-82.95446499584257
2023-11-29 02:20:00,2023-11-29 02:40:00,long,33274.469,33306.26555172414,33251.10573011854,33306.26555172414,19.469391567876745,1.3609632506698968,VWAP,4,-81.59350174517267
2023-11-29 03:15:00,2023-11-29 03:40:00,short,33352.419,33378.06757415338,33378.06757415338,33304.37333333334,21.37381179448007,-1.0000000000000009,SL,5,-82.59350174517267
2023-11-29 05:40:00,2023-11-29 06:40:00,short,33427.369,33407.999,33449.49464156709,33338.58494202898,18.438034639242513,0.8754548400895038,TIMEOUT,12,-81.71804690508317
2023-11-29 06:55:00,2023-11-29 07:55:00,short,33437.519,33429.469,33455.64811091071,33352.21721428571,15.10759242559334,0.4440372194560507,TIMEOUT,12,-81.27400968562712
2023-11-29 10:10:00,2023-11-29 11:05:00,long,33309.519,33372.84420325203,33277.814443343545,33372.84420325203,26.42046388038262,1.9973533753587762,VWAP,11,-79.27665631026835
2023-11-29 13:15:00,2023-11-29 13:35:00,long,33312.519,33290.45189085125,33290.45189085125,33360.48658333333,18.38925762396122,-0.999999999999976,SL,4,-80.27665631026832
2023-11-29 14:35:00,2023-11-29 14:40:00,long,33299.519,33276.802789539965,33276.802789539965,33356.53149999999,18.9301753833628,-1.0000000000000129,SL,1,-81.27665631026834
2023-11-29 23:35:00,2023-11-30 00:20:00,short,33398.469,33434.70442747969,33434.70442747969,33329.79124747475,30.196189566414375,-0.9999999999999718,SL,9,-82.27665631026831
2023-11-30 15:55:00,2023-11-30 18:10:00,short,33528.419,33551.13429737593,33551.13429737593,33478.858045138906,18.929414479941926,-0.9999999999999586,SL,7,-83.27665631026827
2023-11-30 19:15:00,2023-11-30 19:30:00,long,33430.419,33483.27127987422,33394.73124706204,33483.27127987422,29.739794114966788,1.4809640709544947,VWAP,3,-81.79569223931377
2023-12-01 01:30:00,2023-12-01 02:30:00,long,33403.369,33423.419,33373.54433920725,33446.64601754387,24.853883993958277,0.6722624655927976,TIMEOUT,12,-81.12342977372097
2023-12-01 05:40:00,2023-12-01 06:00:00,long,33413.469,33397.267204727155,33397.267204727155,33434.90624637681,13.501496060700642,-1.0000000000000755,SL,4,-82.12342977372104
2023-12-01 06:05:00,2023-12-01 07:05:00,long,33388.269,33398.269,33371.999864683916,33432.89053153153,13.557612763406194,0.6146608166760827,TIMEOUT,12,-81.50876895704496
2023-12-01 07:25:00,2023-12-01 08:15:00,long,33368.469,33352.667158652934,33352.667158652934,33425.76874074074,13.168201122554565,-0.9999999999998812,SL,10,-82.50876895704485
2023-12-01 08:20:00,2023-12-01 08:50:00,long,33348.319,33331.82859491664,33331.82859491664,33419.29589768977,13.742004236135068,-1.0000000000001619,SL,6,-83.508768957045
2023-12-01 09:00:00,2023-12-01 09:15:00,long,33323.419,33306.195772149156,33306.195772149156,33413.738357798175,14.35268987570549,-0.9999999999999329,SL,3,-84.50876895704494
2023-12-01 12:40:00,2023-12-01 13:40:00,short,33468.369,33413.369,33497.971384007826,33392.73496949891,24.66865333985351,1.8579584666377864,TIMEOUT,12,-82.65081049040715
2023-12-03 18:10:00,2023-12-03 18:35:00,long,33403.369,33436.496777777786,33382.69167783148,33436.496777777786,17.231101807098337,1.6021309484757709,VWAP,5,-81.04867954193138
2023-12-03 18:55:00,2023-12-03 19:05:00,long,33328.269,33297.99653390516,33297.99653390516,33423.34566666667,25.227055079028318,-1.0000000000000997,SL,2,-82.04867954193148
2023-12-03 19:15:00,2023-12-03 19:20:00,long,33105.519,33053.915049142684,33053.915049142684,33368.91775,43.003292381094084,-1.000000000000056,SL,1,-83.04867954193153
2023-12-04 01:20:00,2023-12-04 02:05:00,long,33152.269,33115.1224389814,33115.1224389814,33212.08625490196,30.955467515497848,-1.0000000000000353,SL,9,-84.04867954193156
2023-12-04 02:10:00,2023-12-04 03:10:00,long,33104.319,33117.519,33074.58190796303,33183.00011111111,24.780910030812798,0.4438900745097771,TIMEOUT,12,-83.60478946742178
2023-12-04 04:00:00,2023-12-04 04:10:00,long,33117.519,33089.08233191867,33089.08233191867,33160.09076870749,23.697223401108992,-1.000000000000069,SL,2,-84.60478946742185
2023-12-04 13:25:00,2023-12-04 14:25:00,long,33002.419,33017.469,32977.20903971916,33068.00039917697,21.008300234040156,0.5969862638549654,TIMEOUT,12,-84.0078032035669
2023-12-04 18:00:00,2023-12-04 18:20:00,long,33034.269,33014.41177080805,33014.41177080805,33061.027950930635,16.547690993287112,-1.0000000000001814,SL,3,-85.00780320356708
2023-12-04 18:50:00,2023-12-04 19:00:00,long,32967.519,33059.205325203264,32942.89581461617,33059.205325203264,20.519321153191413,3.7235769366978375,VWAP,2,-81.28422626686924
2023-12-04 19:40:00,2023-12-04 20:00:00,long,32914.519,32861.16451920064,32861.16451920064,33056.02890697675,44.46206733280178,-0.9999999999999659,SL,4,-82.28422626686921
2023-12-04 20:05:00,2023-12-04 20:30:00,long,32834.999,32779.38026378995,32779.38026378995,33052.184545454555,46.34894684171362,-0.9999999999999509,SL,5,-83.28422626686917
2023-12-05 04:15:00,2023-12-05 05:15:00,short,32822.519,32792.419,32850.70422742097,32768.14233333334,23.487689517472823,1.067935324786726,TIMEOUT,12,-82.21629094208244
2023-12-05 05:55:00,2023-12-05 06:10:00,long,32747.469,32778.5316388889,32726.750947192664,32778.5316388889,17.265044006113275,1.4993030077564582,VWAP,3,-80.71698793432599
2023-12-05 08:10:00,2023-12-05 09:10:00,short,32817.469,32824.519,32836.45631609774,32776.23368013468,15.822763414787975,-0.37130050206727117,TIMEOUT,12,-81.08828843639326
2023-12-05 09:25:00,2023-12-05 09:30:00,short,32847.419,32866.41324199597,32866.41324199597,32782.06420467836,15.82853499663878,-1.0000000000001712,SL,1,-82.08828843639343
2023-12-05 10:30:00,2023-12-05 10:45:00,short,32904.269,32937.01555639028,32937.01555639028,32790.72012860893,27.2887969918998,-1.0000000000000258,SL,3,-83.08828843639346
2023-12-05 10:50:00,2023-12-05 11:50:00,short,32957.419,32937.369,32990.948192968106,32794.975183206116,27.9409941400888,0.5979863583079603,TIMEOUT,12,-82.49030207808549
2023-12-05 16:15:00,2023-12-05 18:20:00,short,32917.519,32937.08401054332,32937.08401054332,32831.1633367347,16.30417545277128,-0.9999999999998856,SL,4,-83.49030207808538
2023-12-05 19:10:00,2023-12-05 19:15:00,short,33067.519,33114.851230267384,33114.851230267384,32838.93109523811,39.443525222821435,-0.9999999999999668,SL,1,-84.49030207808535
2023-12-05 19:20:00,2023-12-05 19:55:00,short,33179.319,33230.27801487341,33230.27801487341,32841.699062893094,42.46584572784093,-0.9999999999999385,SL,7,-85.49030207808529
2023-12-05 20:05:00,2023-12-05 20:40:00,short,33237.999,33281.59018785729,33281.59018785729,32856.70893966819,36.32598988107575,-0.9999999999999307,SL,7,-86.49030207808522
2023-12-06 10:25:00,2023-12-06 10:40:00,long,33337.419,33399.67966137565,33307.047441632814,33399.67966137565,25.309631972654703,2.0499659787928097,VWAP,3,-84.44033609929241
2023-12-06 10:55:00,2023-12-06 11:25:00,long,33357.369,33325.514562838034,33325.514562838034,33398.827585858584,26.5453643016383,-0.9999999999999571,SL,6,-85.44033609929237
2023-12-06 11:30:00,2023-12-06 11:35:00,long,33314.419,33282.17967547783,33282.17967547783,33396.0005827338,26.866103768475153,-0.9999999999999423,SL,1,-86.44033609929231
2023-12-06 11:40:00,2023-12-06 12:40:00,long,33274.369,33287.269,33241.21488854976,33394.46538297871,27.62842620853205,0.38909201410399047,TIMEOUT,12,-86.05124408518832
2023-12-07 20:15:00,2023-12-07 21:05:00,long,32346.319,32282.990362787976,32282.990362787976,32480.716177177183,52.773864343352926,-1.0000000000000038,SL,10,-87.05124408518832
2023-12-07 21:35:00,2023-12-07 22:35:00,long,32247.999,32329.319,32184.889854608715,32470.61373389356,52.59095449273838,1.2885612615383024,TIMEOUT,12,-85.76268282365001
2023-12-07 23:55:00,2023-12-08 00:30:00,long,32257.469,32215.615561343828,32215.615561343828,32452.405002506268,34.87786554680987,-1.0000000000000333,SL,7,-86.76268282365004
2023-12-08 04:15:00,2023-12-08 04:20:00,short,32392.469,32428.622993909816,32428.622993909816,32287.505089743594,30.128328258180446,-0.9999999999999505,SL,1,-87.76268282365
2023-12-08 06:30:00,2023-12-08 07:10:00,short,32417.419,32327.470476793256,32440.755478046594,32327.470476793256,19.447065038828406,3.854417235846489,VWAP,8,-83.90826558780351
2023-12-08 10:55:00,2023-12-08 11:55:00,short,32452.519,32452.369,32496.269977636475,32337.294025252537,36.45914803039726,0.0034284948155397328,TIMEOUT,12,-83.90483709298798
2023-12-08 14:15:00,2023-12-08 14:45:00,short,32587.999,32610.259638288586,32610.259638288586,32375.034484496144,18.550531907154994,-1.0000000000000027,SL,6,-84.90483709298798
2023-12-11 00:55:00,2023-12-11 01:55:00,short,32832.319,32789.469,32867.57130955287,32769.50761111111,29.376924627388803,1.215523196735388,TIMEOUT,12,-83.68931389625259
2023-12-11 02:40:00,2023-12-11 03:40:00,short,32959.519,32882.319,33002.49207846591,32789.783848484854,35.81089872159227,1.7964735773174265,TIMEOUT,12,-81.89284031893516
2023-12-12 08:40:00,2023-12-12 08:55:00,short,32861.269,32813.4955079365,32886.01121159673,32813.4955079365,20.618509663940152,1.930849709078348,VWAP,3,-79.96199060985681
2023-12-12 10:45:00,2023-12-12 11:45:00,short,32859.369,32849.369,32886.27629774291,32813.99205128205,22.42274811909307,0.371646387368436,TIMEOUT,12,-79.59034422248838
2023-12-12 13:35:00,2023-12-12 13:50:00,short,32874.419,32893.3814570319,32893.3814570319,32822.52883739837,15.802047526583493,-0.9999999999999504,SL,3,-80.59034422248834
2023-12-12 13:55:00,2023-12-12 14:55:00,short,32904.369,32914.469,32922.236350564555,32824.0861031746,14.889458803799126,-0.5652768698697025,TIMEOUT,12,-81.15562109235805
2023-12-13 01:05:00,2023-12-13 02:05:00,long,32899.369,32919.269,32865.17139571917,32952.049238095235,28.498003567359074,0.5819121081284689,TIMEOUT,12,-80.57370898422958
2023-12-13 03:10:00,2023-12-13 03:30:00,long,32904.519,32932.66523931625,32884.60281206632,32932.66523931625,16.59682327806858,1.4132342700306637,VWAP,4,-79.16047471419893
2023-12-13 04:15:00,2023-12-13 05:15:00,long,32874.369,32876.369,32853.435284856874,32926.66079487181,17.4447626192729,0.09553965869534621,TIMEOUT,12,-79.06493505550358
2023-12-13 05:20:00,2023-12-13 06:20:00,long,32874.269,32894.319,32857.77570717347,32918.151307692315,13.744410688774929,1.2156456694779552,TIMEOUT,12,-77.84928938602563
2023-12-13 07:20:00,2023-12-13 07:25:00,short,32939.369,32909.46694007491,32955.532944794024,32909.46694007491,13.469953995021719,1.8499234132585267,VWAP,1,-75.99936597276711
2023-12-13 08:20:00,2023-12-13 08:30:00,long,32889.319,32873.688130479095,32873.688130479095,32909.22939603961,13.025724600755696,-1.000000000000085,SL,2,-76.9993659727672
2023-12-13 08:35:00,2023-12-13 08:40:00,long,32864.269,32846.85315731143,32846.85315731143,32908.33464102565,14.513202240474243,-1.000000000000034,SL,1,-77.99936597276722
2023-12-13 09:30:00,2023-12-13 09:40:00,long,32829.519,32809.776534782126,32809.776534782126,32903.600130434796,16.45205434822732,-1.0000000000000753,SL,2,-78.9993659727673
2023-12-13 10:50:00,2023-12-13 11:05:00,long,32816.319,32794.504537229324,32794.504537229324,32894.725386768456,18.17871897556412,-1.0000000000000853,SL,3,-79.99936597276738
2023-12-13 11:10:00,2023-12-13 12:05:00,long,32774.519,32751.515941087222,32751.515941087222,32891.840086419754,19.169215760649262,-0.9999999999999609,SL,11,-80.99936597276734
2023-12-13 21:40:00,2023-12-13 22:35:00,long,32736.469,32669.814356791478,32669.814356791478,32864.42718810512,55.54553600710169,-1.0000000000000198,SL,11,-81.99936597276735
2023-12-13 22:40:00,2023-12-13 22:45:00,long,32636.519,32577.127186930218,32577.127186930218,32857.98159552042,49.49317755815293,-0.9999999999999758,SL,1,-82.99936597276732
2023-12-13 23:40:00,2023-12-14 00:40:00,long,32606.469,32681.999,32547.472876919128,32846.72974213836,49.16343590072887,1.2802536176226154,TIMEOUT,12,-81.7191123551447
2023-12-14 02:45:00,2023-12-14 02:50:00,long,32616.369,32662.401352941175,32580.402891946076,32662.401352941175,29.971756711600904,1.2798814059103538,VWAP,1,-80.43923094923434
2023-12-14 03:20:00,2023-12-14 03:45:00,long,32604.319,32659.53160162602,32560.618455279757,32659.53160162602,36.417120600201024,1.2634305128111056,VWAP,5,-79.17580043642323
2023-12-14 04:10:00,2023-12-14 04:20:00,long,32564.269,32521.686764786555,32521.686764786555,32652.543771241828,35.485196011205105,-0.999999999999986,SL,2,-80.17580043642322
2023-12-14 04:25:00,2023-12-14 05:25:00,long,32534.319,32594.269,32492.50128033384,32646.25788888889,34.848099721799215,1.4336027999277827,TIMEOUT,12,-78.74219763649543
2023-12-14 05:55:00,2023-12-14 06:30:00,long,32569.419,32539.78853163044,32539.78853163044,32626.48325925925,24.692056974637723,-0.999999999999939,SL,7,-79.74219763649538
2023-12-14 08:30:00,2023-12-14 08:45:00,short,32664.999,32692.60495722594,32692.60495722594,32613.09210679611,23.004964354949678,-1.0000000000000167,SL,3,-80.74219763649539
2023-12-14 08:50:00,2023-12-14 09:50:00,short,32699.319,32624.369,32727.031692324294,32615.739124610584,23.093910270244763,2.704536936467103,TIMEOUT,12,-78.03766070002828
2023-12-14 13:30:00,2023-12-14 13:55:00,long,32579.419,32547.213316592824,32547.213316592824,32633.6087750511,26.83806950598086,-1.0000000000000075,SL,5,-79.0376607000283
2023-12-14 15:15:00,2023-12-14 15:55:00,short,32674.269,32697.181525228345,32697.181525228345,32631.764688405776,19.093771023620544,-1.0000000000000042,SL,8,-80.0376607000283
2023-12-14 18:45:00,2023-12-14 19:05:00,short,32784.269,32809.28629246646,32809.28629246646,32638.92073139157,20.847743722047486,-1.0000000000000588,SL,4,-81.03766070002835
2023-12-14 19:10:00,2023-12-14 19:15:00,short,32911.419,32951.528473745595,32951.528473745595,32643.001132701407,33.42456145465915,-1.0000000000000573,SL,1,-82.03766070002841
2023-12-14 19:20:00,2023-12-14 19:40:00,short,33009.469,33054.6165564439,33054.6165564439,32646.119062597798,37.62296370325201,-1.0000000000000004,SL,4,-83.03766070002841
2023-12-15 02:25:00,2023-12-15 03:25:00,short,33007.319,32982.369,33034.14802260453,32960.29544444445,22.35751883710501,0.9299630615613758,TIMEOUT,12,-82.10769763846703
2023-12-15 03:50:00,2023-12-15 04:10:00,long,32935.269,32971.42254609929,32907.24381252863,32971.42254609929,23.35432289281292,1.2900376183465594,VWAP,4,-80.81766002012047
2023-12-15 06:15:00,2023-12-15 07:05:00,long,32945.319,32925.68502021647,32925.68502021647,32970.866236842114,16.361649819612445,-0.9999999999998346,SL,10,-81.8176600201203
2023-12-15 07:15:00,2023-12-15 07:35:00,long,32925.419,32907.2003761723,32907.2003761723,32966.62532575759,15.182186523083775,-0.9999999999999187,SL,4,-82.81766002012021
2023-12-15 07:40:00,2023-12-15 07:50:00,long,32910.269,32892.241373518365,32892.241373518365,32964.1561326165,15.023022068029091,-0.9999999999999939,SL,2,-83.81766002012021
2023-12-15 08:00:00,2023-12-15 08:15:00,long,32885.369,32867.41090806065,32867.41090806065,32961.34776288661,14.965076616123337,-1.0000000000000209,SL,3,-84.81766002012023
2023-12-15 08:20:00,2023-12-15 08:40:00,long,32870.319,32852.25991732925,32852.25991732925,32957.98322442246,15.049235558962707,-1.0000000000000273,SL,4,-85.81766002012026
2023-12-18 02:15:00,2023-12-18 02:30:00,long,32703.999,32748.26709523809,32680.84011713269,32748.26709523809,19.299069056091604,1.9114952777181466,VWAP,3,-83.90616474240211
2023-12-18 03:50:00,2023-12-18 04:30:00,short,32825.469,32853.69217525225,32853.69217525225,32755.6394964539,23.5193127102075,-1.0000000000000124,SL,8,-84.90616474240213
2023-12-18 04:35:00,2023-12-18 05:35:00,short,32860.269,32845.369,32885.74381878207,32767.954892857142,21.229015651727074,0.584891304918216,TIMEOUT,12,-84.32127343748391
2023-12-18 07:15:00,2023-12-18 08:15:00,short,32843.519,32843.519,32863.82683039289,32788.49115909092,16.923191994076703,0.0,TIMEOUT,12,-84.32127343748391
2023-12-18 09:55:00,2023-12-18 10:15:00,long,32758.519,32735.4545782817,32735.4545782817,32797.54272222223,19.22035143191618,-1.000000000000019,SL,4,-85.32127343748392
2023-12-18 10:20:00,2023-12-18 11:15:00,long,32723.319,32795.50201333334,32698.409571820794,32795.50201333334,20.757856816004043,2.8978189629258257,VWAP,11,-82.4234544745581
2023-12-18 12:50:00,2023-12-18 13:45:00,long,32763.419,32744.902252379183,32744.902252379183,32791.42534408602,15.430623017348958,-1.00000000000001,SL,11,-83.42345447455811
2023-12-18 15:30:00,2023-12-18 15:50:00,short,32818.319,32787.67500713012,32831.56589869322,32787.67500713012,11.039082244342515,2.3132956308925983,VWAP,4,-81.11015884366552
2023-12-18 18:30:00,2023-12-18 18:45:00,short,32830.319,32847.16629295631,32847.16629295631,32787.74746534653,14.039410796920677,-1.0000000000001164,SL,3,-82.11015884366563
2023-12-18 19:00:00,2023-12-18 19:05:00,long,32735.999,32708.26770778397,32708.26770778397,32788.41029807692,23.10941018002677,-0.9999999999999541,SL,1,-83.11015884366559
2023-12-18 20:15:00,2023-12-18 21:05:00,long,32718.519,32785.20553213752,32668.77371342602,32785.20553213752,41.4544054783157,1.340559814412759,VWAP,10,-81.76959902925283
2023-12-18 21:50:00,2023-12-18 21:55:00,short,33160.469,33232.55890508347,33232.55890508347,32784.58528099174,60.07492090289014,-1.0000000000000324,SL,1,-82.76959902925286
2023-12-19 10:30:00,2023-12-19 11:20:00,long,33422.419,33390.69712046007,33390.69712046007,33470.35850131234,26.43489961661063,-0.9999999999999526,SL,10,-83.76959902925282
2023-12-19 11:25:00,2023-12-19 11:40:00,long,33360.469,33332.14320115579,33332.14320115579,33465.643975845414,23.604832370171362,-0.9999999999999977,SL,3,-84.76959902925282
2023-12-19 18:05:00,2023-12-19 18:35:00,short,33495.319,33516.806045775236,33516.806045775236,33439.396390572394,17.905871479359583,-1.000000000000076,SL,6,-85.76959902925289
2023-12-19 19:10:00,2023-12-19 20:10:00,short,33657.369,33645.469,33705.83550238561,33444.09882622433,40.388751988009204,0.24553040583209862,TIMEOUT,12,-85.52406862342079
2023-12-20 02:15:00,2023-12-20 03:15:00,long,33667.469,33642.55466136314,33642.55466136314,33719.348404761906,20.761948864050026,-0.9999999999999831,SL,12,-86.52406862342077
2023-12-20 03:20:00,2023-12-20 03:35:00,long,33625.419,33599.75970528274,33599.75970528274,33700.21208943088,21.382745597715473,-1.0000000000001033,SL,3,-87.52406862342087
2023-12-20 03:40:00,2023-12-20 04:05:00,long,33585.999,33560.94201831478,33560.94201831478,33691.43537037036,20.880818071021213,-0.9999999999998671,SL,5,-88.52406862342075
2023-12-20 08:55:00,2023-12-20 09:15:00,long,33570.469,33552.10027112946,33552.10027112946,33618.508320987654,15.307274058783163,-1.0000000000000389,SL,4,-89.52406862342079
2023-12-20 09:20:00,2023-12-20 09:35:00,long,33545.319,33529.06066466999,33529.06066466999,33615.77504719764,13.548612775012115,-0.9999999999999812,SL,3,-90.52406862342077
2023-12-20 09:40:00,2023-12-20 10:40:00,long,33520.469,33590.269,33502.16018244063,33613.11204843305,15.25734796613687,3.812370721030149,TIMEOUT,12,-86.71169790239063
2023-12-20 12:20:00,2023-12-20 13:20:00,short,33647.419,33642.269,33668.83575809883,33608.53980536913,17.84729841568919,0.2404658994716626,TIMEOUT,12,-86.47123200291897
2023-12-20 14:05:00,2023-12-20 14:35:00,long,33587.999,33568.5791713562,33568.5791713562,33612.7600392157,16.183190536500387,-1.0000000000001854,SL,6,-87.47123200291915
2023-12-20 14:40:00,2023-12-20 14:50:00,long,33522.319,33501.55798900448,33501.55798900448,33611.17139171375,17.300842496268885,-0.9999999999998881,SL,2,-88.47123200291904
2023-12-20 14:55:00,2023-12-20 15:00:00,long,33450.269,33420.49636546751,33420.49636546751,33609.06257407408,24.810528777078623,-0.9999999999999142,SL,1,-89.47123200291895
2023-12-20 15:05:00,2023-12-20 15:25:00,long,33365.419,33330.93718757147,33330.93718757147,33606.712919413934,28.734843690440037,-1.000000000000064,SL,4,-90.47123200291901
2023-12-21 02:10:00,2023-12-21 03:10:00,short,33266.419,33238.369,33292.12761648433,33177.94801234568,21.423847070271645,1.0910738824512176,TIMEOUT,12,-89.3801581204678
2023-12-21 03:15:00,2023-12-21 04:15:00,short,33256.469,33251.269,33282.02909268128,33194.18025,21.300077234402252,0.2034421418121452,TIMEOUT,12,-89.17671597865565
2023-12-21 05:25:00,2023-12-21 06:25:00,long,33171.469,33147.612029628304,33147.612029628304,33210.603242424244,19.880808643074506,-1.0000000000001517,SL,12,-90.1767159786558
2023-12-21 07:05:00,2023-12-21 08:05:00,long,33136.419,33156.469,33117.13913922776,33199.20741085272,16.06655064353848,1.0399452691514293,TIMEOUT,12,-89.13677070950438
2023-12-21 08:45:00,2023-12-21 08:55:00,long,33131.369,33106.49256750549,33106.49256750549,33190.42179874214,20.730360412088537,-1.0000000000000606,SL,2,-90.13677070950443
2023-12-21 12:00:00,2023-12-21 13:00:00,long,33146.419,33146.469,33114.86047444395,33187.6653448276,26.298771296706466,0.0015843579227690697,TIMEOUT,12,-90.13518635158167
2023-12-21 13:20:00,2023-12-21 13:25:00,long,33126.999,33183.628358178066,33098.53655118111,33183.628358178066,23.718707349079054,1.989616513266044,VWAP,1,-88.14556983831562
2023-12-21 15:10:00,2023-12-21 15:20:00,short,33231.519,33253.25893366608,33253.25893366608,33185.92752459018,18.116611388401846,-0.9999999999999866,SL,2,-89.14556983831561
2023-12-21 15:25:00,2023-12-21 15:30:00,short,33266.519,33287.87772968819,33287.87772968819,33186.992888888904,17.798941406821935,-1.0000000000001141,SL,1,-90.14556983831572
2023-12-21 15:35:00,2023-12-21 15:50:00,short,33291.519,33314.547557741345,33314.547557741345,33188.05240425534,19.190464784454154,-1.0000000000000069,SL,3,-91.14556983831572
2023-12-21 16:15:00,2023-12-21 18:55:00,short,33351.469,33243.419,33371.76897269354,33193.52820068028,16.916643911288038,5.3226672582840475,TIMEOUT,12,-85.82290258003168
2023-12-21 23:55:00,2023-12-22 00:55:00,long,33156.319,33161.999,33134.18397357574,33203.19548009952,18.445855353552457,0.2566068768625572,TIMEOUT,12,-85.56629570316912
2023-12-22 01:25:00,2023-12-22 02:25:00,long,33131.469,33121.469,33108.1203803463,33162.14103703704,19.457183044750625,-0.4282908432411337,TIMEOUT,12,-85.99458654641025
2023-12-22 04:00:00,2023-12-22 04:10:00,long,33128.419,33156.83376190476,33108.90682453592,33156.83376190476,16.260146220062946,1.4562580147494748,VWAP,2,-84.53832853166077
2023-12-22 05:35:00,2023-12-22 05:45:00,long,33131.469,33154.04444117647,33116.8777610248,33154.04444117647,12.159365812666756,1.5471915177896904,VWAP,2,-82.99113701387108
2023-12-22 07:05:00,2023-12-22 07:50:00,short,33191.419,33205.335271125805,33205.335271125805,33158.72431007752,11.596892604837615,-0.9999999999998592,SL,9,-83.99113701387094
2023-12-22 07:55:00,2023-12-22 08:05:00,short,33216.469,33228.68187271245,33228.68187271245,33162.613722222224,10.177393927042859,-0.9999999999999579,SL,2,-84.9911370138709
2023-12-22 08:50:00,2023-12-22 08:55:00,short,33271.469,33288.92243093977,33288.92243093977,33170.35485669783,14.544525783141902,-1.0000000000000613,SL,1,-85.99113701387095
2023-12-22 09:00:00,2023-12-22 09:55:00,short,33303.269,33322.47527463684,33322.47527463684,33172.58028440367,16.005228864035324,-0.9999999999998354,SL,11,-86.99113701387078
2023-12-26 02:05:00,2023-12-26 03:05:00,short,33328.419,33293.319,33346.34324141305,33271.77608333333,14.936867844207866,1.958241868715548,TIMEOUT,12,-85.03289514515524
2023-12-26 05:00:00,2023-12-26 06:00:00,short,33323.369,33328.999,33333.577405423006,33293.39481920904,8.507004519173124,-0.5515063094296527,TIMEOUT,12,-85.58440145458489
2023-12-26 07:15:00,2023-12-26 07:35:00,long,33288.319,33301.68295348837,33278.867756743646,33301.68295348837,7.876036046966535,1.4139889457798944,VWAP,3,-84.170412508805
2023-12-26 07:45:00,2023-12-26 08:40:00,short,33318.469,33301.86654578754,33328.04696659573,33301.86654578754,7.981638829776975,1.7334007220128882,VWAP,11,-82.43701178679211
2023-12-26 09:05:00,2023-12-26 09:25:00,short,33318.519,33326.34459149969,33326.34459149969,33303.07896884734,6.52132624974586,-0.9999999999995685,SL,4,-83.43701178679169
2023-12-26 09:35:00,2023-12-26 09:40:00,short,33348.319,33358.89754247713,33358.89754247713,33304.144575221224,8.815452064272142,-0.9999999999997425,SL,1,-84.43701178679143
2023-12-26 09:45:00,2023-12-26 10:45:00,short,33373.469,33368.369,33386.4749881563,33305.23818840578,10.838323463581592,0.3921270678329016,TIMEOUT,12,-84.04488471895853
2023-12-26 11:10:00,2023-12-26 11:45:00,short,33398.419,33413.29141479356,33413.29141479356,33313.92710606059,12.393678994630699,-1.000000000000028,SL,7,-85.04488471895856
2023-12-27 09:00:00,2023-12-27 09:25:00,long,33574.319,33556.66203955329,33556.66203955329,33631.052272171255,14.714133705594847,-1.0000000000000642,SL,5,-86.04488471895863
2023-12-27 10:15:00,2023-12-27 10:20:00,long,33572.419,33550.908432275275,33550.908432275275,33624.33440322581,17.925473103941595,-0.9999999999998446,SL,1,-87.04488471895847
2023-12-27 10:40:00,2023-12-27 10:45:00,long,33517.419,33494.291159847424,33494.291159847424,33621.10393540052,19.273200127145266,-1.0000000000001525,SL,1,-88.04488471895863
2023-12-27 10:50:00,2023-12-27 11:10:00,long,33477.419,33452.89081129702,33452.89081129702,33619.17668447838,20.440157252487197,-1.0000000000000173,SL,4,-89.04488471895864
2023-12-27 12:40:00,2023-12-27 13:40:00,long,33502.369,33537.269,33481.2349517347,33600.578586056654,17.61170688774924,1.651363693405834,TIMEOUT,12,-87.39352102555281
2023-12-27 13:55:00,2023-12-27 14:00:00,long,33524.469,33506.24592415925,33506.24592415925,33594.23009126984,15.185896533953901,-1.0000000000000657,SL,1,-88.39352102555289
2023-12-27 14:05:00,2023-12-27 14:35:00,long,33482.369,33459.279919300585,33459.279919300585,33593.03182352941,19.24090058284791,-0.9999999999998445,SL,6,-89.39352102555273
2023-12-27 14:40:00,2023-12-27 15:40:00,long,33457.999,33477.519,33431.547231056684,33589.091975517884,22.043140786100373,0.7379468663068733,TIMEOUT,12,-88.65557415924586
2023-12-27 18:00:00,2023-12-27 18:45:00,long,33462.419,33433.92150579394,33433.92150579394,33578.401436548214,23.747911838390436,-0.9999999999998873,SL,9,-89.65557415924575
2023-12-27 18:50:00,2023-12-27 18:55:00,long,33419.519,33391.87959752737,33391.87959752737,33572.66428180353,23.03283539386182,-0.9999999999999338,SL,1,-90.65557415924567
2023-12-27 21:05:00,2023-12-27 22:05:00,long,33472.469,33534.419,33433.38920425944,33561.13737606837,32.566496450465515,1.5852181114577861,TIMEOUT,12,-89.07035604778788
2023-12-27 22:50:00,2023-12-27 23:50:00,long,33519.319,33512.999,33490.39448169633,33556.984673202605,24.10376525306629,-0.21849974936992225,TIMEOUT,12,-89.28885579715781
2023-12-28 01:05:00,2023-12-28 02:10:00,long,33502.419,33492.269,33479.06897759781,33535.59471428571,19.458352001824053,-0.4346890904502935,TIMEOUT,12,-89.7235448876081
2023-12-28 02:15:00,2023-12-28 02:30:00,long,33477.269,33458.36877903696,33458.36877903696,33520.36344444444,15.750184135870743,-0.9999999999998284,SL,3,-90.72354488760793
2023-12-28 02:40:00,2023-12-28 03:05:00,long,33452.269,33433.43443809493,33433.43443809493,33511.99910416666,15.69546825422411,-0.9999999999998948,SL,5,-91.72354488760783
2023-12-28 19:05:00,2023-12-28 20:05:00,short,33629.369,33484.419,33667.00839469306,33437.35930303032,31.36616224421921,3.851018359408192,TIMEOUT,12,-87.87252652819964
2023-12-28 23:15:00,2023-12-28 23:20:00,long,33406.319,33378.147738571744,33378.147738571744,33443.32269369372,23.47605119021741,-0.9999999999999232,SL,1,-88.87252652819957
2023-12-28 23:25:00,2023-12-29 00:25:00,long,33356.319,33349.519,33325.72284091135,33442.72325287359,25.49679924054482,-0.22225011905251232,TIMEOUT,12,-89.09477664725209
2023-12-29 00:30:00,2023-12-29 00:45:00,long,33316.269,33359.30471428572,33286.87075922146,33359.30471428572,24.498533982117063,1.4638874009471932,VWAP,3,-87.6308892463049
2023-12-29 01:05:00,2023-12-29 02:05:00,short,33434.369,33439.319,33470.003779019906,33362.68471428572,29.695649183256972,-0.13890923800141738,TIMEOUT,12,-87.76979848430632
2023-12-29 03:10:00,2023-12-29 03:20:00,short,33494.269,33514.870289369355,33514.870289369355,33414.23805982907,17.167741141129422,-0.9999999999999886,SL,2,-88.7697984843063
2023-12-29 03:25:00,2023-12-29 04:25:00,short,33524.519,33514.519,33545.930016306294,33421.28741269842,17.84251358858,0.46704929167979087,TIMEOUT,12,-88.30274919262652
2023-12-29 05:50:00,2023-12-29 06:50:00,short,33529.469,33496.319,33546.77356829744,33460.48078403758,14.420473581199092,1.9156791102902238,TIMEOUT,12,-86.3870700823363
2023-12-29 08:50:00,2023-12-29 09:05:00,short,33506.519,33466.41971651091,33522.33059582058,33466.41971651091,13.176329850487074,2.5360680821912616,VWAP,3,-83.85100200014503
2023-12-29 10:45:00,2023-12-29 10:50:00,long,33409.999,33386.49911830171,33386.49911830171,33465.358333333344,19.583234748576672,-0.9999999999999817,SL,1,-84.85100200014502
2023-12-29 10:55:00,2023-12-29 11:00:00,long,33344.519,33314.685489760144,33314.685489760144,33463.85566666668,24.86125853321132,-1.00000000000008,SL,1,-85.8510020001451
2023-12-29 11:05:00,2023-12-29 11:10:00,long,33299.269,33267.62179984421,33267.62179984421,33461.65506965176,26.37266679649365,-0.9999999999999954,SL,1,-86.8510020001451
2023-12-29 11:15:00,2023-12-29 11:20:00,long,33249.519,33216.10071006975,33216.10071006975,33458.858534313746,27.84857494187465,-0.9999999999999177,SL,1,-87.85100200014502
2023-12-29 11:25:00,2023-12-29 12:25:00,long,33216.369,33229.999,33179.08567858055,33455.56665700485,31.069434516208155,0.36557901713376384,TIMEOUT,12,-87.48542298301125
2023-12-29 15:45:00,2023-12-29 15:50:00,long,33289.519,33266.767753561835,33266.767753561835,33407.25822807018,18.9593720318017,-1.0000000000001412,SL,1,-88.48542298301139
