entry_time,exit_time,side,entry,exit,sl,tp_vwap,atr,r,reason,bars_held,cum_r
2021-01-04 00:35:00,2021-01-04 00:45:00,long,27204.269,27254.916500000003,27168.302044928576,27254.916500000003,29.97246255952175,1.4081675776952163,VWAP,2,1.4081675776952163
2021-01-04 01:15:00,2021-01-04 02:15:00,short,27344.319,27383.344206430138,27383.344206430138,27261.929000000004,32.5210053584475,-1.0000000000000382,SL,12,0.4081675776951781
2021-01-04 03:05:00,2021-01-04 04:05:00,short,27416.519,27404.469,27448.081688404465,27312.38321052632,26.302240337055334,0.3817798992779744,TIMEOUT,12,0.7899474769731525
2021-01-04 04:10:00,2021-01-04 05:10:00,short,27409.319,27429.469,27437.588789641195,27332.59409803922,23.558158034331065,-0.7127750243545168,TIMEOUT,12,0.0771724526186357
2021-01-04 08:05:00,2021-01-04 08:55:00,short,27419.269,27434.254807365258,27434.254807365258,27370.26318367347,12.488172804382051,-0.9999999999999454,SL,10,-0.9228275473813097
2021-01-04 09:00:00,2021-01-04 09:05:00,short,27434.519,27447.891674615865,27447.891674615865,27375.175483180425,11.14389551322122,-0.9999999999999297,SL,1,-1.9228275473812393
2021-01-04 10:05:00,2021-01-04 10:25:00,long,27344.269,27319.860459444895,27319.860459444895,27378.332360655724,20.34045046258609,-1.000000000000069,SL,4,-2.922827547381308
2021-01-04 10:40:00,2021-01-04 10:55:00,long,27284.469,27256.591480621355,27256.591480621355,27375.064994832028,23.23126614887277,-0.9999999999999509,SL,3,-3.9228275473812593
2021-01-04 11:10:00,2021-01-04 12:00:00,long,27174.519,27135.896100681035,27135.896100681035,27369.80712345678,32.18574943247174,-0.9999999999999774,SL,10,-4.922827547381237
2021-01-04 22:25:00,2021-01-04 22:40:00,long,27236.519,27207.227969879757,27207.227969879757,27279.91754933332,24.409191766868986,-1.0000000000000004,SL,3,-5.922827547381237
2021-01-04 22:45:00,2021-01-04 23:00:00,long,27189.469,27157.630735129525,27157.630735129525,27279.07421259841,26.531887392064224,-0.999999999999952,SL,3,-6.922827547381189
2021-01-04 23:05:00,2021-01-04 23:15:00,long,27134.999,27101.431659647915,27101.431659647915,27277.35628940567,27.972783626737417,-1.0000000000000033,SL,2,-7.922827547381193
2021-01-05 02:50:00,2021-01-05 02:55:00,long,27036.419,27006.01118392949,27006.01118392949,27131.9749047619,25.339846725426277,-0.9999999999999598,SL,1,-8.922827547381152
2021-01-05 11:00:00,2021-01-05 11:35:00,long,27064.269,27108.81115538847,27030.460221471498,27108.81115538847,28.17398210708687,1.3174730743648804,VWAP,7,-7.605354473016272
2021-01-05 14:10:00,2021-01-05 15:10:00,short,27194.269,27194.319,27215.312335032355,27113.324009746586,17.536112526963386,-0.00237604922995299,TIMEOUT,12,-7.607730522246225
2021-01-05 20:45:00,2021-01-05 21:30:00,long,27034.369,27122.988701449274,26985.821638632424,27122.988701449274,40.45613447297885,1.8254277668830348,VWAP,9,-5.78230275536319
2021-01-05 21:55:00,2021-01-05 22:55:00,long,27049.519,27019.319,27006.45218473787,27120.92998907104,35.88901271844156,-0.7012359705770169,TIMEOUT,12,-6.483538725940207
2021-01-06 00:50:00,2021-01-06 01:50:00,long,27044.319,27059.419,27010.39089582301,27087.610818181816,28.27342014749039,0.44505876076163625,TIMEOUT,12,-6.0384799651785706
2021-01-06 03:15:00,2021-01-06 03:20:00,long,27024.419,26992.220197120816,26992.220197120816,27076.226500000008,26.832335732654418,-1.0000000000000118,SL,1,-7.038479965178582
2021-01-06 04:00:00,2021-01-06 04:45:00,long,26984.999,27062.579816326535,26948.840238113058,27062.579816326535,30.13230157245032,2.145560640851361,VWAP,9,-4.892919324327221
2021-01-06 05:05:00,2021-01-06 06:05:00,short,27114.469,27099.419,27145.75993565321,27060.607290322576,26.075779711005993,0.4809699577793453,TIMEOUT,12,-4.4119493665478755
2021-01-06 09:40:00,2021-01-06 09:45:00,short,27159.519,27182.09284229359,27182.09284229359,27085.57655555555,18.81153524465814,-1.0000000000000162,SL,1,-5.4119493665478915
2021-01-06 09:50:00,2021-01-06 09:55:00,short,27279.469,27309.573629324575,27309.573629324575,27088.04289915966,25.087191103812497,-0.9999999999999832,SL,1,-6.411949366547875
2021-01-06 10:10:00,2021-01-06 10:20:00,short,27326.999,27360.795980897,27360.795980897,27094.958626016258,28.164150747500788,-1.000000000000003,SL,2,-7.411949366547878
2021-01-06 19:50:00,2021-01-06 20:35:00,short,27496.519,27540.467565575687,27540.467565575687,27226.766963470305,36.623804646404956,-1.0000000000000262,SL,9,-8.411949366547905
2021-01-06 20:40:00,2021-01-06 20:55:00,short,27574.369,27614.68047408399,27614.68047408399,27238.53152110625,33.59289506999241,-1.0000000000000258,SL,3,-9.41194936654793
2021-01-07 01:40:00,2021-01-07 01:55:00,short,27509.999,27539.670203430276,27539.670203430276,27455.827730158733,24.72600285856443,-0.9999999999999679,SL,3,-10.411949366547898
2021-01-07 02:00:00,2021-01-07 02:10:00,short,27556.419,27586.570310317893,27586.570310317893,27468.03246666667,25.126091931576962,-0.999999999999966,SL,2,-11.411949366547864
2021-01-07 03:35:00,2021-01-07 04:35:00,long,27426.999,27429.469,27392.62036018943,27489.76400000001,28.648866508807313,0.07184693791293716,TIMEOUT,12,-11.340102428634927
2021-01-07 04:40:00,2021-01-07 05:40:00,long,27411.469,27464.469,27381.931471997523,27480.153444444455,24.614606668731643,1.7943275414094813,TIMEOUT,12,-9.545774887225445
2021-01-07 06:00:00,2021-01-07 07:00:00,long,27414.419,27444.269,27388.89811615529,27472.115666666676,21.267403203926538,1.1696303381038167,TIMEOUT,12,-8.376144549121628
2021-01-07 09:30:00,2021-01-07 10:00:00,short,27514.319,27531.24680011341,27531.24680011341,27471.614982608706,14.106500094510611,-0.9999999999999359,SL,6,-9.376144549121564
2021-01-07 10:05:00,2021-01-07 10:30:00,short,27564.469,27585.75488697897,27585.75488697897,27474.472890710393,17.738239149140732,-1.000000000000084,SL,5,-10.376144549121648
2021-01-07 10:35:00,2021-01-07 11:35:00,short,27624.419,27584.369,27649.339131978264,27478.65835937501,20.766776648551094,1.6071343456342808,TIMEOUT,12,-8.769010203487367
2021-01-07 13:35:00,2021-01-07 13:45:00,short,27571.419,27590.1082702789,27590.1082702789,27500.649780487805,15.574391899082396,-0.9999999999999164,SL,2,-9.769010203487284
2021-01-07 13:50:00,2021-01-07 14:50:00,short,27594.319,27579.369,27612.93004621091,27502.24595409181,15.50920517575955,0.8032863832897099,TIMEOUT,12,-8.965723820197574
2021-01-07 15:10:00,2021-01-07 15:45:00,short,27624.519,27641.788093419742,27641.788093419742,27509.858260473567,14.39091118311783,-1.0000000000000173,SL,7,-9.965723820197592
2021-01-08 10:30:00,2021-01-08 10:45:00,long,28119.319,28165.645377952766,28083.039774936817,28165.645377952766,30.232687552651196,1.2769395672616264,VWAP,3,-8.688784252935966
2021-01-08 12:35:00,2021-01-08 13:05:00,short,28214.469,28167.745929824574,28240.416142463542,28167.745929824574,21.62261871961728,1.8007019555652133,VWAP,6,-6.888082297370753
2021-01-08 13:20:00,2021-01-08 13:25:00,long,28109.419,28083.273217105718,28083.273217105718,28168.138834368543,21.78815241190235,-1.0000000000000417,SL,1,-7.8880822973707945
2021-01-08 13:30:00,2021-01-08 13:35:00,long,28104.999,28077.552074953397,28077.552074953397,28167.327977505123,22.872437538834372,-1.0000000000000528,SL,1,-8.888082297370847
2021-01-08 13:40:00,2021-01-08 14:40:00,long,28049.319,28119.319,28017.99727381186,28166.112010101027,26.10143849011752,2.234870440394287,TIMEOUT,12,-6.65321185697656
2021-01-08 15:40:00,2021-01-08 15:55:00,short,28231.999,28265.054837321597,28265.054837321597,28162.41145149913,27.5465311013314,-0.9999999999999858,SL,3,-7.6532118569765455
2021-01-08 16:00:00,2021-01-08 16:15:00,short,28309.319,28343.11339602619,28343.11339602619,28164.630986183085,28.16199668849222,-1.0000000000000087,SL,3,-8.653211856976554
2021-01-10 18:30:00,2021-01-10 18:55:00,long,28239.269,28192.82554206751,28192.82554206751,28302.21423809524,38.70288161041017,-0.9999999999999867,SL,5,-9.65321185697654
2021-01-10 19:45:00,2021-01-10 20:25:00,long,28186.999,28249.694151515145,28143.808377202768,28249.694151515145,35.99218566435944,1.4515917450295241,VWAP,8,-8.201620111947015
2021-01-10 21:05:00,2021-01-10 22:05:00,long,28154.269,28206.999,28113.124521422546,28233.839263157894,34.28706548121268,1.2815814374882502,TIMEOUT,12,-6.920038674458765
2021-01-10 22:20:00,2021-01-10 23:20:00,long,28171.469,28138.770546197946,28138.770546197946,28220.390446540874,27.248711501714137,-0.9999999999999448,SL,12,-7.92003867445871
2021-01-10 23:25:00,2021-01-10 23:30:00,long,28134.419,28110.850514905134,28110.850514905134,28206.687686868685,19.64040424572284,-0.9999999999999978,SL,1,-8.920038674458707
2021-01-10 23:55:00,2021-01-11 00:55:00,long,28096.269,28109.999,28070.409305373894,28199.55284259259,21.54974552175495,0.5309420779524141,TIMEOUT,12,-8.389096596506294
2021-01-11 01:10:00,2021-01-11 02:05:00,long,28081.269,28122.019666666667,28056.93822724591,28122.019666666667,20.275643961741082,1.6748611759492018,VWAP,11,-6.714235420557092
2021-01-11 08:35:00,2021-01-11 08:55:00,long,28069.999,28048.040008448454,28048.040008448454,28124.872653846163,18.299159626287583,-1.0000000000000504,SL,4,-7.714235420557142
2021-01-11 09:00:00,2021-01-11 09:10:00,long,28009.999,27985.18451243874,27985.18451243874,28121.565269113158,20.678739634384556,-0.9999999999999304,SL,2,-8.714235420557072
2021-01-11 09:15:00,2021-01-11 10:05:00,long,27984.369,28118.347095238107,27957.959120564105,28118.347095238107,22.008232863244533,5.073029415500453,VWAP,10,-3.6412060050566195
2021-01-11 10:50:00,2021-01-11 11:40:00,long,28051.319,28110.161417302814,28014.439059462657,28110.161417302814,30.733283781119315,1.5955128030435073,VWAP,10,-2.045693202013112
2021-01-11 13:45:00,2021-01-11 14:20:00,long,28074.519,28048.76680886513,28048.76680886513,28107.941650602428,21.460159279057823,-1.0000000000000382,SL,7,-3.04569320201315
2021-01-11 14:30:00,2021-01-11 15:30:00,long,28044.999,28051.519,28017.47362806579,28105.636428571455,22.937809945174788,0.23687236690513502,TIMEOUT,12,-2.808820835108015
2021-01-11 19:00:00,2021-01-11 19:05:00,long,28046.269,28008.091740898115,28008.091740898115,28101.161408293476,31.814382584904592,-0.999999999999994,SL,1,-3.8088208351080093
2021-01-11 19:45:00,2021-01-11 19:55:00,short,28199.519,28252.507125729233,28252.507125729233,28100.717073394502,44.15677144102747,-0.999999999999995,SL,2,-4.808820835108004
2021-01-12 00:40:00,2021-01-12 00:45:00,short,28231.319,28260.62849796374,28260.62849796374,28160.352703703702,24.42458163644793,-1.00000000000005,SL,1,-5.808820835108054
2021-01-12 06:10:00,2021-01-12 06:25:00,long,28176.419,28204.624653333332,28158.13687569008,28204.624653333332,15.235103591601057,1.5427995595689157,VWAP,3,-4.2660212755391385
2021-01-12 08:15:00,2021-01-12 09:00:00,long,28171.519,28155.525271855135,28155.525271855135,28201.505506666665,13.328106787388402,-0.9999999999999699,SL,9,-5.266021275539108
2021-01-12 09:05:00,2021-01-12 09:55:00,long,28146.419,28129.583898706707,28129.583898706707,28198.406763636358,14.029251077746173,-0.9999999999999419,SL,10,-6.2660212755390505
2021-01-12 12:10:00,2021-01-12 12:15:00,long,28121.269,28093.300070399546,28093.300070399546,28194.531725623583,23.30744133371075,-1.0000000000000548,SL,1,-7.266021275539106
2021-01-12 18:10:00,2021-01-12 18:55:00,long,28146.369,28124.951732603393,28124.951732603393,28187.260061976544,17.84772283050578,-0.9999999999999514,SL,9,-8.266021275539057
2021-01-12 21:00:00,2021-01-12 21:20:00,short,28284.999,28322.591539884423,28322.591539884423,28186.076688125882,31.327116570353603,-0.9999999999999616,SL,4,-9.266021275539018
2021-01-12 21:30:00,2021-01-12 22:30:00,short,28349.419,28339.519,28388.32013150226,28189.04325941421,32.41760958521638,0.25449131214670173,TIMEOUT,12,-9.011529963392316
2021-01-13 07:05:00,2021-01-13 07:15:00,long,28409.319,28390.337738604194,28390.337738604194,28452.898232558146,15.817717829839372,-0.9999999999999151,SL,2,-10.011529963392231
2021-01-13 07:20:00,2021-01-13 07:55:00,long,28394.269,28375.90074515795,28375.90074515795,28451.086797752814,15.306879035042515,-1.0000000000000047,SL,7,-11.011529963392237
2021-01-13 10:05:00,2021-01-13 10:20:00,long,28399.519,28441.195469945356,28377.769583177465,28441.195469945356,18.124514018778797,1.91621091661525,VWAP,3,-9.095319046776986
2021-01-13 11:00:00,2021-01-13 11:50:00,short,28494.469,28441.965235588974,28517.224565037526,28441.965235588974,18.96297086460556,2.3072933730470786,VWAP,10,-6.788025673729907
2021-01-13 19:15:00,2021-01-13 19:20:00,short,28629.519,28675.271627739887,28675.271627739887,28450.995003144657,38.12718978323885,-0.999999999999998,SL,1,-7.788025673729905
2021-01-14 09:40:00,2021-01-14 10:00:00,short,28914.369,28932.122381814366,28932.122381814366,28846.457888888886,14.794484845305272,-1.0000000000000637,SL,4,-8.788025673729969
2021-01-14 10:05:00,2021-01-14 11:05:00,short,28944.519,28899.419,28965.891707722232,28849.46927322404,17.81058976852608,2.110167817112232,TIMEOUT,12,-6.677857856617737
2021-01-14 19:10:00,2021-01-14 19:35:00,long,28721.269,28679.715193740114,28679.715193740114,28872.60800473934,34.62817188323988,-0.9999999999999598,SL,5,-7.677857856617697
2021-01-14 19:40:00,2021-01-14 20:05:00,long,28681.999,28624.82247574253,28624.82247574253,28868.66480645162,47.64710354789074,-1.0000000000000069,SL,5,-8.677857856617704
2021-01-18 06:15:00,2021-01-18 07:15:00,short,28296.269,28291.369,28314.622454681983,28223.95443859649,15.294545568318448,0.26697970953729266,TIMEOUT,12,-8.410878147080412
2021-01-18 08:25:00,2021-01-18 09:25:00,short,28311.269,28306.519,28327.555719654592,28239.92910457517,13.572266378825706,0.2916486622682847,TIMEOUT,12,-8.119229484812127
2021-01-18 10:00:00,2021-01-18 10:30:00,short,28316.419,28329.4796788816,28329.4796788816,28250.015479338836,10.883899067996417,-1.0000000000000755,SL,6,-9.119229484812202
2021-01-18 10:55:00,2021-01-18 11:35:00,short,28336.319,28349.59591988638,28349.59591988638,28256.07089898989,11.064099905314517,-1.0000000000001108,SL,8,-10.119229484812312
2021-01-19 08:20:00,2021-01-19 09:20:00,long,28665.319,28670.469,28648.014637133412,28708.666953795393,14.420302388822872,0.2976128066492098,TIMEOUT,12,-9.821616678163101
2021-01-19 09:35:00,2021-01-19 09:50:00,long,28620.269,28601.754737719293,28601.754737719293,28702.29104022989,15.428551900588664,-1.0000000000000349,SL,3,-10.821616678163137
2021-01-19 09:55:00,2021-01-19 10:55:00,long,28585.519,28660.999,28562.77332358915,28699.066888888898,18.954730342375953,3.318432858914267,TIMEOUT,12,-7.50318381924887
2021-01-19 11:20:00,2021-01-19 12:20:00,long,28590.999,28662.269,28559.356058242633,28691.58483941607,26.369118131140425,2.2523190336247483,TIMEOUT,12,-5.250864785624121
2021-01-19 19:10:00,2021-01-19 19:50:00,long,28637.519,28590.585439942657,28590.585439942657,28696.734829383902,39.111300047787246,-0.9999999999999667,SL,8,-6.250864785624088
2021-01-19 20:10:00,2021-01-19 20:15:00,long,28547.999,28497.252164378293,28497.252164378293,28692.355576980583,42.28902968475589,-0.9999999999999958,SL,1,-7.250864785624084
2021-01-20 03:45:00,2021-01-20 04:45:00,short,28610.269,28570.269,28637.773640984862,28526.71508695653,22.920534154051698,1.4543000223858635,TIMEOUT,12,-5.79656476323822
2021-01-20 05:15:00,2021-01-20 06:15:00,short,28585.319,28555.999,28608.984026678063,28537.402750000005,19.720855565054055,1.2389590934700463,TIMEOUT,12,-4.557605669768174
2021-01-20 07:50:00,2021-01-20 08:05:00,long,28520.319,28543.023385964923,28504.545217242132,28543.023385964923,13.144818964890131,1.4393748356651248,VWAP,3,-3.1182308341030494
2021-01-20 08:25:00,2021-01-20 08:45:00,short,28572.519,28587.316947145144,28587.316947145144,28543.39357516341,12.331622620953468,-0.9999999999999589,SL,4,-4.1182308341030085
2021-01-20 09:15:00,2021-01-20 10:05:00,short,28595.319,28608.468589211017,28608.468589211017,28546.911172619057,10.95799100918145,-1.0000000000000109,SL,10,-5.118230834103019
2021-01-20 13:10:00,2021-01-20 14:10:00,short,28655.319,28660.419,28672.625667547432,28564.634073375273,14.422222956193906,-0.2946841144330371,TIMEOUT,12,-5.412914948536057
2021-01-21 00:40:00,2021-01-21 01:00:00,long,28705.319,28742.66122222222,28679.781989783856,28742.66122222222,21.280841846785506,1.46227854812137,VWAP,4,-3.9506364004146866
2021-01-21 01:40:00,2021-01-21 02:30:00,long,28705.269,28737.669952380948,28681.01714580614,28737.669952380948,20.20987849488298,1.3360195934688985,VWAP,10,-2.6146168069457882
2021-01-21 03:55:00,2021-01-21 04:55:00,long,28675.519,28705.369,28648.585698065417,28730.10143055554,22.444418278819263,1.1082933712509384,TIMEOUT,12,-1.5063234356948498
2021-01-21 08:10:00,2021-01-21 08:40:00,long,28695.519,28682.136986587368,28682.136986587368,28713.997181818166,11.1516778438618,-0.999999999999888,SL,6,-2.5063234356947377
2021-01-21 08:55:00,2021-01-21 09:40:00,long,28640.469,28619.44589954864,28619.44589954864,28712.0351728395,17.519250376134067,-1.0000000000000795,SL,9,-3.506323435694817
2021-01-21 19:55:00,2021-01-21 20:40:00,long,28592.419,28663.246227272717,28551.301381044927,28663.246227272717,34.264682462563265,1.7225517691114227,VWAP,9,-1.7837716665833945
2021-01-21 22:20:00,2021-01-21 22:50:00,long,28614.999,28661.060860776426,28583.885085467267,28661.060860776426,25.928262110610937,1.4804264094756496,VWAP,6,-0.30334525710774485
2021-01-22 01:00:00,2021-01-22 02:10:00,long,28634.269,28609.290116725984,28609.290116725984,28675.66284615385,20.815736061679086,-1.0000000000000429,SL,12,-1.3033452571077877
2021-01-22 02:15:00,2021-01-22 02:30:00,long,28609.269,28588.703257062007,28588.703257062007,28657.29887179487,17.138119114995252,-0.9999999999999606,SL,3,-2.303345257107748
2021-01-22 02:40:00,2021-01-22 03:10:00,long,28579.319,28557.41390906193,28557.41390906193,28647.607064516127,18.25424244839186,-1.0000000000000455,SL,6,-3.303345257107794
2021-01-22 03:15:00,2021-01-22 03:20:00,long,28536.269,28510.89070895693,28510.89070895693,28633.022070175433,21.14857586922687,-0.9999999999999482,SL,1,-4.303345257107742
2021-01-22 03:25:00,2021-01-22 04:25:00,long,28469.369,28489.519,28437.550636804695,28625.19716666666,26.51530266275166,0.6332821043093951,TIMEOUT,12,-3.670063152798347
2021-01-22 11:05:00,2021-01-22 11:50:00,short,28574.519,28595.796849441103,28595.796849441103,28532.914606060604,17.73154120091916,-1.0000000000000084,SL,9,-4.670063152798356
2021-01-25 01:00:00,2021-01-25 02:05:00,short,28799.419,28797.419,28822.722206256458,28736.666692307692,19.419338547045488,0.08582509968756058,TIMEOUT,12,-4.584238053110796
2021-01-25 05:10:00,2021-01-25 05:40:00,long,28742.369,28774.301419354837,28723.051955417952,28774.301419354837,16.09753715170428,1.6530696100644113,VWAP,6,-2.9311684430463845
2021-01-25 06:45:00,2021-01-25 07:05:00,long,28742.319,28724.76210795306,28724.76210795306,28773.394226337437,14.630743372449281,-0.9999999999999193,SL,4,-3.9311684430463036
2021-01-25 07:10:00,2021-01-25 07:35:00,long,28727.469,28707.04278735277,28707.04278735277,28771.441170542632,17.021843872692234,-1.0000000000000302,SL,5,-4.931168443046333
2021-01-25 07:40:00,2021-01-25 07:55:00,long,28692.319,28670.000937698474,28670.000937698474,28767.730195652173,18.598385251270145,-1.0000000000000397,SL,3,-5.931168443046373
2021-01-25 15:55:00,2021-01-25 16:00:00,short,28812.369,28840.028855353867,28840.028855353867,28720.131481675387,23.04987946155639,-1.0000000000000084,SL,1,-6.931168443046381
2021-01-25 19:20:00,2021-01-25 19:40:00,long,28667.269,28630.398979428217,28630.398979428217,28725.63135703001,30.72501714315129,-1.000000000000046,SL,4,-7.9311684430464275
2021-01-26 06:10:00,2021-01-26 06:50:00,short,28699.269,28717.835289850715,28717.835289850715,28623.822822222224,15.471908208927278,-1.000000000000089,SL,8,-8.931168443046516
2021-01-26 06:55:00,2021-01-26 07:55:00,short,28734.369,28744.269,28752.162226488155,28632.693603174605,14.827688740130974,-0.5563915013722052,TIMEOUT,12,-9.487559944418722
2021-01-26 09:05:00,2021-01-26 10:05:00,short,28744.519,28729.269,28757.765329320584,28656.97890909091,11.038607767153099,1.1512623332037155,TIMEOUT,12,-8.336297611215006
2021-01-26 10:45:00,2021-01-26 11:45:00,short,28754.519,28699.419,28778.419065131995,28667.689641025645,19.91672094332833,2.305433047805319,TIMEOUT,12,-6.030864563409686
2021-01-26 12:25:00,2021-01-26 13:30:00,short,28729.999,28729.999,28747.890846411417,28674.14982222223,14.909872009514347,0.0,TIMEOUT,12,-6.030864563409686
2021-01-26 14:20:00,2021-01-26 15:25:00,short,28749.999,28754.369,28761.443600129307,28681.78124806202,9.537166774424044,-0.381839465828754,TIMEOUT,12,-6.41270402923844
2021-01-26 20:50:00,2021-01-26 21:05:00,long,28639.269,28608.41418290639,28608.41418290639,28691.99908733624,25.71234757800854,-1.0000000000000544,SL,3,-7.412704029238494
2021-01-26 21:10:00,2021-01-26 22:10:00,long,28564.999,28591.369,28531.496108313968,28690.516539341916,27.919076405026736,0.7870962377552944,TIMEOUT,12,-6.6256077914831994
2021-01-27 03:05:00,2021-01-27 03:20:00,long,28591.999,28637.466543859657,28571.185707566045,28637.466543859657,17.34441036162953,2.1845435557076853,VWAP,3,-4.441064235775514
2021-01-27 05:55:00,2021-01-27 06:05:00,long,28599.319,28581.747976418625,28581.747976418625,28634.333629629633,14.642519651144642,-1.0000000000000757,SL,2,-5.441064235775589
2021-01-28 08:45:00,2021-01-28 08:55:00,short,28148.519,28186.967640235343,28186.967640235343,28051.36572955974,32.04053352945149,-1.0000000000000366,SL,2,-6.441064235775626
2021-01-28 09:00:00,2021-01-28 09:45:00,short,28228.319,28269.471260421662,28269.471260421662,28055.151140672773,34.293550351386585,-0.999999999999966,SL,9,-7.441064235775592
2021-01-29 07:30:00,2021-01-29 08:00:00,short,27923.519,27774.4743113553,27958.9481914623,27774.4743113553,29.524326218583155,4.206832910745294,VWAP,6,-3.234231325030298
2021-01-29 08:35:00,2021-01-29 08:40:00,short,27900.469,27952.32250786606,27952.32250786606,27783.69242948718,43.21125655505105,-0.9999999999999889,SL,1,-4.2342313250302865
2021-01-29 08:45:00,2021-01-29 09:20:00,short,27965.469,28018.829340966146,28018.829340966146,27786.877459119496,44.46695080512057,-0.999999999999998,SL,7,-5.234231325030285
2021-01-29 09:25:00,2021-01-29 10:25:00,short,28033.999,28082.526939605916,28082.526939605916,27800.3586491228,40.43994967159613,-1.0000000000000109,SL,12,-6.234231325030295
2021-01-29 12:25:00,2021-01-29 12:40:00,long,27763.999,27708.59180701274,27708.59180701274,27834.584177777775,46.172660822714334,-1.0000000000000306,SL,3,-7.234231325030326
2021-01-29 12:45:00,2021-01-29 13:45:00,long,27678.999,27803.319,27620.21140558858,27832.193545454546,48.98966200951547,2.114731879143749,TIMEOUT,12,-5.119499445886577
2021-01-31 22:25:00,2021-01-31 22:35:00,short,27948.419,27988.770552847716,27988.770552847716,27842.427950617282,33.62629403976263,-0.9999999999999871,SL,2,-6.119499445886564
2021-01-31 22:50:00,2021-01-31 23:25:00,short,28003.519,28043.79306566365,28043.79306566365,27854.10883050848,33.56172138637492,-0.9999999999999727,SL,7,-7.119499445886537
2021-02-01 01:15:00,2021-02-01 02:15:00,short,28143.369,28090.369,28180.14815213109,28067.953791666667,30.649293442573583,1.4410337631247545,TIMEOUT,12,-5.678465682761782
2021-02-01 13:35:00,2021-02-01 14:35:00,short,28258.999,28268.469,28278.571694152757,28178.114813008135,16.310578460630996,-0.4838373259241437,TIMEOUT,12,-6.162303008685926
2021-02-01 14:45:00,2021-02-01 14:50:00,short,28273.419,28290.616639247208,28290.616639247208,28183.765385767783,14.33136603933819,-1.0000000000000158,SL,1,-7.162303008685942
2021-02-01 15:50:00,2021-02-01 16:00:00,short,28298.519,28318.98086607192,28318.98086607192,28190.662211169278,17.051555059933168,-1.0000000000000424,SL,2,-8.162303008685985
2021-02-01 21:35:00,2021-02-01 22:35:00,short,28382.269,28349.519,28425.20275333678,28204.347000000012,35.77812778065071,0.7628030967407513,TIMEOUT,12,-7.399499911945234
2021-02-02 02:55:00,2021-02-02 03:05:00,long,28299.269,28334.521407407403,28273.16870995379,28334.521407407403,21.75024170517575,1.3506519408400368,VWAP,2,-6.048847971105197
2021-02-02 03:20:00,2021-02-02 04:20:00,short,28397.319,28364.469,28431.84317379687,28334.483390243895,28.770144830724995,0.9515072016865113,TIMEOUT,12,-5.097340769418685
2021-02-02 04:50:00,2021-02-02 05:50:00,short,28414.469,28417.269,28445.309988769848,28346.92142937853,25.70082397487336,-0.09078826949727103,TIMEOUT,12,-5.188129038915957
2021-02-02 10:20:00,2021-02-02 11:20:00,short,28422.369,28447.182863022532,28447.182863022532,28362.55916000002,20.678219185443407,-1.0000000000000384,SL,12,-6.188129038915995
2021-02-03 02:55:00,2021-02-03 03:05:00,short,28694.469,28715.82731360311,28715.82731360311,28632.801870370367,17.79859466925792,-0.9999999999999483,SL,2,-7.188129038915943
2021-02-03 06:40:00,2021-02-03 07:10:00,long,28619.419,28604.920951445616,28604.920951445616,28640.874925925924,12.08170712865413,-1.0000000000000446,SL,6,-8.188129038915989
2021-02-03 08:10:00,2021-02-03 09:10:00,long,28584.519,28579.369,28569.10983400713,28635.46657575758,12.840971660724328,-0.33421666055026533,TIMEOUT,12,-8.522345699466253
2021-02-03 10:30:00,2021-02-03 11:30:00,long,28554.319,28564.369,28527.51089405636,28626.771860892393,22.340088286368342,0.37488661157663017,TIMEOUT,12,-8.147459087889624
2021-02-03 13:10:00,2021-02-03 14:10:00,long,28594.419,28619.844471698118,28575.548263786746,28619.844471698118,15.725613511045687,1.3473492189593004,VWAP,12,-6.800109868930324
2021-02-03 15:05:00,2021-02-03 15:20:00,long,28596.369,28582.574425948584,28582.574425948584,28618.59997605893,11.495478376179026,-1.0000000000000204,SL,3,-7.8001098689303445
2021-02-03 18:15:00,2021-02-03 18:25:00,long,28584.319,28565.690889118505,28565.690889118505,28616.750055276378,15.523425734579796,-0.9999999999999407,SL,2,-8.800109868930285
2021-02-03 18:35:00,2021-02-03 19:00:00,long,28559.519,28540.82702168663,28540.82702168663,28615.816980295564,15.576648594474868,-1.0000000000000504,SL,5,-9.800109868930335
2021-02-03 19:50:00,2021-02-03 20:50:00,long,28484.999,28509.269,28439.84937142431,28611.32288379205,37.62469047974123,0.537545950335203,TIMEOUT,12,-9.262563918595133
2021-02-04 08:00:00,2021-02-04 08:20:00,short,28437.269,28452.03234713933,28452.03234713933,28410.063982817876,12.302789282775993,-0.9999999999999882,SL,4,-10.26256391859512
2021-02-04 08:25:00,2021-02-04 09:25:00,short,28457.519,28427.369,28471.58276922823,28411.600274509816,11.719807690191827,2.14380650810747,TIMEOUT,12,-8.11875741048765
2021-02-04 10:00:00,2021-02-04 10:05:00,short,28494.419,28517.77467819735,28517.77467819735,28416.88437190084,19.463065164459206,-0.9999999999999267,SL,1,-9.118757410487577
2021-02-04 10:10:00,2021-02-04 10:20:00,short,28527.369,28554.036293955876,28554.036293955876,28418.562875338765,22.222744963232575,-0.9999999999999419,SL,2,-10.118757410487518
2021-02-04 10:25:00,2021-02-04 11:25:00,short,28557.369,28562.519,28583.468877850242,28421.75997883599,21.749898208535566,-0.19731893112877424,TIMEOUT,12,-10.316076341616293
2021-02-08 06:20:00,2021-02-08 07:20:00,short,29382.269,29379.419,29401.499021955642,29340.166229437225,16.025018296367733,0.14820575902475633,TIMEOUT,12,-10.167870582591537
2021-02-08 07:40:00,2021-02-08 08:15:00,short,29384.419,29397.632992779218,29397.632992779218,29346.964591397853,11.011660649345103,-1.0000000000001354,SL,7,-11.167870582591672
2021-02-08 08:20:00,2021-02-08 08:25:00,short,29442.519,29459.71793565917,29459.71793565917,29350.265699669973,14.332446382640558,-1.0000000000000404,SL,1,-12.167870582591712
2021-02-08 13:35:00,2021-02-08 14:35:00,short,29472.369,29447.999,29489.524842644336,29395.998674796752,14.296535536946676,1.4205073166746909,TIMEOUT,12,-10.747363265917022
2021-02-08 16:15:00,2021-02-08 18:00:00,short,29479.519,29499.849760134664,29499.849760134664,29404.860989795918,16.942300112220035,-1.0000000000000058,SL,1,-11.747363265917027
2021-02-08 19:55:00,2021-02-08 20:55:00,short,29569.319,29522.269,29623.714174426637,29411.91687878787,45.329312022197534,0.8649664330694585,TIMEOUT,12,-10.882396832847569
2021-02-09 00:50:00,2021-02-09 01:50:00,short,29522.269,29482.999,29554.151213452773,29466.74506060606,26.568511210642537,1.2317212560593807,TIMEOUT,12,-9.650675576788188
2021-02-09 04:10:00,2021-02-09 04:20:00,long,29442.999,29420.69260399799,29420.69260399799,29476.103248366013,18.588663335005577,-1.0000000000000637,SL,2,-10.650675576788252
2021-02-09 04:25:00,2021-02-09 05:25:00,long,29427.999,29427.999,29405.980660343874,29473.602456790122,18.3486163801046,0.0,TIMEOUT,12,-10.650675576788252
2021-02-09 05:35:00,2021-02-09 05:45:00,long,29417.519,29400.94490277999,29400.94490277999,29464.018754901965,13.811747683343956,-0.9999999999998963,SL,2,-11.65067557678815
2021-02-09 05:50:00,2021-02-09 06:10:00,long,29397.999,29381.546182364298,29381.546182364298,29461.34862441315,13.710681363085707,-0.9999999999999273,SL,4,-12.650675576788077
2021-02-09 08:00:00,2021-02-09 08:45:00,long,29422.419,29450.138140893487,29408.78583699104,29450.138140893487,11.360969174135173,2.03321422000624,VWAP,9,-10.617461356781837
2021-02-09 11:10:00,2021-02-09 11:40:00,long,29407.469,29448.117024691364,29388.234276793144,29448.117024691364,16.028936005714385,2.1132627828443193,VWAP,6,-8.504198573937517
2021-02-09 14:10:00,2021-02-09 15:10:00,short,29477.999,29472.469,29490.62599523865,29447.70923391814,10.522496032209864,0.4379505888361502,TIMEOUT,12,-8.066247985101366
2021-02-09 15:30:00,2021-02-09 15:40:00,long,29427.419,29449.378821746894,29414.751513186908,29449.378821746894,10.556239010911263,1.7335578928089832,VWAP,2,-6.332690092292383
2021-02-09 15:55:00,2021-02-09 16:00:00,long,29422.319,29407.204790754422,29407.204790754422,29449.20879166668,12.59517437131526,-0.9999999999999473,SL,1,-7.332690092292331
2021-02-09 21:05:00,2021-02-09 21:15:00,short,29507.519,29541.350850107145,29541.350850107145,29446.577319088345,28.193208422621062,-0.9999999999999748,SL,2,-8.332690092292305
2021-02-10 01:05:00,2021-02-10 01:10:00,short,29552.469,29503.65019047619,29579.086690804554,29503.65019047619,22.181409003793785,1.8340738076144971,VWAP,1,-6.498616284677808
2021-02-10 01:45:00,2021-02-10 02:45:00,long,29427.519,29472.419,29398.008833748285,29488.09551515152,24.59180520976213,1.5215095576560078,TIMEOUT,12,-4.9771067270218
2021-02-10 03:10:00,2021-02-10 03:15:00,long,29424.469,29400.16030269278,29400.16030269278,29469.243957264956,20.257247756017883,-0.9999999999999576,SL,1,-5.9771067270217575
2021-02-10 03:35:00,2021-02-10 04:35:00,long,29392.469,29424.269,29365.706827286827,29462.553545454553,22.301810594311856,1.1882443305638286,TIMEOUT,12,-4.788862396457929
2021-02-10 10:15:00,2021-02-10 10:20:00,long,29412.269,29395.717212693944,29395.717212693944,29450.672521505378,13.793156088379092,-1.0000000000000788,SL,1,-5.788862396458008
2021-02-10 10:25:00,2021-02-10 10:30:00,long,29337.519,29311.85269359835,29311.85269359835,29449.36944973545,21.38858866804102,-1.0000000000000389,SL,1,-6.788862396458047
2021-02-10 10:40:00,2021-02-10 10:45:00,long,29289.269,29256.779818088766,29256.779818088766,29446.03907751938,27.074318259360833,-1.0000000000000457,SL,1,-7.788862396458093
2021-02-11 01:25:00,2021-02-11 02:05:00,short,29327.269,29339.64693544767,29339.64693544767,29302.918259259262,10.314946206389646,-1.0000000000000568,SL,8,-8.78886239645815
2021-02-11 03:30:00,2021-02-11 03:55:00,short,29354.519,29374.782495700245,29374.782495700245,29318.638457364348,16.886246416871604,-0.9999999999999385,SL,5,-9.788862396458088
2021-02-11 15:40:00,2021-02-11 15:50:00,short,29454.319,29473.342007424548,29473.342007424548,29393.682897707222,15.852506187123728,-0.9999999999999891,SL,2,-10.788862396458077
2021-02-11 15:55:00,2021-02-11 18:00:00,short,29472.369,29493.13997934101,29493.13997934101,29394.800493055547,17.30914945084228,-0.9999999999999832,SL,5,-11.788862396458061
2021-02-11 18:05:00,2021-02-11 18:10:00,short,29489.419,29510.230215350588,29510.230215350588,29397.237215488207,17.34267945882316,-0.9999999999999275,SL,1,-12.788862396457988
2021-02-11 18:15:00,2021-02-11 18:55:00,short,29524.419,29545.818568338007,29545.818568338007,29398.39919999999,17.83297361500568,-0.9999999999999309,SL,8,-13.788862396457919
2021-02-11 21:15:00,2021-02-11 22:15:00,short,29484.999,29451.519,29517.69622820699,29412.67911299434,27.247690172491435,1.0239400045794251,TIMEOUT,12,-12.764922391878494
2021-02-12 01:15:00,2021-02-12 02:15:00,long,29401.319,29404.519,29371.45426292548,29475.97754166666,24.887280895435033,0.10714977975582733,TIMEOUT,12,-12.657772612122667
2021-02-12 02:55:00,2021-02-12 03:05:00,long,29386.519,29367.500936613436,29367.500936613436,29434.687055555547,15.848386155469312,-1.000000000000037,SL,2,-13.657772612122704
2021-02-12 03:45:00,2021-02-12 03:50:00,long,29369.519,29343.762959379477,29343.762959379477,29427.544579710142,21.463367183770266,-0.999999999999948,SL,1,-14.657772612122653
2021-02-12 07:00:00,2021-02-12 08:00:00,short,29469.519,29474.269,29486.093194429024,29422.340333333344,13.811828690853707,-0.2865900976569866,TIMEOUT,12,-14.94436270977964
2021-02-12 08:40:00,2021-02-12 09:40:00,short,29494.319,29499.999,29508.616913751608,29431.968936507936,11.914928126341499,-0.3972607541684731,TIMEOUT,12,-15.341623463948112
2021-02-12 09:45:00,2021-02-12 09:50:00,short,29504.519,29522.15120354772,29522.15120354772,29436.674141242944,14.693502956434571,-0.9999999999999478,SL,1,-16.34162346394806
2021-02-12 15:35:00,2021-02-12 15:50:00,short,29594.999,29610.288003164453,29610.288003164453,29486.416659574465,12.740835970378077,-0.9999999999999468,SL,3,-17.341623463948007
2021-02-12 16:00:00,2021-02-12 16:15:00,short,29631.419,29649.443533951515,29649.443533951515,29489.622212435224,15.020444959595782,-0.9999999999999009,SL,3,-18.341623463947908
2021-02-14 18:05:00,2021-02-14 18:20:00,short,29709.269,29731.859271026322,29731.859271026322,29671.03566666667,18.825225855267192,-1.0000000000000482,SL,3,-19.341623463947958
2021-02-16 04:20:00,2021-02-16 04:40:00,long,30478.519,30442.294466064664,30442.294466064664,30563.639754716976,30.187111612781127,-0.9999999999999568,SL,4,-20.341623463947915
2021-02-16 05:25:00,2021-02-16 06:10:00,long,30480.519,30452.226069206525,30452.226069206525,30546.59036363636,23.57744232789647,-0.9999999999999918,SL,9,-21.341623463947908
2021-02-16 07:25:00,2021-02-16 07:45:00,short,30578.999,30536.474259259256,30602.701251587674,30536.474259259256,19.751876323061932,1.7941224099932322,VWAP,4,-19.547501053954676
2021-02-16 08:45:00,2021-02-16 08:55:00,long,30508.319,30537.639345911954,30485.070202392024,30537.639345911954,19.373998006646424,1.2611553683918457,VWAP,2,-18.28634568556283
2021-02-16 09:40:00,2021-02-16 10:30:00,long,30468.369,30534.25731908832,30439.26206099944,30534.25731908832,24.25578250046537,2.2636636262939427,VWAP,10,-16.022682059268885
2021-02-16 10:55:00,2021-02-16 11:55:00,long,30478.469,30440.879605792357,30440.879605792357,30531.856121212117,31.324495173037267,-0.9999999999999712,SL,12,-17.022682059268856
2021-02-17 03:10:00,2021-02-17 03:30:00,long,30328.999,30364.993188034186,30303.142180746978,30364.993188034186,21.547349377518326,1.392057842922032,VWAP,4,-15.630624216346824
2021-02-17 07:35:00,2021-02-17 08:35:00,short,30413.419,30375.418057971016,30431.405546554222,30375.418057971016,14.988788795184048,2.112742538676419,VWAP,12,-13.517881677670406
2021-02-17 08:55:00,2021-02-17 09:05:00,long,30348.319,30378.025728395063,30325.23590760473,30378.025728395063,19.235910329392166,1.2869475149330591,VWAP,2,-12.230934162737347
2021-02-17 09:15:00,2021-02-17 09:30:00,long,30323.469,30297.3121747735,30297.3121747735,30376.976499999997,21.797354355418914,-0.9999999999999889,SL,3,-13.230934162737336
2021-02-17 09:35:00,2021-02-17 09:40:00,long,30293.419,30265.331882723498,30265.331882723498,30374.559603448273,23.40593106375282,-1.0000000000000113,SL,1,-14.230934162737347
2021-02-17 10:25:00,2021-02-17 11:20:00,long,30233.469,30189.67711834465,30189.67711834465,30367.79198941799,36.4932347127906,-1.0000000000000326,SL,11,-15.230934162737379
2021-02-17 15:10:00,2021-02-17 15:20:00,short,30378.319,30402.717494819153,30402.717494819153,30335.132897996366,20.332079015961472,-0.9999999999999978,SL,2,-16.230934162737377
2021-02-17 15:25:00,2021-02-17 16:00:00,short,30428.469,30336.243838709688,30455.346987287787,30336.243838709688,22.39832273982063,3.43125250796686,VWAP,7,-12.799681654770517
2021-02-17 18:10:00,2021-02-17 19:00:00,short,30380.269,30339.3654154104,30404.28190030863,30339.3654154104,20.01075025718994,1.703400424933377,VWAP,10,-11.096281229837139
2021-02-17 19:05:00,2021-02-17 19:10:00,short,30510.469,30549.23903194776,30549.23903194776,30341.664460317475,32.30835995646473,-1.0000000000000338,SL,1,-12.096281229837173
2021-02-17 20:45:00,2021-02-17 21:30:00,long,30266.519,30344.855130434793,30213.097179188455,30344.855130434793,44.51818400962051,1.4663695329879893,VWAP,9,-10.629911696849183
2021-02-17 22:25:00,2021-02-17 22:30:00,long,30286.469,30248.93735333979,30248.93735333979,30344.383266666675,31.27637221684528,-0.999999999999953,SL,1,-11.629911696849137
2021-02-17 22:35:00,2021-02-17 22:40:00,long,30226.319,30186.53650874706,30186.53650874706,30343.54717460318,33.15207604411655,-0.9999999999999912,SL,1,-12.629911696849128
2021-02-17 23:10:00,2021-02-17 23:20:00,long,30183.419,30138.06985834696,30138.06985834696,30340.36996525097,37.79095137753449,-1.0000000000000013,SL,2,-13.62991169684913
2021-02-18 02:15:00,2021-02-18 03:00:00,long,30196.519,30168.305853218277,30168.305853218277,30240.194119047617,23.510955651436053,-1.0000000000000078,SL,9,-14.629911696849137
2021-02-18 18:35:00,2021-02-18 18:40:00,long,30071.999,30050.169588004963,30050.169588004963,30102.53499673203,18.19117666253128,-0.9999999999999725,SL,1,-15.62991169684911
2021-02-18 18:45:00,2021-02-18 19:00:00,long,29998.319,29971.500537616525,29971.500537616525,30101.889097087384,22.348718652896743,-0.9999999999999586,SL,3,-16.629911696849067
2021-02-18 20:30:00,2021-02-18 20:35:00,long,30018.369,29969.524905406273,29969.524905406273,30099.757399412632,40.70341216143822,-0.9999999999999917,SL,1,-17.62991169684906
2021-02-18 20:50:00,2021-02-18 21:40:00,long,29941.369,29889.391949456178,29889.391949456178,30097.270673881674,43.314208786517185,-1.0000000000000064,SL,10,-18.629911696849067
2021-02-18 21:45:00,2021-02-18 21:55:00,long,29833.519,29772.57992040583,29772.57992040583,30089.7145785124,50.782566328474246,-0.9999999999999987,SL,2,-19.629911696849067
2021-02-19 01:15:00,2021-02-19 02:15:00,short,30066.319,30073.999,30109.58306948681,29989.316708333336,36.05339123900872,-0.17751450779131225,TIMEOUT,12,-19.80742620464038
2021-02-19 04:15:00,2021-02-19 04:35:00,short,30133.469,30171.392961090714,30171.392961090714,30047.228487179495,31.603300908926926,-1.0000000000000293,SL,4,-20.807426204640407
2021-02-19 04:40:00,2021-02-19 05:40:00,short,30181.469,30178.519,30217.00004061041,30057.008649122814,29.60920050867628,0.083025994998196,TIMEOUT,12,-20.724400209642212
2021-02-19 07:25:00,2021-02-19 07:35:00,short,30176.319,30197.440258803083,30197.440258803083,30095.02251851852,17.60104900257023,-0.9999999999999413,SL,2,-21.724400209642152
2021-02-19 08:15:00,2021-02-19 08:35:00,short,30206.469,30224.22164973498,30224.22164973498,30104.681300000004,14.793874779149025,-1.000000000000013,SL,4,-22.724400209642166
2021-02-19 08:45:00,2021-02-19 08:50:00,short,30236.369,30255.61276008756,30255.61276008756,30110.920194968556,16.0364667396331,-1.0000000000000187,SL,1,-23.724400209642184
2021-02-19 08:55:00,2021-02-19 09:55:00,short,30241.269,30203.419,30260.947487014273,30113.35992592593,16.398739178561314,1.9234202290320623,TIMEOUT,12,-21.800979980610123
2021-02-21 19:00:00,2021-02-21 19:05:00,short,30316.269,30354.53209039107,30354.53209039107,30247.135923076927,31.88590865922463,-0.9999999999999736,SL,1,-22.800979980610098
2021-02-21 21:30:00,2021-02-21 21:45:00,long,30235.469,30188.626787699293,30188.626787699293,30332.772410852715,39.03517691725723,-0.9999999999999774,SL,3,-23.800979980610077
2021-02-21 21:50:00,2021-02-21 22:35:00,long,30162.519,30113.909974450216,30113.909974450216,30322.31077304965,40.50752129148744,-0.9999999999999775,SL,9,-24.800979980610055
2021-02-22 00:50:00,2021-02-22 01:40:00,long,30155.469,30223.053848484844,30113.664536230925,30223.053848484844,34.837053140895726,1.6166897596911478,VWAP,10,-23.184290220918907
2021-02-22 02:10:00,2021-02-22 02:20:00,long,30145.519,30111.254243709038,30111.254243709038,30204.277395061727,28.553963575801315,-1.0000000000000238,SL,2,-24.184290220918932
2021-02-22 02:25:00,2021-02-22 03:05:00,long,30095.269,30061.642573771413,30061.642573771413,30195.54611111111,28.02202185715577,-1.000000000000022,SL,8,-25.184290220918953
2021-02-22 03:30:00,2021-02-22 03:45:00,long,30020.519,29975.82514795606,29975.82514795606,30160.537992248064,37.24487670328361,-0.999999999999989,SL,3,-26.184290220918943
2021-02-22 06:35:00,2021-02-22 07:35:00,long,30047.269,30075.369,30017.917228441762,30113.147624999994,24.459809631865866,0.9573527766200838,TIMEOUT,12,-25.22693744429886
2021-02-22 07:40:00,2021-02-22 07:45:00,long,30062.369,30040.138319564863,30040.138319564863,30107.26122222222,18.52556702928091,-0.999999999999932,SL,1,-26.22693744429879
2021-02-22 07:50:00,2021-02-22 08:15:00,long,30035.369,30011.373035747252,30011.373035747252,30105.85184210526,19.996636877288005,-1.0000000000000369,SL,5,-27.226937444298827
2021-02-22 08:20:00,2021-02-22 09:20:00,long,29992.319,29995.419,29967.467270552286,30101.46527062706,20.709774539762527,0.12473980961865047,TIMEOUT,12,-27.102197634680177
2021-02-22 10:25:00,2021-02-22 11:20:00,long,30010.269,30086.85802116401,29976.787513187577,30086.85802116401,27.901239010351595,2.2875035864773965,VWAP,11,-24.81469404820278
2021-02-22 13:00:00,2021-02-22 13:35:00,short,30125.469,30148.558277696815,30148.558277696815,30086.067450106155,19.241064747346215,-0.9999999999999347,SL,7,-25.814694048202718
2021-02-22 13:40:00,2021-02-22 14:40:00,short,30160.419,30145.369,30181.551138185736,30088.18855555555,17.61011515477747,0.712185386434946,TIMEOUT,12,-25.10250866176777
2021-02-22 15:25:00,2021-02-22 15:30:00,long,30070.269,30051.436187266914,30051.436187266914,30094.171114695324,15.694010610905865,-0.9999999999999464,SL,1,-26.102508661767718
2021-02-22 15:35:00,2021-02-22 15:50:00,long,30045.269,30024.43291146994,30024.43291146994,30093.79836170211,17.363407108383242,-1.000000000000044,SL,3,-27.10250866176776
2021-02-22 15:55:00,2021-02-22 16:00:00,long,30022.419,30000.32110900388,30000.32110900388,30092.56908680554,18.414909163435397,-1.0000000000000313,SL,1,-28.102508661767793
2021-02-22 16:05:00,2021-02-22 18:00:00,long,30007.369,29982.02163480436,29982.02163480436,30091.668312714763,21.122804329696944,-1.000000000000042,SL,3,-29.102508661767835
2021-02-22 22:25:00,2021-02-22 23:15:00,long,30027.469,30077.262786666648,29998.84965266878,30077.262786666648,23.849456109350406,1.739864508102449,VWAP,10,-27.362644153665386
2021-02-23 01:25:00,2021-02-23 02:10:00,long,30077.319,30058.229383524373,30058.229383524373,30106.866407407408,15.90801372969016,-0.9999999999999285,SL,9,-28.362644153665315
2021-02-23 03:30:00,2021-02-23 03:55:00,long,30047.319,30016.01876179758,30016.01876179758,30095.260317829463,26.083531835351792,-0.99999999999995,SL,5,-29.362644153665265
2021-02-23 04:00:00,2021-02-23 04:05:00,long,30005.519,29972.261289134207,29972.261289134207,30087.964034013617,27.71475905482909,-0.999999999999953,SL,1,-30.36264415366522
2021-02-23 04:10:00,2021-02-23 04:30:00,long,29972.419,29937.600361549394,29937.600361549394,30083.74697385622,29.015532042174065,-0.9999999999999741,SL,4,-31.362644153665194
2021-02-23 04:55:00,2021-02-23 05:10:00,long,29920.319,29885.34952899923,29885.34952899923,30064.226333333336,29.141225833972,-1.0000000000000444,SL,3,-32.36264415366524
2021-02-23 05:15:00,2021-02-23 05:35:00,long,29872.419,29836.89433253715,29836.89433253715,30054.15176041667,29.603889552376145,-0.999999999999979,SL,4,-33.362644153665215
2021-02-23 05:40:00,2021-02-23 06:40:00,long,29815.369,29910.999,29778.487219699593,30039.169531400963,30.734816917003336,2.592879172889425,TIMEOUT,12,-30.76976498077579
2021-02-23 08:15:00,2021-02-23 09:15:00,long,29917.999,29894.551314511733,29894.551314511733,29996.23150000001,19.53973790688971,-0.9999999999999668,SL,12,-31.769764980775758
2021-02-23 09:20:00,2021-02-23 09:35:00,long,29897.319,29875.550757906276,29875.550757906276,29987.546551622425,18.140201744769172,-1.000000000000024,SL,3,-32.76976498077578
2021-02-23 09:40:00,2021-02-23 09:45:00,long,29825.469,29797.233462243887,29797.233462243887,29983.86700569801,23.529614796760583,-1.0000000000000586,SL,1,-33.76976498077584
2021-02-23 11:55:00,2021-02-23 12:50:00,long,29875.469,29828.360639708793,29828.360639708793,29964.515087962973,39.25696690933946,-1.0000000000000062,SL,11,-34.76976498077585
2021-02-23 13:50:00,2021-02-23 14:25:00,long,29897.369,29952.18478842315,29859.290495278365,29952.18478842315,31.732087268027016,1.439546768547624,VWAP,7,-33.330218212228225
2021-02-23 15:00:00,2021-02-23 15:10:00,short,30010.369,30045.19840331872,30045.19840331872,29951.87684530386,29.024502765598225,-1.0000000000000444,SL,2,-34.33021821222827
2021-02-23 15:15:00,2021-02-23 16:15:00,short,30060.519,30000.469,30094.74727809447,29953.252043478256,28.523565078724168,1.7543973387812006,TIMEOUT,12,-32.575820873447064
2021-02-23 19:20:00,2021-02-23 20:05:00,long,29872.269,29960.313866979654,29815.949199666655,29960.313866979654,46.93316694445505,1.5633021860612553,VWAP,9,-31.01251868738581
2021-02-23 21:55:00,2021-02-23 22:35:00,long,29865.269,29817.9435119995,29817.9435119995,29958.60210109289,39.43790666708393,-0.9999999999999982,SL,8,-32.01251868738581
2021-02-23 23:50:00,2021-02-24 00:05:00,long,29850.519,29810.589845439798,29810.589845439798,29951.805054931334,33.27429546683497,-1.0000000000000193,SL,3,-33.01251868738583
2021-02-24 00:50:00,2021-02-24 01:05:00,long,29692.419,29646.984761008167,29646.984761008167,29771.841727272727,37.861865826530114,-0.9999999999999689,SL,3,-34.0125186873858
2021-02-24 01:10:00,2021-02-24 02:10:00,long,29622.269,29732.269,29575.030188779525,29742.291444444443,39.365676017064125,2.3285937380303405,TIMEOUT,12,-31.683924949355458
2021-02-24 07:15:00,2021-02-24 07:20:00,short,29905.319,29927.655540343534,29927.655540343534,29792.860060606057,18.613783619612022,-1.0000000000000069,SL,1,-32.683924949355465
2021-02-24 07:25:00,2021-02-24 08:25:00,short,29935.319,29912.369,29957.970772030905,29795.816222222224,18.87647669242056,1.0131657677240073,TIMEOUT,12,-31.670759181631457
2021-02-24 10:55:00,2021-02-24 11:10:00,short,29935.319,29974.393220979975,29974.393220979975,29820.37089393941,32.561850816646526,-0.9999999999999918,SL,3,-32.670759181631446
2021-02-24 11:15:00,2021-02-24 11:25:00,short,29982.319,30018.845969528556,30018.845969528556,29824.508730392172,30.43914127379858,-0.999999999999963,SL,2,-33.67075918163141
2021-02-24 12:20:00,2021-02-24 13:15:00,short,30030.369,30062.213075245167,30062.213075245167,29840.01660626399,26.536729370972825,-1.0000000000000164,SL,11,-34.670759181631425
2021-02-25 01:05:00,2021-02-25 02:05:00,short,30205.999,30183.469,30236.972207462582,30136.80257142857,25.811006218819415,0.7274028699551331,TIMEOUT,12,-33.94335631167629
2021-02-25 03:05:00,2021-02-25 03:10:00,short,30208.519,30165.18698245614,30232.286857361978,30165.18698245614,19.80654780164894,1.8231352066753057,VWAP,1,-32.12022110500099
2021-02-25 06:40:00,2021-02-25 06:50:00,long,30123.469,30100.74995742909,30100.74995742909,30160.02813580248,18.93253547576046,-0.999999999999988,SL,2,-33.12022110500097
2021-02-25 06:55:00,2021-02-25 07:55:00,long,30098.419,30098.369,30075.280725754998,30158.207809523818,19.281895204171168,-0.0021609217469493566,TIMEOUT,12,-33.12238202674792
2021-02-25 09:10:00,2021-02-25 09:35:00,long,30090.419,30144.887288288286,30068.877050956646,30144.887288288286,17.951624202796985,2.5284754029757863,VWAP,5,-30.593906623772135
2021-02-25 10:05:00,2021-02-25 10:10:00,long,30083.469,30058.391261867855,30058.391261867855,30142.623699453547,20.898115110121093,-1.0000000000000233,SL,1,-31.59390662377216
2021-02-25 10:35:00,2021-02-25 10:40:00,long,30015.519,29981.370244114714,29981.370244114714,30139.158197916662,28.457296571072884,-0.9999999999999555,SL,1,-32.593906623772114
2021-02-25 10:45:00,2021-02-25 10:50:00,long,29983.999,29948.576756405033,29948.576756405033,30136.90331282051,29.51853632913948,-0.9999999999999853,SL,1,-33.5939066237721
2021-02-26 06:40:00,2021-02-26 06:50:00,long,29248.999,29206.449647157628,29206.449647157628,29305.88196296296,35.45779403530877,-1.0000000000000386,SL,2,-34.593906623772135
2021-02-26 07:40:00,2021-02-26 08:00:00,short,29403.369,29306.916204301073,29451.326721405272,29306.916204301073,39.96476783772694,2.0112047210049933,VWAP,4,-32.58270190276714
2021-02-26 08:40:00,2021-02-26 09:40:00,short,29426.319,29418.369,29476.727072601512,29312.297349206354,42.00672716792714,0.1577128342685766,TIMEOUT,12,-32.42498906849856
2021-02-26 10:20:00,2021-02-26 10:30:00,long,29221.519,29162.552962391273,29162.552962391273,29322.201266666674,49.13836467394022,-0.9999999999999747,SL,2,-33.42498906849853
2021-02-26 13:25:00,2021-02-26 13:50:00,short,29428.999,29329.616304526768,29474.646852060203,29329.616304526768,38.0398767168356,2.177160391734559,VWAP,5,-31.247828676763973
2021-02-26 16:05:00,2021-02-28 18:00:00,long,29238.519,29334.04850171823,29180.247873613538,29334.04850171823,48.55927198871765,1.6393968615719836,VWAP,3,-29.608431815191988
2021-02-28 18:40:00,2021-02-28 18:45:00,short,29551.369,29611.812846518827,29611.812846518827,29433.318629629626,50.36987209902363,-1.0000000000000049,SL,1,-30.60843181519199
2021-03-01 00:50:00,2021-03-01 00:55:00,short,29646.369,29676.885509042455,29676.885509042455,29594.87263636363,25.43042420204544,-1.0000000000000537,SL,1,-31.608431815192045
2021-03-01 03:50:00,2021-03-01 04:50:00,long,29531.269,29571.419,29495.490800624902,29599.687581560283,29.815166145914326,1.122191745287975,TIMEOUT,12,-30.48624006990407
2021-03-01 05:10:00,2021-03-01 06:10:00,long,29531.319,29536.999,29503.440853876837,29584.757783068784,23.231788435967754,0.20374382051471202,TIMEOUT,12,-30.282496249389357
2021-03-01 06:15:00,2021-03-01 06:25:00,long,29531.269,29509.664923435077,29509.664923435077,29578.835842105254,18.003397137434803,-1.0000000000000648,SL,2,-31.28249624938942
2021-03-01 06:30:00,2021-03-01 07:30:00,long,29496.519,29511.369,29475.263141321746,29576.246679324882,17.713215565212924,0.6986309151175304,TIMEOUT,12,-30.58386533427189
2021-03-01 07:35:00,2021-03-01 08:05:00,long,29506.419,29566.91671739129,29485.455537638005,29566.91671739129,17.46955196833094,2.885864765400567,VWAP,6,-27.698000568871326
2021-03-01 08:25:00,2021-03-01 09:05:00,long,29531.319,29564.523542483643,29511.323567263433,29564.523542483643,16.662860613805908,1.6606063455140818,VWAP,8,-26.037394223357243
2021-03-01 09:35:00,2021-03-01 09:45:00,short,29606.419,29630.37748818119,29630.37748818119,29563.191155172393,19.965406817659275,-0.9999999999999425,SL,2,-27.037394223357186
2021-03-01 10:20:00,2021-03-01 11:00:00,short,29736.369,29770.896303150825,29770.896303150825,29568.32310666665,28.772752625688632,-0.9999999999999868,SL,8,-28.037394223357172
2021-03-02 04:05:00,2021-03-02 04:15:00,long,29386.369,29341.27278074765,29341.27278074765,29455.775600000008,37.58018271029016,-0.9999999999999849,SL,2,-29.037394223357158
2021-03-02 06:40:00,2021-03-02 07:40:00,short,29571.999,29586.369,29605.29360054641,29462.971469135817,27.745500455343347,-0.43160151388413526,TIMEOUT,12,-29.468995737241293
2021-03-02 09:05:00,2021-03-02 09:25:00,short,29586.419,29613.95285032407,29613.95285032407,29489.398424242434,22.94487527005567,-1.0000000000000187,SL,4,-30.46899573724131
2021-03-02 12:40:00,2021-03-02 13:15:00,short,29586.519,29620.322925765282,29620.322925765282,29502.32468627451,28.169938137734892,-0.9999999999999964,SL,7,-31.468995737241308
2021-03-02 15:05:00,2021-03-02 15:40:00,short,29601.319,29516.030300366278,29627.133775458427,29516.030300366278,21.512312882023995,3.3038714503276587,VWAP,7,-28.16512428691365
2021-03-02 18:50:00,2021-03-02 19:00:00,short,29581.999,29518.663830917856,29611.619626467713,29518.663830917856,24.683855389759778,2.138211666494726,VWAP,2,-26.026912620418923
2021-03-02 19:05:00,2021-03-02 19:10:00,long,29456.269,29518.51069841268,29413.98606838573,29518.51069841268,35.235776345226824,1.472028926009244,VWAP,1,-24.55488369440968
2021-03-02 19:35:00,2021-03-02 19:45:00,long,29408.999,29353.540100976454,29353.540100976454,29517.205049382694,46.21574918628824,-1.000000000000004,SL,2,-25.554883694409682
2021-03-02 23:25:00,2021-03-03 00:05:00,long,29451.419,29505.155081424917,29422.934498048227,29505.155081424917,23.73708495981075,1.8865024045670717,VWAP,8,-23.66838128984261
2021-03-03 02:20:00,2021-03-03 02:30:00,short,29646.999,29675.479784661005,29675.479784661005,29566.258310344823,23.73398721750356,-1.0000000000000466,SL,2,-24.668381289842657
2021-03-03 08:10:00,2021-03-03 08:35:00,long,29633.519,29611.406842557943,29611.406842557943,29669.215868686882,18.42679786838115,-1.0000000000000122,SL,5,-25.668381289842667
2021-03-04 08:25:00,2021-03-04 08:45:00,short,29093.469,29125.792901388875,29125.792901388875,29004.842594771246,26.936584490728322,-1.0000000000000073,SL,4,-26.668381289842674
2021-03-04 09:35:00,2021-03-04 10:05:00,short,29171.419,29016.981528735632,29209.04362178292,29016.981528735632,31.353851485764785,4.104691660568048,VWAP,6,-22.563689629274627
2021-03-04 10:45:00,2021-03-04 11:05:00,short,29166.319,29218.29303764966,29218.29303764966,29024.376846153853,43.31169804138344,-0.999999999999984,SL,4,-23.563689629274613
2021-03-04 12:55:00,2021-03-04 13:50:00,long,28951.319,28877.72984213135,28877.72984213135,29050.249769230766,61.32429822387364,-1.000000000000017,SL,11,-24.56368962927463
2021-03-04 18:10:00,2021-03-04 18:30:00,long,28893.269,28836.434824202992,28836.434824202992,29023.33878224454,47.36181316417299,-1.0000000000000135,SL,4,-25.563689629274645
2021-03-05 03:10:00,2021-03-05 03:45:00,long,28656.519,28731.34481196582,28606.289037139974,28731.34481196582,41.85830238335628,1.489664887356823,VWAP,7,-24.07402474191782
2021-03-05 06:30:00,2021-03-05 06:55:00,short,28841.369,28873.963697793806,28873.963697793806,28737.281742616033,27.162248161505055,-1.0000000000000417,SL,5,-25.074024741917864
2021-03-05 07:00:00,2021-03-05 08:00:00,short,28886.469,28876.469,28919.05569865599,28745.49531372549,27.155582213324294,0.3068736758383497,TIMEOUT,12,-24.767151066079514
2021-03-05 08:55:00,2021-03-05 09:15:00,short,29023.999,29078.322139521184,29078.322139521184,28772.738783950612,45.26928293432047,-0.9999999999999933,SL,4,-25.767151066079506
2021-03-05 11:15:00,2021-03-05 11:30:00,long,28681.999,28612.94834121783,28612.94834121783,28796.426745098037,57.54221565180687,-1.0000000000000138,SL,3,-26.76715106607952
2021-03-05 13:40:00,2021-03-05 14:40:00,short,29016.269,29051.519,29072.423576439214,28801.655747474746,46.7954803660128,-0.6277315623270071,TIMEOUT,12,-27.394882628406528
2021-03-05 15:05:00,2021-03-05 15:40:00,short,29136.999,29182.20827378512,29182.20827378512,28821.870428571416,37.67439482093449,-0.9999999999999667,SL,7,-28.394882628406496
2021-03-07 22:10:00,2021-03-07 22:30:00,long,28878.999,28814.896093296025,28814.896093296025,29147.14331372549,53.41908891997791,-1.0000000000000149,SL,4,-29.39488262840651
2021-03-08 08:20:00,2021-03-08 08:45:00,short,28821.419,28861.13775210901,28861.13775210901,28715.181145214527,33.098960090840336,-1.000000000000017,SL,5,-30.394882628406528
2021-03-08 09:00:00,2021-03-08 09:40:00,short,28881.269,28919.36783888892,28919.36783888892,28724.658571865453,31.74903240743468,-0.9999999999999577,SL,8,-31.394882628406485
2021-03-08 19:00:00,2021-03-08 19:10:00,long,28731.319,28676.437608071144,28676.437608071144,28833.785060606064,45.734493274045604,-1.000000000000005,SL,2,-32.39488262840649
2021-03-08 22:35:00,2021-03-08 23:35:00,short,29006.519,28933.369,29073.591630042392,28824.208153439147,55.89385836866014,1.0906087916005112,TIMEOUT,12,-31.30427383680598
2021-03-09 02:45:00,2021-03-09 03:05:00,long,28943.469,28999.725372549015,28905.323420148085,28999.725372549015,31.787983209929116,1.4747808990558673,VWAP,4,-29.82949293775011
2021-03-09 04:10:00,2021-03-09 04:35:00,short,29066.319,29102.652171910187,29102.652171910187,29003.23462091503,30.277643258489064,-1.0000000000000298,SL,5,-30.82949293775014
2021-03-09 04:40:00,2021-03-09 05:05:00,short,29146.269,29179.629545561726,29179.629545561726,29012.62601754386,27.800454634769753,-1.000000000000048,SL,5,-31.82949293775019
2021-03-09 12:10:00,2021-03-09 13:10:00,short,29246.519,29266.519,29276.975457121112,29113.092764172347,25.380380934260018,-0.6566751976590297,TIMEOUT,12,-32.486168135409216
2021-03-09 19:35:00,2021-03-09 20:35:00,long,28983.369,28993.369,28927.074333870587,29150.333290123435,46.912221774509916,0.17763672275827508,TIMEOUT,12,-32.30853141265094
2021-03-09 22:40:00,2021-03-09 22:55:00,long,29071.369,29027.36340024465,29027.36340024465,29136.084757575733,36.67133312945838,-0.9999999999999982,SL,3,-33.30853141265094
2021-03-09 23:05:00,2021-03-09 23:45:00,long,29009.269,29134.25548578809,28968.540812619067,29134.25548578809,33.940156150777845,3.0687956873475004,VWAP,8,-30.239735725303444
2021-03-10 03:05:00,2021-03-10 03:10:00,long,28971.999,29014.398912280692,28945.263096958824,29014.398912280692,22.279919200980817,1.585879190816594,VWAP,1,-28.65385653448685
2021-03-10 03:45:00,2021-03-10 04:15:00,short,29079.269,29107.72800925065,29107.72800925065,29019.974072463763,23.71584104220924,-1.0000000000000122,SL,6,-29.65385653448686
2021-03-10 08:35:00,2021-03-10 09:00:00,short,29106.319,29131.937374422243,29131.937374422243,29051.52342307692,21.348645351868733,-1.00000000000004,SL,5,-30.6538565344869
2021-03-10 09:05:00,2021-03-10 09:50:00,short,29131.369,29159.56499897134,29159.56499897134,29054.74354545455,23.4966658094482,-1.0000000000000615,SL,9,-31.65385653448696
2021-03-10 09:55:00,2021-03-10 10:55:00,short,29179.419,29134.419,29209.534267496903,29061.374638888894,25.096056247418456,1.4942586847229231,TIMEOUT,12,-30.159597849764037
2021-03-10 18:05:00,2021-03-10 18:45:00,short,29161.269,29094.926996633007,29187.453899941327,29094.926996633007,21.820749951106034,2.533597742043955,VWAP,8,-27.62600010772008
2021-03-10 18:55:00,2021-03-10 19:05:00,long,29051.519,29096.177750000006,29021.285462002437,29096.177750000006,25.19461499796813,1.4771261637856463,VWAP,2,-26.148873943934436
2021-03-11 00:50:00,2021-03-11 01:00:00,short,29250.319,29193.361424242426,29279.583765548712,29193.361424242426,24.38730462392783,1.9462850526775253,VWAP,2,-24.202588891256912
2021-03-11 01:50:00,2021-03-11 02:20:00,short,29280.319,29307.81270947381,29307.81270947381,29216.539579710137,22.911424561506315,-1.0000000000000462,SL,6,-25.20258889125696
2021-03-11 02:25:00,2021-03-11 02:35:00,short,29310.319,29335.49362453063,29335.49362453063,29235.146666666664,20.978853775526986,-0.9999999999999556,SL,2,-26.202588891256916
2021-03-11 02:40:00,2021-03-11 03:40:00,short,29335.999,29315.369,29361.500789392783,29243.41556565656,21.251491160653238,0.8089628410874803,TIMEOUT,12,-25.393626050169434
2021-03-11 14:45:00,2021-03-11 14:50:00,long,29285.419,29269.582863847365,29269.582863847365,29308.205704119853,13.196780127198696,-0.9999999999998939,SL,1,-26.393626050169328
2021-03-11 14:55:00,2021-03-11 15:55:00,long,29260.419,29280.469,29243.419249950024,29307.78109259259,14.166458374982415,1.1794291057840678,TIMEOUT,12,-25.21419694438526
2021-03-11 18:05:00,2021-03-11 18:15:00,short,29382.419,29405.253672687344,29405.253672687344,29305.325363636366,19.028893906117844,-1.0000000000000429,SL,2,-26.214196944385304
2021-03-11 19:35:00,2021-03-11 19:45:00,long,29227.269,29309.15677777778,29165.970891297893,29309.15677777778,51.08175725175646,1.3358940350954454,VWAP,2,-24.878302909289857
2021-03-11 21:15:00,2021-03-11 22:15:00,short,29530.319,29525.519,29584.45950659518,29313.696655367232,45.11708882931789,0.0886582025522915,TIMEOUT,12,-24.789644706737565
2021-03-12 06:30:00,2021-03-12 07:30:00,long,29557.269,29572.469,29534.432618623145,29631.013683544323,19.030317814047653,0.6656045784646377,TIMEOUT,12,-24.124040128272927
2021-03-12 09:05:00,2021-03-12 09:35:00,long,29592.269,29620.30624242426,29571.51333658346,29620.30624242426,17.296386180450725,1.350823717921529,VWAP,6,-22.7732164103514
2021-03-12 15:25:00,2021-03-12 15:50:00,short,29705.319,29719.045045147144,29719.045045147144,29624.915630824387,11.438370955952749,-1.0000000000001066,SL,5,-23.773216410351505
2021-03-15 01:20:00,2021-03-15 02:20:00,long,29704.319,29699.269,29665.930710242144,29759.06154901961,31.99024146488066,-0.13155053355732546,TIMEOUT,12,-23.904766943908832
2021-03-15 04:20:00,2021-03-15 05:20:00,short,29784.519,29772.519,29808.261874065345,29739.946358490568,19.785728387786964,0.5054148022254591,TIMEOUT,12,-23.399352141683373
2021-03-15 06:25:00,2021-03-15 07:25:00,long,29717.469,29707.469,29697.690098873794,29750.644769230756,16.4824176051717,-0.5055892608083523,TIMEOUT,12,-23.904941402491726
2021-03-15 08:50:00,2021-03-15 09:00:00,long,29722.469,29743.65149221183,29705.72520583834,29743.65149221183,13.953161801386987,1.2650951156773478,VWAP,2,-22.63984628681438
2021-03-15 10:25:00,2021-03-15 10:30:00,long,29707.319,29688.357049446146,29688.357049446146,29740.658523809518,15.801625461545692,-0.9999999999999545,SL,1,-23.639846286814333
2021-03-15 10:35:00,2021-03-15 10:40:00,long,29612.519,29587.437930389788,29587.437930389788,29739.305692708323,20.90089134184302,-1.0000000000000382,SL,1,-24.63984628681437
2021-03-15 13:25:00,2021-03-15 14:10:00,short,29757.999,29730.61154658385,29773.510662123925,29730.61154658385,12.926385103269979,1.7656040466425023,VWAP,9,-22.87424224017187
2021-03-15 14:50:00,2021-03-15 14:55:00,short,29777.419,29792.828868297027,29792.828868297027,29732.30561048689,12.841556914186334,-1.0000000000001066,SL,1,-23.874242240171977
2021-03-15 15:00:00,2021-03-15 17:00:00,short,29812.469,29829.52273337856,29829.52273337856,29733.07572222222,14.211444482130023,-1.0000000000001044,SL,4,-24.87424224017208
2021-03-15 17:05:00,2021-03-15 18:15:00,short,29847.319,29839.469,29864.234160356034,29735.388117117112,14.0959669633626,0.46408073200427935,TIMEOUT,12,-24.4101615081678
2021-03-15 20:10:00,2021-03-15 20:15:00,short,29924.469,29965.787796126035,29965.787796126035,29749.75874242424,34.43233010502793,-1.0000000000000047,SL,1,-25.410161508167803
2021-03-15 20:20:00,2021-03-15 20:55:00,short,29972.369,30014.27755380255,30014.27755380255,29751.709885885884,34.92379483545791,-1.000000000000016,SL,7,-26.410161508167818
2021-03-16 02:50:00,2021-03-16 03:10:00,long,29887.999,29866.110372060182,29866.110372060182,29917.77557142857,18.240523283182497,-0.9999999999999328,SL,4,-27.41016150816775
2021-03-16 04:35:00,2021-03-16 04:40:00,long,29869.369,29849.86592513236,29849.86592513236,29902.46977380952,16.252562389700184,-0.9999999999999863,SL,1,-28.410161508167736
2021-03-16 04:45:00,2021-03-16 05:45:00,long,29852.519,29877.319,29832.79306299678,29900.846816091955,16.438280836016965,1.2572279834387867,TIMEOUT,12,-27.15293352472895
2021-03-16 07:00:00,2021-03-16 07:10:00,short,29932.319,29946.67437957458,29946.67437957458,29897.20285098039,11.962816312148279,-1.0000000000000933,SL,2,-28.152933524729043
2021-03-16 09:30:00,2021-03-16 10:00:00,short,29932.369,29900.83987536231,29950.96218315781,29900.83987536231,15.494319298176372,1.695735709699652,VWAP,6,-26.457197815029392
2021-03-16 13:20:00,2021-03-16 13:30:00,long,29882.319,29865.18787689359,29865.18787689359,29906.331530020692,14.275935922008681,-0.9999999999999807,SL,2,-27.457197815029375
2021-03-16 13:45:00,2021-03-16 14:45:00,long,29832.419,29887.519,29812.92769955311,29904.826172690755,16.242750372408715,2.826902194142152,TIMEOUT,12,-24.63029562088722
2021-03-16 14:55:00,2021-03-16 17:05:00,long,29862.469,29840.824738446012,29840.824738446012,29902.301225925927,18.036884628325467,-0.9999999999999304,SL,6,-25.63029562088715
2021-03-16 17:35:00,2021-03-16 18:00:00,long,29827.469,29808.608101768885,29808.608101768885,29899.23821815009,15.717415192595967,-1.0000000000000528,SL,2,-26.630295620887203
2021-03-16 22:40:00,2021-03-16 23:40:00,long,29842.319,29877.319,29809.74530395866,29899.2408099063,27.144746701114745,1.0744866027970301,TIMEOUT,12,-25.555809018090173
2021-03-17 05:40:00,2021-03-17 06:05:00,short,29912.999,29890.981898550715,29924.965625839704,29890.981898550715,9.972188199753449,1.839875479037183,VWAP,5,-23.71593353905299
2021-03-17 06:20:00,2021-03-17 06:35:00,long,29867.419,29853.91919389884,29853.91919389884,29891.639779220775,11.249838417633823,-1.0000000000000369,SL,3,-24.715933539053026
2021-03-17 06:40:00,2021-03-17 07:00:00,long,29852.319,29837.486481620803,29837.486481620803,29890.00113991769,12.36043198266457,-0.999999999999947,SL,4,-25.715933539052973
2021-03-17 08:05:00,2021-03-17 08:45:00,long,29859.519,29885.073013605444,29845.83027257579,29885.073013605444,11.407272853507695,1.8667924938187153,VWAP,8,-23.84914104523426
2021-03-17 09:30:00,2021-03-17 09:45:00,long,29857.999,29841.38910732485,29841.38910732485,29882.874339130434,13.841577229291122,-1.000000000000103,SL,3,-24.84914104523436
2021-03-17 11:40:00,2021-03-17 12:40:00,long,29857.999,29872.319,29840.872937288914,29880.380281323876,14.271718925905459,0.8361524911811553,TIMEOUT,12,-24.012988554053205
2021-03-17 12:55:00,2021-03-17 13:00:00,long,29857.999,29878.84030769231,29842.252828551955,29878.84030769231,13.121809540038774,1.3235793704567695,VWAP,1,-22.689409183596435
2021-03-17 13:10:00,2021-03-17 13:40:00,short,29967.369,29992.948187562448,29992.948187562448,29879.60311320755,21.315989635373523,-1.0000000000000333,SL,6,-23.689409183596467
2021-03-18 02:40:00,2021-03-18 03:40:00,long,30184.319,30152.29481291977,30152.29481291977,30226.57001010101,26.686822566858964,-1.0000000000000095,SL,12,-24.689409183596478
2021-03-18 03:45:00,2021-03-18 03:55:00,long,30104.369,30069.969814933636,30069.969814933636,30213.03965217391,28.665987555303257,-0.9999999999999564,SL,2,-25.689409183596435
2021-03-18 06:15:00,2021-03-18 06:35:00,long,30129.269,30109.28798317058,30109.28798317058,30182.978473684216,16.650847357851738,-0.9999999999999305,SL,4,-26.689409183596364
2021-03-18 06:40:00,2021-03-18 07:40:00,long,30109.319,30109.999,30087.21935037922,30179.493814814825,18.41637468398361,0.030769718600465328,TIMEOUT,12,-26.6586394649959
2021-03-18 12:00:00,2021-03-18 12:40:00,long,30109.369,30161.933896551716,30083.784275379563,30161.933896551716,21.32060385036373,2.0545422056147493,VWAP,8,-24.604097259381152
2021-03-18 13:15:00,2021-03-18 13:30:00,long,30116.319,30090.272726729945,30090.272726729945,30160.872125000005,21.705227725046,-0.9999999999999682,SL,3,-25.60409725938112
2021-03-18 13:35:00,2021-03-18 13:40:00,long,30041.519,30012.07845129982,30012.07845129982,30159.14036178862,24.53379058348189,-1.0000000000000122,SL,1,-26.60409725938113
2021-03-18 14:45:00,2021-03-18 17:25:00,long,29939.319,29974.369,29897.656051881815,30147.969636704125,34.71912343182057,0.8412750797320786,TIMEOUT,12,-25.762822179649053
2021-03-19 04:30:00,2021-03-19 04:40:00,long,29696.319,29737.374454545454,29664.987180928543,29737.374454545454,26.109849226212525,1.3103437898649808,VWAP,2,-24.452478389784073
2021-03-19 05:15:00,2021-03-19 06:10:00,long,29676.519,29645.565942619272,29645.565942619272,29734.979885416673,25.794214483940827,-0.9999999999999628,SL,11,-25.452478389784037
2021-03-22 01:15:00,2021-03-22 02:15:00,long,29108.419,29061.314505346145,29061.314505346145,29191.168583333332,39.253745544881326,-0.9999999999999836,SL,12,-26.45247838978402
2021-03-22 08:15:00,2021-03-22 08:50:00,short,29116.319,29134.643844211998,29134.643844211998,29080.480966666662,15.270703509999043,-0.9999999999999767,SL,7,-27.452478389783995
2021-03-22 08:55:00,2021-03-22 09:45:00,short,29216.369,29244.656691372107,29244.656691372107,29083.62251851852,23.573076143423222,-1.0000000000000184,SL,10,-28.452478389784012
2021-03-22 09:50:00,2021-03-22 10:50:00,short,29256.369,29256.519,29289.544550768485,29095.348271708684,27.646292307073494,-0.004521401951943862,TIMEOUT,12,-28.456999791735957
2021-03-22 22:15:00,2021-03-22 22:55:00,long,29141.419,29097.14883926076,29097.14883926076,29203.099322580645,36.89180061603407,-1.000000000000002,SL,8,-29.45699979173596
2021-03-23 10:15:00,2021-03-23 11:15:00,short,29081.519,29071.469,29116.295608454187,28989.490881720445,28.980507045155306,0.2889873523244463,TIMEOUT,12,-29.168012439411513
2021-03-23 12:00:00,2021-03-23 13:00:00,short,29081.369,28999.83881609197,29112.94304161817,28999.83881609197,26.311701348478564,2.5821902971426405,VWAP,12,-26.58582214226887
2021-03-23 13:40:00,2021-03-23 13:55:00,long,28951.419,28924.70483880374,28924.70483880374,29003.937141414146,22.26180099688431,-1.0000000000000144,SL,3,-27.585822142268885
2021-03-23 14:00:00,2021-03-23 14:25:00,long,28896.469,28869.268348346355,28869.268348346355,29002.175646942796,22.667209711370464,-1.0000000000000444,SL,5,-28.58582214226893
2021-03-24 06:15:00,2021-03-24 07:15:00,short,28551.469,28521.319,28582.37891836586,28449.797464912284,25.758265304881405,0.9754150639654999,TIMEOUT,12,-27.61040707830343
2021-03-24 08:35:00,2021-03-24 08:40:00,short,28561.269,28583.3942453126,28583.3942453126,28469.926852564095,18.437704427167024,-0.9999999999999749,SL,1,-28.610407078303407
2021-03-24 08:45:00,2021-03-24 09:45:00,short,28591.369,28591.469,28615.39791049913,28471.982364779866,20.024092082608412,-0.0041616535217359535,TIMEOUT,12,-28.61456873182514
2021-03-24 09:50:00,2021-03-24 09:55:00,short,28606.419,28639.829810874147,28639.829810874147,28481.705610644247,27.842342395121555,-0.9999999999999944,SL,1,-29.614568731825134
2021-03-24 10:00:00,2021-03-24 10:10:00,short,28631.269,28665.07572978434,28665.07572978434,28484.11426170798,28.172274820283327,-1.0000000000000255,SL,2,-30.61456873182516
2021-03-24 11:10:00,2021-03-24 12:10:00,short,28668.319,28616.419,28699.066541658238,28500.371641975296,25.622951381864144,1.6879398222099589,TIMEOUT,12,-28.9266289096152
2021-03-24 12:40:00,2021-03-24 13:40:00,short,28648.369,28556.419,28680.558023673195,28516.797409586048,26.824186394330617,2.8565638067662897,TIMEOUT,12,-26.07006510284891
2021-03-24 15:00:00,2021-03-24 17:40:00,long,28471.319,28501.469,28432.63669441567,28526.815187845303,32.23525465360903,0.7794261366937344,TIMEOUT,12,-25.29063896615518
2021-03-24 18:30:00,2021-03-24 18:35:00,long,28483.999,28461.789503704073,28461.789503704073,28523.18526865671,18.507913579938975,-1.000000000000021,SL,1,-26.2906389661552
2021-03-24 21:20:00,2021-03-24 22:20:00,short,28738.519,28631.519,28805.227726412457,28525.306602836878,55.59060534371309,1.6039880500554902,TIMEOUT,12,-24.68665091609971
2021-03-25 03:20:00,2021-03-25 03:30:00,short,28851.269,28893.35018517346,28893.35018517346,28767.313065040646,35.06765431121667,-1.000000000000037,SL,2,-25.686650916099744
2021-03-25 03:35:00,2021-03-25 04:35:00,short,28931.469,28896.269,28977.529467866654,28775.799151515148,38.38372322220965,0.7642128191556216,TIMEOUT,12,-24.922438096944123
2021-03-25 05:50:00,2021-03-25 06:30:00,short,28931.999,28827.681394366202,28957.96519145582,28827.681394366202,21.638492879851366,4.017439592990826,VWAP,8,-20.904998503953298
2021-03-25 06:35:00,2021-03-25 06:40:00,long,28791.319,28760.744043780312,28760.744043780312,28833.99654166667,25.479130183073792,-0.9999999999999497,SL,1,-21.904998503953248
2021-03-25 06:55:00,2021-03-25 07:45:00,long,28721.269,28687.138659189128,28687.138659189128,28830.05888095238,28.441950675727792,-0.9999999999999734,SL,10,-22.904998503953223
2021-03-25 09:50:00,2021-03-25 10:50:00,long,28693.369,28773.999,28646.54457051282,28799.57871988795,39.02035790598297,1.7219643866045897,TIMEOUT,12,-21.183034117348633
2021-03-25 11:20:00,2021-03-25 11:45:00,short,28883.269,28927.36253093591,28927.36253093591,28795.44026520681,36.74460911325768,-0.9999999999999803,SL,5,-22.183034117348612
2021-03-25 12:15:00,2021-03-25 13:15:00,short,28996.319,28931.269,29036.275269507038,28805.63816666667,33.2968912558641,1.628029863712451,TIMEOUT,12,-20.55500425363616
2021-03-28 23:15:00,2021-03-28 23:35:00,long,29421.469,29471.217176100636,29382.298268038205,29471.217176100636,32.642276634830374,1.2700343753891186,VWAP,4,-19.28496987824704
2021-03-29 01:10:00,2021-03-29 01:15:00,long,29423.469,29382.80480024993,29382.80480024993,29511.248111111112,33.886833125059034,-0.999999999999982,SL,1,-20.284969878247022
2021-03-29 01:20:00,2021-03-29 02:20:00,long,29231.999,29323.419,29168.788480827745,29484.082725490196,52.675432643545676,1.446278265028539,TIMEOUT,12,-18.838691613218483
2021-03-29 09:35:00,2021-03-29 09:40:00,short,29448.519,29469.152273816115,29469.152273816115,29399.15037931035,17.194394846762783,-0.9999999999999606,SL,1,-19.838691613218444
2021-03-29 12:40:00,2021-03-29 12:45:00,short,29473.419,29503.18404905002,29503.18404905002,29403.025928104587,24.804207541682484,-1.000000000000035,SL,1,-20.83869161321848
2021-03-29 12:50:00,2021-03-29 12:55:00,short,29496.419,29526.49841474211,29526.49841474211,29404.212913978503,25.066178951756736,-0.9999999999999798,SL,1,-21.838691613218458
2021-03-29 13:00:00,2021-03-29 13:35:00,short,29526.419,29557.927903527634,29557.927903527634,29405.66878768578,26.257419606361548,-0.9999999999999524,SL,7,-22.838691613218412
2021-03-29 19:30:00,2021-03-29 19:40:00,long,29392.419,29427.8190157978,29364.704087651553,29427.8190157978,23.09576029037521,1.2772912774438767,VWAP,2,-21.561400335774536
2021-03-30 01:10:00,2021-03-30 01:30:00,long,29361.269,29398.45655555556,29332.831468940705,29398.45655555556,23.697942549413717,1.3076928330387843,VWAP,4,-20.25370750273575
2021-03-30 02:20:00,2021-03-30 03:20:00,short,29479.519,29484.419,29511.696964308027,29408.332333333336,26.814970256688877,-0.1522781227891154,TIMEOUT,12,-20.405985625524867
2021-03-30 03:25:00,2021-03-30 03:30:00,short,29484.519,29510.672948532516,29510.672948532516,29427.48320634921,21.79495711042894,-1.000000000000035,SL,1,-21.405985625524902
2021-03-30 03:35:00,2021-03-30 04:35:00,short,29524.319,29484.269,29553.752353581607,29431.1461969697,24.527794651339345,1.3607012156788807,TIMEOUT,12,-20.045284409846023
2021-03-30 07:15:00,2021-03-30 07:50:00,long,29419.469,29400.99438551693,29400.99438551693,29454.176196969693,15.39551206922621,-1.0000000000000022,SL,7,-21.045284409846026
2021-03-30 08:35:00,2021-03-30 08:45:00,long,29404.469,29388.017124516038,29388.017124516038,29448.60069871795,13.709896236635725,-0.9999999999999954,SL,2,-22.045284409846023
2021-03-30 11:55:00,2021-03-30 12:55:00,long,29359.999,29364.999,29331.17885149608,29429.363212962966,24.016790419935052,0.1734897375466182,TIMEOUT,12,-21.871794672299405
2021-03-30 14:00:00,2021-03-30 15:00:00,long,29364.369,29399.319,29342.810552417886,29420.206218934916,17.965372985092316,1.6211742458210339,TIMEOUT,12,-20.25062042647837
2021-03-30 15:40:00,2021-03-30 15:50:00,long,29391.469,29370.89393266732,29370.89393266732,29417.718717813033,17.145889443901435,-0.9999999999999256,SL,2,-21.250620426478296
2021-03-30 15:55:00,2021-03-30 18:00:00,long,29344.999,29322.49649893225,29322.49649893225,29416.943878472204,18.752084223123706,-1.0000000000000293,SL,5,-22.250620426478324
2021-03-30 18:05:00,2021-03-30 19:10:00,long,29299.519,29324.319,29273.5210280309,29414.963932659914,21.66497664091536,0.9539205607836225,TIMEOUT,12,-21.296699865694702
2021-03-30 19:50:00,2021-03-30 19:55:00,long,29306.319,29277.82614014841,29277.82614014841,29406.480513761435,23.744049876324425,-1.000000000000051,SL,1,-22.29669986569475
2021-03-30 20:00:00,2021-03-30 20:05:00,long,29249.319,29215.3461769647,29215.3461769647,29405.190181818147,28.31068586274922,-1.000000000000009,SL,1,-23.296699865694762
2021-03-30 20:10:00,2021-03-30 20:15:00,long,29214.269,29173.768045444052,29173.768045444052,29403.44314414411,33.75079546328882,-1.0000000000000309,SL,1,-24.296699865694794
2021-03-30 21:30:00,2021-03-30 22:05:00,long,29244.269,29194.96441447996,29194.96441447996,29395.035064425738,41.08715460003246,-1.0000000000000178,SL,7,-25.296699865694812
2021-03-31 00:55:00,2021-03-31 01:15:00,long,29184.319,29228.985111111106,29154.441132081494,29228.985111111106,24.898223265421446,1.4949564417694234,VWAP,4,-23.801743423925387
2021-03-31 04:35:00,2021-03-31 05:35:00,long,29191.519,29216.269,29165.99399679848,29224.662749999992,21.270836001267803,0.9696374885674777,TIMEOUT,12,-22.83210593535791
2021-03-31 07:50:00,2021-03-31 08:10:00,short,29264.369,29279.085156141424,29279.085156141424,29224.16710526317,12.263463451188603,-0.9999999999999113,SL,4,-23.83210593535782
2021-03-31 09:30:00,2021-03-31 09:35:00,short,29296.999,29312.414095656186,29312.414095656186,29231.60007246378,12.845913046820629,-1.0000000000000917,SL,1,-24.832105935357912
2021-03-31 10:05:00,2021-03-31 10:50:00,short,29316.999,29336.187909374064,29336.187909374064,29235.753398907116,15.990757811721876,-0.9999999999999182,SL,9,-25.83210593535783
2021-03-31 10:55:00,2021-03-31 11:55:00,short,29344.999,29354.519,29367.4425169745,29241.466525252534,18.70293081208431,-0.42417594402946857,TIMEOUT,12,-26.2562818793873
2021-04-01 03:40:00,2021-04-01 04:15:00,short,29489.419,29515.849786657825,29515.849786657825,29411.23211111111,22.02565554818781,-0.9999999999999395,SL,7,-27.256281879387238
2021-04-01 07:30:00,2021-04-01 07:45:00,short,29484.999,29498.104210686448,29498.104210686448,29448.80460439561,10.921008905372995,-1.00000000000004,SL,3,-28.256281879387277
2021-04-01 08:55:00,2021-04-01 09:15:00,short,29519.999,29532.265585302932,29532.265585302932,29457.288537037053,10.222154419110199,-0.9999999999999863,SL,4,-29.256281879387263
2021-04-05 06:35:00,2021-04-05 07:35:00,short,30114.269,30109.469,30124.88965093398,30093.248957805918,8.850542444983729,0.4519496996781814,TIMEOUT,12,-28.804332179709082
2021-04-05 10:05:00,2021-04-05 10:10:00,long,30059.469,30044.163500898958,30044.163500898958,30095.821617079895,12.754582584201257,-1.0000000000001037,SL,1,-29.804332179709185
2021-04-05 12:30:00,2021-04-05 12:35:00,short,30124.519,30138.2132813233,30138.2132813233,30095.14584444444,11.411901102751292,-0.9999999999998829,SL,1,-30.804332179709068
2021-04-07 02:10:00,2021-04-07 03:10:00,long,29696.469,29689.419,29664.480822647864,29737.123444444438,26.65681446011384,-0.22039392624313986,TIMEOUT,12,-31.024726105952208
2021-04-07 03:35:00,2021-04-07 04:35:00,long,29681.999,29656.65090613306,29656.65090613306,29722.55066666667,21.12341155578285,-0.9999999999999496,SL,12,-32.024726105952155
2021-04-07 04:40:00,2021-04-07 05:20:00,long,29654.999,29630.69997869489,29630.69997869489,29712.845374269,20.249184420922965,-1.0000000000000555,SL,8,-33.02472610595221
2021-04-07 05:35:00,2021-04-07 06:35:00,long,29616.999,29619.269,29592.42564538556,29701.651892156857,20.477795512032966,0.09237647995632477,TIMEOUT,12,-32.93234962599589
2021-04-07 06:45:00,2021-04-07 07:45:00,long,29609.419,29624.419,29591.60159728437,29688.762495934952,14.847835596357987,0.8418735457352529,TIMEOUT,12,-32.090476080260636
2021-04-07 07:50:00,2021-04-07 08:15:00,long,29611.469,29595.214784133117,29595.214784133117,29679.757947368416,13.545179889070182,-0.9999999999999803,SL,5,-33.090476080260615
2021-04-07 08:20:00,2021-04-07 08:30:00,long,29569.999,29553.764069585402,29553.764069585402,29674.849825082503,13.529108678832621,-0.9999999999998882,SL,2,-34.0904760802605
2021-04-07 08:55:00,2021-04-07 09:55:00,long,29559.999,29624.319,29542.591176886424,29667.75995679012,14.506519261313676,3.694890485751568,TIMEOUT,12,-30.395585594508933
2021-04-07 10:00:00,2021-04-07 10:25:00,long,29609.319,29660.45420661156,29589.791551153023,29660.45420661156,16.27287403914592,2.618632214186163,VWAP,5,-27.77695338032277
2021-04-07 11:30:00,2021-04-07 11:40:00,long,29634.319,29614.51979837541,29614.51979837541,29659.98528297362,16.499334687157855,-0.9999999999999292,SL,2,-28.7769533803227
2021-04-07 11:45:00,2021-04-07 12:45:00,long,29599.369,29614.319,29577.913088203633,29658.98876525821,17.87992649697012,0.6967776593178441,TIMEOUT,12,-28.080175721004853
2021-04-07 19:20:00,2021-04-07 19:35:00,short,29691.519,29707.360849006927,29707.360849006927,29654.124756097568,13.201540839105569,-1.000000000000025,SL,3,-29.080175721004878
2021-04-07 20:05:00,2021-04-07 20:30:00,long,29554.999,29522.890674899507,29522.890674899507,29654.961741433028,26.756937583745113,-0.999999999999963,SL,5,-30.080175721004842
2021-04-07 22:20:00,2021-04-07 23:00:00,long,29589.519,29645.85285892116,29553.49883636695,29645.85285892116,30.016803027542547,1.5639534427175543,VWAP,8,-28.516222278287287
2021-04-07 23:35:00,2021-04-08 00:05:00,long,29604.419,29644.270718750005,29575.690677979223,29644.270718750005,23.940268350650626,1.387192705552969,VWAP,6,-27.129029572734318
2021-04-08 01:30:00,2021-04-08 01:55:00,short,29674.269,29696.18661302659,29696.18661302659,29635.40198245614,18.26467752215846,-1.000000000000058,SL,5,-28.129029572734375
2021-04-08 03:55:00,2021-04-08 04:30:00,long,29599.469,29576.75656101932,29576.75656101932,29643.03048936171,18.927032483901545,-0.9999999999999768,SL,7,-29.12902957273435
2021-04-08 04:40:00,2021-04-08 04:50:00,long,29569.469,29547.42901819401,29547.42901819401,29635.041202380962,18.366651504993136,-1.0000000000000238,SL,2,-30.129029572734375
2021-04-08 06:20:00,2021-04-08 06:40:00,long,29596.369,29623.90303508772,29578.42289575262,29623.90303508772,14.955086872814766,1.5342625178243239,VWAP,4,-28.59476705491005
2021-04-08 06:55:00,2021-04-08 07:30:00,long,29601.369,29585.32563069253,29585.32563069253,29622.75092771085,13.369474422891203,-1.0000000000000426,SL,7,-29.594767054910093
2021-04-08 07:35:00,2021-04-08 08:35:00,long,29584.999,29571.78794813493,29571.78794813493,29620.337168498176,11.009209887558455,-0.9999999999999699,SL,12,-30.594767054910065
2021-04-08 08:40:00,2021-04-08 09:40:00,long,29554.269,29584.319,29539.96070917551,29615.346756410265,11.923575687074738,2.1001809628139863,TIMEOUT,12,-28.49458609209608
2021-04-08 09:45:00,2021-04-08 09:50:00,long,29559.269,29541.9374669717,29541.9374669717,29611.874754985758,14.442944190249937,-1.0000000000000233,SL,1,-29.494586092096103
2021-04-08 11:30:00,2021-04-08 12:30:00,short,29659.519,29664.319,29679.133314906285,29611.088830917874,16.34526242190349,-0.24471922791763737,TIMEOUT,12,-29.73930532001374
2021-04-08 14:15:00,2021-04-08 14:30:00,short,29659.519,29671.187010366597,29671.187010366597,29619.29808382068,9.7233419721652,-0.9999999999998697,SL,3,-30.73930532001361
2021-04-08 14:35:00,2021-04-08 15:10:00,short,29669.469,29680.163041339038,29680.163041339038,29620.350200000023,8.911701115863597,-1.0000000000000293,SL,7,-31.73930532001364
2021-04-08 15:40:00,2021-04-08 16:05:00,short,29694.419,29705.77080292732,29705.77080292732,29624.18022340428,9.459835772763942,-1.00000000000013,SL,5,-32.73930532001377
2021-04-08 18:00:00,2021-04-08 18:20:00,short,29769.369,29786.398752231362,29786.398752231362,29627.787724489826,14.191460192803177,-0.9999999999999577,SL,3,-33.73930532001373
2021-04-09 01:45:00,2021-04-09 01:50:00,long,29831.319,29801.453599668308,29801.453599668308,29872.444000000003,24.88783360974354,-0.9999999999999746,SL,1,-34.7393053200137
2021-04-09 01:55:00,2021-04-09 02:45:00,long,29794.319,29763.9470374691,29763.9470374691,29867.071638888894,25.3099687757482,-1.000000000000025,SL,10,-35.73930532001373
2021-04-09 02:50:00,2021-04-09 03:50:00,long,29759.369,29799.319,29736.374760776183,29837.942142857144,19.161866019844798,1.7373916836799237,TIMEOUT,12,-34.0019136363338
2021-04-09 04:15:00,2021-04-09 05:00:00,long,29759.369,29816.703166666666,29736.53751644946,29816.703166666666,19.026236292114675,2.5111888388574473,VWAP,9,-31.490724797476357
2021-04-09 07:25:00,2021-04-09 08:25:00,short,29869.469,29844.419,29884.84802102123,29815.670740740745,12.815850851023598,1.6288423018228333,TIMEOUT,12,-29.861882495653525
2021-04-09 09:35:00,2021-04-09 10:30:00,short,29859.319,29821.789862068978,29876.891916295244,29821.789862068978,14.644096912702686,2.135623780395555,VWAP,11,-27.72625871525797
2021-04-09 15:25:00,2021-04-09 15:40:00,short,29874.319,29887.17577851819,29887.17577851819,29826.1174864865,10.713982098493487,-0.9999999999999294,SL,3,-28.7262587152579
2021-04-09 15:45:00,2021-04-09 15:50:00,short,29884.269,29897.127010080647,29897.127010080647,29827.270569664917,10.715008400538313,-1.0000000000000513,SL,1,-29.72625871525795
2021-04-09 15:55:00,2021-04-09 16:00:00,short,29899.269,29912.809018896067,29912.809018896067,29827.99847643981,11.283349080055942,-0.9999999999999618,SL,1,-30.72625871525791
2021-04-12 05:50:00,2021-04-12 06:50:00,short,29639.269,29624.419,29658.793888414642,29594.233553990598,16.27074034553512,0.7605677269255071,TIMEOUT,12,-29.9656909883324
2021-04-12 07:00:00,2021-04-12 07:05:00,short,29634.469,29649.82059616655,29649.82059616655,29600.344921568623,12.792996805458857,-1.0000000000000069,SL,1,-30.96569098833241
2021-04-12 07:10:00,2021-04-12 07:25:00,short,29649.469,29664.78483547014,29664.78483547014,29601.436203065132,12.763196225115054,-0.9999999999999464,SL,3,-31.965690988332355
2021-04-12 09:40:00,2021-04-12 09:50:00,short,29644.469,29610.204698005706,29659.432067447506,29610.204698005706,12.469222872921762,2.2899249845997356,VWAP,2,-29.67576600373262
2021-04-12 10:05:00,2021-04-12 10:40:00,long,29574.369,29555.04273172304,29555.04273172304,29609.97746994537,16.105223564131975,-1.0000000000000862,SL,7,-30.675766003732704
2021-04-12 10:45:00,2021-04-12 11:45:00,long,29539.419,29574.269,29517.032174756205,29607.885923076938,18.655687703165295,1.5567191694433211,TIMEOUT,12,-29.11904683428938
2021-04-12 12:20:00,2021-04-12 13:20:00,long,29564.369,29579.319,29544.100510585766,29602.657948545875,16.890407845193515,0.7375981354339644,TIMEOUT,12,-28.38144869885542
2021-04-12 13:25:00,2021-04-12 14:00:00,long,29574.269,29556.613896510622,29556.613896510622,29600.870934156384,14.71258624114957,-0.9999999999999294,SL,7,-29.381448698855348
2021-04-12 14:05:00,2021-04-12 15:05:00,long,29551.999,29554.999,29537.21569617413,29599.1465882353,12.319419854891288,0.20293163391191696,TIMEOUT,12,-29.17851706494343
2021-04-12 18:10:00,2021-04-12 19:30:00,long,29564.469,29594.943807370182,29547.10808921252,29594.943807370182,14.467425656232479,1.7553691590973584,VWAP,11,-27.423147905846072
2021-04-12 19:45:00,2021-04-12 20:00:00,short,29659.369,29594.698796557124,29677.1023986028,29594.698796557124,14.777832169001487,3.6468025611659645,VWAP,3,-23.77634534468011
2021-04-13 06:45:00,2021-04-13 07:00:00,long,29734.419,29719.721997955487,29719.721997955487,29764.46404065041,12.247501703762344,-1.0000000000000198,SL,3,-24.77634534468013
2021-04-13 07:05:00,2021-04-13 08:05:00,long,29619.469,29669.999,29592.020557908338,29760.93651937985,22.873701743053953,1.8409059367104577,TIMEOUT,12,-22.935439407969675
2021-04-13 09:25:00,2021-04-13 09:40:00,long,29699.519,29677.78446618501,29677.78446618501,29741.37145614036,18.11211151249172,-0.99999999999999,SL,3,-23.935439407969664
2021-04-13 13:00:00,2021-04-13 13:30:00,long,29719.469,29740.98936093419,29703.7604191073,29740.98936093419,13.0904840772518,1.3699748615857323,VWAP,6,-22.565464546383932
2021-04-13 13:45:00,2021-04-13 13:50:00,short,29779.999,29796.82841047965,29796.82841047965,29740.81958232932,14.024508733042431,-1.0000000000000295,SL,1,-23.56546454638396
2021-04-13 15:00:00,2021-04-13 15:10:00,short,29824.999,29840.707115771296,29840.707115771296,29746.06741620626,13.090096476079948,-1.0000000000000318,SL,2,-24.565464546383993
2021-04-13 15:15:00,2021-04-13 16:15:00,short,29844.469,29826.369,29859.879134967032,29747.56314855072,12.841779139193688,1.17455168554489,TIMEOUT,12,-23.3909128608391
2021-04-13 19:55:00,2021-04-13 20:00:00,long,29729.419,29707.326290224297,29707.326290224297,29758.163086021494,18.41059147975532,-0.9999999999999312,SL,1,-24.390912860839034
2021-04-13 20:05:00,2021-04-13 20:25:00,long,29626.319,29593.21038799952,29593.21038799952,29757.402561643823,27.590510000401075,-0.9999999999999674,SL,4,-25.390912860839002
2021-04-14 02:10:00,2021-04-14 03:10:00,long,29609.269,29631.269,29584.874375455758,29642.28628395062,20.32885378686925,0.9018380241966788,TIMEOUT,12,-24.489074836642324
2021-04-14 06:10:00,2021-04-14 07:00:00,long,29609.369,29595.395545156196,29595.395545156196,29633.385533333323,11.644545703170264,-0.9999999999998883,SL,10,-25.489074836642214
2021-04-14 08:35:00,2021-04-14 08:50:00,long,29604.999,29592.741479918695,29592.741479918695,29628.84957692307,10.214600067752253,-1.000000000000138,SL,3,-26.489074836642352
2021-04-14 09:55:00,2021-04-14 10:35:00,short,29664.419,29681.870598443023,29681.870598443023,29626.541194444442,14.542998702517831,-1.0000000000000229,SL,8,-27.489074836642374
2021-04-14 12:45:00,2021-04-14 13:45:00,short,29724.519,29704.369,29744.695007910068,29640.55754978354,16.81333992505703,0.9987109486582824,TIMEOUT,12,-26.490363887984092
2021-04-14 14:55:00,2021-04-14 15:05:00,long,29619.369,29599.018221992956,29599.018221992956,29646.380370370356,16.95898167253579,-1.0000000000000087,SL,2,-27.4903638879841
2021-04-14 23:00:00,2021-04-15 00:00:00,long,29604.469,29629.419,29569.993540333453,29647.83174900396,28.72954972212225,0.7237031860146883,TIMEOUT,12,-26.76666070196941
2021-04-15 01:25:00,2021-04-15 01:55:00,long,29609.999,29639.050481481478,29588.444281122323,29639.050481481478,17.96226573139827,1.3478014557435751,VWAP,6,-25.418859246225836
2021-04-15 03:05:00,2021-04-15 03:35:00,short,29674.319,29693.671551044496,29693.671551044496,29637.20259649122,16.127125870412694,-1.000000000000043,SL,6,-26.418859246225878
2021-04-15 04:10:00,2021-04-15 05:10:00,short,29724.519,29694.369,29744.706310461817,29650.193313725493,16.82275871817941,1.4935124744344122,TIMEOUT,12,-24.925346771791467
2021-04-15 08:20:00,2021-04-15 08:35:00,short,29719.319,29733.134128233283,29733.134128233283,29675.753323432353,11.512606861070665,-0.9999999999999247,SL,3,-25.925346771791393
2021-04-15 10:15:00,2021-04-15 10:35:00,short,29729.419,29746.405908453355,29746.405908453355,29683.109456989256,14.155757044460398,-1.000000000000028,SL,4,-26.92534677179142
2021-04-15 15:45:00,2021-04-15 15:50:00,short,29749.369,29763.945551388428,29763.945551388428,29702.137712522046,12.147126157024458,-0.999999999999971,SL,1,-27.925346771791393
2021-04-15 20:50:00,2021-04-15 21:50:00,long,29619.269,29694.369,29578.0449572918,29709.95060818713,34.35336892349888,1.8217524305315798,TIMEOUT,12,-26.103594341259814
2021-04-15 22:05:00,2021-04-15 23:05:00,long,29639.999,29689.999,29605.762081318244,29707.178533607683,28.530765568129798,1.460411798876168,TIMEOUT,12,-24.643182542383645
2021-04-15 23:30:00,2021-04-15 23:50:00,short,29754.419,29705.66455128205,29781.339976509535,29705.66455128205,22.434147091276923,1.811020811250586,VWAP,4,-22.83216173113306
2021-04-16 03:15:00,2021-04-16 04:15:00,short,29754.999,29719.999,29778.272119937883,29690.825916666665,19.39426661490268,1.5038808760241964,TIMEOUT,12,-21.32828085510886
2021-04-16 05:50:00,2021-04-16 06:55:00,short,29759.369,29744.269,29776.07019491714,29708.043131455404,13.917662430951907,0.9041269247447523,TIMEOUT,12,-20.42415393036411
2021-04-16 08:00:00,2021-04-16 08:15:00,short,29754.269,29765.66651287662,29765.66651287662,29717.93885964912,9.497927397183503,-1.0000000000001117,SL,3,-21.42415393036422
2021-04-16 08:20:00,2021-04-16 08:50:00,short,29769.519,29780.968837184224,29780.968837184224,29719.814218855212,9.541530986853381,-0.999999999999971,SL,6,-22.42415393036419
2021-04-16 09:30:00,2021-04-16 09:55:00,short,29789.319,29726.682657817102,29801.65821797234,29726.682657817102,10.282681643618911,5.076200317012908,VWAP,5,-17.347953613351283
2021-04-16 11:50:00,2021-04-16 12:50:00,short,29759.419,29749.369,29772.617890398495,29731.71160047282,10.999075332077219,0.7614276425199076,TIMEOUT,12,-16.586525970831374
2021-04-16 13:40:00,2021-04-16 14:05:00,short,29754.519,29763.81668176175,29763.81668176175,29734.8246995885,7.748068134789591,-1.0000000000001732,SL,5,-17.58652597083155
2021-04-16 14:45:00,2021-04-16 14:55:00,short,29774.369,29783.98567034904,29783.98567034904,29736.85534285716,8.013891957535124,-0.9999999999999502,SL,2,-18.5865259708315
2021-04-16 15:00:00,2021-04-16 15:40:00,short,29779.999,29789.420732054245,29789.420732054245,29737.565573033724,7.851443378536537,-1.0000000000001,SL,8,-19.586525970831598
2021-04-18 19:30:00,2021-04-18 19:40:00,long,29754.519,29741.137423339424,29741.137423339424,29773.810875,11.151313883814012,-0.9999999999999903,SL,2,-20.586525970831588
2021-04-18 19:45:00,2021-04-18 19:55:00,long,29719.519,29703.704396529414,29703.704396529414,29768.17549122807,13.17883622548799,-1.0000000000000266,SL,2,-21.586525970831616
2021-04-18 20:00:00,2021-04-18 20:05:00,long,29671.469,29649.549887818925,29649.549887818925,29759.910666666667,18.265926817564548,-0.9999999999999493,SL,1,-22.586525970831566
2021-04-18 20:10:00,2021-04-18 20:15:00,long,29561.319,29528.13323490509,29528.13323490509,29744.18775,27.654804245757198,-1.0000000000000284,SL,1,-23.586525970831595
2021-04-19 01:10:00,2021-04-19 01:20:00,long,29709.519,29687.011418346516,29687.011418346516,29744.591666666667,18.75631804456952,-1.0000000000000488,SL,2,-24.586525970831644
2021-04-19 01:25:00,2021-04-19 02:25:00,long,29654.999,29709.369,29631.426508421027,29734.659925925927,19.64374298247804,2.3065020436149526,TIMEOUT,12,-22.280023927216693
2021-04-19 03:40:00,2021-04-19 04:05:00,long,29664.469,29641.36244591526,29641.36244591526,29705.13040740741,19.255461737283632,-1.0000000000000373,SL,5,-23.28002392721673
2021-04-19 04:20:00,2021-04-19 05:10:00,long,29626.999,29606.85074285214,29606.85074285214,29697.28635849056,16.790214289881526,-1.0000000000000637,SL,10,-24.280023927216796
2021-04-19 05:40:00,2021-04-19 06:40:00,long,29599.269,29634.369,29582.07629943883,29680.217743961344,14.327250467641171,2.0415640855907005,TIMEOUT,12,-22.238459841626096
2021-04-19 06:45:00,2021-04-19 07:30:00,long,29611.469,29594.632532489217,29594.632532489217,29672.72339024388,14.030389592319146,-1.0000000000000688,SL,9,-23.238459841626163
2021-04-20 04:10:00,2021-04-20 04:25:00,long,29059.469,29103.05553594771,29030.120497012762,29103.05553594771,24.457085822698595,1.485136600209662,VWAP,3,-21.753323241416503
2021-04-20 04:45:00,2021-04-20 05:20:00,long,29054.519,29023.155942130532,29023.155942130532,29100.341068965514,26.135881557889185,-1.0000000000000415,SL,7,-22.753323241416545
2021-04-20 05:25:00,2021-04-20 05:30:00,long,28961.519,28927.936832774576,28927.936832774576,29092.560212121214,27.985139354521447,-0.9999999999999543,SL,1,-23.7533232414165
2021-04-20 21:05:00,2021-04-20 21:15:00,long,28624.419,28565.3116663939,28565.3116663939,28798.157860398853,49.25611133841906,-0.999999999999981,SL,2,-24.75332324141648
2021-04-20 21:20:00,2021-04-20 22:00:00,long,28564.519,28507.576981074122,28507.576981074122,28795.399618846688,47.45168243823142,-1.0000000000000064,SL,8,-25.75332324141649
2021-04-20 22:05:00,2021-04-20 23:05:00,long,28446.469,28506.319,28391.684890866833,28786.30899999999,45.65342427764063,1.092470078403861,TIMEOUT,12,-24.66085316301263
2021-04-20 23:40:00,2021-04-21 00:40:00,long,28439.319,28494.469,28391.33041965751,28764.243867924524,39.99048361873884,1.1492317465197965,TIMEOUT,12,-23.511621416492833
2021-04-21 01:15:00,2021-04-21 01:35:00,long,28466.519,28538.31545833333,28417.164865948922,28538.31545833333,41.12844504256549,1.4547202521885092,VWAP,4,-22.056901164304325
2021-04-21 02:40:00,2021-04-21 03:25:00,short,28604.419,28645.437218440755,28645.437218440755,28532.48596969697,34.18184870062889,-0.9999999999999623,SL,9,-23.056901164304286
2021-04-21 03:55:00,2021-04-21 04:55:00,short,28659.269,28624.469,28698.32806806646,28557.76719444444,32.54922338871605,0.8909582773656259,TIMEOUT,12,-22.16594288693866
2021-04-21 06:50:00,2021-04-21 07:50:00,short,28639.519,28604.419,28670.46953856065,28580.570485943786,25.79211546720827,1.1340675035821248,TIMEOUT,12,-21.031875383356535
2021-04-21 08:35:00,2021-04-21 08:40:00,long,28549.519,28524.813222652578,28524.813222652578,28587.106243589755,20.58814778951747,-1.0000000000000642,SL,1,-22.0318753833566
2021-04-21 09:25:00,2021-04-21 09:45:00,long,28491.519,28581.439263157903,28464.7866679484,28581.439263157903,22.276943376334675,3.363726852723851,VWAP,4,-18.66814853063275
2021-04-21 10:00:00,2021-04-21 10:25:00,short,28666.519,28703.434161106776,28703.434161106776,28581.53315977962,30.76263425564493,-1.0000000000000426,SL,5,-19.66814853063279
2021-04-21 11:05:00,2021-04-21 11:55:00,short,28736.319,28774.68015653655,28774.68015653655,28591.424970149255,31.96763044712526,-0.9999999999999911,SL,10,-20.668148530632784
2021-04-21 12:00:00,2021-04-21 13:00:00,short,28789.269,28791.369,28822.256338783613,28602.49518390805,27.489448986343604,-0.06366078857630665,TIMEOUT,12,-20.73180931920909
2021-04-22 08:40:00,2021-04-22 09:35:00,short,29184.999,29135.568015873007,29204.214445173424,29135.568015873007,16.01287097785249,2.572461042711704,VWAP,11,-18.159348276497386
2021-04-22 09:45:00,2021-04-22 10:05:00,long,29109.419,29087.553672861784,29087.553672861784,29137.674790960442,18.22110594851406,-1.0000000000000173,SL,4,-19.159348276497404
2021-04-22 13:10:00,2021-04-22 13:15:00,long,29021.319,28991.4582240404,28991.4582240404,29133.198580712782,24.88397996633193,-0.9999999999999881,SL,1,-20.159348276497393
2021-04-22 13:20:00,2021-04-22 13:45:00,long,28969.999,28933.007269708305,28933.007269708305,29131.402064182188,30.826441909745466,-1.0000000000000036,SL,5,-21.159348276497397
2021-04-22 13:50:00,2021-04-22 14:05:00,long,28899.319,28852.22387735904,28852.22387735904,29126.04957884231,39.24593553413342,-0.9999999999999923,SL,3,-22.15934827649739
2021-04-22 23:25:00,2021-04-23 00:25:00,long,28954.469,28994.519,28923.44414454609,29057.11832569973,25.854046211591648,1.2909004542985512,TIMEOUT,12,-20.86844782219884
2021-04-23 07:45:00,2021-04-23 08:15:00,long,28959.419,28944.191666081726,28944.191666081726,28979.958746376822,12.68944493189557,-1.000000000000066,SL,6,-21.868447822198906
2021-04-23 08:20:00,2021-04-23 08:25:00,long,28919.369,28901.776330975965,28901.776330975965,28977.990279461286,14.660557520026952,-1.0000000000000924,SL,1,-22.868447822199
2021-04-23 08:30:00,2021-04-23 08:40:00,long,28889.269,28869.392749668055,28869.392749668055,28976.260089108913,16.56354194328847,-0.9999999999999365,SL,2,-23.868447822198934
2021-04-23 10:05:00,2021-04-23 10:20:00,short,29024.419,29054.693924257663,29054.693924257663,28966.162250000005,25.229103548051373,-0.99999999999998,SL,3,-24.868447822198913
2021-04-23 10:35:00,2021-04-23 11:20:00,short,29119.319,29155.88897732891,29155.88897732891,28970.072253968265,30.474981107423652,-1.0000000000000133,SL,9,-25.868447822198927
2021-04-26 00:35:00,2021-04-26 01:35:00,long,29146.319,29159.369,29112.809451439924,29196.52525,27.92462380006178,0.3894412357302852,TIMEOUT,12,-25.479006586468643
2021-04-26 06:50:00,2021-04-26 07:15:00,long,29134.269,29167.750244979932,29115.559491986227,29167.750244979932,15.591256678144301,1.7895310210874837,VWAP,5,-23.68947556538116
2021-04-26 07:55:00,2021-04-26 08:40:00,short,29201.319,29220.113252877887,29220.113252877887,29167.080388888895,15.66187739824064,-0.9999999999999395,SL,9,-24.689475565381098
2021-04-26 09:35:00,2021-04-26 09:45:00,short,29229.519,29249.919245009034,29249.919245009034,29173.42457471265,17.000204174196075,-0.9999999999999283,SL,2,-25.689475565381027
2021-04-26 19:35:00,2021-04-26 19:40:00,short,29231.519,29246.18611460168,29246.18611460168,29198.814638629276,12.222595501400537,-1.0000000000000606,SL,1,-26.689475565381088
2021-04-26 20:05:00,2021-04-26 21:05:00,long,29121.519,29116.999,29093.42595723303,29199.315348484837,23.410868972473565,-0.1608939279911338,TIMEOUT,12,-26.85036949337222
2021-04-26 21:15:00,2021-04-26 22:15:00,long,29079.519,29074.999,29045.254262450802,29194.9176182336,28.55394795766492,-0.13191404117747998,TIMEOUT,12,-26.9822835345497
2021-04-26 22:25:00,2021-04-26 22:50:00,long,29051.369,29019.831600581685,29019.831600581685,29188.982682795682,26.28116618192917,-0.9999999999999596,SL,5,-27.982283534549662
2021-04-27 02:10:00,2021-04-27 02:15:00,long,29019.369,28991.4149245156,28991.4149245156,29060.419987654328,23.295062903664853,-1.0000000000000187,SL,1,-28.98228353454968
2021-04-27 02:20:00,2021-04-27 03:20:00,long,28981.519,29004.519,28952.086822669065,29055.693252873567,24.526814442445637,0.7814576455349701,TIMEOUT,12,-28.20082588901471
2021-04-27 03:35:00,2021-04-27 03:50:00,long,28984.269,28960.367761277474,28960.367761277474,29035.283242424255,19.917698935437464,-1.0000000000000695,SL,3,-29.20082588901478
2021-04-27 05:35:00,2021-04-27 05:50:00,long,28979.269,28958.761442120383,28958.761442120383,29021.107235294137,17.089631566346927,-1.0000000000000238,SL,3,-30.200825889014805
2021-04-27 05:55:00,2021-04-27 06:55:00,long,28874.419,28929.319,28844.26878549043,29016.384416666682,25.12517875797683,1.8208825672722155,TIMEOUT,12,-28.37994332174259
2021-04-27 19:00:00,2021-04-27 19:20:00,short,29031.369,29045.95834895158,29045.95834895158,28990.431712418307,12.157790792982004,-1.0000000000001215,SL,4,-29.37994332174271
2021-04-27 19:25:00,2021-04-27 19:30:00,short,29049.519,29062.770265172767,29062.770265172767,28991.6666555024,11.042720977306233,-0.999999999999932,SL,1,-30.379943321742644
2021-04-27 19:55:00,2021-04-27 20:00:00,long,28936.419,28907.44718773676,28907.44718773676,28991.71379069768,24.143176886032734,-1.0000000000000346,SL,1,-31.37994332174268
2021-04-27 21:50:00,2021-04-27 22:50:00,short,29091.319,29079.369,29130.208792928806,28990.671899159664,32.40816077400425,0.3072785710604681,TIMEOUT,12,-31.07266475068221
2021-04-27 23:30:00,2021-04-28 00:30:00,short,29109.319,29079.999,29133.766607755853,28998.24467183463,20.373006463212327,1.199299346291993,TIMEOUT,12,-29.873365404390217
2021-04-28 02:00:00,2021-04-28 02:55:00,long,29054.319,29098.520999999997,29031.84067044188,29098.520999999997,18.731941298431828,1.9664272598954604,VWAP,11,-27.906938144494756
2021-04-28 03:25:00,2021-04-28 04:25:00,long,29039.469,29024.419,29018.688176882308,29089.180666666667,17.31735259807794,-0.7242254031403199,TIMEOUT,12,-28.631163547635076
2021-04-28 06:15:00,2021-04-28 07:15:00,long,29034.469,29049.999,29018.186315964194,29070.95660526316,13.56890336317273,0.9537739580186405,TIMEOUT,12,-27.677389589616435
2021-04-28 07:30:00,2021-04-28 07:45:00,long,29039.419,29024.21265533807,29024.21265533807,29066.626926739926,12.671953884943296,-1.0000000000000184,SL,3,-28.677389589616453
2021-04-28 09:25:00,2021-04-28 10:10:00,long,29021.369,29060.275707602334,29006.479634156967,29060.275707602334,12.407804869193999,2.6130533706068118,VWAP,9,-26.06433621900964
2021-04-28 11:25:00,2021-04-28 11:50:00,long,29026.469,29007.27200624035,29007.27200624035,29058.199251207734,15.997494799708155,-1.0000000000000828,SL,5,-27.06433621900972
2021-04-28 11:55:00,2021-04-28 12:55:00,long,28984.999,29014.419,28964.551457681322,29056.459240740744,17.039618598899615,1.438803722299951,TIMEOUT,12,-25.62553249670977
2021-04-28 13:15:00,2021-04-28 13:40:00,long,29009.519,28994.872488556866,28994.872488556866,29051.89234166668,12.205426202612722,-0.999999999999909,SL,5,-26.625532496709678
2021-04-28 13:45:00,2021-04-28 14:00:00,long,28989.269,28975.272588623215,28975.272588623215,29050.110955823304,11.663676147322626,-0.9999999999998853,SL,3,-27.625532496709564
2021-04-28 15:15:00,2021-04-28 15:55:00,long,28954.269,28922.967727452866,28922.967727452866,29044.76886231885,26.084393789280046,-0.9999999999999482,SL,8,-28.62553249670951
2021-04-29 18:00:00,2021-04-29 19:00:00,long,29026.319,29003.78260344843,29003.78260344843,29055.28077664973,18.780330459639927,-1.0000000000000053,SL,9,-29.625532496709518
2021-04-29 19:20:00,2021-04-29 19:35:00,long,28984.369,28967.729988773615,28967.729988773615,29052.472238095226,13.865842688654016,-0.9999999999999174,SL,3,-30.625532496709436
2021-04-29 19:40:00,2021-04-29 19:45:00,long,28926.469,28906.28930248759,28906.28930248759,29050.840479750765,16.81641459367598,-1.0000000000000673,SL,1,-31.625532496709504
2021-04-29 22:25:00,2021-04-29 23:25:00,long,28889.999,28894.419,28857.12916237093,29036.521753036424,27.391531357559053,0.13446978503151286,TIMEOUT,12,-31.49106271167799
2021-04-30 00:20:00,2021-04-30 00:55:00,long,28854.469,28831.61216683737,28831.61216683737,28890.514333333336,19.047360968857223,-1.0000000000000675,SL,7,-32.491062711678055
2021-04-30 01:15:00,2021-04-30 01:30:00,long,28806.319,28782.174914251427,28782.174914251427,28855.913166666665,20.12007145714244,-1.0000000000000548,SL,3,-33.49106271167811
2021-04-30 03:10:00,2021-04-30 04:10:00,short,28924.269,28904.269,28951.3694405845,28856.890794871786,22.583700487085625,0.737995381943602,TIMEOUT,12,-32.753067329734506
2021-04-30 06:45:00,2021-04-30 06:55:00,long,28849.999,28830.830875944375,28830.830875944375,28883.199569105687,15.97343671301989,-1.000000000000033,SL,2,-33.75306732973454
2021-04-30 07:00:00,2021-04-30 08:00:00,long,28829.999,28874.319,28809.818170353425,28881.463549019605,16.817358038813605,2.196143606391256,TIMEOUT,12,-31.556923723343285
2021-04-30 09:50:00,2021-04-30 10:00:00,short,28924.269,28945.844916205057,28945.844916205057,28878.318411764718,17.979930170879467,-1.0000000000000424,SL,2,-32.556923723343324
2021-04-30 13:50:00,2021-04-30 13:55:00,long,28854.269,28835.245304364216,28835.245304364216,28884.28247305391,15.853079696487015,-0.9999999999999756,SL,1,-33.5569237233433
2021-04-30 15:15:00,2021-04-30 16:15:00,long,28804.519,28841.319,28783.368323511797,28879.96967028988,17.62556374016854,1.7398970676198535,TIMEOUT,12,-31.81702665572345
2021-05-02 20:20:00,2021-05-02 20:25:00,short,29006.369,29033.063697065107,29033.063697065107,28910.247452380954,22.24558088759103,-0.99999999999995,SL,1,-32.817026655723396
2021-05-02 20:30:00,2021-05-02 20:45:00,short,29031.269,29057.85936634696,29057.85936634696,28918.073111111113,22.15863862246392,-1.0000000000000502,SL,3,-33.817026655723446
2021-05-03 01:55:00,2021-05-03 02:05:00,long,28951.319,28939.55339370598,28939.55339370598,28969.02705555556,9.804671911681906,-1.000000000000031,SL,2,-34.817026655723474
2021-05-03 03:20:00,2021-05-03 03:25:00,short,29009.419,29024.948885370035,29024.948885370035,28966.711500000012,12.94157114169393,-1.0000000000000375,SL,1,-35.81702665572351
2021-05-03 03:30:00,2021-05-03 04:30:00,short,29076.319,29074.319,29097.08680932416,28970.863047619063,17.306507770134036,0.0963028872608745,TIMEOUT,12,-35.72072376846263
2021-05-03 06:35:00,2021-05-03 07:30:00,short,29044.469,29066.044743789713,29066.044743789713,29000.357059071735,17.97978649142626,-1.0000000000000155,SL,11,-36.72072376846265
2021-05-03 14:25:00,2021-05-03 14:50:00,short,29089.269,29103.549725238612,29103.549725238612,29031.541461240322,11.900604365508725,-1.0000000000001017,SL,5,-37.72072376846275
2021-05-03 14:55:00,2021-05-03 15:55:00,short,29124.319,29059.519,29137.940706490313,29033.947333333348,11.351422075261517,4.757113218235727,TIMEOUT,12,-32.96361055022702
2021-05-03 21:25:00,2021-05-03 21:35:00,long,29006.369,29042.06325036391,28983.84202024599,29042.06325036391,18.772483128342433,1.5845111396948708,VWAP,2,-31.379099410532145
2021-05-03 23:20:00,2021-05-03 23:35:00,long,29011.369,29040.232293650803,28993.522702573682,29040.232293650803,14.871914521929794,1.6173267183277278,VWAP,3,-29.761772692204417
2021-05-04 01:55:00,2021-05-04 02:10:00,short,29076.369,29089.68667915099,29089.68667915099,29052.12691666667,11.098065959158557,-1.000000000000013,SL,3,-30.76177269220443
2021-05-04 04:15:00,2021-05-04 04:25:00,long,29036.519,29066.86284615385,29013.55831478438,29066.86284615385,19.133904346351652,1.3215566464542856,VWAP,2,-29.440216045750145
2021-05-04 04:40:00,2021-05-04 05:40:00,long,29029.269,29046.369,29006.024969395632,29065.13467251462,19.37002550364041,0.7356727536223758,TIMEOUT,12,-28.70454329212777
2021-05-04 06:15:00,2021-05-04 07:15:00,short,29099.369,29094.419,29118.982916938232,29060.973429824564,16.344930781861137,0.25237182433193983,TIMEOUT,12,-28.45217146779583
2021-05-04 07:40:00,2021-05-04 07:45:00,long,28961.269,28934.88802644433,28934.88802644433,29065.267136200717,21.984144629726337,-0.9999999999999967,SL,1,-29.452171467795825
2021-05-04 22:25:00,2021-05-04 23:25:00,long,28826.469,28834.419,28801.283786409946,28858.37422666668,20.98767799171331,0.3156614086902036,TIMEOUT,12,-29.13651005910562
2021-05-05 03:35:00,2021-05-05 03:45:00,short,28884.519,28909.055165829355,28909.055165829355,28825.79574242425,20.44680485779593,-0.9999999999999959,SL,2,-30.136510059105618
2021-05-05 03:50:00,2021-05-05 04:50:00,short,28906.999,28926.469,28931.44548408422,28830.376801418442,20.372070070181334,-0.7964335457371884,TIMEOUT,12,-30.932943604842805
2021-05-05 11:10:00,2021-05-05 11:35:00,short,29054.369,29085.514116801496,29085.514116801496,28906.37374074073,25.954264001248916,-0.9999999999999568,SL,5,-31.932943604842762
2021-05-05 11:40:00,2021-05-05 12:40:00,short,29124.269,29114.419,29153.8208175462,28913.816470449165,24.62651462183165,0.3333128320990804,TIMEOUT,12,-31.599630772743684
2021-05-05 20:05:00,2021-05-05 20:10:00,short,29111.369,29154.88821203132,29154.88821203132,28975.696462462467,36.26601002610139,-1.0000000000000133,SL,1,-32.599630772743694
2021-05-05 20:20:00,2021-05-05 20:40:00,short,29159.999,29208.16488951633,29208.16488951633,28977.77551851852,40.13824126360948,-0.9999999999999909,SL,4,-33.59963077274369
2021-05-05 20:45:00,2021-05-05 20:55:00,short,29239.319,29286.25008846795,29286.25008846795,28982.51698550725,39.10924038995952,-0.9999999999999859,SL,2,-34.59963077274367
2021-05-06 03:05:00,2021-05-06 03:15:00,short,29369.419,29395.45112058872,29395.45112058872,29312.740491228073,21.693433823933205,-0.9999999999999832,SL,2,-35.59963077274366
2021-05-06 03:20:00,2021-05-06 04:20:00,short,29399.469,29349.269,29426.668173809554,29318.07111382114,22.66597817462868,1.8456442960913273,TIMEOUT,12,-33.75398647665233
2021-05-06 04:45:00,2021-05-06 05:15:00,long,29294.419,29268.46381221733,29268.46381221733,29331.166413793104,21.629323152226398,-0.999999999999962,SL,6,-34.753986476652294
2021-05-06 05:20:00,2021-05-06 06:20:00,long,29219.419,29264.319,29189.034367774748,29325.995769230765,25.320526854376872,1.4777206999623331,TIMEOUT,12,-33.27626577668996
2021-05-06 09:35:00,2021-05-06 09:40:00,long,29256.519,29295.6615,29232.756231045063,29295.6615,19.802307462449075,1.6472196516417619,VWAP,1,-31.6290461250482
2021-05-06 10:00:00,2021-05-06 10:10:00,long,29224.419,29192.243739361602,29192.243739361602,29294.46021212121,26.81271719866553,-1.0000000000000355,SL,2,-32.629046125048234
2021-05-06 11:15:00,2021-05-06 11:35:00,long,29209.269,29286.102627450982,29179.00241929934,29286.102627450982,25.222150583883007,2.538563183297001,VWAP,4,-30.090482941751233
2021-05-06 14:05:00,2021-05-06 14:15:00,long,29254.319,29232.03503073099,29232.03503073099,29285.742,18.569974390840535,-1.0000000000000795,SL,2,-31.09048294175131
2021-05-06 15:45:00,2021-05-06 16:00:00,short,29329.999,29355.653345540053,29355.653345540053,29283.65771929824,21.378621283378003,-0.9999999999999893,SL,3,-32.090482941751304
2021-05-06 16:05:00,2021-05-06 18:55:00,short,29369.519,29359.369,29396.394491643314,29284.950632302396,22.396243036093242,0.3776675096668357,TIMEOUT,12,-31.71281543208447
2021-05-06 20:05:00,2021-05-06 20:30:00,long,29239.319,29291.836584097844,29204.66626073352,29291.836584097844,28.877282722064802,1.5155391813035914,VWAP,5,-30.197276250780877
2021-05-06 21:05:00,2021-05-06 22:05:00,short,29416.269,29429.999,29457.485497255057,29293.141449275347,34.34708104588134,-0.33311904005415643,TIMEOUT,12,-30.530395290835035
2021-05-07 08:30:00,2021-05-07 08:35:00,long,29351.999,29333.866191069494,29333.866191069494,29377.472398058264,15.110674108756005,-0.9999999999999414,SL,1,-31.530395290834974
2021-05-07 09:30:00,2021-05-07 09:45:00,long,29289.469,29372.284420289863,29258.254256072345,29372.284420289863,26.012286606380872,2.653086646547361,VWAP,3,-28.877308644287613
2021-05-07 13:15:00,2021-05-07 14:15:00,long,29344.519,29354.319,29326.00096599208,29374.610875000002,15.43169500660187,0.5292138461246324,TIMEOUT,12,-28.34809479816298
2021-05-07 15:15:00,2021-05-07 16:15:00,short,29411.519,29409.419,29429.06144817798,29373.504000000008,14.618706814984243,0.1197096311012291,TIMEOUT,12,-28.22838516706175
2021-05-09 19:35:00,2021-05-09 19:45:00,long,29369.319,29395.261549019604,29352.395661885545,29395.261549019604,14.102781762044781,1.5329451461734784,VWAP,2,-26.69544002088827
2021-05-09 20:00:00,2021-05-09 20:05:00,short,29441.999,29469.169967287682,29469.169967287682,29395.21733333333,22.64247273973426,-1.0000000000000433,SL,1,-27.695440020888313
2021-05-09 20:10:00,2021-05-09 20:15:00,short,29581.419,29622.525721793972,29622.525721793972,29407.296361111104,34.25560149497497,-1.0000000000000202,SL,1,-28.695440020888334
2021-05-09 20:20:00,2021-05-09 21:15:00,short,29616.469,29660.24448971011,29660.24448971011,29422.45489743589,36.47957475842235,-1.000000000000019,SL,11,-29.695440020888352
2021-05-10 04:50:00,2021-05-10 05:50:00,long,29484.319,29499.319,29463.13127983667,29527.38041242937,17.656433469439605,0.7079572452520183,TIMEOUT,12,-28.987482775636334
2021-05-10 08:10:00,2021-05-10 09:10:00,short,29554.999,29539.519,29568.02369706144,29524.0925016835,10.853914217864675,1.188511327901161,TIMEOUT,12,-27.798971447735173
2021-05-10 09:20:00,2021-05-10 09:35:00,short,29551.419,29526.818587020647,29563.449694308576,29526.818587020647,10.025578590478744,2.0448040942924988,VWAP,3,-25.754167353442675
2021-05-10 10:30:00,2021-05-10 10:50:00,long,29499.269,29479.22739822101,29479.22739822101,29526.648055118105,16.701334815824396,-1.000000000000051,SL,4,-26.754167353442725
2021-05-10 13:10:00,2021-05-10 14:00:00,long,29494.369,29478.923396471368,29478.923396471368,29524.055436058683,12.871336273858498,-1.0000000000000637,SL,10,-27.75416735344279
2021-05-10 14:05:00,2021-05-10 14:15:00,long,29471.519,29456.77605795613,29456.77605795613,29521.940843137243,12.285785036558135,-1.0000000000000944,SL,2,-28.754167353442885
2021-05-10 14:20:00,2021-05-10 14:30:00,long,29419.319,29400.60008466823,29400.60008466823,29520.644317919065,15.599096109809796,-0.9999999999999278,SL,2,-29.754167353442813
2021-05-10 14:35:00,2021-05-10 14:45:00,long,29394.369,29372.129775151636,29372.129775151636,29518.74318560605,18.53268737363441,-1.000000000000074,SL,2,-30.754167353442888
2021-05-10 14:50:00,2021-05-10 15:10:00,long,29344.469,29319.401606052535,29319.401606052535,29516.328664804456,20.88949495622261,-0.9999999999999334,SL,4,-31.75416735344282
2021-05-11 12:30:00,2021-05-11 13:25:00,long,28474.269,28547.895445916125,28417.700843908347,28547.895445916125,47.140130076378405,1.3015528700782144,VWAP,11,-30.452614483364606
2021-05-11 19:55:00,2021-05-11 20:00:00,short,28666.469,28703.63557004958,28703.63557004958,28555.551557077633,30.972141707984058,-0.9999999999999659,SL,1,-31.45261448336457
2021-05-11 20:05:00,2021-05-11 20:40:00,short,28801.319,28557.238969834096,28847.912624175402,28557.238969834096,38.828020146169926,5.238485618698663,VWAP,7,-26.21412886466591
2021-05-11 20:45:00,2021-05-11 20:50:00,long,28429.319,28356.53895361356,28356.53895361356,28560.45833042213,60.650038655367354,-0.9999999999999959,SL,1,-27.214128864665906
2021-05-11 20:55:00,2021-05-11 21:55:00,long,28394.269,28401.999,28317.444041636183,28559.09605627706,64.0207986365157,0.10061834284885277,TIMEOUT,12,-27.11351052181705
2021-05-11 22:00:00,2021-05-11 23:00:00,long,28354.999,28376.319,28277.436820384617,28551.87742896176,64.6351496794864,0.2748762361465549,TIMEOUT,12,-26.838634285670498
2021-05-11 23:25:00,2021-05-11 23:35:00,long,28331.999,28271.216378099936,28271.216378099936,28542.197403576,50.65218491671948,-1.0000000000000027,SL,2,-27.8386342856705
2021-05-11 23:40:00,2021-05-11 23:50:00,long,28169.269,28096.451906590948,28096.451906590948,28539.16088131314,60.680911174210294,-0.9999999999999977,SL,2,-28.838634285670498
2021-05-11 23:55:00,2021-05-12 00:15:00,long,28061.319,27984.153222223144,27984.153222223144,28534.25597877654,64.30481481404524,-1.000000000000022,SL,4,-29.83863428567052
2021-05-12 08:30:00,2021-05-12 08:45:00,long,28041.419,28174.651394822013,27995.77435743613,28174.651394822013,38.03720213655971,2.9189054254412365,VWAP,3,-26.919728860229284
2021-05-14 09:30:00,2021-05-14 09:45:00,short,28084.369,28111.286846101866,28111.286846101866,28033.73407246377,22.43153841822154,-1.000000000000055,SL,3,-27.91972886022934
2021-05-14 11:25:00,2021-05-14 12:25:00,short,28244.999,28259.419,28279.690109539333,28056.708589371974,28.909257949444505,-0.41566845775434874,TIMEOUT,12,-28.33539731798369
2021-05-17 06:30:00,2021-05-17 07:25:00,long,27724.369,27692.357193559605,27692.357193559605,27777.56338818566,26.676505366994967,-1.0000000000000056,SL,11,-29.3353973179837
2021-05-17 09:50:00,2021-05-17 10:50:00,long,27689.319,27726.999,27651.93033525049,27754.96051260506,31.15722062459227,1.0077920742139737,TIMEOUT,12,-28.327605243769725
2021-05-17 12:00:00,2021-05-17 13:00:00,long,27676.999,27714.469,27636.975379429452,27746.381229885064,33.353017142122276,0.9361971622221311,TIMEOUT,12,-27.391408081547592
2021-05-17 13:15:00,2021-05-17 13:35:00,long,27686.269,27657.336747626625,27657.336747626625,27742.528770833345,24.110210311147082,-0.9999999999999614,SL,4,-28.391408081547553
2021-05-17 15:10:00,2021-05-17 16:10:00,short,27796.519,27799.999,27824.891743375087,27736.878143898022,23.643952812571836,-0.12265292622550253,TIMEOUT,12,-28.514061007773055
2021-05-17 19:35:00,2021-05-17 19:45:00,short,27844.419,27865.8758588339,27865.8758588339,27744.58643827163,17.880715694916603,-0.9999999999999514,SL,2,-29.514061007773005
2021-05-18 07:25:00,2021-05-18 07:30:00,long,28309.999,28285.781466028686,28285.781466028686,28393.85362962962,20.181278309427853,-1.0000000000000226,SL,1,-30.514061007773027
2021-05-18 13:55:00,2021-05-18 14:25:00,long,28251.319,28228.77570056829,28228.77570056829,28341.06965476192,18.78608285975608,-1.0000000000000702,SL,6,-31.514061007773098
2021-05-18 22:05:00,2021-05-18 22:55:00,long,27996.999,27936.641973778896,27936.641973778896,28265.53074796749,50.297521850918685,-1.0000000000000147,SL,10,-32.514061007773115
2021-05-19 00:45:00,2021-05-19 00:50:00,long,27886.319,27846.08715595055,27846.08715595055,27975.364999999998,33.52653670787445,-0.999999999999995,SL,1,-33.51406100777311
2021-05-19 04:20:00,2021-05-19 04:45:00,long,27866.369,27814.886667590185,27814.886667590185,27953.180383647792,42.901943674846194,-0.9999999999999772,SL,5,-34.51406100777309
2021-05-19 04:50:00,2021-05-19 05:40:00,long,27804.999,27941.409225988697,27757.79642617066,27941.409225988697,39.33547819111861,2.8898895742820843,VWAP,10,-31.624171433491004
2021-05-19 05:55:00,2021-05-19 06:55:00,long,27861.469,27929.999,27820.14148164888,27932.421083333335,34.43959862593463,1.6582171573372262,TIMEOUT,12,-29.965954276153777
2021-05-19 07:10:00,2021-05-19 07:20:00,long,27884.269,27852.24012509359,27852.24012509359,27925.353559386975,26.690729088674427,-1.0000000000000004,SL,2,-30.965954276153777
2021-05-19 07:35:00,2021-05-19 08:35:00,long,27826.269,27831.519,27792.715773422857,27921.749507246375,27.961022147619122,0.15646781354781522,TIMEOUT,12,-30.80948646260596
2021-05-19 08:55:00,2021-05-19 09:00:00,long,27761.999,27726.25064428568,27726.25064428568,27909.285265432096,29.79029642859964,-1.000000000000026,SL,1,-31.809486462605985
2021-05-19 10:15:00,2021-05-19 11:20:00,long,27601.469,27744.419,27537.03192054165,27884.160774193548,53.697566215294,2.2184431883259497,TIMEOUT,12,-29.591043274280036
2021-05-19 13:10:00,2021-05-19 14:05:00,short,27959.999,27861.053789029527,27999.80850107214,27861.053789029527,33.174584226784134,2.4854672453987443,VWAP,11,-27.10557602888129
2021-05-19 16:15:00,2021-05-19 18:55:00,short,27959.419,27906.469,28010.8638603778,27870.55079487177,42.87071698150033,1.0292573371012557,TIMEOUT,12,-26.076318691780035
2021-05-19 19:45:00,2021-05-19 19:50:00,long,27824.469,27875.253254992298,27796.34518812919,27875.253254992298,23.436509892340137,1.8057386824227013,VWAP,1,-24.27058000935733
2021-05-19 20:15:00,2021-05-19 20:30:00,short,28034.999,28093.159283494802,28093.159283494802,27875.79858146485,48.466902912335996,-0.9999999999999892,SL,3,-25.27058000935732
2021-05-19 21:45:00,2021-05-19 22:45:00,short,28044.269,28024.999,28111.062754702663,27886.175639004134,55.661462252219955,0.28850002647376083,TIMEOUT,12,-24.982079982883562
2021-05-19 23:25:00,2021-05-20 00:25:00,short,28059.319,28074.519,28107.63182732581,27896.96137547891,40.26068943817576,-0.3146162384059067,TIMEOUT,12,-25.29669622128947
2021-05-20 01:30:00,2021-05-20 01:50:00,short,28171.519,28101.38285964912,28209.201614013175,28101.38285964912,31.402178344310972,1.8612334146023795,VWAP,4,-23.43546280668709
2021-05-20 02:05:00,2021-05-20 02:20:00,long,28056.269,28103.82694871795,28020.80139954071,28103.82694871795,29.55633371607731,1.340884302915643,VWAP,3,-22.094578503771448
2021-05-20 03:10:00,2021-05-20 04:10:00,long,28046.369,28044.269,28015.90590337966,28094.445752136755,25.385913850283384,-0.06893586775404786,TIMEOUT,12,-22.163514371525494
2021-05-20 04:25:00,2021-05-20 04:30:00,long,28019.419,27989.378814309224,27989.378814309224,28084.36819753086,25.033488075647547,-1.0000000000000127,SL,1,-23.16351437152551
2021-05-20 04:35:00,2021-05-20 04:40:00,long,27984.319,27952.679656215605,27952.679656215605,28081.004535714284,26.366119820328855,-0.9999999999999941,SL,1,-24.1635143715255
2021-05-20 04:45:00,2021-05-20 05:00:00,long,27944.419,27910.18058622672,27910.18058622672,28076.60877011494,28.532011477732688,-1.0000000000000409,SL,3,-25.163514371525544
2021-05-20 05:25:00,2021-05-20 06:25:00,long,27874.369,27929.319,27837.50285388166,28059.275666666665,30.721788431951428,1.4905273749962682,TIMEOUT,12,-23.672986996529275
2021-05-20 08:10:00,2021-05-20 08:40:00,long,27984.369,28021.66886531987,27960.02595247345,28021.66886531987,20.285872938790977,1.5322594789822406,VWAP,6,-22.140727517547035
2021-05-20 09:00:00,2021-05-20 09:20:00,short,28074.369,28100.338811611888,28100.338811611888,28021.355452599393,21.641509676574557,-0.999999999999977,SL,4,-23.140727517547013
2021-05-20 10:05:00,2021-05-20 11:05:00,short,28204.999,28204.999,28243.299221318244,28029.81626775956,31.916851098536068,0.0,TIMEOUT,12,-23.140727517547013
2021-05-20 15:15:00,2021-05-20 15:25:00,short,28219.269,28244.63884447989,28244.63884447989,28090.44659420289,21.141537066574354,-1.0000000000000369,SL,2,-24.14072751754705
2021-05-20 19:35:00,2021-05-20 19:45:00,short,28276.369,28296.199283115096,28296.199283115096,28110.9167654321,16.525235929246755,-1.0000000000000804,SL,2,-25.14072751754713
2021-05-21 04:15:00,2021-05-21 05:00:00,long,28259.419,28318.669,28227.57098108021,28318.669,26.540015766492026,1.8603982919384012,VWAP,9,-23.280329225608728
2021-05-21 05:50:00,2021-05-21 06:50:00,short,28369.519,28349.519,28396.507810417417,28316.086276995313,22.490675347848274,0.7410478524497132,TIMEOUT,12,-22.539281373159014
2021-05-21 07:45:00,2021-05-21 08:45:00,short,28419.419,28399.999,28443.767771962775,28328.684638297884,20.290643302309956,0.7975761582429742,TIMEOUT,12,-21.74170521491604
2021-05-21 09:55:00,2021-05-21 10:45:00,short,28449.519,28343.747250000008,28476.860430283206,28343.747250000008,22.78452523600398,3.8685521900061612,VWAP,10,-17.873153024909875
2021-05-21 11:20:00,2021-05-21 11:55:00,short,28409.319,28350.115447688568,28441.490586137566,28350.115447688568,26.80965511463777,1.8402435011527924,VWAP,7,-16.032909523757084
2021-05-21 12:55:00,2021-05-21 13:35:00,long,28284.369,28350.004726495732,28254.80181188485,28350.004726495732,24.639323429291327,2.219883955150369,VWAP,8,-13.813025568606715
2021-05-21 14:15:00,2021-05-21 15:15:00,short,28406.469,28419.319,28432.347798266226,28349.872895348843,21.5656652218553,-0.4965454681397896,TIMEOUT,12,-14.309571036746505
2021-05-21 15:20:00,2021-05-23 18:00:00,short,28429.999,28353.80573873874,28452.130008203298,28353.80573873874,18.442506836081442,3.442828295997136,VWAP,12,-10.866742740749368
2021-05-23 19:20:00,2021-05-23 19:45:00,short,28374.319,28325.360372549014,28397.975927028278,28325.360372549014,19.71410585689933,2.069526079716995,VWAP,5,-8.797216661032373
2021-05-23 19:55:00,2021-05-23 20:05:00,long,28226.519,28325.196916666657,28187.959288781658,28325.196916666657,32.13309268195336,2.559093767790264,VWAP,2,-6.2381228932421084
2021-05-23 20:15:00,2021-05-23 21:15:00,short,28534.369,28476.319,28595.953346108578,28335.2428095238,51.3202884238148,0.9426096673601572,TIMEOUT,12,-5.295513225881951
2021-05-24 00:35:00,2021-05-24 01:25:00,long,28389.369,28359.510486970186,28359.510486970186,28429.563583333333,24.882094191509694,-1.0000000000000275,SL,10,-6.295513225881979
2021-05-24 02:00:00,2021-05-24 03:00:00,long,28359.419,28369.319,28333.392343355707,28399.552600000006,21.68888053691203,0.3803792448373539,TIMEOUT,12,-5.915133981044625
2021-05-24 04:20:00,2021-05-24 05:10:00,long,28349.369,28381.442836477996,28329.256966002165,28381.442836477996,16.76002833152913,1.594758465575882,VWAP,10,-4.3203755154687435
2021-05-24 07:15:00,2021-05-24 08:05:00,long,28359.319,28376.741954545458,28346.51543379428,28376.741954545458,10.66963850476611,1.3607891946288675,VWAP,10,-2.9595863208398763
2021-05-24 08:45:00,2021-05-24 09:05:00,short,28414.319,28429.075747887324,28429.075747887324,28376.16915723271,12.297289906103964,-0.9999999999999697,SL,4,-3.959586320839846
2021-05-24 10:00:00,2021-05-24 10:15:00,short,28461.269,28481.236417844517,28481.236417844517,28382.297264462813,16.63951487042977,-1.000000000000044,SL,3,-4.95958632083989
2021-05-24 10:35:00,2021-05-24 10:40:00,short,28486.319,28506.937380745552,28506.937380745552,28387.24639583334,17.181983954626126,-1.000000000000066,SL,1,-5.959586320839955
2021-05-24 19:00:00,2021-05-24 19:05:00,short,28519.269,28531.50053835656,28531.50053835656,28427.158093851118,10.19294863046431,-1.0000000000000926,SL,1,-6.959586320840048
2021-05-24 19:10:00,2021-05-24 19:40:00,short,28529.319,28541.722030521723,28541.722030521723,28428.128679487163,10.3358587681044,-0.9999999999998848,SL,6,-7.959586320839932
2021-05-24 19:50:00,2021-05-24 19:55:00,short,28541.419,28560.613761329118,28560.613761329118,28431.878274691342,15.995634440929031,-1.0000000000000535,SL,1,-8.959586320839986
2021-05-25 07:10:00,2021-05-25 08:10:00,short,28601.419,28579.999,28614.92559927846,28558.181528735626,11.255499398715703,1.5858914267312147,TIMEOUT,12,-7.3736948941087705
2021-05-25 08:45:00,2021-05-25 08:50:00,short,28589.269,28600.238450279205,28600.238450279205,28563.211327044024,9.141208566004753,-0.9999999999998871,SL,1,-8.373694894108658
2021-05-25 08:55:00,2021-05-25 09:25:00,short,28594.319,28606.315046414213,28606.315046414213,28563.790574074075,9.996705345177539,-1.0000000000000127,SL,6,-9.37369489410867
2021-05-25 09:50:00,2021-05-25 10:50:00,long,28524.319,28524.269,28503.41404083646,28566.06538655463,17.420799302952318,-0.0023917769754111715,TIMEOUT,12,-9.376086671084082
2021-05-25 11:00:00,2021-05-25 11:05:00,long,28494.369,28467.548448961694,28467.548448961694,28561.980829573942,22.35045919858773,-0.9999999999999892,SL,1,-10.376086671084071
2021-05-26 03:20:00,2021-05-26 04:20:00,long,28569.999,28599.469,28547.520633886794,28633.18249593496,18.73197176100505,1.3110383491212698,TIMEOUT,12,-9.0650483219628
2021-05-26 04:40:00,2021-05-26 05:30:00,long,28584.269,28622.699994152048,28565.014553376866,28622.699994152048,16.045372185944146,1.9959542283534355,VWAP,10,-7.069094093609365
2021-05-26 06:00:00,2021-05-26 07:00:00,long,28584.319,28594.269,28567.45498520247,28618.923977168946,14.053345664609703,0.5900137137840447,TIMEOUT,12,-6.479080379825321
2021-05-26 07:50:00,2021-05-26 08:00:00,long,28584.469,28570.529396144462,28570.529396144462,28613.32524561404,11.616336546282994,-0.9999999999999385,SL,2,-7.47908037982526
2021-05-26 09:50:00,2021-05-26 10:50:00,long,28549.519,28594.269,28527.200474085785,28610.498355742304,18.598771595180313,2.005060736179503,TIMEOUT,12,-5.474019643645757
2021-05-26 19:10:00,2021-05-26 19:30:00,long,28579.469,28565.740795658057,28565.740795658057,28610.242333333324,11.440170284954203,-0.9999999999998976,SL,4,-6.474019643645655
2021-05-26 19:35:00,2021-05-26 19:40:00,long,28569.519,28555.39956433567,28555.39956433567,28609.39700947866,11.766196386943578,-0.9999999999999672,SL,1,-7.474019643645622
2021-05-26 20:10:00,2021-05-26 20:30:00,long,28511.419,28481.99186360786,28481.99186360786,28607.575039755335,24.522613660119653,-0.9999999999999952,SL,4,-8.474019643645617
2021-05-26 20:35:00,2021-05-26 20:45:00,long,28471.319,28436.767343412626,28436.767343412626,28605.11142152465,28.793047156145434,-0.9999999999999604,SL,2,-9.474019643645578
2021-05-26 20:50:00,2021-05-26 21:15:00,long,28409.999,28373.31077787082,28373.31077787082,28602.77969321532,30.573518440980877,-1.0000000000000266,SL,5,-10.474019643645605
2021-05-27 02:00:00,2021-05-27 02:50:00,short,28564.369,28500.727,28593.15013663704,28500.727,23.98428053086755,2.2112399799420412,VWAP,10,-8.262779663703563
2021-05-27 06:20:00,2021-05-27 06:40:00,short,28566.999,28582.671332714428,28582.671332714428,28521.42995238095,13.06027726202355,-0.9999999999999958,SL,4,-9.26277966370356
2021-05-27 06:45:00,2021-05-27 07:20:00,short,28589.519,28604.99653905095,28604.99653905095,28524.41680487805,12.897949209124963,-0.9999999999999653,SL,7,-10.262779663703524
2021-05-27 07:55:00,2021-05-27 08:00:00,short,28619.469,28633.02590342995,28633.02590342995,28534.138305555545,11.297419524955547,-1.0000000000000882,SL,1,-11.262779663703613
2021-05-28 07:45:00,2021-05-28 08:10:00,long,29089.269,29075.22038844316,29075.22038844316,29112.728326241133,11.707176297369726,-0.9999999999998763,SL,5,-12.262779663703489
2021-05-28 08:15:00,2021-05-28 09:15:00,long,29069.369,29084.519,29055.461259616517,29110.983399999997,11.589783652901437,1.0893214556978046,TIMEOUT,12,-11.173458208005684
2021-05-28 13:00:00,2021-05-28 13:10:00,long,29089.469,29076.372328682464,29076.372328682464,29107.406494692146,10.913892764614726,-0.999999999999924,SL,2,-12.173458208005608
2021-05-28 13:15:00,2021-05-28 14:15:00,long,29059.999,29064.269,29046.004777374405,29106.841125,11.661852187995116,0.30512591618994267,TIMEOUT,12,-11.868332291815666
2021-05-28 15:10:00,2021-05-28 15:30:00,long,29054.319,29041.69350173121,29041.69350173121,29102.465429872504,10.521248557323917,-1.0000000000000768,SL,4,-12.868332291815742
2021-05-28 15:35:00,2021-05-28 15:45:00,long,29044.419,29031.40239191127,29031.40239191127,29101.16226241136,10.847173407275449,-1.0000000000001146,SL,2,-13.868332291815857
2021-05-28 15:55:00,2021-05-30 18:45:00,long,29019.269,29059.469,29004.066046136446,29099.824746527785,12.669128219627114,2.644222981980887,TIMEOUT,12,-11.22410930983497
2021-05-30 21:30:00,2021-05-30 21:35:00,long,28974.269,28930.09192718328,28930.09192718328,29048.11786178862,36.814227347267305,-1.0000000000000095,SL,1,-12.22410930983498
2021-05-30 21:40:00,2021-05-30 22:40:00,long,28931.369,28929.269,28887.494462724357,29042.99527906977,36.56211439636826,-0.04786375265464998,TIMEOUT,12,-12.271973062489629
2021-06-01 03:50:00,2021-06-01 04:05:00,short,28854.469,28881.987372898926,28881.987372898926,28786.962404255326,22.93197741576955,-1.0000000000000564,SL,3,-13.271973062489685
2021-06-01 04:55:00,2021-06-01 05:20:00,short,28904.469,28928.24333959925,28928.24333959925,28805.870000000006,19.81194966603902,-1.000000000000027,SL,5,-14.271973062489712
2021-06-01 07:00:00,2021-06-01 07:15:00,short,28911.319,28928.658101613946,28928.658101613946,28835.166411764723,14.449251344955638,-0.9999999999999961,SL,3,-15.271973062489709
2021-06-01 07:25:00,2021-06-01 07:55:00,short,28934.269,28951.14252670678,28951.14252670678,28839.97255555557,14.061272255649769,-0.9999999999999364,SL,6,-16.271973062489646
2021-06-01 08:00:00,2021-06-01 09:00:00,short,28954.419,28949.369,28972.003151291494,28846.919103092798,14.653459409577016,0.2871904316727647,TIMEOUT,12,-15.984782630816882
2021-06-01 10:10:00,2021-06-01 10:15:00,long,28829.319,28801.613533164946,28801.613533164946,28864.573742547436,23.087889029210253,-1.0000000000000544,SL,1,-16.984782630816937
2021-06-01 10:50:00,2021-06-01 11:50:00,long,28769.319,28801.369,28734.61213142268,28860.21492875319,28.922390481099743,0.923448334977226,TIMEOUT,12,-16.06133429583971
2021-06-01 23:25:00,2021-06-02 00:25:00,short,29004.269,28921.269,29039.17729162209,28829.2971794872,29.090243018408117,2.377658606114031,TIMEOUT,12,-13.68367568972568
2021-06-02 02:30:00,2021-06-02 03:10:00,long,28894.419,28939.709645161285,28866.26023354318,28939.709645161285,23.4656387140171,1.608403025421354,VWAP,8,-12.075272664304325
2021-06-02 03:30:00,2021-06-02 04:30:00,long,28854.369,28881.369,28827.987052488894,28928.766596899215,21.98495625925489,1.0234270987247607,TIMEOUT,12,-11.051845565579566
2021-06-02 04:45:00,2021-06-02 05:45:00,long,28846.369,28869.319,28822.506097938873,28912.558999999997,19.8857517176044,0.9617438793158462,TIMEOUT,12,-10.090101686263719
2021-06-02 07:20:00,2021-06-02 08:20:00,long,28879.319,28884.369,28860.959680624863,28904.262520599248,15.299432812612704,0.27506466317257317,TIMEOUT,12,-9.815037023091145
2021-06-02 09:00:00,2021-06-02 09:35:00,short,28934.269,28902.6846880734,28950.3821734821,28902.6846880734,13.427644568415571,1.9601546499631828,VWAP,7,-7.854882373127962
2021-06-02 13:15:00,2021-06-02 13:25:00,long,28881.319,28865.314568762984,28865.314568762984,28911.004750000004,13.337026030847136,-0.9999999999999352,SL,2,-8.854882373127896
2021-06-02 14:15:00,2021-06-02 15:15:00,long,28844.519,28869.369,28826.50488360348,28907.67894186047,15.01176366376527,1.3794737112280135,TIMEOUT,12,-7.475408661899883
2021-06-03 01:45:00,2021-06-03 02:05:00,long,29039.999,29070.12248484849,29017.098060139117,29070.12248484849,19.084116550736134,1.3153820337279039,VWAP,4,-6.1600266281719795
2021-06-03 02:35:00,2021-06-03 02:45:00,long,29026.319,29004.028496750274,29004.028496750274,29063.611916666665,18.575419374772295,-0.9999999999999477,SL,2,-7.160026628171927
2021-06-03 02:50:00,2021-06-03 03:50:00,long,28994.419,28979.369,28972.36731791558,29058.845380952378,18.376401737017133,-0.6824876189665225,TIMEOUT,12,-7.84251424713845
2021-06-03 06:05:00,2021-06-03 06:10:00,long,28969.469,28946.453698035722,28946.453698035722,29031.956756756754,19.179418303566443,-0.9999999999999455,SL,1,-8.842514247138395
2021-06-03 06:15:00,2021-06-03 06:40:00,long,28944.269,28920.302234530798,28920.302234530798,29029.789096491226,19.972304557666984,-1.0000000000000706,SL,5,-9.842514247138466
2021-06-03 07:10:00,2021-06-03 08:05:00,long,28874.419,28846.21283817296,28846.21283817296,29016.10115325669,23.5051348558668,-1.0000000000000582,SL,11,-10.842514247138524
2021-06-03 14:40:00,2021-06-03 15:30:00,long,28959.519,28985.356461393578,28939.837692605084,28985.356461393578,16.401089495762857,1.312791923581892,VWAP,10,-9.529722323556632
2021-06-03 19:30:00,2021-06-03 19:35:00,long,28961.269,28945.743659630312,28945.743659630312,28984.4681737089,12.937783641407236,-0.9999999999999503,SL,1,-10.529722323556582
2021-06-03 19:40:00,2021-06-03 19:45:00,long,28939.469,28922.311966722056,28922.311966722056,28984.0576852713,14.297527731621573,-0.999999999999932,SL,1,-11.529722323556514
2021-06-03 19:50:00,2021-06-03 20:00:00,long,28891.269,28871.027986612382,28871.027986612382,28983.387897081397,16.867511156347323,-1.0000000000000746,SL,2,-12.529722323556589
2021-06-03 21:20:00,2021-06-03 22:20:00,long,28801.519,28906.999,28758.19919796336,28971.583243971614,36.09983503053287,2.4349141741410927,TIMEOUT,12,-10.094808149415496
2021-06-04 01:10:00,2021-06-04 01:15:00,long,28894.369,28940.737222222226,28868.102300879076,28940.737222222226,21.888915934103075,1.7652854669238063,VWAP,1,-8.329522682491689
2021-06-04 08:35:00,2021-06-04 09:35:00,short,29039.369,29004.369,29063.769295405353,28954.75755769232,20.333579504461824,1.4344088634402312,TIMEOUT,12,-6.895113819051458
2021-06-04 10:50:00,2021-06-04 11:10:00,short,29039.519,29062.708454889937,29062.708454889937,28966.319203562347,19.324545741613676,-0.9999999999999959,SL,4,-7.895113819051454
2021-06-07 07:20:00,2021-06-07 08:20:00,short,29064.319,29054.419,29077.760872080766,29027.207239700376,11.20156006730631,0.736504553868102,TIMEOUT,12,-7.158609265183352
2021-06-07 08:35:00,2021-06-07 08:45:00,short,29059.319,29070.7321648733,29070.7321648733,29031.25377564103,9.510970727751696,-0.9999999999999852,SL,2,-8.158609265183337
2021-06-07 08:50:00,2021-06-07 09:35:00,short,29074.999,29032.296850467297,29086.58708718172,29032.296850467297,9.65673931810147,3.685004165317118,VWAP,9,-4.473605099866219
2021-06-07 10:05:00,2021-06-07 10:15:00,long,28989.319,28971.007997496137,28971.007997496137,29033.3058852459,15.259168753217242,-1.0000000000000855,SL,2,-5.473605099866305
2021-06-07 10:20:00,2021-06-07 10:35:00,long,28964.369,28944.28470244133,28944.28470244133,29031.95046666667,16.73691463222235,-1.0000000000000318,SL,3,-6.473605099866337
2021-06-07 12:40:00,2021-06-07 12:55:00,short,29084.519,29107.392911175222,29107.392911175222,29030.698150326803,19.06159264601907,-0.9999999999999623,SL,3,-7.473605099866299
2021-06-07 13:20:00,2021-06-07 13:35:00,short,29124.369,29144.78435954873,29144.78435954873,29034.386598343688,17.012799623942847,-0.9999999999999116,SL,3,-8.47360509986621
2021-06-08 06:20:00,2021-06-08 06:35:00,long,29019.419,28998.511292130534,28998.511292130534,29057.385017316014,17.42308989122354,-0.9999999999999949,SL,3,-9.473605099866205
2021-06-08 10:00:00,2021-06-08 11:00:00,long,29024.469,29034.319,29004.136662266177,29060.848641873286,16.943614778186895,0.48444995007201647,TIMEOUT,12,-8.989155149794188
2021-06-09 10:40:00,2021-06-09 10:55:00,short,28867.319,28887.193743915544,28887.193743915544,28829.157203125007,16.562286596287816,-0.9999999999999795,SL,3,-9.989155149794167
2021-06-09 11:20:00,2021-06-09 12:20:00,short,28902.319,28882.269,28918.73938514487,28832.478534313734,13.683654287390294,1.221043222988301,TIMEOUT,12,-8.768111926805865
2021-06-09 12:45:00,2021-06-09 12:55:00,short,28892.519,28904.362319541156,28904.362319541156,28838.218324618756,9.869432950962072,-1.0000000000001477,SL,2,-9.768111926806013
2021-06-09 14:15:00,2021-06-09 15:20:00,short,28912.519,28867.469,28923.37279489419,28844.650019607856,9.044829078491869,4.150622011856275,TIMEOUT,12,-5.617489914949737
2021-06-09 15:30:00,2021-06-09 18:05:00,long,28814.319,28847.98394565219,28801.85159888374,28847.98394565219,10.389500930216558,2.700237630783075,VWAP,10,-2.917252284166662
2021-06-09 19:10:00,2021-06-09 19:40:00,long,28822.269,28808.630288150507,28808.630288150507,28846.281446633842,11.365593207912093,-0.999999999999898,SL,6,-3.91725228416656
2021-06-09 20:55:00,2021-06-09 21:10:00,short,28952.269,28986.48557316548,28986.48557316548,28847.25981845239,28.51381097123251,-0.9999999999999886,SL,3,-4.9172522841665485
2021-06-10 02:40:00,2021-06-10 03:10:00,long,28927.519,28908.011679214364,28908.011679214364,28952.9697070707,16.256100654695942,-1.0000000000000802,SL,6,-5.917252284166628
2021-06-10 03:15:00,2021-06-10 04:15:00,long,28882.369,28909.419,28860.896992252245,28947.037666666663,17.893339789795018,1.2597797242706543,TIMEOUT,12,-4.657472559895974
2021-06-10 04:30:00,2021-06-10 05:30:00,long,28882.269,28914.369,28861.735820106376,28935.64069696969,17.110983244685563,1.5633233705787755,TIMEOUT,12,-3.094149189317199
2021-06-10 06:10:00,2021-06-10 07:10:00,short,28964.319,28931.386199999997,28981.53900062624,28931.386199999997,14.350000521866482,1.9124737980450146,VWAP,12,-1.1816753912721845
2021-06-10 07:30:00,2021-06-10 07:35:00,long,28912.319,28896.725520991746,28896.725520991746,28933.68724175825,12.994565840210935,-1.0000000000000422,SL,1,-2.1816753912722264
2021-06-10 09:20:00,2021-06-10 09:35:00,short,29077.419,29107.921872711562,29107.921872711562,28942.806640118,25.4190605929681,-0.9999999999999595,SL,3,-3.181675391272186
2021-06-10 09:40:00,2021-06-10 10:40:00,short,29122.369,29032.469,29152.11337930849,28948.221564102572,24.78698275707424,3.0224197677018,TIMEOUT,12,-0.15925562357038592
2021-06-10 11:25:00,2021-06-10 12:25:00,short,29042.369,29017.419,29069.175037162036,28964.400642512082,22.338364301697947,0.9307604794091329,TIMEOUT,12,0.771504855838747
2021-06-10 13:00:00,2021-06-10 14:00:00,short,29037.419,29058.597052684392,29058.597052684392,28971.62940339703,17.64837723699191,-1.0000000000000062,SL,12,-0.22849514416125927
2021-06-10 14:05:00,2021-06-10 15:05:00,short,29057.519,29037.319,29073.490392928357,28977.179450980406,13.309494106963282,1.2647613198556549,TIMEOUT,12,1.0362661756943956
2021-06-10 19:40:00,2021-06-10 19:45:00,long,28957.519,28983.39514197532,28942.359242529208,28983.39514197532,12.633131225661424,1.7068968303202119,VWAP,1,2.7431630060146075
2021-06-10 20:30:00,2021-06-10 20:35:00,long,28892.319,28844.62489897474,28844.62489897474,28983.764604719778,39.74508418771612,-1.0000000000000022,SL,1,1.7431630060146053
2021-06-10 22:10:00,2021-06-10 23:10:00,long,28909.319,28924.519,28858.123245455452,28983.165287262877,42.66312878712224,0.2968996186348779,TIMEOUT,12,2.040062624649483
2021-06-11 02:30:00,2021-06-11 03:30:00,long,28924.319,28944.469,28902.156006275163,28957.128032258064,18.469161437363706,0.9091732033213917,TIMEOUT,12,2.949235827970875
2021-06-11 05:20:00,2021-06-11 06:20:00,short,28979.519,28993.27799372805,28993.27799372805,28950.50787179487,11.46582810670854,-0.99999999999998,SL,12,1.9492358279708948
2021-06-11 06:50:00,2021-06-11 07:00:00,short,29009.369,29019.577337508956,29019.577337508956,28958.630365461846,8.506947924129507,-1.0000000000001463,SL,2,0.9492358279707485
2021-06-11 07:05:00,2021-06-11 08:05:00,short,29019.519,29014.319,29029.461015126522,28960.659387596894,8.28501260543451,0.5230327990679836,TIMEOUT,12,1.4722686270387322
2021-06-11 09:00:00,2021-06-11 09:05:00,short,29029.519,29039.212728397455,29039.212728397455,28970.665137071654,8.078106997878198,-1.0000000000001028,SL,1,0.4722686270386294
2021-06-11 12:40:00,2021-06-11 12:55:00,long,28964.519,28980.6474768212,28951.859262771086,28980.6474768212,10.549781024094823,1.273997756001041,VWAP,3,1.7462663830396703
2021-06-11 16:00:00,2021-06-11 16:10:00,short,29044.519,29055.795760623037,29055.795760623037,28982.600086956547,9.39730051919741,-1.0000000000000329,SL,2,0.7462663830396374
2021-06-14 09:35:00,2021-06-14 09:45:00,long,29141.369,29156.00245029239,29130.318813717713,29156.00245029239,9.208488568571196,1.32427181936758,VWAP,2,2.070538202407217
2021-06-14 13:40:00,2021-06-14 14:40:00,short,29179.419,29179.469,29190.38631029377,29160.010002044983,9.139425244806947,-0.00455900295149692,TIMEOUT,12,2.0659791994557204
2021-06-14 15:20:00,2021-06-14 15:25:00,short,29189.519,29198.278064177357,29198.278064177357,29162.369072859736,7.29922014779597,-1.000000000000184,SL,1,1.0659791994555363
2021-06-14 15:30:00,2021-06-14 15:45:00,short,29204.369,29214.007376765167,29214.007376765167,29162.751234234223,8.031980637640352,-0.999999999999933,SL,3,0.06597919945560327
2021-06-14 15:50:00,2021-06-14 15:55:00,short,29229.419,29239.99524632419,29239.99524632419,29163.759282186937,8.813538603489247,-1.0000000000000955,SL,1,-0.9340208005444922
2021-06-14 23:30:00,2021-06-14 23:40:00,short,29409.519,29430.892115377148,29430.892115377148,29213.371901960763,17.810929480956297,-1.00000000000001,SL,2,-1.934020800544502
2021-06-14 23:45:00,2021-06-15 00:45:00,short,29459.519,29444.319,29483.057136473613,29215.989413436673,19.615113728010375,0.6457605519043857,TIMEOUT,12,-1.2882602486401162
2021-06-15 04:30:00,2021-06-15 04:55:00,long,29414.319,29448.691484848492,29397.5603399996,29448.691484848492,13.965550000332955,2.0510282354122062,VWAP,5,0.76276798677209
2021-06-15 05:55:00,2021-06-15 06:05:00,long,29416.469,29402.929054936787,29402.929054936787,29444.932981481485,11.28328755267908,-0.9999999999999312,SL,2,-0.23723201322784115
2021-06-15 06:10:00,2021-06-15 07:10:00,long,29394.269,29414.369,29379.73173348984,29443.30357777778,12.11438875846795,1.3826533334825126,TIMEOUT,12,1.1454213202546715
2021-06-15 07:50:00,2021-06-15 08:10:00,long,29409.999,29399.882983800435,29399.882983800435,29435.20422807017,8.430013499636582,-1.0000000000001001,SL,4,0.14542132025457133
2021-06-15 08:55:00,2021-06-15 09:00:00,long,29381.519,29369.949597455696,29369.949597455696,29431.194740740742,9.641168786921275,-0.9999999999999081,SL,1,-0.8545786797453367
2021-06-15 09:40:00,2021-06-15 10:35:00,long,29374.419,29359.642409300293,29359.642409300293,29427.87070940171,12.313825583090496,-0.9999999999999815,SL,11,-1.8545786797453183
2021-06-15 11:05:00,2021-06-15 12:05:00,long,29344.269,29364.469,29327.008195496943,29420.691139303486,14.384003752548265,1.1702814892794888,TIMEOUT,12,-0.6842971904658295
2021-06-15 12:55:00,2021-06-15 13:10:00,long,29364.519,29350.103606329292,29350.103606329292,29412.669982905965,12.012828058922691,-1.0000000000000535,SL,3,-1.684297190465883
2021-06-15 13:15:00,2021-06-15 14:15:00,long,29344.999,29369.519,29330.77075149341,29411.337604166656,11.856873755489602,1.723332284268717,TIMEOUT,12,0.0390350938028341
2021-06-15 15:30:00,2021-06-15 18:10:00,long,29334.319,29351.469,29322.34295843329,29404.69507843137,9.980034638924641,1.4320257577991555,TIMEOUT,12,1.4710608516019896
2021-06-15 19:05:00,2021-06-15 19:30:00,long,29324.269,29313.332226032227,29313.332226032227,29398.36994098884,9.113978306477325,-0.9999999999999966,SL,5,0.47106085160199307
2021-06-15 19:45:00,2021-06-15 20:15:00,long,29301.269,29395.80065898618,29283.593996113985,29395.80065898618,14.729169905011833,5.348324650778727,VWAP,6,5.81938550238072
2021-06-15 21:35:00,2021-06-15 21:40:00,long,29359.519,29334.587948192264,29334.587948192264,29394.00668479777,20.775876506448096,-0.999999999999946,SL,1,4.819385502380774
2021-06-15 22:20:00,2021-06-15 22:55:00,long,29345.519,29321.808575148494,29321.808575148494,29392.494913978495,19.75868737625587,-0.9999999999999603,SL,7,3.819385502380814
2021-06-15 23:00:00,2021-06-15 23:30:00,long,29323.419,29304.974029341654,29304.974029341654,29390.72957291666,15.370808881955128,-1.0000000000000622,SL,6,2.8193855023807517
2021-06-15 23:40:00,2021-06-16 00:40:00,long,29293.999,29308.369,29275.152815112764,29388.305893939392,15.705154072697242,0.7624885400403166,TIMEOUT,12,3.5818740424210684
2021-06-16 08:20:00,2021-06-16 08:35:00,long,29278.469,29294.242266666664,29267.092189506122,29294.242266666664,9.48067541156719,1.3864401340909691,VWAP,3,4.968314176512037
2021-06-16 09:35:00,2021-06-16 09:55:00,short,29318.999,29294.349724637683,29332.34287403163,29294.349724637683,11.119895026358344,1.8472353159126733,VWAP,4,6.815549492424711
2021-06-16 12:25:00,2021-06-16 13:25:00,long,29273.469,29273.369,29259.99417879215,29297.499693512305,11.22901767320931,-0.007421248746804692,TIMEOUT,12,6.808128243677906
2021-06-16 13:50:00,2021-06-16 14:00:00,long,29253.469,29239.52622520031,29239.52622520031,29295.364803212862,11.618978999742387,-1.0000000000001112,SL,2,5.808128243677795
2021-06-16 19:05:00,2021-06-16 19:30:00,long,29255.319,29228.862859520494,29228.862859520494,29294.46437480065,22.046783732921806,-0.9999999999999879,SL,5,4.808128243677808
2021-06-17 05:05:00,2021-06-17 06:05:00,short,29081.519,29086.269,29101.788169221774,29027.361795698922,16.890974351479198,-0.2343460626347283,TIMEOUT,12,4.57378218104308
2021-06-17 06:15:00,2021-06-17 07:10:00,short,29093.269,29108.597352308265,29108.597352308265,29038.325403508774,12.773626923553254,-1.0000000000000444,SL,11,3.5737821810430352
2021-06-17 07:20:00,2021-06-17 07:25:00,short,29123.269,29138.47134642835,29138.47134642835,29046.339112359554,12.668622023623161,-1.0000000000000393,SL,1,2.573782181042996
2021-06-17 09:20:00,2021-06-17 09:30:00,short,29106.469,29122.59509769421,29122.59509769421,29059.712893805314,13.438414745175994,-0.9999999999999465,SL,2,1.5737821810430497
2021-06-17 09:35:00,2021-06-17 09:40:00,short,29171.269,29190.89094483753,29190.89094483753,29061.53190229886,16.351620697941655,-1.0000000000000244,SL,1,0.5737821810430253
2021-06-17 10:35:00,2021-06-17 11:15:00,short,29153.369,29067.481734375007,29181.8420195799,29067.481734375007,23.72751631658576,3.0164438788786967,VWAP,8,3.590226059921722
2021-06-17 11:35:00,2021-06-17 12:20:00,short,29121.269,29071.495285714296,29147.35056848025,29071.495285714296,21.73464040020872,1.908386542143499,VWAP,9,5.498612602065221
2021-06-17 12:25:00,2021-06-17 12:30:00,long,29003.419,28974.73293160764,28974.73293160764,29072.71595555557,23.905056993636187,-0.9999999999999628,SL,1,4.498612602065259
2021-06-17 15:10:00,2021-06-17 15:30:00,short,29146.269,29169.467547893015,29169.467547893015,29077.46247905282,19.33212324417905,-0.9999999999999896,SL,4,3.4986126020652693
2021-06-17 15:40:00,2021-06-17 18:30:00,short,29191.999,29198.999,29215.471466547333,29080.11739506173,19.560388789443568,-0.2982217478459064,TIMEOUT,12,3.200390854219363
2021-06-17 18:45:00,2021-06-17 18:50:00,short,29216.999,29235.38697092466,29235.38697092466,29087.949669934645,15.323309103885517,-0.999999999999923,SL,1,2.2003908542194397
2021-06-17 23:40:00,2021-06-17 23:55:00,long,29063.269,29040.245124476358,29040.245124476358,29094.71481749049,19.18656293636938,-0.9999999999999605,SL,3,1.2003908542194792
2021-06-22 02:45:00,2021-06-22 03:05:00,long,28789.369,28761.422589020072,28761.422589020072,28837.595274509793,23.2886758166055,-0.9999999999999942,SL,4,0.200390854219485
2021-06-22 03:10:00,2021-06-22 03:50:00,long,28729.269,28700.14965522556,28700.14965522556,28829.507803418797,24.266120645368694,-0.999999999999945,SL,8,-0.79960914578046
2021-06-22 03:55:00,2021-06-22 04:30:00,long,28679.999,28647.71583191978,28647.71583191978,28809.536013888883,26.90264006685054,-0.9999999999999547,SL,7,-1.7996091457804146
2021-06-22 07:15:00,2021-06-22 08:15:00,short,28809.519,28799.369,28835.97847794135,28756.49464393938,22.049564951122985,0.3836054521748631,TIMEOUT,12,-1.4160036936055516
2021-06-22 08:50:00,2021-06-22 09:10:00,long,28714.319,28762.17099376945,28689.651046202922,28762.17099376945,20.55662816423118,1.9398444704043627,VWAP,4,0.5238407767988111
2021-06-22 09:30:00,2021-06-22 09:55:00,long,28719.999,28694.348731894595,28694.348731894595,28760.626217391284,21.375223421169853,-1.0000000000000222,SL,5,-0.47615922320121107
2021-06-22 10:00:00,2021-06-22 10:20:00,long,28699.269,28758.255804407694,28669.937703869193,28758.255804407694,24.442746775673125,2.0110534544614898,VWAP,4,1.5348942312602787
2021-06-22 11:15:00,2021-06-22 12:15:00,short,28836.519,28814.999,28864.890411806766,28759.352921568618,23.642843172304115,0.7585100151720037,TIMEOUT,12,2.2934042464322824
2021-06-22 14:40:00,2021-06-22 15:05:00,short,28824.519,28840.494862320786,28840.494862320786,28770.054329566843,13.313218600653656,-1.0000000000000622,SL,5,1.2934042464322202
2021-06-22 15:10:00,2021-06-22 15:20:00,short,28854.469,28871.078590901318,28871.078590901318,28772.12675956283,13.841325751095816,-1.0000000000000948,SL,2,0.29340424643212537
2021-06-22 19:00:00,2021-06-22 19:35:00,short,28869.999,28886.065220843622,28886.065220843622,28782.161644230757,13.38851736968666,-0.999999999999903,SL,6,-0.7065957535677776
2021-06-22 19:40:00,2021-06-22 19:45:00,short,28904.999,28920.619944632293,28920.619944632293,28785.281465116273,13.017453860243382,-1.0000000000001041,SL,1,-1.7065957535678817
2021-06-22 19:50:00,2021-06-22 20:10:00,short,28951.319,28972.131651239066,28972.131651239066,28786.54947619047,17.343876032556743,-0.9999999999999152,SL,4,-2.7065957535677967
2021-06-23 02:05:00,2021-06-23 02:50:00,long,28861.469,28892.717717948715,28840.345447166237,28892.717717948715,17.60296069480185,1.4793305934202907,VWAP,9,-1.227265160147506
2021-06-23 03:15:00,2021-06-23 03:35:00,long,28859.519,28839.180780014987,28839.180780014987,28885.105166666668,16.948516654178334,-0.99999999999995,SL,4,-2.2272651601474562
2021-06-23 03:40:00,2021-06-23 04:40:00,long,28804.469,28819.319,28781.694758075326,28880.934407407407,18.978534937227987,0.652052439291517,TIMEOUT,12,-1.5752127208559392
2021-06-23 05:05:00,2021-06-23 06:05:00,long,28754.419,28784.419,28728.921075878687,28860.299,21.24827010109499,1.1765663689822763,TIMEOUT,12,-0.39864635187366293
2021-06-23 19:50:00,2021-06-23 19:55:00,long,28774.419,28803.22367592593,28753.248620422575,28803.22367592593,17.64198298118958,1.3606121619396603,VWAP,1,0.9619658100659974
2021-06-24 00:30:00,2021-06-24 01:20:00,long,28856.419,28837.964635841166,28837.964635841166,28882.97280952381,15.378636799029168,-1.0000000000000124,SL,10,-0.038034189934015084
2021-06-24 04:05:00,2021-06-24 05:05:00,short,28904.319,28909.419,28924.373243379185,28859.409666666666,16.711869482654457,-0.2543102675863385,TIMEOUT,12,-0.2923444575203536
2021-06-24 05:10:00,2021-06-24 06:10:00,short,28924.469,28899.469,28941.49736057872,28865.967253968254,14.190300482264657,1.4681389840455656,TIMEOUT,12,1.175794526525212
2021-06-24 06:25:00,2021-06-24 07:25:00,short,28924.369,28911.469,28938.715345322147,28875.170752136746,11.955287768455772,0.8991837091836666,TIMEOUT,12,2.074978235708879
2021-06-24 12:15:00,2021-06-24 12:30:00,short,28954.519,28969.684690922903,28969.684690922903,28899.145846846848,12.63807576908626,-0.9999999999999192,SL,3,1.0749782357089597
2021-06-25 00:40:00,2021-06-25 01:40:00,long,29064.419,29049.469,29044.182337068643,29092.453444444443,16.863885776130928,-0.7387581663395403,TIMEOUT,12,0.3362200693694194
2021-06-25 02:45:00,2021-06-25 03:00:00,long,29039.469,29020.01329155781,29020.01329155781,29071.731156862745,16.21309036849175,-1.000000000000014,SL,3,-0.6637799306305946
2021-06-25 10:00:00,2021-06-25 10:05:00,long,29009.369,29041.388917355373,28995.07226911785,29041.388917355373,11.913942401791843,2.239667069298433,VWAP,1,1.5758871386678384
2021-06-25 11:20:00,2021-06-25 12:20:00,short,29069.369,29064.519,29083.853193668583,29041.74829440389,12.070161390486499,0.3348477734399665,TIMEOUT,12,1.910734912107805
2021-06-27 19:40:00,2021-06-27 19:50:00,long,29049.999,29070.69804761905,29036.38035961509,29070.69804761905,11.348866987425568,1.5199055877843437,VWAP,2,3.4306404998921485
2021-06-27 20:20:00,2021-06-27 21:20:00,long,29011.419,29054.999,28978.893318896393,29065.5898045977,27.104734253007003,1.3398643324693773,TIMEOUT,12,4.770504832361526
2021-06-27 22:15:00,2021-06-27 23:15:00,long,29014.419,29029.319,28987.940207882773,29052.884769230765,22.065660097691026,0.5627144899220188,TIMEOUT,12,5.333219322283545
2021-06-28 01:05:00,2021-06-28 02:00:00,long,29011.269,29030.911857142848,28997.17269577214,29030.911857142848,11.746920189883422,1.393475681663099,VWAP,11,6.726695003946644
2021-06-28 02:20:00,2021-06-28 03:15:00,long,28994.319,29022.588195402295,28978.523705276344,29022.588195402295,13.162745603046144,1.789722565920798,VWAP,11,8.516417569867443
2021-06-28 04:00:00,2021-06-28 04:25:00,long,28984.319,28966.702190559216,28966.702190559216,29018.23348979592,14.680674533986526,-1.0000000000000087,SL,5,7.516417569867434
2021-06-28 06:15:00,2021-06-28 06:25:00,long,28984.319,28970.936507822473,28970.936507822473,29008.98825438597,11.152076814604964,-1.0000000000000577,SL,2,6.516417569867376
2021-06-28 06:40:00,2021-06-28 07:20:00,long,28971.319,29006.864802469136,28958.372761326995,29006.864802469136,10.788532227504005,2.7456470846049967,VWAP,8,9.262064654472372
2021-06-28 07:35:00,2021-06-28 08:35:00,short,29034.369,29041.999,29049.52228048479,29006.348565217395,12.627733737326604,-0.503521333724312,TIMEOUT,12,8.75854332074806
2021-06-28 10:25:00,2021-06-28 10:35:00,long,28994.369,28979.979607398564,28979.979607398564,29012.84855026454,11.991160501196504,-0.9999999999999614,SL,2,7.7585433207481
2021-06-28 10:40:00,2021-06-28 10:50:00,long,28969.319,28954.54617800825,28954.54617800825,29012.115950904383,12.310684993122651,-1.0000000000000595,SL,2,6.75854332074804
2021-06-28 11:30:00,2021-06-28 12:30:00,long,28921.319,28939.269,28902.372060063,29008.174827338124,15.78911661416474,0.94738253563309,TIMEOUT,12,7.70592585638113
2021-06-29 05:20:00,2021-06-29 06:20:00,short,28859.269,28859.369,28878.7200082923,28814.638864583343,16.209173576917546,-0.005141121657848762,TIMEOUT,12,7.700784734723281
2021-06-29 07:00:00,2021-06-29 08:00:00,short,28874.369,28854.419,28890.33685696608,28824.515087301603,13.306547471735907,1.2493849389039724,TIMEOUT,12,8.950169673627254
2021-06-29 08:10:00,2021-06-29 08:20:00,short,28869.369,28884.380709784313,28884.380709784313,28829.13527891159,12.509758153593689,-1.0000000000001052,SL,2,7.950169673627149
2021-06-29 08:25:00,2021-06-29 09:25:00,short,28891.269,28906.480634984015,28906.480634984015,28830.72274917494,12.676362486678416,-1.0000000000000187,SL,12,6.950169673627131
2021-06-29 15:50:00,2021-06-29 15:55:00,long,28834.469,28851.49197543863,28822.53790057436,28851.49197543863,9.942582854699747,1.4267734121840685,VWAP,1,8.376943085811199
2021-06-29 19:35:00,2021-06-29 19:50:00,long,28836.319,28852.587594339653,28825.480411249064,28852.587594339653,9.032157292446124,1.5009882479626047,VWAP,3,9.877931333773804
2021-06-29 19:55:00,2021-06-29 20:00:00,short,28886.999,28902.139454740616,28902.139454740616,28852.592574074104,12.617045617179206,-1.0000000000000897,SL,1,8.877931333773713
2021-06-29 20:05:00,2021-06-29 20:40:00,short,29004.469,28853.391027522965,29029.500759444716,28853.391027522965,20.85979953726158,6.035451595430716,VWAP,7,14.91338292920443
2021-06-29 22:05:00,2021-06-29 23:05:00,long,28789.519,28794.269,28758.879990459962,28854.367961432537,25.5325079500305,0.15503112115269527,TIMEOUT,12,15.068414050357125
2021-06-29 23:10:00,2021-06-30 00:10:00,long,28784.469,28814.319,28763.16309844343,28851.44151764709,17.75491796380936,1.401020272281889,TIMEOUT,12,16.469434322639014
2021-06-30 00:35:00,2021-06-30 00:50:00,long,28791.369,28815.528583333333,28773.596699341604,28815.528583333333,14.810250548661486,1.3593953758554913,VWAP,3,17.828829698494506
2021-06-30 02:00:00,2021-06-30 02:05:00,long,28779.269,28757.398996634314,28757.398996634314,28821.67273333333,18.225002804737176,-1.000000000000063,SL,1,16.82882969849444
2021-06-30 04:05:00,2021-06-30 04:10:00,long,28744.369,28722.544438407745,28722.544438407745,28795.650533333333,18.187134660210027,-1.0000000000000582,SL,1,15.828829698494383
2021-06-30 04:15:00,2021-06-30 04:25:00,long,28666.319,28640.769311688313,28640.769311688313,28792.070666666663,21.291406926405557,-0.9999999999999982,SL,2,14.828829698494385
2021-06-30 04:45:00,2021-06-30 04:55:00,long,28634.369,28606.150511318883,28606.150511318883,28777.461586206886,23.515407234262113,-1.0000000000000362,SL,2,13.82882969849435
2021-06-30 05:00:00,2021-06-30 05:05:00,long,28579.369,28549.825188180606,28549.825188180606,28768.98899999999,24.619843182825814,-1.0000000000000493,SL,1,12.8288296984943
2021-06-30 08:40:00,2021-06-30 09:15:00,long,28679.369,28657.29530824419,28657.29530824419,28722.302047619043,18.39474312984044,-1.0000000000000535,SL,7,11.828829698494246
2021-06-30 11:15:00,2021-06-30 11:30:00,long,28689.319,28719.9215490196,28665.19438280369,28719.9215490196,20.10384766359214,1.2685195694744875,VWAP,3,13.097349267968735
2021-06-30 12:30:00,2021-06-30 12:50:00,long,28686.319,28718.18805077262,28666.101547732786,28718.18805077262,16.84787688934638,1.576313887200266,VWAP,4,14.673663155169
2021-06-30 14:10:00,2021-06-30 15:10:00,long,28694.519,28704.469,28679.251167726987,28717.43687524365,12.723193560845008,0.6516969679832949,TIMEOUT,12,15.325360123152295
2021-06-30 16:10:00,2021-06-30 18:00:00,short,28796.369,28816.195852597528,28816.195852597528,28718.367529914518,16.522377164607665,-0.9999999999999936,SL,2,14.325360123152302
2021-06-30 18:05:00,2021-06-30 18:30:00,short,28806.519,28825.176224182498,28825.176224182498,28719.72203030302,15.547686818747653,-1.0000000000000375,SL,5,13.325360123152265
2021-06-30 18:35:00,2021-06-30 19:25:00,short,28844.319,28861.117307401026,28861.117307401026,28722.669473856204,13.99858950085541,-0.9999999999999856,SL,9,12.32536012315228
2021-07-01 05:45:00,2021-07-01 06:15:00,long,28679.269,28708.46147619047,28656.16082583776,28708.46147619047,19.25681180186719,1.2632965281251634,VWAP,6,13.588656651277443
2021-07-01 06:30:00,2021-07-01 06:45:00,long,28644.999,28620.737617265837,28620.737617265837,28705.621869198312,20.217818945134574,-1.0000000000000584,SL,3,12.588656651277384
2021-07-01 10:10:00,2021-07-01 11:10:00,short,28744.519,28719.419,28770.098420797985,28692.875504065032,21.316183998322273,0.9812575584969494,TIMEOUT,12,13.569914209774334
2021-07-01 12:25:00,2021-07-01 13:00:00,long,28669.519,28696.361666666668,28650.817358453874,28696.361666666668,15.584701288436722,1.4353107239524932,VWAP,7,15.005224933726828
2021-07-01 14:30:00,2021-07-01 14:35:00,short,28739.469,28755.082557797654,28755.082557797654,28696.373438095234,13.01129816471137,-0.9999999999999526,SL,1,14.005224933726875
2021-07-01 14:40:00,2021-07-01 15:20:00,short,28754.269,28770.729935039813,28770.729935039813,28696.996476459502,13.717445866511275,-0.9999999999999797,SL,8,13.005224933726895
2021-07-01 20:55:00,2021-07-01 21:55:00,short,28824.469,28814.269,28854.448679384775,28712.186935103244,24.983066153978804,0.3402304564064446,TIMEOUT,12,13.34545539013334
2021-07-02 08:30:00,2021-07-02 08:35:00,short,28829.419,28842.64480059793,28842.64480059793,28778.181783171516,11.02150049827365,-0.9999999999999295,SL,1,12.345455390133411
2021-07-02 13:05:00,2021-07-02 13:55:00,short,28799.369,28778.60435864979,28810.59868811394,28778.60435864979,9.358073428285426,1.8490844215367912,VWAP,10,14.194539811670202
2021-07-04 20:00:00,2021-07-04 20:05:00,long,28696.369,28674.367194609888,28674.367194609888,28755.944666666666,18.334837825093533,-0.9999999999999555,SL,1,13.194539811670246
2021-07-04 20:10:00,2021-07-04 20:15:00,long,28651.269,28623.87540249526,28623.87540249526,28746.854606060606,22.82799792061622,-0.9999999999999781,SL,1,12.194539811670268
2021-07-05 08:35:00,2021-07-05 09:35:00,short,28654.999,28621.369,28667.43219466503,28602.974064102553,10.360995554193085,2.7048559043787215,TIMEOUT,12,14.89939571604899
2021-07-05 10:30:00,2021-07-05 11:30:00,short,28659.319,28649.269,28670.202424105897,28609.44330446194,9.069520088248973,0.9234226197757209,TIMEOUT,12,15.82281833582471
2021-07-05 12:20:00,2021-07-05 18:00:00,short,28659.269,28667.644195361136,28667.644195361136,28615.754078299764,6.979329467612307,-1.0000000000000768,SL,9,14.822818335824634
2021-07-05 20:45:00,2021-07-05 20:55:00,short,28684.419,28715.102652403024,28715.102652403024,28625.68739441533,25.56971033585159,-1.0000000000000122,SL,2,13.822818335824621
2021-07-05 22:10:00,2021-07-05 23:10:00,short,28717.519,28687.469,28749.744645160572,28631.988246794852,26.854704300475127,0.9324871496061496,TIMEOUT,12,14.755305485430771
2021-07-06 00:55:00,2021-07-06 01:45:00,long,28672.519,28657.12985177373,28657.12985177373,28693.320666666667,12.824290188556745,-1.000000000000108,SL,10,13.755305485430663
2021-07-06 02:15:00,2021-07-06 03:05:00,long,28632.269,28614.09464206695,28614.09464206695,28678.33328571429,15.145298277540801,-1.0000000000000842,SL,9,12.75530548543058
2021-07-06 03:45:00,2021-07-06 04:45:00,long,28582.999,28592.269,28555.42255406329,28662.74211111111,22.980371613924056,0.33615644384617793,TIMEOUT,12,13.091461929276758
2021-07-06 23:55:00,2021-07-07 00:40:00,long,28367.419,28339.018247070504,28339.018247070504,28469.678962406026,23.667294107914458,-1.000000000000012,SL,9,12.091461929276745
2021-07-07 00:45:00,2021-07-07 01:00:00,long,28312.419,28286.115900470406,28286.115900470406,28360.181333333334,21.91924960799689,-0.9999999999999817,SL,3,11.091461929276763
2021-07-07 01:15:00,2021-07-07 01:40:00,long,28254.319,28334.614833333333,28226.993004888835,28334.614833333333,22.771662592638652,2.938441326900546,VWAP,5,14.02990325617731
2021-07-07 03:00:00,2021-07-07 03:30:00,short,28422.999,28451.585463404368,28451.585463404368,28344.610801801802,23.822052836973267,-1.000000000000012,SL,6,13.029903256177297
2021-07-07 05:10:00,2021-07-07 05:40:00,short,28467.319,28490.55239047798,28490.55239047798,28387.000957671957,19.361158731651056,-0.9999999999999765,SL,6,12.02990325617732
2021-07-07 08:10:00,2021-07-07 08:35:00,short,28467.419,28408.702030303022,28483.50903808598,28408.702030303022,13.408365071648602,3.649274748960878,VWAP,5,15.679178005138198
2021-07-07 09:35:00,2021-07-07 10:05:00,short,28477.419,28410.274057471266,28499.24329554693,28410.274057471266,18.186912955775046,3.0766144265389856,VWAP,6,18.755792431677182
2021-07-07 10:30:00,2021-07-07 10:35:00,long,28372.999,28345.654945306997,28345.654945306997,28411.84550918635,22.78671224416821,-1.000000000000052,SL,1,17.75579243167713
2021-07-07 10:40:00,2021-07-07 10:45:00,long,28337.999,28308.403361004504,28308.403361004504,28410.904478036173,24.663032496247023,-0.999999999999965,SL,1,16.755792431677165
2021-07-07 13:20:00,2021-07-07 14:20:00,long,28364.469,28384.269,28343.154921709025,28407.788834368537,17.761731909147198,0.9289634639458769,TIMEOUT,12,17.68475589562304
2021-07-07 14:35:00,2021-07-07 15:35:00,long,28354.469,28387.999,28330.11138572084,28404.759132575768,20.29801189930105,1.37657159751827,TIMEOUT,12,19.061327493141313
2021-07-07 16:00:00,2021-07-07 18:45:00,long,28349.469,28357.999,28326.11406291616,28401.94868911918,19.46244756986638,0.3652332682112482,TIMEOUT,12,19.42656076135256
2021-07-07 18:50:00,2021-07-07 19:00:00,long,28347.269,28333.552277643084,28333.552277643084,28398.9936116505,11.43060196409603,-1.0000000000000449,SL,2,18.426560761352516
2021-07-07 19:05:00,2021-07-07 19:30:00,long,28322.319,28308.944036800967,28308.944036800967,28398.028665071786,11.145802665859692,-1.000000000000043,SL,5,17.426560761352473
2021-07-07 19:40:00,2021-07-07 20:35:00,long,28277.469,28261.56914342207,28261.56914342207,28395.31001851853,13.249880481606462,-1.0000000000000981,SL,11,16.426560761352373
2021-07-07 20:40:00,2021-07-07 20:55:00,long,28244.419,28207.244310700924,28207.244310700924,28389.949292397683,30.97890774923266,-0.9999999999999606,SL,3,15.426560761352412
2021-07-07 22:35:00,2021-07-07 23:35:00,long,28164.519,28162.519,28129.470147797805,28374.265693227106,29.20737683516147,-0.057063209615600956,TIMEOUT,12,15.369497551736812
2021-07-08 15:45:00,2021-07-08 15:50:00,long,27709.269,27678.630299112516,27678.630299112516,27809.387456140354,25.532250739568937,-1.0000000000000562,SL,1,14.369497551736755
2021-07-08 18:45:00,2021-07-08 19:35:00,long,27752.269,27730.06518992842,27730.06518992842,27805.014436893205,18.503175059649923,-1.0000000000000013,SL,10,13.369497551736753
2021-07-08 19:40:00,2021-07-08 19:55:00,long,27717.999,27693.60592597795,27693.60592597795,27802.506987711215,20.32756168504075,-1.0000000000000209,SL,3,12.369497551736732
2021-07-08 20:35:00,2021-07-08 21:00:00,long,27687.369,27628.13265094927,27628.13265094927,27799.951646198824,49.363624208940855,-1.0000000000000249,SL,5,11.369497551736707
2021-07-08 21:05:00,2021-07-08 21:50:00,long,27589.269,27531.67508606039,27531.67508606039,27796.14804558404,47.99492828300905,-0.9999999999999937,SL,9,10.369497551736714
2021-07-08 21:55:00,2021-07-08 22:05:00,long,27482.519,27424.68239448463,27424.68239448463,27786.88808469945,48.19717126280923,-0.9999999999999997,SL,2,9.369497551736714
2021-07-08 23:50:00,2021-07-09 00:50:00,long,27562.999,27617.419,27511.93947464916,27766.548375780276,42.54960445903322,1.0658148430889547,TIMEOUT,12,10.435312394825669
2021-07-09 00:55:00,2021-07-09 01:00:00,short,27737.419,27790.38042246092,27790.38042246092,27602.087333333333,44.13451871743176,-0.9999999999999918,SL,1,9.435312394825678
2021-07-09 01:05:00,2021-07-09 01:10:00,short,27864.419,27925.151389774976,27925.151389774976,27631.125904761906,50.61032481247929,-0.9999999999999787,SL,1,8.435312394825699
2021-07-11 23:05:00,2021-07-12 00:05:00,short,28582.269,28574.519,28611.966949747864,28526.222978494625,24.74829145655401,0.26096077560226866,TIMEOUT,12,8.696273170427968
2021-07-12 01:50:00,2021-07-12 01:55:00,long,28527.319,28551.014942028985,28508.91270907946,28551.014942028985,15.338575767115426,1.28738278294542,VWAP,1,9.983655953373388
2021-07-12 03:30:00,2021-07-12 03:40:00,long,28502.269,28473.740557981426,28473.740557981426,28549.341015503873,23.773701682143948,-1.000000000000059,SL,2,8.98365595337333
2021-07-12 03:45:00,2021-07-12 03:50:00,long,28452.319,28421.77248720306,28421.77248720306,28544.19631884058,25.455427330783593,-0.9999999999999925,SL,1,7.9836559533733364
2021-07-12 03:55:00,2021-07-12 04:55:00,long,28427.519,28482.369,28395.36122110876,28539.162402777776,26.798149076032615,1.7056526256215268,TIMEOUT,12,9.689308578994863
2021-07-12 05:10:00,2021-07-12 06:10:00,long,28462.369,28436.360307026105,28436.360307026105,28522.59487301587,21.673910811578732,-0.9999999999999674,SL,12,8.689308578994895
2021-07-12 06:15:00,2021-07-12 07:15:00,long,28427.419,28462.419,28404.689157255216,28511.14264035088,18.94153562065367,1.5398258753035636,TIMEOUT,12,10.229134454298459
2021-07-12 09:55:00,2021-07-12 10:10:00,short,28602.519,28631.400528778388,28631.400528778388,28503.92263888889,24.067940648655174,-1.0000000000000375,SL,3,9.229134454298421
2021-07-12 10:35:00,2021-07-12 11:35:00,short,28637.369,28632.999,28665.529216280614,28510.914260416666,23.466846900511744,0.15518346721673987,TIMEOUT,12,9.38431792151516
2021-07-13 02:20:00,2021-07-13 03:20:00,long,28669.319,28684.999,28643.88836465004,28723.838080459773,21.192196124966454,0.6165791685588033,TIMEOUT,12,10.000897090073964
2021-07-14 02:00:00,2021-07-14 02:05:00,long,28594.999,28572.068579314404,28572.068579314404,28624.939266666668,19.1086839046622,-1.0000000000000546,SL,1,9.00089709007391
2021-07-14 02:10:00,2021-07-14 03:10:00,long,28556.999,28584.999,28532.11211685783,28620.734555555555,20.73906928514253,1.1250906688493167,TIMEOUT,12,10.125987758923227
2021-07-14 04:00:00,2021-07-14 04:10:00,long,28559.319,28533.41069408691,28533.41069408691,28600.376891156462,21.59025492757628,-0.9999999999999354,SL,2,9.12598775892329
2021-07-14 06:40:00,2021-07-14 07:40:00,short,28621.999,28637.423096172657,28637.423096172657,28593.96225102881,12.853413477215522,-0.9999999999999141,SL,12,8.125987758923376
2021-07-14 07:45:00,2021-07-14 08:00:00,short,28634.999,28648.636217233412,28648.636217233412,28597.987475177317,11.364347694509508,-1.0000000000000602,SL,3,7.125987758923316
2021-07-14 08:45:00,2021-07-14 09:40:00,short,28659.999,28679.71632791206,28679.71632791206,28602.54648427674,16.43110659338339,-1.0000000000000773,SL,11,6.125987758923238
2021-07-14 11:40:00,2021-07-14 12:40:00,long,28559.419,28589.999,28533.641262209898,28612.716068557922,21.48144815841995,1.1862949436834505,TIMEOUT,12,7.312282702606689
2021-07-14 12:55:00,2021-07-14 13:20:00,long,28569.369,28546.963652958453,28546.963652958453,28608.934811965813,18.671122534621464,-0.9999999999999934,SL,5,6.312282702606695
2021-07-14 13:25:00,2021-07-14 14:05:00,long,28529.319,28607.027497942392,28508.05502319183,28607.027497942392,17.719980673472264,3.6544668310843704,VWAP,8,9.966749533691065
2021-07-14 15:15:00,2021-07-14 15:30:00,long,28564.469,28544.580157710625,28544.580157710625,28605.09490579711,16.574035241145925,-1.000000000000047,SL,3,8.966749533691019
2021-07-14 15:55:00,2021-07-14 16:00:00,long,28544.999,28522.972784426012,28522.972784426012,28603.23721180556,18.355179644989168,-1.0000000000000195,SL,1,7.966749533690999
2021-07-14 18:55:00,2021-07-14 19:20:00,long,28534.419,28518.75304781476,28518.75304781476,28599.288349593495,13.054960154368507,-0.9999999999999626,SL,4,6.966749533691036
2021-07-14 19:30:00,2021-07-14 19:40:00,long,28519.519,28506.682533504056,28506.682533504056,28597.44577777777,10.697055413287698,-0.9999999999999409,SL,2,5.966749533691095
2021-07-14 20:35:00,2021-07-14 20:50:00,long,28424.369,28390.03986960704,28390.03986960704,28591.756713004474,28.60760866079975,-0.9999999999999557,SL,3,4.966749533691139
2021-07-16 00:45:00,2021-07-16 01:05:00,short,28099.419,28130.142110884575,28130.142110884575,28037.702666666668,25.602592403812327,-0.9999999999999594,SL,4,3.96674953369118
2021-07-16 01:10:00,2021-07-16 01:50:00,short,28179.269,28062.958333333332,28213.38081808485,28062.958333333332,28.426515070708454,3.409688289769709,VWAP,8,7.37643782346089
2021-07-16 02:00:00,2021-07-16 02:05:00,long,27996.469,27959.604516125164,27959.604516125164,28080.568199999998,30.720403229030616,-1.0000000000000038,SL,1,6.376437823460886
2021-07-16 02:10:00,2021-07-16 03:10:00,long,27909.519,27961.319,27866.520746046695,28069.975666666665,35.83187829441931,1.2047000805254777,TIMEOUT,12,7.581137903986364
2021-07-16 04:10:00,2021-07-16 04:35:00,long,27954.469,28031.408411764703,27917.617990764124,28031.408411764703,30.709174363231586,2.087850871932018,VWAP,5,9.668988775918383
2021-07-16 05:10:00,2021-07-16 06:10:00,short,28099.999,28039.999,28131.700048324037,28032.20085185185,26.417540270032333,1.8926818882043785,TIMEOUT,12,11.561670664122762
2021-07-16 09:00:00,2021-07-16 09:15:00,short,28079.369,28097.856419147352,28097.856419147352,28047.257440366975,15.406182622795555,-0.999999999999945,SL,3,10.561670664122817
2021-07-16 09:25:00,2021-07-16 09:45:00,short,28111.419,28049.170959064326,28130.961917908982,28049.170959064326,16.2857649241493,3.1851968690445878,VWAP,4,13.746867533167404
2021-07-16 09:50:00,2021-07-16 09:55:00,long,27999.269,27973.12135120192,27973.12135120192,28049.681605042013,21.789707331733254,-0.9999999999999999,SL,1,12.746867533167404
2021-07-16 10:15:00,2021-07-16 10:25:00,long,27959.999,27928.92572979788,27928.92572979788,28047.4853172043,25.894391835100723,-0.9999999999999593,SL,2,11.746867533167444
2021-07-16 12:30:00,2021-07-16 13:30:00,long,27981.319,27949.18479192974,27949.18479192974,28031.307763796904,26.77850672521627,-1.0000000000000078,SL,12,10.746867533167437
2021-07-16 13:35:00,2021-07-16 14:00:00,long,27911.369,27880.911995750663,27880.911995750663,28027.5709105691,25.380836874445876,-1.000000000000032,SL,5,9.746867533167405
2021-07-16 14:05:00,2021-07-16 14:40:00,long,27869.519,27841.626499811446,27841.626499811446,28022.775098039216,23.24375015712889,-0.9999999999999958,SL,7,8.746867533167409
2021-07-19 01:40:00,2021-07-19 02:05:00,short,27681.369,27612.746777777775,27718.377255164596,27612.746777777775,30.840212637163525,1.8542409502156483,VWAP,5,10.601108483383058
2021-07-19 02:55:00,2021-07-19 03:05:00,short,27689.519,27629.552981481476,27720.32980269976,27629.552981481476,25.675668916467494,1.946266025681606,VWAP,2,12.547374509064664
2021-07-19 03:10:00,2021-07-19 03:35:00,long,27556.269,27518.34852130781,27518.34852130781,27628.117290598286,31.600398910160216,-0.9999999999999657,SL,5,11.547374509064698
2021-07-19 04:35:00,2021-07-19 04:40:00,long,27544.319,27498.03909949169,27498.03909949169,27609.36358333333,38.56658375692559,-0.9999999999999993,SL,1,10.547374509064698
2021-07-19 04:45:00,2021-07-19 05:45:00,long,27509.469,27564.469,27458.738861296406,27605.9030229885,42.27511558632876,1.0841681376302434,TIMEOUT,12,11.63154264669494
2021-07-19 06:10:00,2021-07-19 07:10:00,long,27499.269,27494.319,27450.953998779012,27589.775977777776,40.26250101748992,-0.10245265186603082,TIMEOUT,12,11.52908999482891
2021-07-20 03:10:00,2021-07-20 03:30:00,short,27507.999,27546.805432212972,27546.805432212972,27418.665752136756,32.33869351081029,-0.9999999999999947,SL,4,10.529089994828915
2021-07-20 05:55:00,2021-07-20 06:15:00,long,27407.369,27462.617333333343,27370.47305619742,27462.617333333343,30.74661983548206,1.4974094070872603,VWAP,4,12.026499401916176
2021-07-20 09:20:00,2021-07-20 09:35:00,long,27392.269,27358.795893113216,27358.795893113216,27459.940769911515,27.894255738987866,-0.9999999999999595,SL,3,11.026499401916217
2021-07-20 10:25:00,2021-07-20 10:50:00,short,27642.999,27691.012805057067,27691.012805057067,27462.330878306886,40.011504214223805,-0.999999999999981,SL,5,10.026499401916237
2021-07-20 10:55:00,2021-07-20 11:55:00,short,27707.369,27717.419,27755.35564706958,27470.550944444454,39.988872557983846,-0.20943326141187601,TIMEOUT,12,9.81706614050436
2021-07-20 14:30:00,2021-07-20 15:15:00,short,27757.419,27783.812900924822,27783.812900924822,27527.561057142877,21.994917437351766,-0.9999999999999435,SL,9,8.817066140504418
2021-07-20 19:05:00,2021-07-20 19:15:00,short,27772.319,27791.66155022387,27791.66155022387,27564.049689102572,16.118791853225883,-1.0000000000000235,SL,2,7.817066140504394
2021-07-20 19:20:00,2021-07-20 19:35:00,short,27799.419,27818.2547954963,27818.2547954963,27567.244434439188,15.696496246915942,-1.0000000000000142,SL,3,6.81706614050438
2021-07-20 20:40:00,2021-07-20 20:45:00,short,27792.369,27838.13439391212,27838.13439391212,27580.540864904568,38.13782826010249,-0.9999999999999964,SL,1,5.817066140504384
2021-07-20 20:50:00,2021-07-20 21:50:00,short,27867.419,27740.369,27916.86165087321,27582.918810771487,41.20220906100676,2.569643774275228,TIMEOUT,12,8.386709914779612
2021-07-20 22:25:00,2021-07-20 22:50:00,long,27517.469,27464.513557184313,27464.513557184313,27593.919524193556,44.129535679739526,-1.0000000000000109,SL,5,7.386709914779601
2021-07-21 03:45:00,2021-07-21 04:25:00,short,27700.369,27737.319613305754,27737.319613305754,27566.19950724638,30.79217775479627,-0.9999999999999808,SL,8,6.386709914779621
2021-07-21 08:35:00,2021-07-21 09:05:00,short,27685.999,27712.230574793237,27712.230574793237,27639.517108974364,21.859645661030225,-1.000000000000031,SL,6,5.38670991477959
2021-07-21 09:20:00,2021-07-21 09:35:00,short,27730.269,27755.910143193963,27755.910143193963,27643.998321533927,21.367619328302343,-1.0000000000000158,SL,3,4.386709914779574
2021-07-21 12:10:00,2021-07-21 13:05:00,short,27845.469,27871.073590932127,27871.073590932127,27676.3191133787,21.337159110106036,-0.9999999999999349,SL,11,3.3867099147796385
2021-07-21 13:10:00,2021-07-21 13:15:00,short,27892.269,27917.078645410274,27917.078645410274,27688.8891677149,20.67470450856246,-0.9999999999999715,SL,1,2.386709914779667
2021-07-21 14:05:00,2021-07-21 15:05:00,short,27945.319,27955.999,27966.90842440259,27703.679254901974,17.99118700215916,-0.4946866484647253,TIMEOUT,12,1.8920232663149417
2021-07-22 02:00:00,2021-07-22 02:15:00,long,27970.469,27956.300330019574,27956.300330019574,27991.111800000002,11.807224983690336,-0.9999999999998858,SL,3,0.8920232663150559
2021-07-22 02:20:00,2021-07-22 02:25:00,long,27942.319,27927.35911913497,27927.35911913497,27986.631298850574,12.466567387525721,-0.9999999999999318,SL,1,-0.10797673368487593
2021-07-22 02:30:00,2021-07-22 03:05:00,long,27925.319,27983.168462365593,27908.242633335765,27983.168462365593,14.230305553529854,3.387691509737335,VWAP,7,3.279714776052459
2021-07-22 04:40:00,2021-07-22 05:40:00,short,28035.269,28045.469,28056.7542017963,27990.17765497076,17.904334830248946,-0.47474536644835635,TIMEOUT,12,2.8049694096041025
2021-07-22 05:50:00,2021-07-22 06:50:00,short,28050.519,28067.617142430314,28067.617142430314,27997.63472769953,14.24845202526268,-0.9999999999999056,SL,12,1.8049694096041968
2021-07-22 08:40:00,2021-07-22 08:55:00,long,27970.519,27951.30948595528,27951.30948595528,28012.842746031736,16.007928370601064,-0.9999999999999325,SL,3,0.8049694096042643
2021-07-22 11:15:00,2021-07-22 11:45:00,long,27950.319,27919.40611526349,27919.40611526349,28005.25373039216,25.760737280424323,-1.000000000000027,SL,6,-0.19503059039576276
2021-07-22 14:55:00,2021-07-22 15:35:00,short,28035.999,27996.928925925928,28051.603597401358,27996.928925925928,13.003831167798376,2.503754058446388,VWAP,8,2.3087234680506254
2021-07-22 15:40:00,2021-07-22 16:05:00,long,27970.419,27997.723179894183,27952.58144875204,27997.723179894183,14.864626039967083,1.5307134659138362,VWAP,5,3.8394369339644614
2021-07-22 18:00:00,2021-07-22 19:05:00,short,28035.519,28055.114087964037,28055.114087964037,27997.452096446712,16.329239970029693,-1.0000000000000593,SL,9,2.839436933964402
2021-07-22 20:50:00,2021-07-22 21:35:00,short,28095.469,28115.741339413995,28115.741339413995,28004.437575624095,16.89361617832877,-0.9999999999999695,SL,9,1.8394369339644325
2021-07-23 02:20:00,2021-07-23 02:50:00,short,28110.319,28128.8375877961,28128.8375877961,28078.13603703704,15.432156496751793,-0.9999999999999488,SL,6,0.8394369339644837
2021-07-23 04:20:00,2021-07-23 04:50:00,short,28130.469,28148.52814922435,28148.52814922435,28095.405470588234,15.049291020290502,-0.9999999999999386,SL,6,-0.1605630660354549
2021-07-23 05:20:00,2021-07-23 06:20:00,short,28150.369,28140.469,28166.111200596417,28103.059899470903,13.118500497014397,0.6288828515024089,TIMEOUT,12,0.46831978546695396
2021-07-25 19:30:00,2021-07-25 19:35:00,long,28192.419,28174.141236319647,28174.141236319647,28234.600777777774,15.231469733628566,-1.0000000000000304,SL,1,-0.5316802145330765
2021-07-25 19:40:00,2021-07-25 19:45:00,long,28160.319,28140.111928255203,28140.111928255203,28227.429980392153,16.839226453996076,-1.0000000000000773,SL,1,-1.5316802145331536
2021-07-25 20:05:00,2021-07-25 20:10:00,long,28017.469,27975.897435173327,27975.897435173327,28202.51293939393,34.64297068889368,-1.0000000000000415,SL,1,-2.5316802145331954
2021-07-26 08:20:00,2021-07-26 09:20:00,short,27860.469,27855.369,27882.463786581793,27802.505237623758,18.328988818159555,0.23187312961810017,TIMEOUT,12,-2.2998070849150953
2021-07-26 09:35:00,2021-07-26 10:35:00,short,27930.469,27882.999,27954.961483193776,27808.140637931036,20.41040266147798,1.9381456598107978,TIMEOUT,12,-0.36166142510429755
2021-07-26 21:15:00,2021-07-26 21:45:00,short,27985.469,28022.5168442458,28022.5168442458,27867.721623188398,30.873203538167207,-1.0000000000000004,SL,6,-1.361661425104298
2021-07-27 01:40:00,2021-07-27 02:35:00,long,27940.999,27919.504885900813,27919.504885900813,27978.542174603175,17.911761749322327,-1.0000000000000024,SL,11,-2.3616614251043004
2021-07-27 03:00:00,2021-07-27 03:05:00,long,27880.319,27852.86090686277,27852.86090686277,27956.237288288285,22.881744281024428,-0.9999999999999994,SL,1,-3.3616614251043
2021-07-27 03:10:00,2021-07-27 03:20:00,long,27785.369,27753.02217479494,27753.02217479494,27949.4772051282,26.95568767088336,-0.9999999999999636,SL,2,-4.361661425104264
2021-07-27 08:15:00,2021-07-27 08:30:00,long,27775.469,27750.190821551187,27750.190821551187,27834.550766666664,21.065148707344203,-1.0000000000000493,SL,3,-5.361661425104312
2021-07-27 09:15:00,2021-07-27 09:35:00,long,27725.269,27699.210887911708,27699.210887911708,27827.48530952381,21.71509340690895,-1.0000000000000695,SL,4,-6.361661425104382
2021-07-27 09:40:00,2021-07-27 10:40:00,long,27642.419,27677.999,27608.163623572775,27822.47563817664,28.546147022690683,1.0386690706956114,TIMEOUT,12,-5.32299235440877
2021-07-27 21:05:00,2021-07-27 21:45:00,short,27812.469,27701.855997126437,27864.260520207208,27701.855997126437,43.15960017267343,2.135735781282775,VWAP,8,-3.187256573125995
2021-07-27 23:40:00,2021-07-28 00:00:00,long,27605.269,27562.73864138809,27562.73864138809,27699.374171102663,35.44196550992717,-0.9999999999999776,SL,4,-4.187256573125973
2021-07-28 04:05:00,2021-07-28 04:25:00,short,27655.469,27696.210361712416,27696.210361712416,27558.63773333334,33.9511347603464,-0.9999999999999786,SL,4,-5.187256573125952
2021-07-28 04:30:00,2021-07-28 05:30:00,short,27710.519,27749.168011978432,27749.168011978432,27569.123484848496,32.20750998202633,-1.000000000000013,SL,12,-6.187256573125965
2021-07-28 05:55:00,2021-07-28 06:55:00,short,27760.999,27732.419,27786.69312448359,27607.98997222223,21.41177040299209,1.112316553858477,TIMEOUT,12,-5.074940019267488
2021-07-28 07:35:00,2021-07-28 08:35:00,short,27782.419,27785.519,27808.840301929376,27636.091391304362,22.01775160781279,-0.1173295702189432,TIMEOUT,12,-5.192269589486431
2021-07-28 09:05:00,2021-07-28 10:05:00,short,27830.269,27790.999,27852.496039297435,27658.73312121213,18.52253274786248,1.7667670207670094,TIMEOUT,12,-3.4255025687194216
2021-07-28 10:35:00,2021-07-28 11:35:00,short,27845.269,27790.319,27876.399638212813,27677.535302083346,25.942198510677166,1.7651420964888753,TIMEOUT,12,-1.6603604722305463
2021-07-28 11:55:00,2021-07-28 12:55:00,short,27810.419,27790.419,27837.54121113333,27691.540597222236,22.60184261110964,0.7374030052963199,TIMEOUT,12,-0.9229574669342264
2021-07-28 14:50:00,2021-07-28 15:50:00,short,27900.319,27845.369,27935.311841198858,27714.60000558662,29.16070099904739,1.5703211890606876,TIMEOUT,12,0.6473637221264612
2021-07-28 19:45:00,2021-07-28 20:05:00,short,27819.369,27732.799263565914,27841.335331966904,27732.799263565914,18.305276639087957,3.9410192181612658,VWAP,4,4.588382940287727
2021-07-28 22:05:00,2021-07-28 22:40:00,long,27671.999,27733.955556927314,27625.912887199105,27733.955556927314,38.40509400074525,1.3443649976509249,VWAP,7,5.932747937938652
2021-07-29 01:05:00,2021-07-29 01:35:00,long,27744.369,27779.575666666668,27719.52133708331,27779.575666666668,20.70638576390611,1.4169005264082388,VWAP,6,7.349648464346891
2021-07-29 02:10:00,2021-07-29 02:15:00,short,27819.319,27843.637050700763,27843.637050700763,27778.141098765427,20.265042250636323,-1.0000000000000049,SL,1,6.3496484643468865
2021-07-29 02:20:00,2021-07-29 03:00:00,short,27854.469,27879.613360043008,27879.613360043008,27782.568080459765,20.953633369171182,-1.000000000000047,SL,8,5.349648464346839
2021-07-29 03:15:00,2021-07-29 03:25:00,short,27904.419,27929.84743475589,27929.84743475589,27806.220666666668,21.190362296573632,-1.0000000000000493,SL,2,4.3496484643467905
2021-07-29 08:10:00,2021-07-29 09:10:00,short,27939.999,27934.419,27957.191336145675,27867.99246801346,14.326946788063246,0.32456322123515213,TIMEOUT,12,4.674211685581943
2021-07-29 12:40:00,2021-07-29 13:00:00,long,27844.269,27826.144617095808,27826.144617095808,27877.982965141608,15.103652420159904,-1.000000000000024,SL,4,3.674211685581919
2021-07-29 13:55:00,2021-07-29 14:40:00,long,27839.269,27823.93292789657,27823.93292789657,27874.95675793651,12.780060086190046,-1.0000000000001017,SL,9,2.674211685581817
2021-07-29 14:45:00,2021-07-29 15:00:00,long,27814.469,27799.42337821479,27799.42337821479,27872.738644194764,12.53801815434253,-1.0000000000000342,SL,3,1.674211685581783
2021-07-29 15:10:00,2021-07-29 15:25:00,long,27794.369,27779.74280852194,27779.74280852194,27870.945083788713,12.188492898383496,-0.9999999999999115,SL,3,0.6742116855818715
2021-07-30 06:20:00,2021-07-30 07:00:00,short,27489.369,27520.743149117923,27520.743149117923,27390.449562770555,26.14512426493784,-0.9999999999999675,SL,8,-0.32578831441809597
2021-07-30 08:45:00,2021-07-30 09:35:00,short,27531.269,27552.349127371373,27552.349127371373,27421.468528301877,17.566772809477754,-0.9999999999999968,SL,10,-1.3257883144180926
2021-07-30 09:40:00,2021-07-30 09:50:00,short,27559.999,27582.403851915107,27582.403851915107,27431.035182336174,18.670709929257253,-0.999999999999943,SL,2,-2.325788314418036
2021-07-30 09:55:00,2021-07-30 10:55:00,short,27611.319,27569.419,27636.605317659436,27434.7491111111,21.071931382863607,1.6570226066254297,TIMEOUT,12,-0.6687657077926061
2021-07-30 13:40:00,2021-07-30 14:40:00,short,27559.469,27463.440515151495,27580.63844265091,27463.440515151495,17.64120220908995,4.536183896385558,VWAP,12,3.8674181885929517
2021-08-02 06:00:00,2021-08-02 06:45:00,long,27744.319,27721.57225238065,27721.57225238065,27786.629730593606,18.955623016122956,-1.0000000000000528,SL,9,2.867418188592899
2021-08-02 06:50:00,2021-08-02 07:00:00,long,27724.419,27702.49535317852,27702.49535317852,27781.684582329315,18.26970568456714,-0.9999999999999906,SL,2,1.8674181885929082
2021-08-02 07:05:00,2021-08-02 08:05:00,long,27674.269,27709.999,27647.568228838634,27779.03834108527,22.250642634472822,1.3381635977501773,TIMEOUT,12,3.2055817863430853
2021-08-02 10:05:00,2021-08-02 10:45:00,long,27689.369,27660.442782350332,27660.442782350332,27758.43323497268,24.1051813747211,-1.000000000000051,SL,8,2.2055817863430343
2021-08-02 11:20:00,2021-08-02 11:50:00,long,27664.369,27635.887319475358,27635.887319475358,27750.717710462293,23.734733770534152,-0.9999999999999999,SL,6,1.2055817863430343
2021-08-02 11:55:00,2021-08-02 12:00:00,long,27624.469,27597.606279757547,27597.606279757547,27746.128722222224,22.38560020204647,-0.9999999999999377,SL,1,0.20558178634309654
2021-08-02 23:45:00,2021-08-03 00:15:00,long,27566.469,27535.74862132766,27535.74862132766,27673.429485312896,25.60031556028325,-1.000000000000013,SL,6,-0.7944182136569166
2021-08-03 01:05:00,2021-08-03 01:30:00,short,27614.419,27639.61972736078,27639.61972736078,27557.19019047619,21.000606133982554,-0.9999999999999505,SL,5,-1.7944182136568672
2021-08-03 06:05:00,2021-08-03 06:40:00,short,27634.469,27649.98046704599,27649.98046704599,27602.49120720722,12.926222538322756,-1.000000000000042,SL,7,-2.7944182136569093
2021-08-03 06:45:00,2021-08-03 07:45:00,short,27659.999,27654.319,27675.433226546324,27605.543796747985,12.861855455270886,0.36801325825768166,TIMEOUT,12,-2.4264049553992275
2021-08-03 08:20:00,2021-08-03 08:25:00,long,27589.419,27573.96709868204,27573.96709868204,27613.491937293737,12.876584431637127,-0.9999999999999221,SL,1,-3.42640495539915
2021-08-03 08:30:00,2021-08-03 08:45:00,long,27571.519,27554.092289169716,27554.092289169716,27612.746766990298,14.522259025238105,-0.9999999999999423,SL,3,-4.426404955399092
2021-08-03 09:20:00,2021-08-03 09:40:00,long,27554.419,27535.298695615358,27535.298695615358,27608.514545722723,15.933586987204324,-0.9999999999999134,SL,4,-5.426404955399006
2021-08-03 09:45:00,2021-08-03 09:50:00,long,27491.469,27465.38338971134,27465.38338971134,27605.51724858758,21.738008573883278,-1.00000000000004,SL,1,-6.426404955399046
2021-08-03 09:55:00,2021-08-03 10:55:00,long,27449.469,27534.519,27419.095448271513,27603.11166666668,25.31129310707285,2.8001335095832967,TIMEOUT,12,-3.6262714458157492
2021-08-03 13:00:00,2021-08-03 13:10:00,short,27654.319,27677.920565746983,27677.920565746983,27593.395751592365,19.667971455819554,-0.9999999999999971,SL,2,-4.626271445815746
2021-08-03 13:15:00,2021-08-03 14:15:00,short,27684.469,27686.469,27708.293247793776,27594.91683333334,19.85353982814701,-0.0839480858876249,TIMEOUT,12,-4.710219531703371
2021-08-03 15:30:00,2021-08-03 18:10:00,short,27694.319,27636.269,27710.237875126277,27606.340871657758,13.265729271898225,3.6466144460279115,TIMEOUT,12,-1.063605085675459
2021-08-03 20:05:00,2021-08-03 20:10:00,long,27561.369,27536.019612596298,27536.019612596298,27611.250474654382,21.124489503083765,-1.000000000000029,SL,1,-2.063605085675488
2021-08-03 20:15:00,2021-08-03 20:35:00,long,27516.369,27485.074783310072,27485.074783310072,27610.602013698634,26.07851390827137,-1.0000000000000289,SL,4,-3.063605085675517
2021-08-04 00:25:00,2021-08-04 00:30:00,long,27529.469,27559.196222222225,27505.845568004912,27559.196222222225,19.68619332923995,1.2583786398354346,VWAP,1,-1.8052264458400822
2021-08-04 03:05:00,2021-08-04 03:15:00,short,27616.519,27576.386543859648,27636.09089044654,27576.386543859648,16.30990870544838,2.0505150613824004,VWAP,2,0.24528861554231818
2021-08-04 07:10:00,2021-08-04 07:35:00,long,27559.369,27544.283490116715,27544.283490116715,27583.26022605363,12.571258236069808,-0.9999999999999837,SL,5,-0.7547113844576655
2021-08-04 07:40:00,2021-08-04 08:15:00,long,27534.419,27518.900857913395,27518.900857913395,27581.339071684582,12.931785072172566,-0.9999999999999647,SL,7,-1.75471138445763
2021-08-04 16:00:00,2021-08-04 19:05:00,long,27534.419,27531.469,27520.01858738693,27563.95839550951,12.000343844227125,-0.20485524125348656,TIMEOUT,12,-1.9595666257111166
2021-08-04 19:10:00,2021-08-04 19:30:00,long,27531.369,27521.34167564591,27521.34167564591,27562.357333333348,8.356103628407258,-1.000000000000181,SL,4,-2.9595666257112976
2021-08-04 19:35:00,2021-08-04 20:05:00,long,27504.269,27561.438099526084,27492.900237688533,27561.438099526084,9.47396859288964,5.028612434655032,VWAP,6,2.0690458089437342
2021-08-04 20:10:00,2021-08-04 20:15:00,short,27656.369,27685.195175427714,27685.195175427714,27560.88170642204,24.02181285642912,-1.0000000000000193,SL,1,1.069045808943715
2021-08-04 20:20:00,2021-08-04 21:20:00,short,27719.519,27664.269,27752.40136554737,27562.18378787881,27.40197128947215,1.6802319139848123,TIMEOUT,12,2.749277722928527
2021-08-05 02:35:00,2021-08-05 02:55:00,long,27671.269,27653.782738011796,27653.782738011796,27699.555979166664,14.571884990171142,-0.9999999999999334,SL,4,1.7492777229285936
2021-08-05 03:35:00,2021-08-05 04:35:00,short,27749.519,27729.469,27773.91004964678,27698.116424242417,20.325874705650367,0.8220228440495108,TIMEOUT,12,2.5713005669781044
2021-08-05 06:30:00,2021-08-05 07:25:00,long,27689.319,27672.539463263845,27672.539463263845,27711.186257383957,13.982947280128295,-1.0000000000000095,SL,11,1.5713005669780948
2021-08-05 10:05:00,2021-08-05 11:05:00,short,27809.319,27794.419,27831.739721069825,27711.056786885252,18.68393422485547,0.6645638181570347,TIMEOUT,12,2.2358643851351294
2021-08-05 23:10:00,2021-08-05 23:30:00,short,27799.269,27821.356008851806,27821.356008851806,27758.764856209153,18.405840709837133,-1.0000000000000597,SL,4,1.2358643851350697
2021-08-06 02:15:00,2021-08-06 02:20:00,short,27854.999,27873.892199665366,27873.892199665366,27812.485071428575,15.744333054472552,-0.9999999999999656,SL,1,0.2358643851351041
2021-08-06 02:25:00,2021-08-06 03:25:00,short,27894.319,27864.369,27915.971299711462,27817.003444444446,18.04358309288675,1.3832248952356456,TIMEOUT,12,1.6190892803707497
2021-08-06 05:00:00,2021-08-06 06:00:00,short,27869.319,27854.999,27883.20443172654,27833.86326229509,11.571193105448254,1.0312967059303786,TIMEOUT,12,2.6503859863011283
2021-08-06 08:30:00,2021-08-06 08:35:00,short,27914.419,27930.207725973196,27930.207725973196,27842.238207920785,13.157271644327015,-1.000000000000115,SL,1,1.6503859863010133
2021-08-06 15:05:00,2021-08-06 15:25:00,long,27844.999,27866.79957728118,27832.23330782096,27866.79957728118,10.638076815866963,1.7077473728353685,VWAP,4,3.3581333591363816
2021-08-08 18:50:00,2021-08-08 19:05:00,long,27844.999,27832.053619767354,27832.053619767354,27872.034151515156,10.78781686053841,-1.000000000000003,SL,3,2.3581333591363784
2021-08-08 19:10:00,2021-08-08 19:40:00,long,27806.469,27788.76342115721,27788.76342115721,27861.771888888892,14.754649035658252,-0.9999999999999881,SL,6,1.3581333591363904
2021-08-08 19:50:00,2021-08-08 20:05:00,long,27766.519,27741.68599320175,27741.68599320175,27839.005666666664,20.694172331875283,-0.9999999999999742,SL,3,0.3581333591364162
2021-08-08 20:10:00,2021-08-08 20:20:00,long,27734.419,27708.859994399085,27708.859994399085,27825.76048148148,21.299171334097867,-0.9999999999999774,SL,2,-0.6418666408635612
2021-08-09 01:40:00,2021-08-09 01:45:00,long,27779.369,27766.285533284798,27766.285533284798,27799.13963492064,10.902888929333503,-1.000000000000077,SL,1,-1.6418666408636382
2021-08-09 01:55:00,2021-08-09 02:05:00,long,27751.269,27736.343358464543,27736.343358464543,27795.043722222228,12.438034612880978,-1.0000000000000249,SL,2,-2.641866640863663
2021-08-09 07:05:00,2021-08-09 07:40:00,long,27764.269,27784.482062015504,27750.63326541863,27784.482062015504,11.363112151141205,1.4823595967555092,VWAP,7,-1.1595070441081536
2021-08-09 08:25:00,2021-08-09 08:45:00,long,27764.999,27783.727071895413,27753.42434216813,27783.727071895413,9.645548193223407,1.6180238040255606,VWAP,4,0.4585167599174069
2021-08-09 08:55:00,2021-08-09 09:05:00,short,27804.419,27816.45392633368,27816.45392633368,27783.75810493826,10.02910527806558,-1.0000000000000522,SL,2,-0.5414832400826453
2021-08-09 09:30:00,2021-08-09 09:35:00,short,27824.519,27785.352362573085,27836.047285949324,27785.352362573085,9.606904957770748,3.397438057928193,VWAP,1,2.855954817845548
2021-08-09 09:40:00,2021-08-09 09:45:00,long,27759.369,27785.2036551724,27741.002467727365,27785.2036551724,15.30544356052687,1.4066158373782125,VWAP,1,4.26257065522376
2021-08-09 10:45:00,2021-08-09 10:55:00,short,27834.369,27855.161108836302,27855.161108836302,27786.73600258397,17.326757363584978,-1.0000000000000815,SL,2,3.262570655223678
2021-08-09 11:00:00,2021-08-09 11:55:00,short,27849.419,27869.768824749768,27869.768824749768,27788.066373737365,16.958187291471074,-1.0000000000000553,SL,11,2.262570655223623
2021-08-09 12:00:00,2021-08-09 13:00:00,short,27884.319,27879.319,27900.77400038907,27793.787587962954,13.712500324225621,0.30385900223502593,TIMEOUT,12,2.566429657458649
2021-08-09 14:30:00,2021-08-09 14:40:00,short,27914.419,27927.440545549347,27927.440545549347,27805.458121756466,10.851287957787026,-1.0000000000000682,SL,2,1.566429657458581
2021-08-10 03:05:00,2021-08-10 03:20:00,short,27899.469,27919.87479343062,27919.87479343062,27864.6738245614,17.00482785884943,-0.9999999999999531,SL,3,0.5664296574586278
2021-08-10 09:10:00,2021-08-10 09:40:00,short,27904.269,27916.11216343044,27916.11216343044,27882.5899009009,9.86930285869877,-1.000000000000103,SL,6,-0.4335703425414752
2021-08-10 09:50:00,2021-08-10 10:00:00,short,27919.999,27934.85157940207,27934.85157940207,27884.414210084033,12.377149501726443,-0.9999999999999891,SL,2,-1.4335703425414643
2021-08-10 10:05:00,2021-08-10 10:10:00,short,27934.269,27949.43664465975,27949.43664465975,27885.551868852457,12.639703883124215,-0.9999999999999617,SL,1,-2.433570342541426
2021-08-10 10:15:00,2021-08-10 11:15:00,short,27959.369,27889.319,27975.75977524233,27886.581446236556,13.658979368612258,4.2737453820409605,TIMEOUT,12,1.8401750394995346
2021-08-10 11:55:00,2021-08-10 12:20:00,short,27919.519,27936.171568455607,27936.171568455607,27890.52902314814,13.877140379671346,-1.0000000000000984,SL,5,0.8401750394994363
2021-08-10 12:40:00,2021-08-10 13:00:00,short,27949.519,27964.77766247798,27964.77766247798,27893.00908714597,12.715552064984465,-0.9999999999998894,SL,4,-0.15982496050045314
2021-08-10 18:20:00,2021-08-10 18:35:00,short,27991.999,28005.916495425456,28005.916495425456,27910.24981666666,11.597912854547038,-0.9999999999999575,SL,3,-1.1598249605004107
2021-08-10 18:45:00,2021-08-10 19:45:00,short,28011.319,28023.58217187751,28023.58217187751,27912.1040490196,10.219309897925736,-1.0000000000000848,SL,12,-2.1598249605004955
2021-08-10 19:50:00,2021-08-10 19:55:00,short,28056.319,28077.16934520821,28077.16934520821,27916.923347158212,17.375287673509213,-1.0000000000000149,SL,1,-3.1598249605005106
2021-08-10 20:00:00,2021-08-10 20:05:00,short,28091.419,28115.961532347897,28115.961532347897,27918.37183105022,20.452110289913627,-0.9999999999999758,SL,1,-4.159824960500487
2021-08-11 02:20:00,2021-08-11 03:00:00,short,28087.999,28107.513208013483,28107.513208013483,28038.6906091954,16.261840011236,-0.9999999999999826,SL,8,-5.159824960500469
2021-08-11 19:30:00,2021-08-11 20:05:00,short,28229.269,28153.720090047398,28239.11127719416,28153.720090047398,8.201897661798256,7.675958364335215,VWAP,7,2.516133403834746
2021-08-11 20:25:00,2021-08-11 21:00:00,short,28257.999,28156.359090090093,28289.78632305092,28156.359090090093,26.489435875767203,3.197498252592346,VWAP,7,5.713631656427092
2021-08-11 23:55:00,2021-08-12 00:25:00,long,28090.319,28064.73003255034,28064.73003255034,28155.45057828283,21.32413954138519,-0.9999999999999575,SL,6,4.713631656427134
2021-08-12 09:35:00,2021-08-12 09:45:00,long,28005.469,27987.800715968224,27987.800715968224,28046.712594202894,14.723570026481042,-0.9999999999999941,SL,2,3.71363165642714
2021-08-12 09:50:00,2021-08-12 09:55:00,long,27970.419,27950.893004366688,27950.893004366688,28045.21428248587,16.271663027761978,-0.9999999999999741,SL,1,2.713631656427166
2021-08-12 14:55:00,2021-08-12 15:55:00,short,28080.419,28065.369,28091.6336934654,28040.265441947573,9.345577887830197,1.3419894218634505,TIMEOUT,12,4.055621078290616
2021-08-12 16:10:00,2021-08-12 18:00:00,short,28090.419,28104.21935236172,28104.21935236172,28042.69183246979,11.500293634766894,-0.9999999999999062,SL,2,3.05562107829071
2021-08-12 20:05:00,2021-08-12 20:10:00,long,28012.519,27988.39141508173,27988.39141508173,28047.688434250776,20.10632076522547,-1.000000000000025,SL,1,2.0556210782906845
2021-08-12 20:15:00,2021-08-12 20:20:00,long,27975.269,27947.769602800065,27947.769602800065,28047.067575757592,22.9161643332811,-0.9999999999999386,SL,1,1.0556210782907458
2021-08-12 20:25:00,2021-08-12 21:25:00,long,27957.419,27967.469,27928.151050373526,28046.343939939958,24.389958022063645,0.3433790247782797,TIMEOUT,12,1.3990001030690256
2021-08-12 22:50:00,2021-08-12 23:50:00,long,28002.269,28020.319,27974.00626279616,28040.760606905722,23.55228100320025,0.6386501020696136,TIMEOUT,12,2.037650205138639
2021-08-13 01:40:00,2021-08-13 01:50:00,long,27995.519,27978.051441732918,27978.051441732918,28024.99042857143,14.556298555903268,-0.9999999999999184,SL,2,1.0376502051387209
2021-08-13 02:10:00,2021-08-13 03:10:00,long,27980.519,28005.999,27961.336980761153,28018.205543209875,15.985016032371847,1.3283273091708236,TIMEOUT,12,2.3659775143095443
2021-08-13 04:45:00,2021-08-13 05:00:00,short,28032.469,28045.200920119692,28045.200920119692,28010.08026436782,10.609933433075398,-1.00000000000008,SL,3,1.3659775143094643
2021-08-13 05:05:00,2021-08-13 06:00:00,short,28055.419,28069.23634679661,28069.23634679661,28012.2184623656,11.51445566383957,-1.00000000000004,SL,11,0.3659775143094244
2021-08-13 07:45:00,2021-08-13 08:30:00,short,28050.519,28060.920196697385,28060.920196697385,28025.921269503546,8.66766391448743,-0.9999999999999961,SL,7,-0.6340224856905717
2021-08-13 09:35:00,2021-08-13 09:50:00,long,28005.369,28029.53525730994,27991.50384352115,28029.53525730994,11.554297065707834,1.742948761292844,VWAP,3,1.1089262756022724
2021-08-13 10:00:00,2021-08-13 10:15:00,long,27985.519,27967.223180355468,27967.223180355468,28028.582613445375,15.24651637044435,-0.9999999999999583,SL,3,0.10892627560231416
2021-08-13 10:40:00,2021-08-13 11:40:00,long,27940.519,27960.319,27919.150567048106,28025.22902624672,17.807027459912625,0.9266004692329686,TIMEOUT,12,1.0355267448352827
2021-08-16 04:45:00,2021-08-16 05:35:00,short,27572.269,27598.54205616097,27598.54205616097,27507.915494252873,21.89421346747731,-0.9999999999999503,SL,10,0.03552674483533247
2021-08-16 06:50:00,2021-08-16 07:50:00,short,27577.469,27572.369,27600.836492752223,27525.423216867468,19.47291062685215,0.21825191320609696,TIMEOUT,12,0.2537786580414294
2021-08-16 09:35:00,2021-08-16 09:50:00,long,27482.369,27459.366723212657,27459.366723212657,27535.58152873564,19.168563989452185,-0.9999999999999531,SL,3,-0.7462213419585237
2021-08-16 11:40:00,2021-08-16 12:40:00,short,27597.319,27572.999,27629.44067040615,27529.149189125306,26.768058671793437,0.7571212733489043,TIMEOUT,12,0.01089993139038059
2021-08-16 14:10:00,2021-08-16 15:05:00,short,27629.469,27648.076711250516,27648.076711250516,27539.18615399612,15.50642604209705,-0.9999999999999443,SL,11,-0.9891000686095637
2021-08-16 15:20:00,2021-08-16 16:00:00,short,27667.469,27684.71634447609,27684.71634447609,27546.528423423442,14.3727870634089,-1.000000000000007,SL,8,-1.9891000686095708
2021-08-17 12:40:00,2021-08-17 12:55:00,long,27317.999,27286.917230613155,27286.917230613155,27380.72181045753,25.90147448903591,-1.000000000000056,SL,3,-2.989100068609627
2021-08-17 14:35:00,2021-08-17 14:50:00,long,27329.269,27372.728602272724,27301.049957292176,27372.728602272724,23.51586892318632,1.5400806725691925,VWAP,3,-1.4490193960404345
2021-08-17 15:10:00,2021-08-17 15:55:00,short,27422.319,27451.148193369718,27451.148193369718,27372.817397085604,24.024327808098377,-1.0000000000000075,SL,9,-2.449019396040442
2021-08-17 21:10:00,2021-08-17 21:30:00,short,27507.519,27552.068098474876,27552.068098474876,27386.85702836879,37.12424872906438,-0.9999999999999672,SL,4,-3.449019396040409
2021-08-17 22:40:00,2021-08-17 23:00:00,short,27592.369,27628.414905308706,27628.414905308706,27397.38814361001,30.03825442392371,-0.99999999999996,SL,4,-4.449019396040369
2021-08-18 03:30:00,2021-08-18 04:30:00,long,27544.269,27532.369,27521.740591466398,27609.900007751934,18.773673778003424,-0.5282219550595875,TIMEOUT,12,-4.9772413510999565
2021-08-18 06:00:00,2021-08-18 07:00:00,long,27537.999,27577.469,27517.182685175478,27584.90110045663,17.346929020434644,1.8961089094168384,TIMEOUT,12,-3.081132441683118
2021-08-18 15:30:00,2021-08-18 15:35:00,long,27532.369,27503.60562916345,27503.60562916345,27589.511638146178,23.96947569712523,-0.9999999999999962,SL,1,-4.081132441683114
2021-08-18 15:55:00,2021-08-18 16:15:00,long,27447.519,27414.601193386658,27414.601193386658,27586.704243055563,27.431505511120193,-0.9999999999999531,SL,4,-5.081132441683067
2021-08-19 01:45:00,2021-08-19 01:50:00,long,27331.999,27304.435154307033,27304.435154307033,27391.725969696967,22.969871410805485,-0.9999999999999943,SL,1,-6.081132441683062
2021-08-19 01:55:00,2021-08-19 02:05:00,long,27264.519,27234.449214683107,27234.449214683107,27383.861916666665,25.05815443074552,-0.9999999999999495,SL,2,-7.081132441683011
2021-08-19 02:10:00,2021-08-19 02:30:00,long,27224.519,27191.445366493725,27191.445366493725,27369.253197530863,27.561361255228913,-1.000000000000029,SL,4,-8.08113244168304
2021-08-19 11:45:00,2021-08-19 12:45:00,short,27271.469,27289.369,27315.778827228587,27155.41991549296,36.92485602382219,-0.4039735905007,TIMEOUT,12,-8.48510603218374
2021-08-19 15:00:00,2021-08-19 15:30:00,short,27269.269,27314.14127811201,27314.14127811201,27177.405427256006,37.39356509334167,-0.9999999999999698,SL,6,-9.48510603218371
2021-08-19 15:35:00,2021-08-19 18:15:00,short,27309.469,27284.319,27348.555354733606,27181.524230496467,32.57196227800332,0.6434470589906168,TIMEOUT,12,-8.841658973193093
2021-08-19 21:40:00,2021-08-19 21:45:00,long,27084.369,27033.80246326612,27033.80246326612,27196.399968188114,42.13878061156449,-0.9999999999999922,SL,1,-9.841658973193086
2021-08-19 23:35:00,2021-08-20 00:35:00,long,27059.519,27054.269,27015.573781361934,27186.661462121225,36.62101553172244,-0.11946692183372735,TIMEOUT,12,-9.961125895026813
2021-08-20 01:05:00,2021-08-20 01:15:00,long,27004.519,27063.420666666665,26969.47781151588,27063.420666666665,29.20099040343286,1.6809266242027976,VWAP,2,-8.280199270824015
2021-08-20 09:00:00,2021-08-20 09:10:00,short,27054.419,27080.74203490883,27080.74203490883,26987.59658409785,21.9358624240245,-1.0000000000000178,SL,2,-9.280199270824033
2021-08-20 09:15:00,2021-08-20 09:35:00,short,27084.469,27111.927059655503,27111.927059655503,26989.759773809514,22.8817163795851,-1.0000000000000115,SL,4,-10.280199270824045
2021-08-23 12:10:00,2021-08-23 13:10:00,short,27622.319,27627.319,27638.582113225137,27543.336460317467,13.552594354282336,-0.3074442101449076,TIMEOUT,12,-10.587643480968953
2021-08-23 15:35:00,2021-08-23 18:15:00,short,27647.319,27642.519,27660.275136943656,27560.819177304966,10.79678078637897,0.37048080155945406,TIMEOUT,12,-10.2171626794095
2021-08-23 19:10:00,2021-08-23 19:15:00,short,27664.469,27675.993180086873,27675.993180086873,27568.463465709727,9.60348340572587,-1.0000000000000517,SL,1,-11.217162679409551
2021-08-24 02:50:00,2021-08-24 03:25:00,short,27807.319,27829.75788529082,27829.75788529082,27769.585190476184,18.699071075681584,-1.0000000000000757,SL,7,-12.217162679409627
2021-08-24 05:40:00,2021-08-24 06:35:00,long,27752.469,27786.280111111104,27732.586056868542,27786.280111111104,16.569119276215165,1.700508364760548,VWAP,11,-10.51665431464908
2021-08-24 07:40:00,2021-08-24 08:25:00,long,27742.999,27726.958991281066,27726.958991281066,27780.803838709686,13.366673932444852,-0.9999999999999909,SL,9,-11.51665431464907
2021-08-24 08:30:00,2021-08-24 08:45:00,long,27722.269,27706.2726544031,27706.2726544031,27776.73362783172,13.330287997417742,-0.999999999999978,SL,3,-12.516654314649049
2021-08-24 08:50:00,2021-08-24 09:40:00,long,27697.999,27774.253143302187,27680.62962331859,27774.253143302187,14.474480567842667,4.390148518328501,VWAP,10,-8.126505796320547
2021-08-24 12:40:00,2021-08-24 13:40:00,short,27799.999,27812.369,27815.449580958248,27773.136516339888,12.875484131874469,-0.8006171440041807,TIMEOUT,12,-8.927122940324727
2021-08-24 13:45:00,2021-08-24 13:50:00,short,27817.419,27829.828273150673,27829.828273150673,27775.52630923698,10.34106095889349,-0.9999999999999569,SL,1,-9.927122940324685
2021-08-24 13:55:00,2021-08-24 14:55:00,short,27837.419,27850.493975318695,27850.493975318695,27776.168444444476,10.895812765576652,-1.000000000000136,SL,12,-10.927122940324821
2021-08-24 19:20:00,2021-08-24 19:35:00,long,27767.999,27783.948712918682,27757.14756291953,27783.948712918682,9.042864233725991,1.4698249458024306,VWAP,3,-9.45729799452239
2021-08-24 20:05:00,2021-08-24 21:05:00,short,27874.269,27814.369,27899.07843441847,27784.327944954144,20.674528682057637,2.4144040927998516,TIMEOUT,12,-7.042893901722539
2021-08-24 22:20:00,2021-08-24 22:25:00,long,27747.319,27714.070371311343,27714.070371311343,27788.961190476202,27.70719057388063,-0.999999999999978,SL,1,-8.042893901722517
2021-08-24 23:00:00,2021-08-24 23:05:00,long,27707.269,27673.455815537553,27673.455815537553,27787.033769433478,28.177653718707493,-0.9999999999999614,SL,1,-9.042893901722477
2021-08-25 07:35:00,2021-08-25 08:00:00,long,27727.469,27746.052296703292,27714.65974010226,27746.052296703292,10.674383248118769,1.450770524733143,VWAP,5,-7.592123376989335
2021-08-25 10:10:00,2021-08-25 10:45:00,short,27777.469,27795.040173673126,27795.040173673126,27747.683918032788,14.642644727602882,-1.0000000000000637,SL,7,-8.592123376989399
2021-08-25 11:10:00,2021-08-25 11:45:00,short,27802.999,27819.932478887997,27819.932478887997,27750.858751243784,14.111232406664278,-0.9999999999999861,SL,7,-9.592123376989385
2021-08-25 11:50:00,2021-08-25 12:50:00,short,27832.469,27827.519,27847.755515650486,27754.28810798122,12.738763042071831,0.3238147994728472,TIMEOUT,12,-9.268308577516537
2021-08-25 13:40:00,2021-08-25 14:40:00,short,27827.469,27827.519,27838.296867215682,27764.380158536584,9.023222679733967,-0.0046177145511041295,TIMEOUT,12,-9.272926292067641
2021-08-26 10:10:00,2021-08-26 10:30:00,short,27772.999,27739.874420054202,27792.54343922394,27739.874420054202,16.28703268661587,1.6948339917179482,VWAP,4,-7.578092300349693
2021-08-26 10:50:00,2021-08-26 11:05:00,long,27677.319,27647.516695850332,27647.516695850332,27739.2321043257,24.83525345805519,-1.000000000000032,SL,3,-8.578092300349725
2021-08-26 14:10:00,2021-08-26 14:50:00,long,27697.369,27680.406567007012,27680.406567007012,27736.32839571151,14.135360827489967,-0.9999999999999185,SL,8,-9.578092300349644
2021-08-26 14:55:00,2021-08-26 15:05:00,long,27672.319,27653.628927747788,27653.628927747788,27734.13290740741,15.575060210177494,-0.9999999999999145,SL,2,-10.578092300349558
2021-08-27 02:20:00,2021-08-27 03:20:00,short,27662.319,27642.469,27683.34139177532,27615.405321839076,17.518659812768572,0.9442312850101107,TIMEOUT,12,-9.633861015339448
2021-08-27 03:30:00,2021-08-27 03:35:00,short,27677.369,27698.81017627845,27698.81017627845,27627.441790697667,17.86764689870852,-1.000000000000044,SL,1,-10.633861015339493
2021-08-27 04:50:00,2021-08-27 05:50:00,short,27692.369,27692.419,27708.429455652564,27642.14820903954,13.383713043804862,-0.0031132367029027804,TIMEOUT,12,-10.636974252042396
2021-08-27 06:25:00,2021-08-27 07:25:00,short,27687.269,27672.469,27699.850012293184,27652.419299145287,10.48417691098675,1.176375927079996,TIMEOUT,12,-9.460598324962401
2021-08-27 08:45:00,2021-08-27 08:55:00,short,27677.319,27657.482333333337,27688.26040264407,27657.482333333337,9.117835536725654,1.8129911960978888,VWAP,2,-7.647607128864513
2021-08-27 09:20:00,2021-08-27 09:35:00,short,27682.319,27694.955058994863,27694.955058994863,27658.094398230096,10.530049162386497,-0.9999999999999813,SL,3,-8.647607128864493
2021-08-27 09:40:00,2021-08-27 09:45:00,short,27727.269,27743.319041049363,27743.319041049363,27659.303102564107,13.375034207802088,-0.9999999999999893,SL,1,-9.647607128864482
2021-08-27 10:15:00,2021-08-27 10:20:00,short,27797.419,27825.86116775161,27825.86116775161,27664.843704301078,23.70180645967198,-1.000000000000039,SL,1,-10.647607128864522
2021-08-30 03:40:00,2021-08-30 03:55:00,long,27730.469,27715.829142179355,27715.829142179355,27754.516333333337,12.199881517205553,-0.9999999999999741,SL,3,-11.647607128864495
2021-08-30 04:40:00,2021-08-30 04:55:00,long,27725.519,27711.341734195255,27711.341734195255,27748.8375380117,11.81438817061981,-1.000000000000074,SL,3,-12.64760712886457
2021-08-30 05:00:00,2021-08-30 05:40:00,long,27715.469,27701.857028512877,27701.857028512877,27747.045557377056,11.343309572601932,-1.0000000000001097,SL,8,-13.64760712886468
2021-08-30 05:45:00,2021-08-30 06:45:00,long,27700.319,27720.269,27688.224017381595,27743.297380952383,10.079152182002208,1.6494442885471026,TIMEOUT,12,-11.998162840317576
2021-08-30 08:35:00,2021-08-30 09:35:00,long,27697.519,27686.13859984151,27686.13859984151,27733.537044871795,9.483666798741176,-1.0000000000000848,SL,12,-12.998162840317661
2021-08-30 09:40:00,2021-08-30 10:40:00,long,27680.519,27720.519,27662.698498226993,27730.591706552703,14.85041814417383,2.2446057080494257,TIMEOUT,12,-10.753557132268236
2021-08-30 14:40:00,2021-08-30 15:25:00,long,27705.469,27696.470841268154,27696.470841268154,27726.05441176471,7.49846560987268,-0.9999999999999838,SL,9,-11.75355713226822
2021-08-30 15:45:00,2021-08-30 18:05:00,long,27670.469,27724.28872677596,27659.10183340734,27724.28872677596,9.472638827217454,4.734665084499471,VWAP,8,-7.018892047768749
2021-08-30 19:35:00,2021-08-30 19:40:00,long,27705.269,27692.90875466631,27692.90875466631,27723.149277777782,10.30020444474221,-0.9999999999999326,SL,1,-8.018892047768682
2021-08-30 19:45:00,2021-08-30 20:05:00,long,27655.319,27639.626706829622,27639.626706829622,27722.694582524276,13.076910975313456,-1.000000000000088,SL,4,-9.01889204776877
2021-08-30 21:15:00,2021-08-30 22:05:00,short,27802.469,27720.512095238108,27844.198049038918,27720.512095238108,34.774207532431696,1.9640252210266613,VWAP,10,-7.054866826742108
2021-08-30 23:20:00,2021-08-30 23:35:00,short,27795.469,27819.080550762348,27819.080550762348,27723.568451137897,19.67629230195521,-1.0000000000000393,SL,3,-8.054866826742147
2021-08-30 23:40:00,2021-08-30 23:55:00,short,27867.519,27895.94187008859,27895.94187008859,27725.21112121213,23.68572507382691,-0.9999999999999395,SL,3,-9.054866826742087
2021-08-31 15:30:00,2021-08-31 18:10:00,long,28050.419,28100.469,28031.668780218253,28113.61406238858,15.625183151458355,2.66930204459331,TIMEOUT,12,-6.385564782148776
2021-08-31 19:50:00,2021-08-31 20:00:00,short,28165.469,28186.44498900213,28186.44498900213,28111.095728971955,17.479990835107763,-1.0000000000000575,SL,2,-7.385564782148834
2021-08-31 20:05:00,2021-08-31 20:10:00,short,28252.269,28282.507967870875,28282.507967870875,28112.318109062977,25.19913989239496,-1.0000000000000366,SL,1,-8.38556478214887
2021-08-31 20:15:00,2021-08-31 21:15:00,short,28415.469,28327.519,28458.626171276417,28114.566366818868,35.96430939701407,2.0379000151954068,TIMEOUT,12,-6.347664766953464
2021-09-01 12:35:00,2021-09-01 12:50:00,short,28594.999,28618.31125385041,28618.31125385041,28519.37549122808,19.42687820867384,-1.0000000000000744,SL,3,-7.347664766953539
2021-09-01 12:55:00,2021-09-01 13:35:00,short,28609.469,28631.40829201951,28631.40829201951,28521.610111111124,18.282743349592096,-0.999999999999958,SL,8,-8.347664766953496
2021-09-01 13:40:00,2021-09-01 14:00:00,short,28629.369,28648.06455562192,28648.06455562192,28526.626575757586,15.579629684934908,-0.999999999999996,SL,4,-9.347664766953493
2021-09-01 14:05:00,2021-09-01 15:05:00,short,28654.369,28554.469,28672.047103374953,28530.029176470598,14.731752812460234,5.651058706984594,TIMEOUT,12,-3.6966060599688984
2021-09-01 18:20:00,2021-09-01 18:40:00,short,28566.369,28535.75008877723,28584.537296282066,28535.75008877723,15.140246901723305,1.6852934775722543,VWAP,4,-2.011312582396644
2021-09-01 19:05:00,2021-09-01 19:30:00,long,28514.419,28536.07360547505,28498.154174973137,28536.07360547505,13.554020855722104,1.3313764789524347,VWAP,5,-0.6799361034442093
2021-09-01 21:05:00,2021-09-01 22:05:00,long,28436.369,28444.419,28393.527595289765,28533.500356421366,35.70117059186196,0.18790233547313756,TIMEOUT,12,-0.49203376797107173
2021-09-01 22:55:00,2021-09-01 23:40:00,long,28451.419,28527.30594334651,28420.702353601642,28527.30594334651,25.59720533196721,2.470547805328058,VWAP,9,1.978514037356986
2021-09-02 01:55:00,2021-09-02 02:00:00,long,28486.369,28519.724833333337,28466.21932453359,28519.724833333337,16.791396222005428,1.6554030058176015,VWAP,1,3.6339170431745877
2021-09-02 03:25:00,2021-09-02 03:50:00,short,28554.319,28514.91812698414,28576.982047600843,28514.91812698414,18.88587300070378,1.738551394755576,VWAP,5,5.372468437930164
2021-09-02 08:35:00,2021-09-02 08:55:00,short,28569.999,28580.644953454557,28580.644953454557,28531.195343042084,8.871627878796989,-1.0000000000001006,SL,4,4.372468437930063
2021-09-02 09:00:00,2021-09-02 09:20:00,short,28584.999,28595.723772862504,28595.723772862504,28533.179555555565,8.937310718752226,-1.000000000000154,SL,4,3.3724684379299092
2021-09-02 09:25:00,2021-09-02 09:50:00,short,28629.419,28642.928483077063,28642.928483077063,28535.98059292036,11.25790256421745,-1.000000000000027,SL,5,2.372468437929882
2021-09-02 22:05:00,2021-09-02 22:15:00,short,28712.269,28746.001173337194,28746.001173337194,28593.95591562934,28.110144447661128,-1.0000000000000095,SL,2,1.3724684379298726
2021-09-02 22:20:00,2021-09-02 22:30:00,short,28804.419,28841.712230620196,28841.712230620196,28595.87506557379,31.077692183495454,-1.0000000000000033,SL,2,0.3724684379298693
2021-09-02 22:40:00,2021-09-02 22:55:00,short,28814.319,28850.409891705105,28850.409891705105,28599.32467204303,30.07574308758887,-0.9999999999999712,SL,3,-0.627531562070102
2021-09-02 23:00:00,2021-09-03 00:00:00,short,29102.519,29077.419,29166.377187369573,28604.240137566154,53.215156141311674,0.39305844769339227,TIMEOUT,12,-0.2344731143767097
2021-09-07 02:55:00,2021-09-07 03:55:00,long,29859.519,29910.84474074074,29831.122515509363,29910.84474074074,23.663737075531902,1.8074681306998057,VWAP,12,1.572995016323096
2021-09-07 04:10:00,2021-09-07 04:50:00,long,29849.369,29819.57663956992,29819.57663956992,29902.251026143796,24.826967025064345,-1.0000000000000155,SL,8,0.5729950163230804
2021-09-07 04:55:00,2021-09-07 05:10:00,long,29784.519,29751.49249970321,29751.49249970321,29894.631000000005,27.522083580658133,-1.000000000000004,SL,3,-0.42700498367692363
2021-09-07 05:20:00,2021-09-07 05:25:00,long,29724.369,29689.010788215666,29689.010788215666,29883.821410256412,29.465176486942486,-1.0000000000000435,SL,1,-1.4270049836769672
2021-09-07 12:05:00,2021-09-07 12:40:00,short,29889.469,29919.871715604007,29919.871715604007,29823.82151141552,25.335596336673287,-0.999999999999953,SL,7,-2.42700498367692
2021-09-07 12:45:00,2021-09-07 13:45:00,short,29929.999,29939.319,29954.365929090254,29827.949129870118,20.305774241877565,-0.382485620796909,TIMEOUT,12,-2.809490604473829
2021-09-07 13:50:00,2021-09-07 14:50:00,short,29944.999,29963.58910659685,29963.58910659685,29836.133970059862,15.491755497374502,-1.000000000000037,SL,12,-3.809490604473866
2021-09-07 14:55:00,2021-09-07 15:55:00,short,29994.319,29974.319,30015.439062507237,29843.23022222221,17.600052089363913,0.946966894304744,TIMEOUT,12,-2.862523710169122
2021-09-07 18:35:00,2021-09-07 19:35:00,short,29996.319,29924.519,30015.47875718509,29858.910888341536,15.966464320910152,3.7474378879845824,TIMEOUT,12,0.8849141778154603
2021-09-07 20:55:00,2021-09-07 21:20:00,short,29991.469,30028.84413101753,30028.84413101753,29868.933848484856,31.145942514605718,-1.000000000000043,SL,5,-0.11508582218458274
2021-09-07 22:10:00,2021-09-07 23:10:00,short,30206.419,30109.369,30256.56581021657,29879.32097831978,41.78900851380554,1.9353175123378272,TIMEOUT,12,1.8202316901532445
2021-09-08 01:10:00,2021-09-08 01:25:00,short,30104.269,30141.809520649098,30141.809520649098,30036.753000000004,31.28376720758277,-0.999999999999958,SL,3,0.8202316901532865
2021-09-08 02:50:00,2021-09-08 03:05:00,long,30036.269,30000.627998220505,30000.627998220505,30085.744523809524,29.7008348162472,-0.9999999999999577,SL,3,-0.17976830984667125
2021-09-08 03:10:00,2021-09-08 03:15:00,long,29944.369,29904.514320079543,29904.514320079543,30077.547717948713,33.212233267045995,-1.0000000000000195,SL,1,-1.1797683098466907
2021-09-08 03:20:00,2021-09-08 04:20:00,long,29884.369,29969.319,29841.28938312981,30069.176642276416,35.89968072515692,1.9719302577824762,TIMEOUT,12,0.7921619479357855
2021-09-08 04:25:00,2021-09-08 04:45:00,long,29936.999,30043.678506172837,29886.45659089136,30043.678506172837,42.11867425719916,2.1106929419120797,VWAP,4,2.902854889847865
2021-09-08 06:15:00,2021-09-08 06:55:00,short,30164.369,30197.913155115384,30197.913155115384,30052.174043859643,27.953462596155035,-0.9999999999999799,SL,8,1.9028548898478852
2021-09-08 07:15:00,2021-09-08 08:10:00,short,30239.319,30070.696348484842,30268.143745031946,30070.696348484842,24.020620859954185,5.849926905798523,VWAP,11,7.752781795646408
2021-09-08 09:00:00,2021-09-08 09:40:00,short,30149.519,30184.290571110392,30184.290571110392,30082.932883792037,28.976309258660095,-0.9999999999999957,SL,8,6.7527817956464125
2021-09-08 10:40:00,2021-09-08 10:55:00,long,30001.999,29961.602623957377,29961.602623957377,30091.11724289404,33.66364670218607,-0.999999999999997,SL,3,5.752781795646415
2021-09-08 11:50:00,2021-09-08 12:50:00,long,29971.519,30014.419,29927.505068598533,30083.18191375289,36.67827616788988,0.974691390521201,TIMEOUT,12,6.727473186167616
2021-09-08 13:10:00,2021-09-08 14:10:00,long,29989.269,30019.269,29953.44706479025,30077.41711320752,29.851612674793564,0.8374756925983359,TIMEOUT,12,7.564948878765952
2021-09-08 15:30:00,2021-09-08 16:00:00,long,29984.419,29959.104918138026,29959.104918138026,30067.804632798554,21.09506821831367,-0.9999999999999787,SL,6,6.564948878765973
2021-09-08 16:05:00,2021-09-08 18:35:00,long,29911.469,29884.51417618874,29884.51417618874,30064.101938144304,22.46235317605067,-1.0000000000000455,SL,10,5.564948878765928
2021-09-08 23:25:00,2021-09-09 00:25:00,long,29929.269,29954.369,29896.667094389682,30043.768198473263,27.168254675263935,0.7698936467092822,TIMEOUT,12,6.33484252547521
2021-09-09 00:50:00,2021-09-09 01:00:00,long,29906.999,29947.656272727276,29875.081834492597,29947.656272727276,26.597637922833925,1.273837199542318,VWAP,2,7.608679725017528
2021-09-09 03:05:00,2021-09-09 03:15:00,long,29881.469,29959.09829824561,29846.494526533483,29959.09829824561,29.145394555431665,2.2195987687971144,VWAP,2,9.828278493814643
2021-09-09 04:15:00,2021-09-09 04:20:00,short,30049.369,30090.23864789241,30090.23864789241,29965.364192307694,34.05803991034292,-0.9999999999999702,SL,1,8.828278493814674
2021-09-09 08:05:00,2021-09-09 09:05:00,short,30161.469,30114.469,30188.543247266432,30022.05382993198,22.561872722025477,1.735967007225919,TIMEOUT,12,10.564245501040592
2021-09-09 10:05:00,2021-09-09 10:30:00,short,30209.469,30238.689290038936,30238.689290038936,30045.858016393457,24.350241699111816,-1.00000000000002,SL,5,9.564245501040572
2021-09-09 10:35:00,2021-09-09 11:05:00,short,30234.999,30262.433081596864,30262.433081596864,30053.944000000014,22.861734664054634,-0.9999999999999583,SL,6,8.564245501040613
2021-09-09 21:50:00,2021-09-09 21:55:00,short,30207.999,30255.455091837048,30255.455091837048,30089.003019204392,39.54674319754065,-0.9999999999999837,SL,1,7.564245501040629
2021-09-09 22:00:00,2021-09-09 22:20:00,short,30309.319,30362.16858939011,30362.16858939011,30090.447911564628,44.04132449175708,-1.00000000000001,SL,4,6.564245501040619
2021-09-10 10:40:00,2021-09-10 10:45:00,long,30372.519,30343.853830308726,30343.853830308726,30426.85993023255,23.887641409393694,-1.0000000000000568,SL,1,5.5642455010405625
2021-09-10 13:25:00,2021-09-10 14:20:00,long,30387.319,30364.987453185382,30364.987453185382,30417.570296296286,18.609622345514715,-0.9999999999999916,SL,11,4.5642455010405705
2021-09-10 14:35:00,2021-09-10 15:00:00,long,30319.319,30297.423771232607,30297.423771232607,30414.420060606044,18.246023972826055,-1.0000000000000717,SL,5,3.5642455010404985
2021-09-10 15:10:00,2021-09-10 15:15:00,long,30257.519,30233.491755415194,30233.491755415194,30410.39266120217,20.02270382067268,-0.9999999999999446,SL,1,2.564245501040554
2021-09-10 15:20:00,2021-09-10 15:35:00,long,30229.369,30202.83744727126,30202.83744727126,30408.530063063048,22.109627273947257,-1.000000000000066,SL,3,1.564245501040488
2021-09-13 01:40:00,2021-09-13 02:00:00,short,30372.519,30402.129645733014,30402.129645733014,30312.81122222222,24.67553811084395,-1.0000000000000213,SL,4,0.5642455010404668
2021-09-13 02:05:00,2021-09-13 02:15:00,short,30477.319,30512.57647380955,30512.57647380955,30331.866051282042,29.38122817462514,-0.9999999999999951,SL,2,-0.43575449895952834
2021-09-13 03:05:00,2021-09-13 03:30:00,short,30552.419,30588.546389210554,30588.546389210554,30383.013561403513,30.10615767545935,-1.0000000000000435,SL,5,-1.4357544989595719
2021-09-13 09:40:00,2021-09-13 09:45:00,long,30492.469,30464.8925877577,30464.8925877577,30532.491706552715,22.980343535252572,-0.9999999999999776,SL,1,-2.4357544989595494
2021-09-13 10:05:00,2021-09-13 11:05:00,long,30449.319,30497.369,30414.842914427987,30530.681513661217,28.730071310009656,1.3937197104246453,TIMEOUT,12,-1.0420347885349042
2021-09-13 11:10:00,2021-09-13 11:15:00,long,30464.519,30428.216925351844,30428.216925351844,30525.433419753102,30.251728873463758,-0.9999999999999895,SL,1,-2.0420347885348935
2021-09-13 12:25:00,2021-09-13 13:00:00,short,30582.999,30615.897985104868,30615.897985104868,30523.99175555557,27.415820920724393,-0.9999999999999671,SL,7,-3.0420347885348606
2021-09-13 15:05:00,2021-09-13 15:10:00,long,30469.269,30530.553139194144,30439.128499944243,30530.553139194144,25.117083379797783,2.0332820981992135,VWAP,1,-1.0087526903356472
2021-09-13 16:00:00,2021-09-13 18:35:00,short,30619.269,30653.561106556783,30653.561106556783,30532.26145250432,28.57675546398425,-1.0000000000000417,SL,11,-2.008752690335689
2021-09-13 18:40:00,2021-09-13 19:30:00,short,30657.519,30683.804781877177,30683.804781877177,30537.447097560977,21.90481823098218,-0.9999999999999467,SL,9,-3.0087526903356356
2021-09-13 20:45:00,2021-09-13 21:30:00,short,30617.469,30656.32559553017,30656.32559553017,30544.86093595342,32.380496275140594,-0.9999999999999661,SL,9,-4.008752690335601
2021-09-13 21:40:00,2021-09-13 21:50:00,short,30684.999,30722.51576641933,30722.51576641933,30548.83044444444,31.263972016107427,-0.9999999999999926,SL,2,-5.008752690335594
2021-09-13 21:55:00,2021-09-13 22:05:00,short,30734.519,30772.064632588656,30772.064632588656,30550.78585871056,31.288027157211346,-1.0000000000000444,SL,2,-6.008752690335639
2021-09-13 23:45:00,2021-09-14 00:15:00,short,30652.419,30557.009440251564,30694.2851896738,30557.009440251564,34.88849139483115,2.2789167223438787,VWAP,6,-3.72983596799176
2021-09-14 03:35:00,2021-09-14 04:35:00,long,30494.269,30547.369,30455.618415388275,30597.22483333333,32.20882050977082,1.3738472660486023,TIMEOUT,12,-2.355988701943158
2021-09-14 05:20:00,2021-09-14 05:25:00,long,30497.269,30467.94024197712,30467.94024197712,30573.953564102565,24.44063168573205,-1.000000000000015,SL,1,-3.355988701943173
2021-09-14 05:30:00,2021-09-14 06:30:00,long,30467.519,30502.419,30437.70165252109,30570.967457711442,24.847789565758912,1.170459579769315,TIMEOUT,12,-2.185529122173858
2021-09-14 07:10:00,2021-09-14 07:55:00,long,30467.519,30445.715205156797,30445.715205156797,30551.62298467434,18.16982903600149,-1.000000000000052,SL,9,-3.18552912217391
2021-09-14 09:50:00,2021-09-14 09:55:00,long,30497.519,30465.73687514605,30465.73687514605,30540.295246498605,26.48510404495965,-0.9999999999999895,SL,1,-4.185529122173899
2021-09-14 10:00:00,2021-09-14 11:00:00,long,30362.999,30352.319,30323.04578010042,30538.336933884304,33.29434991631719,-0.26731262278343665,TIMEOUT,12,-4.452841744957336
2021-09-14 12:20:00,2021-09-14 12:45:00,long,30402.519,30372.986273061706,30372.986273061706,30510.450789709183,24.61060578191144,-1.0000000000000167,SL,5,-5.452841744957353
2021-09-14 14:20:00,2021-09-14 14:30:00,long,30349.269,30324.37941744954,30324.37941744954,30493.036630057817,20.741318792048233,-1.0000000000000342,SL,2,-6.452841744957388
2021-09-14 14:35:00,2021-09-14 14:50:00,long,30327.369,30303.246399102274,30303.246399102274,30490.34250378789,20.10216741477022,-1.0000000000000149,SL,3,-7.452841744957403
2021-09-15 06:15:00,2021-09-15 06:35:00,long,30508.519,30493.371998436698,30493.371998436698,30531.386456140353,12.622501302752157,-0.9999999999999732,SL,4,-8.452841744957375
2021-09-15 06:45:00,2021-09-15 06:55:00,long,30488.469,30475.051528004813,30475.051528004813,30528.95184552846,11.181226662657016,-0.9999999999999651,SL,2,-9.45284174495734
2021-09-15 07:00:00,2021-09-15 07:30:00,long,30468.519,30453.42848178811,30453.42848178811,30527.005745098046,12.575431843242754,-1.000000000000001,SL,6,-10.452841744957341
2021-09-15 07:35:00,2021-09-15 08:15:00,long,30428.999,30411.496625938613,30411.496625938613,30522.19164492754,14.585311717823842,-0.9999999999999049,SL,8,-11.452841744957245
2021-09-15 09:20:00,2021-09-15 09:35:00,long,30443.519,30418.76476524997,30418.76476524997,30507.24619764013,20.62852895835854,-1.0000000000000375,SL,3,-12.452841744957283
2021-09-15 10:15:00,2021-09-15 11:15:00,long,30425.269,30405.419,30387.15126571393,30503.61168817205,31.764778571725795,-0.5207549811598368,TIMEOUT,12,-12.973596726117119
2021-09-15 13:45:00,2021-09-15 14:45:00,short,30545.419,30548.319,30566.679279761487,30494.028578313275,17.716899801238227,-0.13640460203403915,TIMEOUT,12,-13.110001328151158
2021-09-16 04:45:00,2021-09-16 05:30:00,short,30404.519,30432.699304687903,30432.699304687903,30337.04888505748,23.483587239920766,-0.999999999999936,SL,9,-14.110001328151094
2021-09-16 07:15:00,2021-09-16 07:35:00,short,30389.319,30349.75487121212,30409.500168498325,30349.75487121212,16.81764041527178,1.9604478695651542,VWAP,4,-12.14955345858594
2021-09-16 08:05:00,2021-09-16 08:30:00,long,30306.419,30350.606108843538,30285.148698229743,30350.606108843538,17.72525147521711,2.0774086480200973,VWAP,5,-10.072144810565842
2021-09-16 09:35:00,2021-09-16 10:00:00,short,30439.269,30356.136155172415,30465.931337033995,30356.136155172415,22.218614194994657,3.11798792137365,VWAP,5,-6.954156889192191
2021-09-16 10:35:00,2021-09-16 10:55:00,short,30434.369,30358.331109375005,30472.267370526293,30358.331109375005,31.581975438577203,2.0063630591252166,VWAP,4,-4.947793830066974
2021-09-16 12:20:00,2021-09-16 13:20:00,short,30414.519,30434.319,30444.70069886752,30361.507545861303,25.151415722934374,-0.6560266897800839,TIMEOUT,12,-5.6038205198470585
2021-09-16 13:25:00,2021-09-16 14:00:00,short,30444.369,30466.17771977308,30466.17771977308,30366.000440329222,18.173933144234333,-1.0000000000000357,SL,7,-6.603820519847094
2021-09-16 14:10:00,2021-09-16 15:05:00,short,30484.419,30505.862948855753,30505.862948855753,30370.17502339181,17.869957379791217,-1.0000000000000688,SL,11,-7.603820519847163
2021-09-16 15:10:00,2021-09-16 16:10:00,short,30514.269,30504.369,30534.597956194535,30378.03593989071,16.940796828778645,0.48699007982825804,TIMEOUT,12,-7.116830440018905
2021-09-16 23:25:00,2021-09-17 00:25:00,short,30534.269,30484.319,30562.18766795815,30403.90550063858,23.265556631793203,1.7891254724212606,TIMEOUT,12,-5.3277049675976444
2021-09-17 02:25:00,2021-09-17 02:30:00,short,30554.999,30583.74650362271,30583.74650362271,30496.551888888887,23.956253018926724,-0.999999999999981,SL,1,-6.327704967597626
2021-09-17 05:45:00,2021-09-17 05:55:00,long,30429.369,30400.561946534643,30400.561946534643,30505.047428571434,24.00587788779532,-1.000000000000061,SL,2,-7.327704967597687
2021-09-17 06:25:00,2021-09-17 07:25:00,long,30384.469,30389.519,30351.215215204244,30495.908188034195,27.71148732979855,0.1518624129859478,TIMEOUT,12,-7.175842554611739
2021-09-17 09:35:00,2021-09-17 09:50:00,long,30439.469,30411.509755952633,30411.509755952633,30475.691126436777,23.299370039474493,-0.9999999999999493,SL,3,-8.175842554611688
2021-09-17 09:55:00,2021-09-17 10:10:00,long,30374.419,30339.894777039855,30339.894777039855,30473.77149999999,28.77018580012072,-1.0000000000000413,SL,3,-9.175842554611728
2021-09-17 10:15:00,2021-09-17 10:45:00,long,30339.469,30299.3627919626,30299.3627919626,30470.182333333323,33.42184003116547,-1.0000000000000229,SL,6,-10.175842554611751
2021-09-17 11:10:00,2021-09-17 12:10:00,long,30279.469,30314.319,30239.221870899688,30457.682308641968,33.53927425025994,0.8659002711258837,TIMEOUT,12,-9.309942283485867
2021-09-17 13:00:00,2021-09-17 13:20:00,long,30336.269,30303.462589322164,30303.462589322164,30438.453288747343,27.338675564864683,-0.999999999999967,SL,4,-10.309942283485833
2021-09-17 13:25:00,2021-09-17 13:50:00,long,30289.519,30258.612770884516,30258.612770884516,30434.6810164609,25.75519092957053,-0.9999999999999848,SL,5,-11.309942283485817
2021-09-17 13:55:00,2021-09-17 14:55:00,long,30254.999,30329.999,30223.493967309714,30429.37052777777,26.254193908571583,2.38057204184794,TIMEOUT,12,-8.929370241637876
2021-09-17 15:15:00,2021-09-17 16:05:00,long,30309.419,30280.648428319826,30280.648428319826,30418.460576086953,23.975476400146636,-0.9999999999999887,SL,10,-9.929370241637866
2021-09-17 16:10:00,2021-09-19 18:50:00,long,30241.419,30249.469,30204.979586469133,30412.92217948718,30.366177942390237,0.2209146421409888,TIMEOUT,12,-9.708455599496878
2021-09-19 19:55:00,2021-09-19 20:05:00,short,30324.269,30350.9857222767,30350.9857222767,30259.51663888889,22.263935230581364,-1.0000000000000293,SL,2,-10.708455599496908
2021-09-19 21:25:00,2021-09-19 21:40:00,long,30241.369,30213.46625186862,30213.46625186862,30279.59288888888,23.25229010948175,-1.0000000000000238,SL,3,-11.708455599496931
2021-09-19 21:45:00,2021-09-19 22:05:00,long,30199.269,30168.09779088452,30168.09779088452,30275.158420289845,25.976007596233725,-0.9999999999999994,SL,4,-12.708455599496931
2021-09-19 22:10:00,2021-09-19 22:20:00,long,30139.519,30110.013322763367,30110.013322763367,30265.319784313713,24.588064363859615,-1.0000000000000613,SL,2,-13.708455599496993
2021-09-19 22:35:00,2021-09-19 22:50:00,long,30056.519,30024.122524353283,30024.122524353283,30251.028940476186,26.99706303893187,-0.9999999999999798,SL,3,-14.708455599496974
2021-09-19 22:55:00,2021-09-19 23:00:00,long,30006.469,29971.54965012115,29971.54965012115,30236.996722222215,29.099458232375177,-1.000000000000045,SL,1,-15.708455599497018
2021-09-21 04:00:00,2021-09-21 04:35:00,short,30129.469,30179.49327434998,30179.49327434998,29957.311653061224,41.68689529165014,-1.0000000000000018,SL,7,-16.70845559949702
2021-09-21 10:10:00,2021-09-21 10:50:00,long,29999.419,29955.351676108337,29955.351676108337,30059.96582926828,36.72276990972101,-0.9999999999999787,SL,8,-17.708455599497
2021-09-21 15:50:00,2021-09-21 16:00:00,long,29981.269,29937.712216653268,29937.712216653268,30053.250902268748,36.29731945560961,-1.0000000000000135,SL,2,-18.708455599497015
2021-09-21 16:05:00,2021-09-21 18:40:00,long,29919.369,29874.12661187581,29874.12661187581,30051.565082474208,37.70199010348912,-1.000000000000033,SL,11,-19.708455599497047
2021-09-21 18:45:00,2021-09-21 19:05:00,long,29861.369,29830.25544636983,29830.25544636983,30042.583417475715,25.92796135847598,-0.9999999999999596,SL,4,-20.708455599497007
2021-09-22 02:30:00,2021-09-22 02:40:00,short,29751.269,29792.47004323036,29792.47004323036,29673.542333333335,34.33420269196721,-1.0000000000000182,SL,2,-21.708455599497025
2021-09-22 06:00:00,2021-09-22 06:20:00,short,29799.419,29827.117405942652,29827.117405942652,29740.13425114154,23.08200495220979,-0.9999999999999523,SL,4,-22.70845559949698
2021-09-22 06:25:00,2021-09-22 07:25:00,short,29824.319,29824.269,29849.16221295752,29744.969427350414,20.70267746459964,0.0020126221227813597,TIMEOUT,12,-22.7064429773742
2021-09-22 07:35:00,2021-09-22 08:15:00,short,29839.999,29859.559345437145,29859.559345437145,29756.217913043456,16.30028786428644,-1.000000000000058,SL,8,-23.706442977374255
2021-09-22 09:50:00,2021-09-22 10:00:00,short,29879.519,29903.143209736118,29903.143209736118,29777.697067226873,19.686841446765936,-0.9999999999999244,SL,2,-24.70644297737418
2021-09-22 10:05:00,2021-09-22 11:00:00,short,29916.519,29942.045291833183,29942.045291833183,29780.717442622936,21.271909860985602,-1.0000000000000018,SL,11,-25.70644297737418
2021-09-22 19:20:00,2021-09-22 19:55:00,short,30024.269,30049.291428649365,30049.291428649365,29857.77431446538,20.852023874471787,-0.9999999999999496,SL,7,-26.70644297737413
2021-09-22 20:45:00,2021-09-22 21:35:00,short,30139.469,30176.845252845935,30176.845252845935,29872.259829694292,31.146877371612792,-0.999999999999958,SL,10,-27.70644297737409
2021-09-23 09:45:00,2021-09-23 10:05:00,short,30209.999,30244.16252102572,30244.16252102572,30142.580242937856,28.469600854766973,-0.9999999999999628,SL,4,-28.706442977374053
2021-09-23 16:10:00,2021-09-23 16:15:00,short,30291.419,30309.440860318842,30309.440860318842,30185.58329059831,15.018216932366645,-1.0000000000000282,SL,1,-29.70644297737408
2021-09-23 18:25:00,2021-09-23 18:45:00,short,30306.419,30323.19925895214,30323.19925895214,30189.285435643586,13.983549126782812,-0.9999999999999155,SL,4,-30.706442977373996
2021-09-24 02:15:00,2021-09-24 03:00:00,short,30319.369,30248.258523809527,30344.633106308956,30248.258523809527,21.053421924131143,2.8146840153716224,VWAP,9,-27.891758962002374
2021-09-24 03:05:00,2021-09-24 04:00:00,long,30174.999,30146.753337952086,30146.753337952086,30257.04715789474,23.53805170659471,-0.9999999999999896,SL,11,-28.891758962002363
2021-09-24 04:05:00,2021-09-24 04:20:00,long,30134.999,30102.53222436057,30102.53222436057,30237.2344,27.05564636619088,-1.0000000000000329,SL,3,-29.891758962002395
2021-09-24 05:10:00,2021-09-24 05:50:00,long,30154.419,30124.772592545323,30124.772592545323,30219.808682539686,24.705339545565632,-0.9999999999999882,SL,8,-30.891758962002385
2021-09-24 07:15:00,2021-09-24 07:20:00,long,30119.419,30095.098580284674,30095.098580284674,30197.497939393947,20.26701642944083,-0.9999999999999661,SL,1,-31.89175896200235
2021-09-24 14:30:00,2021-09-24 14:35:00,short,30194.999,30208.41223373907,30208.41223373907,30171.34071428572,11.177694782558055,-0.9999999999999694,SL,1,-32.89175896200232
2021-09-24 14:55:00,2021-09-24 15:00:00,short,30219.469,30232.62015050775,30232.62015050775,30172.408425925925,10.959292089792504,-0.9999999999999671,SL,1,-33.891758962002285
2021-09-27 03:15:00,2021-09-27 03:40:00,long,30212.519,30189.272528095076,30189.272528095076,30246.219833333336,19.37205992076866,-1.0000000000000677,SL,5,-34.891758962002356
2021-09-27 06:00:00,2021-09-27 06:20:00,long,30207.369,30237.140643835624,30184.00857543118,30237.140643835624,19.4670204740163,1.2744478914721193,VWAP,4,-33.617311070530235
2021-09-27 06:55:00,2021-09-27 07:00:00,long,30192.369,30169.338633910393,30169.338633910393,30234.33090476192,19.19197174133808,-1.0000000000000178,SL,1,-34.61731107053025
2021-09-27 07:05:00,2021-09-27 08:05:00,long,30167.319,30167.269,30143.273368014576,30232.932604651174,20.038026654521094,-0.0020793797405524094,TIMEOUT,12,-34.6193904502708
2021-09-27 08:10:00,2021-09-27 09:10:00,long,30152.519,30167.469,30128.10465807821,30226.42250168351,20.345284934826733,0.6123449916401988,TIMEOUT,12,-34.0070454586306
2021-09-27 09:40:00,2021-09-27 10:40:00,long,30139.519,30212.269,30114.952086049427,30216.49481196582,20.47242829214424,2.961299907117675,TIMEOUT,12,-31.045745551512926
2021-09-27 11:45:00,2021-09-27 12:45:00,long,30167.519,30202.469,30145.091103629034,30212.347051643188,18.689913642472483,1.5583271574789186,TIMEOUT,12,-29.48741839403401
2021-09-27 19:50:00,2021-09-27 20:00:00,long,30184.269,30166.510932953122,30166.510932953122,30211.932302469133,14.798389205731148,-1.0000000000000262,SL,2,-30.487418394034034
2021-09-27 20:05:00,2021-09-27 20:15:00,long,30144.519,30123.042056376828,30123.042056376828,30211.31734094368,17.89745301931179,-0.9999999999999327,SL,2,-31.487418394033966
2021-09-27 20:25:00,2021-09-27 20:30:00,long,30104.269,30073.943713483404,30073.943713483404,30209.93456053811,25.2710720971619,-1.0000000000000553,SL,1,-32.48741839403402
2021-09-27 20:35:00,2021-09-27 21:35:00,long,30024.469,30037.519,29988.93423764641,30208.61839259259,29.612301961328377,0.36724601870538104,TIMEOUT,12,-32.12017237532864
2021-09-28 01:45:00,2021-09-28 02:10:00,short,30184.269,30133.514303030293,30206.812025589246,30133.514303030293,18.785854657706544,2.2514589609442166,VWAP,5,-29.868713414384427
2021-09-28 02:15:00,2021-09-28 02:25:00,long,30089.269,30059.400007066382,30059.400007066382,30137.0678095238,24.89082744468046,-1.0000000000000433,SL,2,-30.86871341438447
2021-09-28 02:30:00,2021-09-28 03:00:00,long,30046.369,30017.02797322334,30017.02797322334,30130.611258064506,24.45085564721669,-0.9999999999999791,SL,6,-31.868713414384448
2021-09-28 03:05:00,2021-09-28 03:20:00,long,29986.319,29954.485362238174,29954.485362238174,30113.765929824556,26.528031468187667,-1.000000000000001,SL,3,-32.86871341438445
2021-09-28 03:25:00,2021-09-28 03:30:00,long,29934.419,29899.610337148184,29899.610337148184,30100.744476190474,29.007219043182566,-0.9999999999999588,SL,1,-33.86871341438441
2021-09-28 08:55:00,2021-09-28 09:10:00,long,29974.999,29950.161043598317,29950.161043598317,30016.69541975308,20.69829700140416,-0.9999999999999274,SL,3,-34.86871341438434
2021-09-28 09:50:00,2021-09-28 10:05:00,long,29854.369,29819.060062563218,29819.060062563218,30011.118943977584,29.424114530652155,-0.9999999999999545,SL,3,-35.868713414384295
2021-09-28 10:10:00,2021-09-28 10:20:00,long,29784.519,29744.36122693326,29744.36122693326,30005.41417615175,33.464810888951206,-0.9999999999999977,SL,2,-36.868713414384295
2021-09-29 03:00:00,2021-09-29 04:00:00,short,29691.369,29664.519,29754.922993382937,29524.88764864865,52.96166115244745,0.4224754192583478,TIMEOUT,12,-36.44623799512595
2021-09-29 04:50:00,2021-09-29 04:55:00,short,29696.269,29736.5810706355,29736.5810706355,29579.322898305094,33.593392196251486,-0.9999999999999626,SL,1,-37.44623799512591
2021-09-29 05:00:00,2021-09-29 05:10:00,short,29759.519,29801.951142537753,29801.951142537753,29584.51703278689,35.36011878146179,-0.9999999999999717,SL,2,-38.446237995125884
2021-09-29 10:25:00,2021-09-29 10:50:00,short,29774.519,29817.355967544256,29817.355967544256,29681.88844444445,35.69747295354768,-0.999999999999959,SL,5,-39.44623799512584
2021-09-29 10:55:00,2021-09-29 11:55:00,short,29814.469,29734.469,29857.248208199726,29686.3784949495,35.64934016643806,1.8700673380044706,TIMEOUT,12,-37.576170657121374
2021-09-29 14:10:00,2021-09-29 14:15:00,short,29779.519,29812.472820313487,29812.472820313487,29699.611670565308,27.46151692790737,-0.9999999999999467,SL,1,-38.576170657121324
2021-09-29 15:55:00,2021-09-29 16:00:00,long,29664.269,29707.099798611107,29633.169797656712,29707.099798611107,25.91600195273885,1.377231420224918,VWAP,1,-37.19893923689641
2021-09-29 19:20:00,2021-09-29 19:30:00,short,29774.999,29796.67436908167,29796.67436908167,29710.70844968554,18.062807568059014,-0.9999999999999387,SL,2,-38.198939236896344
2021-09-29 19:45:00,2021-09-29 19:50:00,long,29664.999,29637.372196992994,29637.372196992994,29711.547479262677,23.022335839172854,-0.9999999999999465,SL,1,-39.19893923689629
2021-09-29 19:55:00,2021-09-29 20:00:00,long,29624.319,29593.841052509262,29593.841052509262,29710.92420547946,25.398289575613354,-1.000000000000041,SL,1,-40.19893923689633
2021-09-29 20:05:00,2021-09-29 20:15:00,long,29561.999,29521.06883099013,29521.06883099013,29709.69109653093,34.108474174891114,-0.999999999999995,SL,2,-41.19893923689632
2021-09-29 21:05:00,2021-09-29 21:25:00,long,29491.269,29442.350109525374,29442.350109525374,29700.924007153084,40.765742062188316,-1.0000000000000024,SL,4,-42.19893923689632
2021-09-30 03:40:00,2021-09-30 04:40:00,short,29704.369,29644.419,29751.608929123882,29587.169148148136,39.36660760323743,1.2690535551562852,TIMEOUT,12,-40.92988568174004
2021-09-30 06:00:00,2021-09-30 06:20:00,long,29569.469,29539.54276944388,29539.54276944388,29610.832698630125,24.938525463433777,-1.0000000000000013,SL,4,-41.92988568174004
2021-09-30 06:25:00,2021-09-30 07:25:00,long,29524.369,29584.469,29492.833064761195,29607.699940170925,26.279946032335364,1.9057624118295995,TIMEOUT,12,-40.02412326991044
2021-09-30 07:40:00,2021-09-30 07:45:00,long,29556.419,29528.287326242695,29528.287326242695,29599.532261648725,23.44306146442149,-1.000000000000043,SL,1,-41.02412326991048
2021-09-30 09:00:00,2021-09-30 09:15:00,long,29544.999,29518.328037104624,29518.328037104624,29594.33630886849,22.225802412813078,-1.000000000000006,SL,3,-42.02412326991049
2021-09-30 19:30:00,2021-09-30 19:35:00,long,29349.519,29324.07479557009,29324.07479557009,29504.258720930233,21.203503691593056,-0.9999999999999468,SL,1,-43.02412326991044
2021-09-30 19:45:00,2021-09-30 19:50:00,long,29316.319,29288.183614747624,29288.183614747624,29501.716706422016,23.44615437697888,-1.000000000000022,SL,1,-44.02412326991046
2021-10-01 07:05:00,2021-10-01 07:15:00,short,28841.369,28874.436644612353,28874.436644612353,28781.85803100776,27.556370510296457,-0.9999999999999575,SL,2,-45.02412326991042
2021-10-01 07:20:00,2021-10-01 07:30:00,short,28904.999,28938.077601754136,28938.077601754136,28784.87109737828,27.5655014617789,-1.0000000000000364,SL,2,-46.024123269910454
2021-10-01 07:45:00,2021-10-01 07:50:00,short,28979.369,29013.869961082244,29013.869961082244,28793.469957446814,28.75080090187175,-0.999999999999978,SL,1,-47.02412326991043
2021-10-01 09:20:00,2021-10-01 09:50:00,short,28964.369,28819.607230088495,29004.404221867884,28819.607230088495,33.36268488990336,3.6158603139309777,VWAP,6,-43.40826295597945
2021-10-01 10:25:00,2021-10-01 11:15:00,long,28719.319,28824.493708994705,28654.982133888177,28824.493708994705,53.614055093184064,1.63475026607461,VWAP,10,-41.77351268990484
2021-10-01 13:45:00,2021-10-01 14:25:00,short,28984.369,29026.0826807606,29026.0826807606,28831.018698795182,34.76140063383504,-0.999999999999957,SL,8,-42.7735126899048
2021-10-01 15:10:00,2021-10-01 16:10:00,short,29114.469,29074.269,29149.6156658285,28848.895193078337,29.288888190416273,1.1437784794768093,TIMEOUT,12,-41.62973421042799
2021-10-04 09:45:00,2021-10-04 09:55:00,long,28264.419,28318.996231638415,28227.74617144661,28318.996231638415,30.560690461159552,1.4882198562610303,VWAP,2,-40.14151435416696
2021-10-04 10:15:00,2021-10-04 10:20:00,long,28234.319,28192.958962466615,28192.958962466615,28316.69523655914,34.46669794448686,-1.0000000000000056,SL,1,-41.141514354166965
2021-10-04 10:25:00,2021-10-04 10:30:00,long,28114.999,28067.2317635554,28067.2317635554,28314.414767195765,39.80603037050131,-0.999999999999982,SL,1,-42.141514354166944
2021-10-04 20:00:00,2021-10-04 20:20:00,long,27801.269,27743.680912975793,27743.680912975793,28097.827763197594,47.990072520172454,-1.0000000000000044,SL,4,-43.14151435416695
2021-10-04 20:50:00,2021-10-04 21:20:00,long,27649.469,27553.863067771654,27553.863067771654,28084.109721500725,79.671610190288,-1.0000000000000169,SL,6,-44.141514354166965
2021-10-05 00:30:00,2021-10-05 00:50:00,long,27764.319,27860.799476190477,27691.10815954193,27860.799476190477,61.009033715056745,1.3178441278206285,VWAP,4,-42.82367022634634
2021-10-05 04:00:00,2021-10-05 04:15:00,long,27684.369,27787.855530612236,27624.394045890745,27787.855530612236,49.97912842437759,1.7254957865198468,VWAP,3,-41.098174439826494
2021-10-05 04:30:00,2021-10-05 04:55:00,short,27899.519,27961.153580803006,27961.153580803006,27791.012272727265,51.362150669170276,-1.0000000000000193,SL,5,-42.098174439826515
2021-10-05 05:05:00,2021-10-05 06:05:00,short,28041.269,27999.269,28101.550975591224,27808.988892473117,50.234979659351986,0.6967256727749911,TIMEOUT,12,-41.40144876705153
2021-10-05 10:10:00,2021-10-05 10:30:00,short,28149.999,28203.80605215876,28203.80605215876,27915.329894308943,44.83921013230132,-0.9999999999999987,SL,4,-42.40144876705153
2021-10-05 18:15:00,2021-10-05 19:15:00,short,28234.319,28169.269,28260.833299652815,28034.036499999995,22.095249710680072,2.4533931068056822,TIMEOUT,12,-39.94805566024584
2021-10-06 11:05:00,2021-10-06 12:00:00,short,27437.369,27520.412144182512,27520.412144182512,27274.844547263692,69.20262015209288,-1.0000000000000193,SL,11,-40.94805566024586
2021-10-06 13:30:00,2021-10-06 13:40:00,short,27497.269,27556.554196880472,27556.554196880472,27300.137732106334,49.404330733725764,-1.0000000000000122,SL,2,-41.94805566024588
2021-10-06 13:45:00,2021-10-06 14:10:00,short,27632.519,27694.67135770641,27694.67135770641,27305.0535381526,51.79363142201003,-0.9999999999999808,SL,5,-42.948055660245856
2021-10-06 14:25:00,2021-10-06 15:25:00,short,27704.999,27722.469,27766.5969733045,27320.860053639844,51.331644420416644,-0.2836132272346193,TIMEOUT,12,-43.231668887480474
2021-10-06 18:20:00,2021-10-06 19:20:00,short,27732.519,27699.369,27771.112763682508,27373.31914925372,32.161469735423125,0.8589470639015798,TIMEOUT,12,-42.37272182357889
2021-10-06 21:15:00,2021-10-06 21:40:00,short,27897.269,27974.631303259794,27974.631303259794,27428.006683615822,64.46858604982705,-1.0000000000000122,SL,5,-43.37272182357891
2021-10-07 00:45:00,2021-10-07 01:05:00,long,27650.319,27754.332333333336,27592.818732478052,27754.332333333336,47.916889601622024,1.808919120135167,VWAP,4,-41.56380270344374
2021-10-07 01:55:00,2021-10-07 02:05:00,long,27647.999,27730.188305555563,27589.826563248294,27730.188305555563,48.477030626420046,1.4128565029237032,VWAP,2,-40.15094620052004
2021-10-07 04:00:00,2021-10-07 04:35:00,short,27847.469,27895.9193583114,27895.9193583114,27761.460224489794,40.37529859283228,-0.999999999999991,SL,7,-41.15094620052003
2021-10-07 06:55:00,2021-10-07 07:15:00,short,27905.419,27931.694485499807,27931.694485499807,27811.0695952381,21.89623791650565,-0.9999999999999571,SL,4,-42.15094620051999
2021-10-07 19:10:00,2021-10-07 19:55:00,short,28107.469,28132.386700607607,28132.386700607607,27948.738368088463,20.76475050633866,-0.999999999999988,SL,9,-43.150946200519975
2021-10-07 21:05:00,2021-10-07 22:05:00,short,28267.469,28275.469,28336.30122253999,27964.98256125355,57.36018544999161,-0.11622463585789614,TIMEOUT,12,-43.26717083637787
2021-10-08 01:25:00,2021-10-08 02:00:00,long,28100.419,28064.3577783854,28064.3577783854,28156.451962962965,30.05101801216566,-1.0000000000000355,SL,7,-44.26717083637791
2021-10-08 08:05:00,2021-10-08 08:30:00,short,28145.269,28101.291891156463,28164.993466912674,28101.291891156463,16.43705576056295,2.229571477811462,VWAP,5,-42.037599358566446
2021-10-08 13:20:00,2021-10-08 14:20:00,long,28060.469,28103.12995238095,28036.69928500878,28103.12995238095,19.808095826015784,1.7947607868545843,VWAP,12,-40.242838571711864
2021-10-08 15:40:00,2021-10-08 15:50:00,long,28060.319,28039.636992369302,28039.636992369302,28101.05698941797,17.235006358914347,-1.0000000000000198,SL,2,-41.242838571711886
2021-10-10 18:45:00,2021-10-10 19:10:00,long,28132.469,28096.80791294954,28096.80791294954,28181.058,29.717572542050746,-0.9999999999999518,SL,5,-42.242838571711836
2021-10-10 19:40:00,2021-10-10 20:00:00,long,28032.469,27991.735127690143,27991.735127690143,28139.07376190477,33.944893591549075,-0.9999999999999848,SL,4,-43.24283857171182
2021-10-10 20:40:00,2021-10-10 21:30:00,short,28352.999,28441.938411675466,28441.938411675466,28099.812838383838,74.11617639622104,-1.0000000000000147,SL,10,-44.242838571711836
2021-10-10 21:35:00,2021-10-10 21:40:00,short,28495.419,28572.997182842384,28572.997182842384,28167.08157575757,64.64848570198443,-1.0000000000000138,SL,1,-45.24283857171185
2021-10-11 08:30:00,2021-10-11 08:35:00,short,28570.319,28594.59458256205,28594.59458256205,28503.77433980581,20.229652135041995,-1.0000000000000484,SL,1,-46.2428385717119
2021-10-11 08:40:00,2021-10-11 09:20:00,short,28662.269,28695.143007413197,28695.143007413197,28506.26150793649,27.395006177663745,-1.0000000000000009,SL,8,-47.2428385717119
2021-10-12 07:00:00,2021-10-12 08:00:00,short,28257.519,28215.319,28286.479965510327,28178.215352941177,24.134137925273606,1.4571337404117612,TIMEOUT,12,-45.78570483130014
2021-10-12 08:25:00,2021-10-12 08:30:00,short,28280.999,28306.357123031452,28306.357123031452,28189.09730065359,21.13176919287722,-0.9999999999999788,SL,1,-46.785704831300116
2021-10-12 09:10:00,2021-10-12 09:35:00,short,28315.519,28340.5214591673,28340.5214591673,28197.796057057047,20.835382639414604,-1.0000000000000628,SL,5,-47.78570483130018
2021-10-12 12:05:00,2021-10-12 13:05:00,short,28340.999,28250.419,28379.703599534507,28215.941648401822,32.2538329454224,2.340290329557395,TIMEOUT,12,-45.44541450174278
2021-10-12 13:40:00,2021-10-12 14:20:00,short,28297.469,28324.83761342033,28324.83761342033,28224.297343434333,22.807177850276204,-0.9999999999999765,SL,8,-46.44541450174276
2021-10-12 15:15:00,2021-10-12 15:35:00,long,28195.419,28230.248384057973,28170.576490959895,28230.248384057973,20.702090866756922,1.4020075026133478,VWAP,4,-45.04340699912941
2021-10-12 15:45:00,2021-10-12 16:05:00,long,28155.269,28124.24975381466,28124.24975381466,28229.489385964913,25.849371821116343,-1.0000000000000224,SL,4,-46.04340699912943
2021-10-12 16:10:00,2021-10-12 19:00:00,long,28120.519,28117.369,28086.9423898043,28227.225547008547,27.980508496418505,-0.09381530719276285,TIMEOUT,12,-46.137222306322194
2021-10-12 22:40:00,2021-10-12 23:20:00,long,28142.269,28212.612452855235,28090.38205052884,28212.612452855235,43.23912455930237,1.3557060797017935,VWAP,8,-44.7815162266204
2021-10-13 03:00:00,2021-10-13 03:05:00,long,28112.319,28083.306261703536,28083.306261703536,28157.033054054056,24.177281913719202,-1.000000000000026,SL,1,-45.781516226620425
2021-10-13 03:10:00,2021-10-13 03:35:00,long,28055.419,28152.61250427351,28024.036363407642,28152.61250427351,26.152197160298773,3.0970471199088307,VWAP,5,-42.684469106711596
2021-10-13 04:25:00,2021-10-13 04:50:00,short,28235.419,28269.864111372335,28269.864111372335,28152.615975308636,28.704259476944127,-1.0000000000000155,SL,5,-43.68446910671161
2021-10-13 09:55:00,2021-10-13 10:10:00,long,28152.419,28116.978334807925,28116.978334807925,28200.458666666666,29.533887660064483,-0.9999999999999687,SL,3,-44.68446910671158
2021-10-13 10:15:00,2021-10-13 11:05:00,long,28090.519,28198.2166344086,28052.169511907774,28198.2166344086,31.95790674352104,2.8083200002462014,VWAP,10,-41.87614910646538
2021-10-13 13:30:00,2021-10-13 14:10:00,short,28240.999,28192.736382413084,28265.636700736824,28192.736382413084,20.53141728068631,1.9588929219674305,VWAP,8,-39.917256184497944
2021-10-13 14:45:00,2021-10-13 15:15:00,long,28152.319,28195.04293258427,28123.537188585462,28195.04293258427,23.984842845447087,1.4844073560531013,VWAP,6,-38.43284882844484
2021-10-13 18:35:00,2021-10-13 19:35:00,short,28242.319,28265.04219051036,28265.04219051036,28193.887415032677,18.935992091967712,-1.0000000000000218,SL,12,-39.43284882844486
2021-10-13 19:40:00,2021-10-13 19:50:00,short,28310.319,28334.615988683294,28334.615988683294,28196.709414746543,20.247490569412733,-0.9999999999999609,SL,2,-40.43284882844482
2021-10-13 20:20:00,2021-10-13 21:20:00,short,28457.319,28372.519,28510.18173727779,28200.419681481482,44.052281064827156,1.604154539981103,TIMEOUT,12,-38.828694288463716
2021-10-14 15:00:00,2021-10-14 15:55:00,short,28720.469,28734.92320464455,28734.92320464455,28649.20426703498,12.04517053712458,-0.9999999999999978,SL,11,-39.828694288463716
2021-10-14 16:05:00,2021-10-14 16:15:00,short,28757.469,28778.955704709755,28778.955704709755,28653.335408934705,17.905587258128815,-0.9999999999999788,SL,2,-40.828694288463694
2021-10-14 18:00:00,2021-10-14 19:00:00,short,28800.369,28785.469,28821.83066116885,28655.262079526226,17.884717640710175,0.6942612635047338,TIMEOUT,12,-40.13443302495896
2021-10-15 13:40:00,2021-10-15 13:55:00,short,29170.519,29188.35272643996,29188.35272643996,29119.591282828278,14.86143869996526,-1.0000000000000788,SL,3,-41.13443302495904
2021-10-15 14:00:00,2021-10-15 14:05:00,short,29190.319,29207.118588006342,29207.118588006342,29121.132234713994,13.999656671951932,-1.000000000000021,SL,1,-42.13443302495906
2021-10-15 14:10:00,2021-10-15 15:10:00,short,29225.319,29157.369,29243.115195780978,29122.239935672504,14.830163150815867,3.818231763477628,TIMEOUT,12,-38.31620126148143
2021-10-17 18:30:00,2021-10-17 18:35:00,long,29197.469,29168.869579443286,29168.869579443286,29235.844238095237,23.83285046392929,-0.9999999999999915,SL,1,-39.316201261481424
2021-10-17 19:50:00,2021-10-17 20:00:00,long,29112.269,29080.578313134683,29080.578313134683,29195.111878787877,26.40890572109661,-1.0000000000000282,SL,2,-40.31620126148145
2021-10-17 20:05:00,2021-10-17 20:15:00,long,29020.269,28981.49880355572,28981.49880355572,29180.6554,32.308497036898366,-1.0000000000000133,SL,2,-41.31620126148147
2021-10-17 20:20:00,2021-10-17 21:20:00,long,28977.269,29015.269,28933.905680179272,29160.458761904763,36.13609985060717,0.8763166694131934,TIMEOUT,12,-40.439884592068275
2021-10-17 21:25:00,2021-10-17 21:40:00,long,28995.469,28943.536104735012,28943.536104735012,29122.289243902436,43.27741272082243,-1.00000000000003,SL,3,-41.4398845920683
2021-10-17 21:45:00,2021-10-17 22:45:00,long,28942.999,28970.419,28892.074028590607,29108.30203703704,42.43747617449523,0.5384391830005749,TIMEOUT,12,-40.901445409067726
2021-10-18 02:15:00,2021-10-18 03:15:00,long,28920.269,28930.469,28890.54806222767,28994.41578571429,24.7674481436073,0.34319240119998123,TIMEOUT,12,-40.55825300786775
2021-10-18 03:20:00,2021-10-18 03:25:00,long,28910.369,28883.18478951941,28883.18478951941,28971.223959349594,22.653508733821866,-1.000000000000041,SL,1,-41.55825300786779
2021-10-18 03:30:00,2021-10-18 04:30:00,long,28890.519,28935.269,28859.955165452964,28967.541790697676,25.469862122530028,1.4641487451822268,TIMEOUT,12,-40.09410426268556
2021-10-18 05:55:00,2021-10-18 06:10:00,long,28920.419,28948.886222222223,28898.026582437535,28948.886222222223,18.66034796872357,1.2712884681971652,VWAP,3,-38.8228157944884
2021-10-18 08:00:00,2021-10-18 08:05:00,long,28920.519,28902.921230575706,28902.921230575706,28944.685013745704,14.664807853578408,-0.9999999999999837,SL,1,-39.822815794488385
2021-10-18 08:10:00,2021-10-18 09:00:00,long,28885.319,28865.820147792318,28865.820147792318,28943.73192929293,16.24904350640177,-0.9999999999999896,SL,10,-40.82281579448838
2021-10-18 11:10:00,2021-10-18 11:20:00,short,29027.519,29055.801629217694,29055.801629217694,28939.01275308642,23.56885768141253,-0.9999999999999702,SL,2,-41.82281579448835
2021-10-18 11:25:00,2021-10-18 12:25:00,short,29070.469,29060.999,29098.3904330872,28941.53180193237,23.26786090599983,0.3391659722631701,TIMEOUT,12,-41.48364982222518
2021-10-18 19:50:00,2021-10-18 20:05:00,short,29100.999,29127.075582828293,29127.075582828293,28986.94292694066,21.73048569024311,-1.0000000000000442,SL,3,-42.483649822225225
2021-10-19 00:50:00,2021-10-19 01:50:00,long,29190.469,29210.519,29163.974073597463,29223.61748484848,22.079105335449736,0.7567486580403322,TIMEOUT,12,-41.726901164184895
2021-10-19 02:15:00,2021-10-19 03:10:00,short,29260.419,29213.36054761905,29287.49464119722,29213.36054761905,22.5630343310149,1.7380364896321459,VWAP,11,-39.98886467455275
2021-10-19 06:55:00,2021-10-19 07:55:00,short,29300.369,29297.999,29320.369379003812,29233.686499999996,16.66698250317817,0.118497754444906,TIMEOUT,12,-39.87036692010785
2021-10-19 10:20:00,2021-10-19 11:00:00,short,29340.269,29366.90912625434,29366.90912625434,29252.52051999999,22.20010521195139,-0.9999999999999536,SL,8,-40.8703669201078
2021-10-19 19:35:00,2021-10-19 19:40:00,short,29385.519,29405.120337060678,29405.120337060678,29297.642888888888,16.33444755056442,-1.0000000000000309,SL,1,-41.87036692010783
2021-10-19 22:30:00,2021-10-19 22:35:00,long,29250.369,29211.445329381695,29211.445329381695,29312.237990703852,32.43639218192076,-0.9999999999999697,SL,1,-42.8703669201078
2021-10-20 01:15:00,2021-10-20 01:20:00,long,29250.269,29225.31546779173,29225.31546779173,29297.061916666666,20.794610173557057,-1.000000000000069,SL,1,-43.87036692010787
2021-10-20 02:30:00,2021-10-20 03:00:00,long,29245.269,29220.65958021128,29220.65958021128,29278.85921505377,20.507849823935906,-0.9999999999999324,SL,6,-44.8703669201078
2021-10-20 05:55:00,2021-10-20 06:55:00,short,29310.269,29310.999,29329.185014204955,29276.86085185185,15.763345170795125,-0.038591639448461335,TIMEOUT,12,-44.90895855955626
2021-10-20 08:45:00,2021-10-20 09:05:00,long,29252.469,29236.35530687403,29236.35530687403,29280.506641509437,13.428077604975009,-1.0000000000001001,SL,4,-45.90895855955636
2021-10-20 10:25:00,2021-10-20 10:30:00,short,29315.469,29337.386342330192,29337.386342330192,29278.55127513228,18.264451941824575,-1.0000000000000633,SL,1,-46.908958559556424
2021-10-20 10:35:00,2021-10-20 11:35:00,short,29342.319,29307.419,29365.725075784703,29279.417567708337,19.505063153920073,1.491065837819983,TIMEOUT,12,-45.41789272173644
2021-10-20 13:20:00,2021-10-20 13:45:00,long,29255.419,29287.15104968945,29237.298874911532,29287.15104968945,15.100104240391431,1.7512047811216165,VWAP,5,-43.66668794061483
2021-10-20 15:10:00,2021-10-20 15:55:00,short,29315.519,29288.206067395273,29329.473631329838,29288.206067395273,11.628859441530091,1.957266513113118,VWAP,9,-41.70942142750171
2021-10-20 18:10:00,2021-10-20 18:15:00,long,29260.319,29242.292693252137,29242.292693252137,29288.46578391961,15.021922289884408,-1.000000000000078,SL,1,-42.70942142750179
2021-10-20 19:20:00,2021-10-20 19:45:00,long,29252.419,29235.626818657416,29235.626818657416,29286.8178888889,13.99348445215599,-0.9999999999999016,SL,5,-43.70942142750169
2021-10-20 19:50:00,2021-10-20 19:55:00,long,29157.419,29133.310590847297,29133.310590847297,29285.43543835618,20.090340960588634,-0.999999999999925,SL,1,-44.70942142750161
2021-10-20 20:00:00,2021-10-20 21:00:00,long,29060.269,29127.999,29029.786749250983,29283.891775263968,25.401875624181017,2.221948784480203,TIMEOUT,12,-42.487472643021405
2021-10-20 23:10:00,2021-10-20 23:30:00,long,29157.419,29129.469579605953,29129.469579605953,29264.519334620334,23.291183661707418,-0.9999999999999858,SL,4,-43.48747264302139
2021-10-20 23:50:00,2021-10-21 00:05:00,long,29090.519,29064.110833974533,29064.110833974533,29260.452508114857,22.00680502122392,-0.9999999999999327,SL,3,-44.48747264302133
2021-10-21 18:00:00,2021-10-21 18:35:00,long,28537.319,28505.43648102117,28505.43648102117,28615.78070896788,26.568765815691517,-0.999999999999989,SL,7,-45.48747264302131
2021-10-21 18:40:00,2021-10-21 19:00:00,long,28505.999,28479.64439843902,28479.64439843902,28612.29885365856,21.962167967482266,-1.000000000000013,SL,4,-46.48747264302133
2021-10-21 19:05:00,2021-10-21 19:20:00,long,28455.319,28426.05152410941,28426.05152410941,28609.465047619076,24.389563242158026,-0.9999999999999677,SL,3,-47.48747264302129
2021-10-21 20:30:00,2021-10-21 21:00:00,short,28755.319,28822.461943008322,28822.461943008322,28604.559558002966,55.95245250693436,-1.0000000000000207,SL,6,-48.48747264302131
2021-10-22 01:50:00,2021-10-22 02:05:00,long,28740.319,28812.425376811596,28698.407436207977,28812.425376811596,34.926303160017696,1.7204410975789792,VWAP,3,-46.767031545442336
2021-10-22 03:25:00,2021-10-22 03:30:00,short,28897.319,28936.108017546514,28936.108017546514,28821.93011111111,32.32418128876108,-1.0000000000000313,SL,1,-47.767031545442364
2021-10-22 06:25:00,2021-10-22 06:45:00,short,28885.469,28905.79107550203,28905.79107550203,28851.42532478633,16.9350629183597,-0.9999999999999292,SL,4,-48.76703154544229
2021-10-22 06:50:00,2021-10-22 07:50:00,short,28915.519,28910.269,28934.609443363213,28854.14261445784,15.908702802676233,0.27500670886026096,TIMEOUT,12,-48.49202483658203
2021-10-22 09:40:00,2021-10-22 10:40:00,short,28907.469,28865.052960113975,28928.540822711115,28865.052960113975,17.559852259262772,2.012926953094166,VWAP,12,-46.47909788348787
2021-10-22 11:25:00,2021-10-22 11:45:00,long,28770.319,28737.418753904578,28737.418753904578,28867.888227053158,27.416871746183965,-1.000000000000026,SL,4,-47.479097883487896
2021-10-22 11:50:00,2021-10-22 12:50:00,long,28700.469,28780.269,28659.146363387452,28864.207368298386,34.435530510456815,1.9311449254369923,TIMEOUT,12,-45.54795295805091
2021-10-22 14:00:00,2021-10-22 15:00:00,long,28755.469,28728.585079828685,28728.585079828685,28847.671682445784,22.403266809428963,-1.0000000000000566,SL,12,-46.54795295805096
2021-10-22 15:05:00,2021-10-22 15:20:00,long,28725.519,28700.321627290145,28700.321627290145,28841.413175824197,20.997810591547577,-0.9999999999999447,SL,3,-47.54795295805091
2021-10-22 15:25:00,2021-10-22 15:50:00,long,28710.519,28684.980217149983,28684.980217149983,28838.76563082439,21.282319041680278,-1.0000000000000266,SL,5,-48.547952958050935
2021-10-25 01:55:00,2021-10-25 02:10:00,short,28628.369,28567.58511111111,28658.657668335185,28567.58511111111,25.24055694598934,2.0068194552572303,VWAP,3,-46.541133502793706
2021-10-25 02:30:00,2021-10-25 03:30:00,short,28648.269,28648.469,28679.122648810706,28577.15265591398,25.71137400892107,-0.00648221548212261,TIMEOUT,12,-46.54761571827583
2021-10-25 03:55:00,2021-10-25 04:05:00,short,28673.999,28699.69788836256,28699.69788836256,28599.15469444443,21.41574030213282,-1.0000000000000222,SL,2,-47.54761571827585
2021-10-25 06:50:00,2021-10-25 07:50:00,short,28678.999,28663.319,28697.296079890006,28628.891128514042,15.24756657500613,0.8569673463886256,TIMEOUT,12,-46.69064837188722
2021-10-25 08:00:00,2021-10-25 08:35:00,short,28673.469,28689.314263232718,28689.314263232718,28633.991680412353,13.204386027265757,-0.9999999999998869,SL,7,-47.69064837188711
2021-10-25 09:20:00,2021-10-25 09:40:00,short,28698.469,28640.47899999998,28714.757052658966,28640.47899999998,13.573377215804062,3.560278273541948,VWAP,4,-44.13037009834516
2021-10-25 11:05:00,2021-10-25 11:20:00,short,28753.999,28785.83902078175,28785.83902078175,28646.823054726352,26.533350651459365,-0.9999999999999724,SL,3,-45.13037009834513
2021-10-25 11:25:00,2021-10-25 11:45:00,short,28788.419,28817.539080319337,28817.539080319337,28650.480135265687,24.26673359944633,-0.9999999999999831,SL,4,-46.13037009834512
2021-10-25 11:50:00,2021-10-25 12:50:00,short,28823.319,28853.082215643048,28853.082215643048,28655.797834498822,24.80267970254059,-0.999999999999982,SL,12,-47.1303700983451
2021-10-25 13:00:00,2021-10-25 14:00:00,short,28863.319,28858.999,28887.363979774258,28671.293777070045,20.037483145215077,0.17966328275412335,TIMEOUT,12,-46.950706815590976
2021-10-25 19:40:00,2021-10-25 19:45:00,short,28855.519,28874.151176949752,28874.151176949752,28715.727433179698,15.526814124792693,-1.0000000000000273,SL,1,-47.950706815591005
2021-10-25 20:00:00,2021-10-25 20:05:00,short,28963.319,28993.581335950174,28993.581335950174,28719.110930618375,25.218613291810733,-1.0000000000000377,SL,1,-48.95070681559104
2021-10-25 20:10:00,2021-10-25 20:15:00,short,29050.369,29096.008952936627,29096.008952936627,28721.722378176357,38.033294113857394,-0.9999999999999832,SL,1,-49.950706815591026
2021-10-26 23:40:00,2021-10-27 00:40:00,long,28930.319,28957.419,28902.085323554205,29084.5762327044,23.5280637048274,0.9598466587244743,TIMEOUT,12,-48.99086015686655
2021-10-27 00:45:00,2021-10-27 01:00:00,short,28982.999,29003.789897348477,29003.789897348477,28943.360999999997,17.3257477903979,-0.9999999999999913,SL,3,-49.990860156866546
2021-10-27 01:05:00,2021-10-27 01:15:00,short,29000.369,29022.87341980346,29022.87341980346,28956.12995238095,18.753683169553135,-0.999999999999964,SL,2,-50.99086015686651
2021-10-27 04:20:00,2021-10-27 04:30:00,long,28957.519,28934.122081353944,28934.122081353944,28995.381012578622,19.49743220504758,-0.9999999999999657,SL,2,-51.990860156866475
2021-10-27 04:50:00,2021-10-27 05:00:00,long,28900.999,28874.379955100943,28874.379955100943,28988.721033898313,22.182537415879644,-1.0000000000000335,SL,2,-52.99086015686651
2021-10-27 05:05:00,2021-10-27 05:10:00,long,28827.999,28795.6696422583,28795.6696422583,28982.376634408607,26.94113145141675,-0.9999999999999633,SL,1,-53.990860156866475
2021-10-27 05:35:00,2021-10-27 06:35:00,long,28757.999,28795.269,28720.490968262075,28967.416647058824,31.256693114938308,0.9936538462058289,TIMEOUT,12,-52.997206310660644
2021-10-27 14:35:00,2021-10-27 15:10:00,long,28825.469,28805.457822021366,28805.457822021366,28856.11013636363,16.67598164886375,-0.9999999999999153,SL,7,-53.99720631066056
2021-10-27 15:15:00,2021-10-27 15:25:00,long,28745.469,28719.82908106564,28719.82908106564,28854.064833333327,21.366599111967464,-1.0000000000000036,SL,2,-54.99720631066056
2021-10-27 15:55:00,2021-10-27 18:35:00,long,28660.419,28685.419,28624.85638917485,28848.656760416663,29.63550902096092,0.7029855069672707,TIMEOUT,12,-54.294220803693285
2021-10-27 18:40:00,2021-10-27 19:40:00,long,28682.419,28702.999,28657.07549462369,28838.087341463415,21.119587813593625,0.812042363296495,TIMEOUT,12,-53.482178440396794
2021-10-27 20:50:00,2021-10-27 21:35:00,long,28725.319,28826.372694083708,28674.421729732505,28826.372694083708,42.414391889578646,1.9854442792828197,VWAP,9,-51.49673416111398
2021-10-28 01:00:00,2021-10-28 02:00:00,short,28872.319,28817.6231025641,28901.53050167236,28817.6231025641,24.34291806030274,1.8724096436181388,VWAP,12,-49.624324517495836
2021-10-28 02:05:00,2021-10-28 02:10:00,long,28785.319,28757.321962499867,28757.321962499867,28833.92053846154,23.330864583443727,-0.9999999999999881,SL,1,-50.62432451749582
2021-10-28 04:05:00,2021-10-28 05:05:00,long,28752.319,28775.519,28723.425727548914,28804.319266666673,24.077727042571272,0.8029550837232734,TIMEOUT,12,-49.821369433772546
2021-10-28 05:20:00,2021-10-28 06:20:00,long,28757.419,28780.319,28733.220572508453,28795.205,20.165356242957223,0.9463424847749166,TIMEOUT,12,-48.87502694899763
2021-10-28 10:40:00,2021-10-28 11:40:00,short,28850.999,28825.469,28881.33992725313,28792.564297157634,25.284106044276292,0.8414376985582678,TIMEOUT,12,-48.03358925043936
2021-10-28 12:15:00,2021-10-28 13:15:00,short,28867.419,28835.999,28892.21964499459,28797.988054054058,20.667204162158765,1.2669025344645344,TIMEOUT,12,-46.76668671597483
2021-10-28 16:00:00,2021-10-28 18:40:00,short,28925.469,28855.269,28951.56540692279,28807.737100172726,21.74700576898939,2.6900254969086337,TIMEOUT,12,-44.076661219066196
2021-10-28 20:15:00,2021-10-28 20:20:00,long,28757.269,28719.167959954328,28719.167959954328,28812.525339285734,31.75086670472618,-1.00000000000003,SL,1,-45.076661219066224
2021-10-28 20:25:00,2021-10-28 20:30:00,long,28642.519,28596.054593021843,28596.054593021843,28811.52812979353,38.72033914846291,-1.0000000000000338,SL,1,-46.07666121906626
2021-10-28 20:35:00,2021-10-28 21:20:00,long,28545.519,28491.052730717816,28491.052730717816,28809.365885964933,45.38855773515416,-0.9999999999999806,SL,9,-47.07666121906624
2021-10-28 23:20:00,2021-10-28 23:25:00,short,28882.269,28930.37453504027,28930.37453504027,28793.33308684548,40.08794586689279,-0.9999999999999972,SL,1,-48.07666121906624
2021-10-28 23:30:00,2021-10-29 00:30:00,short,28975.369,28895.319,29032.550609294925,28794.684373891014,47.651341079106594,1.3999256227141517,TIMEOUT,12,-46.67673559635209
2021-10-29 01:10:00,2021-10-29 02:00:00,long,28822.369,28874.06588888889,28781.520501274186,28874.06588888889,34.04041560484529,1.2655762268252315,VWAP,10,-45.41115936952686
2021-10-29 02:10:00,2021-10-29 03:10:00,long,28785.519,28742.121160795556,28742.121160795556,28859.883197530864,36.164866003705285,-0.99999999999996,SL,12,-46.411159369526814
2021-10-29 05:40:00,2021-10-29 06:00:00,long,28780.469,28753.63741088066,28753.63741088066,28826.853106280192,22.35965759945252,-0.9999999999999437,SL,4,-47.41115936952676
2021-10-29 06:05:00,2021-10-29 06:15:00,long,28750.269,28723.242542856235,28723.242542856235,28823.106657657652,22.522047619804038,-1.0000000000000273,SL,2,-48.411159369526786
2021-10-29 08:30:00,2021-10-29 08:50:00,long,28760.319,28739.654207306794,28739.654207306794,28801.84964724919,17.22066057767225,-0.9999999999999435,SL,4,-49.41115936952673
2021-10-29 10:50:00,2021-10-29 11:10:00,short,28877.419,28909.42194230547,28909.42194230547,28800.652562340958,26.669118587891347,-0.9999999999999911,SL,4,-50.41115936952672
2021-10-29 11:35:00,2021-10-29 12:10:00,short,28950.469,28983.26614107778,28983.26614107778,28807.07664285714,27.330950898150718,-0.999999999999946,SL,7,-51.411159369526665
2021-11-01 08:30:00,2021-11-01 09:05:00,long,29540.369,29524.81238759731,29524.81238759731,29588.761750809063,12.963843668906597,-1.0000000000000175,SL,7,-52.41115936952668
2021-11-01 09:30:00,2021-11-01 10:30:00,long,29515.469,29570.319,29487.574859173783,29584.360797101453,23.24511735518209,1.9663627692179517,TIMEOUT,12,-50.44479660030873
2021-11-01 11:35:00,2021-11-01 12:35:00,long,29535.269,29511.15207622967,29511.15207622967,29579.752285714294,20.09743647527496,-0.999999999999955,SL,12,-51.444796600308685
2021-11-01 12:50:00,2021-11-01 13:05:00,long,29490.999,29467.31005956313,29467.31005956313,29576.1325483871,19.740783697391745,-1.0000000000000098,SL,3,-52.44479660030869
2021-11-01 13:15:00,2021-11-01 14:15:00,long,29415.369,29470.519,29386.26593424312,29572.450604166672,24.252554797397682,1.894989361626591,TIMEOUT,12,-50.5498072386821
2021-11-01 17:05:00,2021-11-01 18:05:00,long,29527.419,29560.654430107534,29501.071193313852,29560.654430107534,21.956505571791208,1.2614116424728157,VWAP,11,-49.288395596209284
2021-11-01 18:10:00,2021-11-01 18:15:00,long,29520.469,29497.723684271383,29497.723684271383,29559.291070707077,18.954429773848357,-1.0000000000000056,SL,1,-50.28839559620929
2021-11-01 22:20:00,2021-11-01 22:25:00,long,29487.269,29459.095747889838,29459.095747889838,29553.93171505377,23.477710091802848,-0.9999999999999546,SL,1,-51.28839559620925
2021-11-01 23:25:00,2021-11-01 23:55:00,long,29485.269,29460.61818288528,29460.61818288528,29551.63366155812,20.542347595600607,-1.0000000000000344,SL,6,-52.288395596209284
2021-11-02 00:40:00,2021-11-02 00:55:00,short,29532.519,29488.31307407407,29557.469184670073,29488.31307407407,20.791820558393667,1.7717674843086122,VWAP,3,-50.51662811190067
2021-11-02 02:40:00,2021-11-02 03:20:00,long,29470.419,29451.37577302919,29451.37577302919,29494.845565656564,15.869355809010129,-0.9999999999999285,SL,8,-51.5166281119006
2021-11-02 04:00:00,2021-11-02 05:00:00,long,29425.419,29450.999,29402.092478763865,29485.444102040816,19.438767696781454,1.0966058651029904,TIMEOUT,12,-50.420022246797615
2021-11-02 09:10:00,2021-11-02 10:00:00,short,29515.269,29533.35561067695,29533.35561067695,29480.59722822822,15.072175564124947,-0.9999999999999998,SL,10,-51.420022246797615
2021-11-02 11:45:00,2021-11-02 12:45:00,short,29530.469,29490.419,29549.404697702485,29488.485690140828,15.779748085403183,2.1150527764681133,TIMEOUT,12,-49.3049694703295
2021-11-02 13:55:00,2021-11-02 14:40:00,short,29520.519,29536.349614734518,29536.349614734518,29491.41078571426,13.192178945431808,-0.999999999999954,SL,9,-50.30496947032946
2021-11-02 17:05:00,2021-11-02 17:55:00,short,29540.369,29494.123180180155,29559.73711917845,29494.123180180155,16.140099315377288,2.3877289990704287,VWAP,10,-47.917240471259035
2021-11-02 18:40:00,2021-11-02 18:55:00,long,29472.999,29454.568840605643,29454.568840605643,29496.455666666647,15.358466161964907,-0.9999999999999222,SL,3,-48.91724047125896
2021-11-02 19:05:00,2021-11-02 20:05:00,long,29430.469,29445.469,29409.475574634063,29495.603657097265,17.494521138279893,0.7145094113292794,TIMEOUT,12,-48.202731059929675
2021-11-02 21:00:00,2021-11-02 22:00:00,long,29442.519,29452.519,29414.37332231806,29491.76224712642,23.454731401616375,0.3552943408577702,TIMEOUT,12,-47.84743671907191
2021-11-02 23:40:00,2021-11-03 00:10:00,long,29455.469,29442.54685330499,29442.54685330499,29487.09945627374,10.768455579176392,-0.999999999999962,SL,6,-48.84743671907187
2021-11-03 04:10:00,2021-11-03 04:30:00,short,29495.999,29459.6884117647,29512.58625500981,29459.6884117647,13.822712508173796,2.1890655333766524,VWAP,4,-46.658371185695216
2021-11-03 08:25:00,2021-11-03 08:35:00,short,29480.519,29459.884643564357,29492.18090789516,29459.884643564357,9.718256579297819,1.7693808441251213,VWAP,2,-44.88899034157009
2021-11-03 08:50:00,2021-11-03 09:00:00,long,29432.319,29459.64028930818,29416.77104418524,29459.64028930818,12.956629845632017,1.7572271000568505,VWAP,2,-43.13176324151324
2021-11-03 09:40:00,2021-11-03 10:40:00,short,29505.419,29465.419,29525.861561112346,29460.290810344828,17.035467593620936,1.956701989548867,TIMEOUT,12,-41.17506125196437
2021-11-03 11:00:00,2021-11-03 11:25:00,short,29530.269,29464.4969040404,29551.06170540316,29464.4969040404,17.327254502634162,3.1632293481925586,VWAP,5,-38.011831903771814
2021-11-03 13:05:00,2021-11-03 13:20:00,short,29545.999,29570.866379755462,29570.866379755462,29468.080146496803,20.722816462884612,-1.0000000000000198,SL,3,-39.011831903771835
2021-11-03 13:45:00,2021-11-03 13:50:00,short,29647.369,29680.181993417704,29680.181993417704,29473.534292929286,27.34416118142006,-1.0000000000000284,SL,1,-40.01183190377186
2021-11-03 13:55:00,2021-11-03 14:55:00,short,29737.269,29695.519,29774.669897385673,29476.266105788414,31.167414488061215,1.116283376023819,TIMEOUT,12,-38.89554852774805
2021-11-04 01:00:00,2021-11-04 01:05:00,short,29790.469,29813.674717916692,29813.674717916692,29736.851820512817,19.338098263908602,-1.0000000000000446,SL,1,-39.89554852774809
2021-11-04 05:20:00,2021-11-04 06:10:00,long,29750.319,29735.337645094685,29735.337645094685,29790.99464102564,12.484462421094387,-1.0000000000000637,SL,10,-40.895548527748154
2021-11-04 06:15:00,2021-11-04 06:45:00,long,29730.419,29715.975138967402,29715.975138967402,29785.349350877194,12.03655086049859,-1.0000000000000944,SL,6,-41.89554852774825
2021-11-04 07:45:00,2021-11-04 08:30:00,long,29725.519,29709.146415093364,29709.146415093364,29775.06910638298,13.643820755530475,-0.9999999999999588,SL,9,-42.895548527748204
2021-11-04 08:35:00,2021-11-04 09:35:00,long,29685.469,29680.999,29667.241252353244,29769.534288461535,15.189789705630805,-0.24523051814338978,TIMEOUT,12,-43.14077904589159
2021-11-04 15:00:00,2021-11-04 17:05:00,short,29765.419,29724.44540883976,29789.312159629175,29724.44540883976,19.910966357645606,1.7148670078029111,VWAP,4,-41.42591203808868
2021-11-04 17:35:00,2021-11-04 17:55:00,short,29785.419,29805.647768583523,29805.647768583523,29725.972996509576,16.857307152934567,-1.000000000000013,SL,4,-42.4259120380887
2021-11-05 12:25:00,2021-11-05 13:10:00,long,29607.469,29666.8503199105,29579.867772345657,29666.8503199105,23.001023045288218,2.151401403377403,VWAP,9,-40.27451063471129
2021-11-07 18:45:00,2021-11-07 18:50:00,short,29800.999,29735.80633333333,29835.79151251253,29735.80633333333,28.99376042710679,1.87375564334984,VWAP,1,-38.40075499136145
2021-11-07 19:40:00,2021-11-07 20:25:00,long,29592.319,29545.601155723434,29545.601155723434,29713.380587301588,38.931536897137036,-1.0000000000000184,SL,9,-39.400754991361474
2021-11-07 21:50:00,2021-11-07 22:50:00,long,29540.369,29567.369,29504.70575136248,29632.529638297874,29.719373864598737,0.7570818989158333,TIMEOUT,12,-38.64367309244564
2021-11-07 23:05:00,2021-11-07 23:15:00,long,29550.469,29521.660174840064,29521.660174840064,29617.68631182796,24.00735429994848,-0.9999999999999429,SL,2,-39.64367309244558
2021-11-08 05:40:00,2021-11-08 06:35:00,short,29562.419,29580.79763865684,29580.79763865684,29523.118516908213,15.315532214031863,-1.0000000000000433,SL,10,-40.643673092445624
2021-11-08 06:40:00,2021-11-08 07:40:00,short,29590.469,29570.319,29605.75088599174,29529.11379166667,12.734904993114501,1.3185545299118278,TIMEOUT,12,-39.325118562533795
2021-11-08 08:10:00,2021-11-08 08:45:00,short,29595.999,29608.931670264847,29608.931670264847,29538.579544217693,10.77722522070645,-0.9999999999999288,SL,7,-40.325118562533724
2021-11-09 06:35:00,2021-11-09 07:35:00,short,29417.519,29395.419,29431.758272021067,29345.844124999992,11.86606001755652,1.5520456359918062,TIMEOUT,12,-38.77307292654192
2021-11-09 08:10:00,2021-11-09 09:00:00,short,29395.519,29356.15899999999,29410.075011828496,29356.15899999999,12.130009857080408,2.7040373739567816,VWAP,10,-36.06903555258514
2021-11-09 09:50:00,2021-11-09 09:55:00,long,29300.999,29276.388815383383,29276.388815383383,29360.217151260484,20.50848718051239,-1.0000000000000708,SL,1,-37.06903555258521
2021-11-09 10:00:00,2021-11-09 10:05:00,long,29245.369,29212.65256530506,29212.65256530506,29358.545005509623,27.263695579115428,-1.0000000000000264,SL,1,-38.06903555258524
2021-11-09 10:10:00,2021-11-09 11:10:00,long,29205.269,29260.269,29167.555604778343,29356.23165582654,31.427829351380165,1.458367767652415,TIMEOUT,12,-36.61066778493283
2021-11-09 18:50:00,2021-11-09 19:10:00,long,29202.269,29171.690161537084,29171.690161537084,29317.420690821218,25.482365385761938,-1.000000000000051,SL,4,-37.61066778493288
2021-11-09 21:05:00,2021-11-09 21:35:00,long,29207.319,29161.67070245041,29161.67070245041,29306.724413105385,38.040247957992044,-0.9999999999999722,SL,6,-38.61066778493285
2021-11-09 21:40:00,2021-11-09 21:50:00,long,29142.469,29102.256805218207,29102.256805218207,29303.03634439831,33.510162318162564,-0.9999999999999756,SL,2,-39.61066778493283
2021-11-09 22:55:00,2021-11-09 23:55:00,long,29087.469,29127.999,29051.728174688178,29292.374768229136,29.784021093185945,1.1339973166929482,TIMEOUT,12,-38.47667046823988
2021-11-10 02:15:00,2021-11-10 02:20:00,short,29227.469,29251.807443474238,29251.807443474238,29133.650428571425,20.282036228530313,-1.0000000000000075,SL,1,-39.47667046823989
2021-11-10 06:20:00,2021-11-10 06:40:00,long,29157.469,29135.5195754497,29135.5195754497,29188.930255411247,18.29118712525042,-1.0000000000000249,SL,4,-40.47667046823992
2021-11-10 06:45:00,2021-11-10 07:40:00,long,29147.419,29187.39424390243,29124.749717406525,29187.39424390243,18.891068827898582,1.7634101889897178,VWAP,11,-38.7132602792502
2021-11-10 09:00:00,2021-11-10 09:35:00,short,29222.419,29244.12547019044,29244.12547019044,29185.55153822629,18.088725158697194,-1.0000000000000753,SL,7,-39.71326027925028
2021-11-10 09:40:00,2021-11-10 09:50:00,short,29257.469,29285.423211508314,29285.423211508314,29188.246606837594,23.295176256927878,-0.9999999999999897,SL,2,-40.71326027925027
2021-11-10 09:55:00,2021-11-10 10:00:00,short,29312.999,29344.563006808952,29344.563006808952,29190.596305555544,26.30333900746033,-1.0000000000000002,SL,1,-41.71326027925027
2021-11-10 10:05:00,2021-11-10 10:55:00,short,29337.269,29369.10129158527,29369.10129158527,29192.936595628405,26.526909654391808,-0.9999999999999808,SL,10,-42.71326027925025
2021-11-10 13:50:00,2021-11-10 13:55:00,long,29182.419,29151.586235738483,29151.586235738483,29225.132333333324,25.69397021793127,-1.000000000000035,SL,1,-43.713260279250285
2021-11-10 14:05:00,2021-11-10 14:15:00,long,29139.319,29106.22066797283,29106.22066797283,29223.833921568617,27.58194335597499,-0.9999999999999949,SL,2,-44.71326027925028
2021-11-10 21:00:00,2021-11-10 21:40:00,short,29309.519,29362.013658458643,29362.013658458643,29192.955480686684,43.74554871553461,-1.0000000000000326,SL,8,-45.71326027925031
2021-11-11 01:30:00,2021-11-11 02:30:00,short,29337.319,29357.469,29367.40404516328,29274.268122807018,25.070870969398424,-0.669767982419272,TIMEOUT,12,-46.38302826166959
2021-11-11 04:20:00,2021-11-11 04:30:00,short,29342.999,29364.174756138847,29364.174756138847,29307.074345911944,17.646463449040056,-0.9999999999999802,SL,2,-47.383028261669565
2021-11-11 05:10:00,2021-11-11 06:10:00,short,29389.269,29367.319,29410.310298537734,29318.03037566137,17.534415448111826,1.0431865676273224,TIMEOUT,12,-46.33984169404224
2021-11-11 07:05:00,2021-11-11 08:05:00,short,29382.369,29384.519,29398.694778610898,29331.03047286822,13.604815509082577,-0.13169356581658623,TIMEOUT,12,-46.471535259858825
2021-11-11 10:55:00,2021-11-11 11:25:00,short,29417.519,29442.80017941058,29442.80017941058,29345.251045454545,21.0676495088181,-0.9999999999999352,SL,6,-47.47153525985876
2021-11-11 12:55:00,2021-11-11 13:55:00,short,29452.999,29427.519,29472.453039913835,29359.327376068362,16.211699928195845,1.3097536610829663,TIMEOUT,12,-46.1617815987758
2021-11-11 18:25:00,2021-11-11 19:00:00,short,29467.319,29373.299183333307,29483.463037150672,29373.299183333307,13.453364292227732,5.823810722757864,VWAP,7,-40.337970876017934
2021-11-11 19:30:00,2021-11-11 20:30:00,short,29647.419,29544.269,29697.582334570496,29380.751050078223,41.802778808744485,2.056282758775678,TIMEOUT,12,-38.281688117242254
2021-11-11 20:40:00,2021-11-11 20:45:00,short,29587.419,29627.83629065382,29627.83629065382,29392.867325991163,33.6810755448479,-1.0000000000000322,SL,1,-39.28168811724229
2021-11-12 00:45:00,2021-11-12 01:00:00,short,29614.999,29635.46149391979,29635.46149391979,29575.396999999997,17.052078266490067,-1.000000000000058,SL,3,-40.281688117242346
2021-11-12 08:10:00,2021-11-12 08:30:00,long,29582.519,29599.588898989903,29571.04904878466,29599.588898989903,9.558292679452894,1.4882276889781612,VWAP,4,-38.79346042826418
2021-11-12 09:30:00,2021-11-12 09:35:00,long,29582.469,29599.339637681165,29570.682764719368,29599.339637681165,9.82186273386129,1.4313847704096891,VWAP,1,-37.3620756578545
2021-11-12 11:05:00,2021-11-12 11:15:00,short,29657.519,29678.35872630003,29678.35872630003,29599.93079104478,17.366438583359578,-0.9999999999999151,SL,2,-38.36207565785441
2021-11-12 11:25:00,2021-11-12 12:15:00,short,29692.369,29714.109872939793,29714.109872939793,29602.044410628023,18.117394116496442,-0.9999999999999166,SL,10,-39.36207565785433
2021-11-15 01:15:00,2021-11-15 02:15:00,long,29727.469,29737.419,29705.974623378705,29760.043166666663,17.91198051774601,0.4629117734050926,TIMEOUT,12,-38.89916388444924
2021-11-15 02:25:00,2021-11-15 03:05:00,long,29722.319,29745.980666666663,29707.6884390439,29745.980666666663,12.192134130080927,1.6172767905254177,VWAP,8,-37.28188709392382
2021-11-15 03:10:00,2021-11-15 03:25:00,long,29717.269,29741.871136752135,29700.053597592236,29741.871136752135,14.346168673135917,1.429077065374969,VWAP,3,-35.85281002854885
2021-11-15 08:05:00,2021-11-15 08:15:00,short,29762.999,29772.68451785126,29772.68451785126,29742.33781944444,8.07126487604863,-1.0000000000001332,SL,2,-36.85281002854899
2021-11-15 08:20:00,2021-11-15 08:25:00,short,29777.269,29787.910882915166,29787.910882915166,29743.16647474747,8.868235762638228,-1.0000000000000313,SL,1,-37.852810028549015
2021-11-15 08:30:00,2021-11-15 09:30:00,short,29782.269,29757.519,29792.790072513588,29743.91309240924,8.767560427989025,2.3524217676513537,TIMEOUT,12,-35.500388260897665
2021-11-15 10:15:00,2021-11-15 11:05:00,long,29717.519,29746.82503825137,29698.622912133527,29746.82503825137,15.74673988872677,1.5509050581505364,VWAP,10,-33.94948320274713
2021-11-15 11:45:00,2021-11-15 11:55:00,long,29667.419,29643.90830573656,29643.90830573656,29745.051761904757,19.59224521953289,-1.0000000000000697,SL,2,-34.9494832027472
2021-11-15 18:15:00,2021-11-15 18:40:00,long,29709.319,29692.43095630034,29692.43095630034,29735.222973063977,14.073369749716754,-0.999999999999919,SL,5,-35.949483202747125
2021-11-16 03:35:00,2021-11-16 03:55:00,long,29742.469,29723.1971335767,29723.1971335767,29777.9365,16.059888686082587,-1.000000000000036,SL,4,-36.94948320274716
2021-11-16 05:15:00,2021-11-16 05:55:00,long,29742.999,29767.311656250004,29725.60566496436,29767.311656250004,14.49444586303279,1.3978145191929312,VWAP,8,-35.551668683554226
2021-11-16 06:35:00,2021-11-16 07:35:00,short,29797.469,29787.369,29812.026161263122,29765.832458333338,12.130967719267197,0.693816590847949,TIMEOUT,12,-34.857852092706274
2021-11-16 11:25:00,2021-11-16 12:25:00,short,29807.419,29802.319,29826.40583369562,29774.187115942023,15.822361413014104,0.26860718757859603,TIMEOUT,12,-34.58924490512768
2021-11-16 12:45:00,2021-11-16 13:45:00,short,29837.999,29832.269,29855.768524395364,29777.132896103896,14.807936996136311,0.3224622039684211,TIMEOUT,12,-34.26678270115926
2021-11-16 13:50:00,2021-11-16 14:50:00,short,29837.999,29832.469,29851.855677837244,29781.392353293413,11.547231531037754,0.3990855575161582,TIMEOUT,12,-33.8676971436431
2021-11-16 18:35:00,2021-11-16 18:40:00,short,29837.269,29854.056134574337,29854.056134574337,29790.347676470577,13.989278811946942,-1.0000000000000375,SL,1,-34.867697143643134
2021-11-16 18:45:00,2021-11-16 18:50:00,short,29882.999,29905.01709052583,29905.01709052583,29791.201459546915,18.348408771525634,-1.0000000000000204,SL,1,-35.867697143643156
2021-11-17 03:40:00,2021-11-17 04:10:00,short,29747.319,29710.39657575758,29762.52106191328,29710.39657575758,12.668384927735197,2.428777389083061,VWAP,6,-33.4389197545601
2021-11-17 07:45:00,2021-11-17 07:50:00,long,29692.419,29682.881121640952,29682.881121640952,29710.137514492744,7.948231965875516,-0.9999999999998826,SL,1,-34.438919754559976
2021-11-17 08:05:00,2021-11-17 08:15:00,long,29667.519,29656.258322787045,29656.258322787045,29708.95195138888,9.383897677461746,-1.000000000000059,SL,2,-35.43891975456003
2021-11-17 21:00:00,2021-11-17 21:15:00,long,29469.369,29429.606220849037,29429.606220849037,29630.092997113992,33.13564929246926,-0.999999999999976,SL,3,-36.43891975456001
2021-11-17 21:20:00,2021-11-17 22:20:00,long,29414.369,29387.419,29375.29704218735,29626.949411347512,32.55996484387272,-0.6897529970016911,TIMEOUT,12,-37.1286727515617
2021-11-18 03:45:00,2021-11-18 03:50:00,short,29647.369,29668.009786475362,29668.009786475362,29602.73008695652,17.200655396136913,-0.9999999999999718,SL,1,-38.12867275156167
2021-11-18 03:55:00,2021-11-18 04:55:00,short,29677.999,29652.419,29699.505208746614,29605.500874999994,17.92184062217945,1.1894239613025195,TIMEOUT,12,-36.93924879025916
2021-11-18 07:50:00,2021-11-18 08:50:00,long,29577.269,29582.419,29563.31630645462,29620.520263157887,11.627244621149245,0.36910435847041534,TIMEOUT,12,-36.57014443178874
2021-11-18 09:30:00,2021-11-18 09:35:00,long,29572.999,29556.63838823529,29556.63838823529,29614.835898550722,13.633843137257347,-1.000000000000102,SL,1,-37.57014443178884
2021-11-18 10:10:00,2021-11-18 10:15:00,long,29502.519,29475.41143785931,29475.41143785931,29611.481547425476,22.589635117239922,-1.000000000000039,SL,1,-38.570144431788876
2021-11-18 10:20:00,2021-11-18 11:20:00,long,29457.999,29537.999,29425.015173460324,29609.118786666666,27.486522116395587,2.4254311398276287,TIMEOUT,12,-36.144713291961246
2021-11-18 14:20:00,2021-11-18 14:25:00,long,29557.419,29535.337225334246,29535.337225334246,29595.751447013477,18.401478888131155,-0.9999999999999283,SL,1,-37.144713291961175
2021-11-18 14:30:00,2021-11-18 15:10:00,long,29522.469,29595.0096095238,29499.676102456568,29595.0096095238,18.994081286194692,3.1825970956771847,VWAP,8,-33.962116196283986
2021-11-19 04:30:00,2021-11-19 04:35:00,long,29669.319,29646.61100727601,29646.61100727601,29751.162454545454,18.92332726999229,-0.9999999999999748,SL,1,-34.96211619628396
2021-11-19 04:40:00,2021-11-19 04:45:00,long,29627.519,29599.155945049213,29599.155945049213,29747.4973625731,23.63587912565658,-0.99999999999997,SL,1,-35.96211619628393
2021-11-19 11:50:00,2021-11-19 12:30:00,long,29592.419,29638.057717948715,29565.686888973534,29638.057717948715,22.27675918872299,1.7072620229478561,VWAP,8,-34.25485417333607
2021-11-19 13:35:00,2021-11-19 13:40:00,long,29602.999,29579.019042746375,29579.019042746375,29637.82316666666,19.983297711353217,-1.0000000000000429,SL,1,-35.25485417333611
2021-11-21 18:45:00,2021-11-21 18:50:00,long,29619.469,29594.73493635901,29594.73493635901,29654.94366666667,20.611719700824295,-1.0000000000000309,SL,1,-36.25485417333614
2021-11-21 18:55:00,2021-11-21 19:00:00,long,29587.369,29561.50581247282,29561.50581247282,29644.340388888897,21.552656272649646,-0.9999999999999595,SL,1,-37.2548541733361
2021-11-21 19:40:00,2021-11-21 19:50:00,long,29572.999,29618.72773015874,29537.763254389756,29618.72773015874,29.36312134186922,1.2977937423139156,VWAP,2,-35.957060431022185
2021-11-21 21:35:00,2021-11-21 22:35:00,short,29687.999,29697.419,29716.052220942838,29633.442333333343,23.377684119030693,-0.3357903186659646,TIMEOUT,12,-36.29285074968815
2021-11-21 23:10:00,2021-11-21 23:30:00,short,29724.469,29745.98687278192,29745.98687278192,29650.226513227513,17.931560651598826,-0.9999999999999918,SL,4,-37.29285074968814
2021-11-21 23:35:00,2021-11-22 00:35:00,short,29782.319,29772.999,29808.13859482436,29657.63787254902,21.51632902030078,0.36096616013533395,TIMEOUT,12,-36.93188458955281
2021-11-22 04:45:00,2021-11-22 05:45:00,long,29747.269,29757.999,29727.336675323433,29780.501643678163,16.610270563805756,0.5383215542647719,TIMEOUT,12,-36.39356303528804
2021-11-22 06:55:00,2021-11-22 07:25:00,long,29732.999,29713.374468028418,29713.374468028418,29774.366976190475,16.353776642983988,-1.000000000000049,SL,6,-37.39356303528809
2021-11-22 08:15:00,2021-11-22 09:00:00,long,29722.369,29767.77466666668,29703.945508493638,29767.77466666668,15.352909588633334,2.4645527505470737,VWAP,9,-34.92901028474102
2021-11-22 09:20:00,2021-11-22 09:35:00,short,29804.999,29828.108356801928,29828.108356801928,29766.251507374644,19.257797334939916,-0.9999999999999952,SL,3,-35.92901028474101
2021-11-22 09:40:00,2021-11-22 09:55:00,short,29854.419,29879.954150031757,29879.954150031757,29768.236321937333,21.27929169312839,-1.0000000000000608,SL,3,-36.929010284741075
2021-11-22 10:00:00,2021-11-22 10:25:00,short,29882.469,29912.269375053544,29912.269375053544,29771.41158953169,24.833645877953145,-0.9999999999999628,SL,5,-37.92901028474104
2021-11-22 14:55:00,2021-11-22 15:15:00,short,29822.419,29844.817150886858,29844.817150886858,29780.669907407417,18.665125739048023,-0.9999999999999478,SL,4,-38.92901028474099
2021-11-22 15:50:00,2021-11-22 15:55:00,long,29737.419,29710.59292209482,29710.59292209482,29782.71875567191,22.355064920985214,-0.9999999999999752,SL,1,-39.92901028474097
2021-11-22 16:00:00,2021-11-22 18:40:00,long,29657.369,29719.469,29627.01086139808,29781.729673575137,25.298448834931104,2.0455799617464074,TIMEOUT,12,-37.88343032299456
2021-11-22 19:05:00,2021-11-22 19:15:00,long,29654.999,29628.031175259788,29628.031175259788,29774.62850793652,22.473187283509866,-0.9999999999999931,SL,2,-38.883430322994556
2021-11-22 23:30:00,2021-11-23 00:30:00,long,29707.269,29699.269,29686.84360191284,29753.751940430942,17.021165072633707,-0.3916692328767319,TIMEOUT,12,-39.275099555871286
2021-11-23 00:50:00,2021-11-23 01:00:00,long,29682.419,29704.022636363632,29665.442823681227,29704.022636363632,14.146813598978497,1.272585531509742,VWAP,2,-38.002514024361545
2021-11-23 02:10:00,2021-11-23 02:20:00,long,29657.269,29635.085406295864,29635.085406295864,29700.781222222224,18.48632808677975,-1.0000000000000135,SL,2,-39.00251402436156
2021-11-23 02:25:00,2021-11-23 02:40:00,long,29634.519,29612.07028302916,29612.07028302916,29694.98033333333,18.707264142366892,-1.0000000000000284,SL,3,-40.00251402436159
2021-11-23 03:25:00,2021-11-23 04:25:00,long,29567.369,29627.419,29529.60777364533,29675.66511111111,31.467688628891146,1.5902555556852938,TIMEOUT,12,-38.41225846867629
2021-11-23 06:50:00,2021-11-23 07:00:00,short,29702.999,29729.399904562746,29729.399904562746,29657.379803212858,22.000753802287193,-1.0000000000000628,SL,2,-39.412258468676356
2021-11-23 07:25:00,2021-11-23 08:25:00,short,29734.419,29702.469,29759.97892708527,29662.127925925925,21.299939237724487,1.25000356587144,TIMEOUT,12,-38.16225490280492
2021-11-23 10:40:00,2021-11-23 11:00:00,long,29602.469,29558.358967283177,29558.358967283177,29674.18476227391,36.758360597353324,-1.0000000000000049,SL,4,-39.162254902804925
2021-11-23 11:05:00,2021-11-23 12:05:00,long,29532.519,29522.269,29489.00113250891,29670.608154228867,36.26488957590795,-0.23553543845177452,TIMEOUT,12,-39.3977903412567
2021-11-23 13:00:00,2021-11-23 14:00:00,long,29537.469,29609.519,29497.30721966816,29655.932694267518,33.46815027653241,1.7939941756735442,TIMEOUT,12,-37.603796165583155
2021-11-23 14:20:00,2021-11-23 14:55:00,long,29559.319,29648.12256454721,29521.120177490466,29648.12256454721,31.832352091277475,2.3247723022103597,VWAP,7,-35.27902386337279
2021-11-23 16:00:00,2021-11-23 18:40:00,short,29717.369,29672.269,29755.94327806869,29647.596115716748,32.14523172391156,1.1691728856126236,TIMEOUT,12,-34.10985097776017
2021-11-23 19:05:00,2021-11-23 19:25:00,short,29729.269,29650.763190476184,29767.380229013324,29650.763190476184,31.759357511102156,2.059912827696348,VWAP,4,-32.04993815006382
2021-11-23 19:35:00,2021-11-23 20:35:00,long,29574.519,29579.269,29525.558421319114,29651.236283950606,40.80048223407204,0.0970168271694537,TIMEOUT,12,-31.952921322894362
2021-11-23 21:00:00,2021-11-23 21:05:00,long,29542.519,29506.560403428142,29506.560403428142,29645.345595135903,29.96549714321628,-0.9999999999999554,SL,1,-32.95292132289432
2021-11-23 21:10:00,2021-11-23 21:20:00,long,29477.469,29437.380006017123,29437.380006017123,29644.08756737588,33.407494985732356,-0.999999999999969,SL,2,-33.95292132289429
2021-11-23 21:25:00,2021-11-23 22:05:00,long,29432.369,29394.933755182075,29394.933755182075,29641.62203921568,31.196037348270472,-0.9999999999999682,SL,8,-34.95292132289426
2021-11-24 04:55:00,2021-11-24 05:55:00,long,29262.319,29287.999,29227.22311840876,29344.049500000016,29.24656799269704,0.7317097857548239,TIMEOUT,12,-34.22121153713944
2021-11-24 08:50:00,2021-11-24 09:10:00,long,29272.469,29244.55334729566,29244.55334729566,29331.013579439255,23.263043920284403,-1.000000000000007,SL,4,-35.221211537139446
2021-11-24 11:30:00,2021-11-24 12:30:00,short,29392.369,29367.369,29427.33187540348,29323.859911270978,29.135729502903153,0.715044163601857,TIMEOUT,12,-34.506167373537586
2021-11-24 12:50:00,2021-11-24 13:50:00,short,29399.999,29402.419,29425.25168940606,29328.739580645164,21.043907838384108,-0.0958313770501238,TIMEOUT,12,-34.60199875058771
2021-11-24 15:10:00,2021-11-24 15:50:00,short,29412.519,29440.188499761523,29440.188499761523,29338.068271402564,23.05791646793558,-1.0000000000000175,SL,8,-35.601998750587725
2021-11-24 15:55:00,2021-11-24 18:35:00,short,29457.999,29462.269,29480.504155155464,29342.18934722223,18.754295962888225,-0.1897343062290941,TIMEOUT,12,-35.79173305681682
2021-11-25 02:25:00,2021-11-25 03:00:00,long,29509.519,29494.684848137396,29494.684848137396,29528.194222222217,12.361793218836322,-1.0000000000000215,SL,7,-36.79173305681684
2021-11-25 04:20:00,2021-11-25 05:00:00,long,29494.269,29480.16685295087,29480.16685295087,29516.70535220126,11.75178920760634,-1.0000000000000766,SL,8,-37.791733056816916
2021-11-25 05:05:00,2021-11-25 05:45:00,long,29474.419,29460.812727531862,29460.812727531862,29512.98012903226,11.338560390117825,-0.9999999999998722,SL,8,-38.79173305681679
2021-11-25 06:15:00,2021-11-25 07:15:00,long,29464.319,29474.999,29450.662492404612,29505.399833333337,11.380422996157334,0.7820447449980883,TIMEOUT,12,-38.0096883118187
2021-11-25 08:20:00,2021-11-25 08:50:00,long,29464.269,29453.44155990101,29453.44155990101,29496.702333333338,9.022866749157108,-1.0000000000001668,SL,6,-39.00968831181886
2021-11-25 09:15:00,2021-11-25 10:05:00,long,29444.469,29492.93233333335,29434.126161783875,29492.93233333335,8.619031846771549,4.685689974129821,VWAP,10,-34.32399833768904
2021-11-25 10:40:00,2021-11-25 11:35:00,short,29514.469,29491.707630490968,29525.721657703823,29491.707630490968,9.377214753186877,2.022754988921202,VWAP,11,-32.30124334876784
2021-11-25 18:10:00,2021-11-25 18:15:00,long,29459.319,29447.53434223077,29447.53434223077,29493.241437500004,9.820548141024345,-0.9999999999999771,SL,1,-33.30124334876782
2021-11-25 18:20:00,2021-11-25 18:30:00,long,29441.319,29427.82596345408,29427.82596345408,29492.72774485597,11.244197121597498,-1.0000000000001177,SL,2,-34.30124334876794
2021-11-25 18:35:00,2021-11-25 18:50:00,long,29391.419,29373.014498071658,29373.014498071658,29491.324717171723,15.337084940287898,-0.9999999999999176,SL,3,-35.301243348767855
2021-11-26 08:20:00,2021-11-26 08:45:00,long,28529.419,28491.32648472393,28491.32648472393,28598.79210231024,31.74376273005943,-1.0000000000000162,SL,5,-36.30124334876787
2021-11-26 08:50:00,2021-11-26 09:35:00,long,28474.319,28593.968221183808,28437.32625745183,28593.968221183808,30.827285456808394,3.2343971531174636,VWAP,9,-33.066846195650406
2021-11-28 23:45:00,2021-11-28 23:50:00,long,28411.269,28351.986645516678,28351.986645516678,28530.652904761897,49.40196206943478,-1.0000000000000164,SL,1,-34.06684619565042
2021-11-28 23:55:00,2021-11-29 00:20:00,long,28306.519,28242.51784740979,28242.51784740979,28525.56668518518,53.33429382517604,-1.0000000000000095,SL,5,-35.06684619565043
2021-11-29 03:25:00,2021-11-29 03:35:00,long,28189.369,28290.541857142856,28121.459186333133,28290.541857142856,56.59151138905342,1.4898120268620878,VWAP,2,-33.57703416878834
2021-11-29 03:50:00,2021-11-29 04:10:00,long,28149.519,28284.178787234036,28077.62797417406,28284.178787234036,59.90918818828432,1.8731098309831689,VWAP,4,-31.70392433780517
2021-11-29 08:25:00,2021-11-29 08:50:00,short,28341.319,28369.26497855993,28369.26497855993,28282.309816993475,23.288315466611408,-0.9999999999999386,SL,5,-32.703924337805105
2021-11-29 08:55:00,2021-11-29 09:15:00,short,28414.319,28445.752789762195,28445.752789762195,28286.036962962982,26.194824801830976,-0.9999999999999429,SL,4,-33.70392433780505
2021-11-29 10:40:00,2021-11-29 11:05:00,long,28224.319,28303.04768217056,28171.879943636002,28303.04768217056,43.699213636663565,1.5013367445836403,VWAP,5,-32.20258759322141
2021-11-29 12:05:00,2021-11-29 12:20:00,short,28409.469,28453.2711137658,28453.2711137658,28303.505872146136,36.50176147149869,-1.0000000000000298,SL,3,-33.20258759322144
2021-11-29 12:25:00,2021-11-29 12:35:00,short,28494.269,28538.228375137052,28538.228375137052,28307.38535555557,36.632812614209776,-1.0000000000000089,SL,2,-34.202587593221445
2021-11-29 14:05:00,2021-11-29 15:05:00,short,28494.999,28424.369,28526.387447910318,28330.431705882358,26.157039925264407,2.2501909046858337,TIMEOUT,12,-31.95239668853561
2021-11-29 18:15:00,2021-11-29 18:25:00,short,28506.519,28554.341252248116,28554.341252248116,28346.771066666683,39.85187687342888,-1.0000000000000187,SL,2,-32.95239668853563
2021-11-30 11:00:00,2021-11-30 12:00:00,long,27436.999,27456.469,27337.335429847022,27663.435666666683,83.05297512748191,0.19535724006390445,TIMEOUT,12,-32.75703944847172
2021-11-30 13:00:00,2021-11-30 13:40:00,long,27509.999,27640.737131634833,27437.893807851844,27640.737131634833,60.08766012346438,1.8131583557283955,VWAP,8,-30.94388109274333
2021-11-30 14:50:00,2021-11-30 15:25:00,long,27549.469,27638.450824953445,27487.06807243091,27638.450824953445,52.000772974242004,1.4259695876302947,VWAP,7,-29.517911505113034
2021-11-30 18:05:00,2021-11-30 18:35:00,short,27836.519,27907.37148635519,27907.37148635519,27638.646323232322,59.043738629324636,-1.000000000000009,SL,6,-30.517911505113045
2021-11-30 20:55:00,2021-11-30 21:35:00,short,28011.269,28124.041289153018,28124.041289153018,27670.39704597701,93.97690762751377,-1.0000000000000087,SL,8,-31.51791150511305
2021-11-30 23:40:00,2021-12-01 00:40:00,short,28071.999,28009.319,28136.07766896928,27714.517440251562,53.398890807732506,0.978172627618884,TIMEOUT,12,-30.539738877494166
2021-12-01 01:00:00,2021-12-01 01:10:00,long,27906.269,27984.93643589744,27845.373217667155,27984.93643589744,50.74648527737268,1.291837182868545,VWAP,2,-29.24790169462562
2021-12-01 01:15:00,2021-12-01 02:15:00,short,28159.999,28124.469,28239.887123099586,27990.611500000003,66.5734359163219,0.44474696139385,TIMEOUT,12,-28.80315473323177
2021-12-01 04:40:00,2021-12-01 05:40:00,short,28214.319,28114.469,28263.147086703608,28082.77332748538,40.69007225300568,2.0449296038589786,TIMEOUT,12,-26.758225129372793
2021-12-01 06:55:00,2021-12-01 07:25:00,short,28144.469,28173.87125034961,28173.87125034961,28093.382015873012,24.501875291342163,-0.999999999999944,SL,6,-27.758225129372736
2021-12-01 09:30:00,2021-12-01 09:35:00,long,28054.999,28027.617464645864,28027.617464645864,28104.062971014482,22.817946128446003,-1.0000000000000235,SL,1,-28.75822512937276
2021-12-01 10:30:00,2021-12-01 10:40:00,long,28036.999,27988.411973625174,27988.411973625174,28100.09007611547,40.48918864568845,-0.99999999999999,SL,2,-29.75822512937275
2021-12-01 12:00:00,2021-12-01 12:15:00,long,27999.319,28098.10235632183,27945.645023766014,28098.10235632183,44.72831352832256,1.8404329854600776,VWAP,3,-27.917792143912674
2021-12-01 12:50:00,2021-12-01 12:55:00,long,27999.369,27947.044537654147,27947.044537654147,28096.45637634408,43.60371862154441,-0.9999999999999797,SL,1,-28.917792143912653
2021-12-01 13:00:00,2021-12-01 13:10:00,long,27934.269,27877.792907467097,27877.792907467097,28094.504541401264,47.06341044408692,-0.9999999999999741,SL,2,-29.917792143912628
2021-12-01 22:25:00,2021-12-01 23:25:00,long,27726.319,27854.269,27660.0220241604,27947.994466666645,55.247479866332284,1.929952284845805,TIMEOUT,12,-27.987839859066824
2021-12-01 23:55:00,2021-12-02 00:55:00,long,27796.369,27789.269,27740.915708062996,27938.606437810926,46.21107661417052,-0.1280356810568469,TIMEOUT,12,-28.11587554012367
2021-12-02 01:05:00,2021-12-02 02:00:00,long,27706.999,27810.338523809525,27649.240671041152,27810.338523809525,48.131940799040976,1.7891709416169448,VWAP,11,-26.326704598506726
2021-12-02 02:40:00,2021-12-02 03:10:00,long,27709.319,27656.64302582774,27656.64302582774,27783.973646464645,43.896645143549236,-1.0000000000000153,SL,6,-27.32670459850674
2021-12-02 05:15:00,2021-12-02 05:40:00,long,27646.469,27748.91926041667,27594.509359604894,27748.91926041667,43.29970032925635,1.9717276647341175,VWAP,5,-25.354976933772623
2021-12-02 07:05:00,2021-12-02 07:10:00,long,27679.369,27639.19254990383,27639.19254990383,27742.36279844961,33.4803750801409,-0.9999999999999977,SL,1,-26.35497693377262
2021-12-02 07:30:00,2021-12-02 07:35:00,long,27624.519,27583.36921437207,27583.36921437207,27736.878047619044,34.29148802327677,-0.9999999999999757,SL,1,-27.354976933772594
2021-12-02 07:40:00,2021-12-02 08:40:00,long,27529.419,27564.469,27482.212276677958,27733.404304659496,39.3389361017029,0.7424789846329464,TIMEOUT,12,-26.612497949139648
2021-12-02 08:50:00,2021-12-02 09:40:00,long,27536.269,27715.194700934575,27486.106482764644,27715.194700934575,41.802097696128634,3.566920298179704,VWAP,10,-23.045577650959945
2021-12-02 10:45:00,2021-12-02 11:00:00,long,27579.999,27702.55158974358,27502.874504115036,27702.55158974358,64.27041323746862,1.589022895220962,VWAP,3,-21.456554755738985
2021-12-02 12:20:00,2021-12-02 12:40:00,short,27884.469,27959.92271817475,27959.92271817475,27708.71043176733,62.87809847895752,-0.9999999999999778,SL,4,-22.456554755738964
2021-12-02 18:05:00,2021-12-02 19:05:00,short,28036.419,27754.471306397296,28099.717815597767,27754.471306397296,52.749012998137914,4.454233320799431,VWAP,12,-18.00232143493953
2021-12-02 19:15:00,2021-12-02 19:30:00,long,27601.519,27760.768559748416,27522.526035075625,27760.768559748416,65.8274707703122,2.015996739720762,VWAP,3,-15.98632469521877
2021-12-02 20:40:00,2021-12-02 20:45:00,long,27662.419,27589.87843109333,27589.87843109333,27759.49343959242,60.45047408889343,-0.9999999999999982,SL,1,-16.98632469521877
2021-12-02 23:45:00,2021-12-03 00:40:00,short,27949.319,28004.026004967636,28004.026004967636,27757.41343609021,45.58917080636349,-1.0000000000000102,SL,11,-17.98632469521878
2021-12-03 07:30:00,2021-12-03 08:10:00,short,28112.469,28145.024823666132,28145.024823666132,28032.484384615385,27.12985305510823,-1.0000000000000313,SL,8,-18.986324695218812
2021-12-03 09:50:00,2021-12-03 09:55:00,long,27974.519,27919.180605877857,27919.180605877857,28050.765778711484,46.11532843512084,-0.9999999999999756,SL,1,-19.986324695218787
2021-12-03 10:00:00,2021-12-03 10:05:00,long,27919.999,27857.262629557947,27857.262629557947,28048.768201101928,52.28030870171148,-0.9999999999999901,SL,1,-20.986324695218777
2021-12-03 10:10:00,2021-12-03 10:45:00,long,27867.999,27799.767843853533,27799.767843853533,28046.197292682926,56.859296788720826,-1.0000000000000249,SL,7,-21.9863246952188
2021-12-03 10:50:00,2021-12-03 11:50:00,long,27717.469,27699.999,27640.017176356894,28034.070653944025,64.54318636925605,-0.2255595695267517,TIMEOUT,12,-22.211884264745553
2021-12-05 22:20:00,2021-12-05 23:20:00,short,27954.269,27914.369,28005.253760017902,27854.188496855346,42.487300014917096,0.7825867962503452,TIMEOUT,12,-21.429297468495207
2021-12-06 01:05:00,2021-12-06 01:15:00,long,27884.419,27847.733343971788,27847.733343971788,27936.6009047619,30.571380023512663,-0.9999999999999675,SL,2,-22.429297468495175
2021-12-06 02:30:00,2021-12-06 03:30:00,long,27804.469,27799.269,27775.413666758515,27893.013301075272,24.21277770123677,-0.17896886457238634,TIMEOUT,12,-22.60826633306756
2021-12-06 03:35:00,2021-12-06 04:05:00,long,27797.319,27874.112333333338,27762.347393903357,27874.112333333338,29.14300508053642,2.1958766526513216,VWAP,6,-20.41238968041624
2021-12-06 04:45:00,2021-12-06 05:00:00,long,27797.519,27756.43678284889,27756.43678284889,27863.02400000001,34.23518095925908,-0.9999999999999768,SL,3,-21.412389680416215
2021-12-06 05:05:00,2021-12-06 05:35:00,long,27739.519,27699.19655341387,27699.19655341387,27856.90926881721,33.60203882177751,-0.9999999999999567,SL,6,-22.412389680416172
2021-12-06 09:30:00,2021-12-06 09:35:00,short,27912.319,27836.98326086958,27937.501175809957,27836.98326086958,20.985146508297024,2.9916294643862296,VWAP,1,-19.420760216029944
2021-12-06 12:25:00,2021-12-06 12:50:00,short,28034.419,28076.768356757395,28076.768356757395,27872.189133333348,35.29113063116224,-0.9999999999999661,SL,5,-20.420760216029908
2021-12-06 12:55:00,2021-12-06 13:05:00,short,28072.519,28108.775952137927,28108.775952137927,27879.058978632485,30.214126781606048,-0.9999999999999769,SL,2,-21.420760216029883
2021-12-06 19:50:00,2021-12-06 20:00:00,short,28064.999,28125.328960784776,28125.328960784776,27939.08723439878,50.274967320647704,-0.9999999999999899,SL,2,-22.420760216029873
2021-12-06 20:05:00,2021-12-06 20:15:00,short,28227.419,28295.6712973193,28295.6712973193,27941.644615615613,56.87691443274882,-0.99999999999998,SL,2,-23.42076021602985
2021-12-06 20:50:00,2021-12-06 21:50:00,short,28324.369,28284.419,28388.927327701473,27954.306575757575,53.79860641789546,0.6188202424438669,TIMEOUT,12,-22.801939973585984
2021-12-06 22:40:00,2021-12-06 22:50:00,short,28364.419,28409.723591284164,28409.723591284164,27983.4615032938,37.75382607013455,-1.000000000000025,SL,2,-23.80193997358601
2021-12-07 22:45:00,2021-12-07 23:45:00,short,28884.369,28882.319,28926.581785331822,28685.253993412378,35.17732110985218,0.04856348577533583,TIMEOUT,12,-23.753376487810673
2021-12-08 01:10:00,2021-12-08 02:10:00,short,28892.469,28859.999,28927.11954422603,28832.10433333333,28.87545352168914,0.9370704191021642,TIMEOUT,12,-22.81630606870851
2021-12-08 04:30:00,2021-12-08 05:10:00,long,28814.519,28854.65415151514,28784.20281497879,28854.65415151514,25.263487517675287,1.323885293847493,VWAP,8,-21.492420774861017
2021-12-08 05:35:00,2021-12-08 05:45:00,long,28814.419,28787.43682296575,28787.43682296575,28850.814245098038,22.485147528543695,-1.0000000000000304,SL,2,-22.49242077486105
2021-12-08 05:50:00,2021-12-08 06:00:00,long,28792.419,28764.01023799408,28764.01023799408,28848.656230046945,23.67396833826928,-0.9999999999999512,SL,2,-23.492420774861
2021-12-08 06:05:00,2021-12-08 06:50:00,long,28747.519,28845.655081081077,28718.319965697152,28845.655081081077,24.33252858570633,3.3609358468237414,VWAP,9,-20.13148492803726
2021-12-08 06:55:00,2021-12-08 07:45:00,short,28919.369,28842.190190476194,28960.625514805066,28842.190190476194,34.38042900422173,1.87070599367078,VWAP,10,-18.26077893436648
2021-12-08 12:45:00,2021-12-08 13:45:00,short,28892.519,28887.469,28915.95564193308,28847.72703030304,19.530534944234024,0.2154745553743856,TIMEOUT,12,-18.045304378992096
2021-12-08 15:00:00,2021-12-08 16:00:00,short,28897.319,28889.369,28914.56895653808,28851.503419889497,14.37496378173665,0.4608707263956832,TIMEOUT,12,-17.584433652596413
2021-12-08 21:10:00,2021-12-08 22:10:00,long,28797.419,28849.269,28764.052376704014,28855.930801418446,27.805519413322607,1.5539480737996747,TIMEOUT,12,-16.03048557879674
2021-12-08 22:25:00,2021-12-08 22:35:00,long,28819.469,28854.42594666667,28793.573342777006,28854.42594666667,21.57971435249414,1.3499154072687676,VWAP,2,-14.680570171527972
2021-12-08 23:00:00,2021-12-09 00:00:00,long,28787.999,28784.469,28758.48605151747,28853.98940207523,24.594123735443183,-0.11960851699003165,TIMEOUT,12,-14.800178688518004
2021-12-09 14:40:00,2021-12-09 14:55:00,long,28674.269,28651.530289054313,28651.530289054313,28707.805384180792,18.948925788072767,-0.9999999999999755,SL,3,-15.80017868851798
2021-12-09 15:10:00,2021-12-09 15:15:00,long,28629.419,28603.597565223536,28603.597565223536,28706.06954644809,21.517862313720617,-1.0000000000000508,SL,1,-16.80017868851803
2021-12-09 15:20:00,2021-12-09 18:00:00,long,28584.419,28626.519,28557.251130218254,28704.95035135135,22.639891484789818,1.5496246241684593,TIMEOUT,12,-15.250554064349572
2021-12-09 18:20:00,2021-12-09 18:50:00,long,28614.319,28589.296859469836,28589.296859469836,28698.739480928693,20.85178377513621,-1.0000000000000058,SL,6,-16.25055406434958
2021-12-09 18:55:00,2021-12-09 19:00:00,long,28581.269,28546.435905741095,28546.435905741095,28696.139977564108,29.027578549086755,-1.0000000000000393,SL,1,-17.25055406434962
2021-12-09 19:30:00,2021-12-09 19:55:00,long,28591.269,28541.364287956774,28541.364287956774,28693.72351162791,41.587260036021675,-1.0000000000000004,SL,5,-18.25055406434962
2021-12-09 20:00:00,2021-12-09 20:05:00,long,28531.319,28481.25967264694,28481.25967264694,28690.35195625943,41.71610612755002,-1.0000000000000242,SL,1,-19.250554064349643
2021-12-09 21:40:00,2021-12-09 22:40:00,long,28561.269,28541.999,28523.899434773914,28679.038253112034,31.141304355073764,-0.5156602674774398,TIMEOUT,12,-19.766214331827083
2021-12-10 00:35:00,2021-12-10 00:45:00,long,28504.999,28478.99029809677,28478.99029809677,28539.721916666665,21.67391825269096,-0.9999999999999918,SL,2,-20.766214331827076
2021-12-10 00:50:00,2021-12-10 00:55:00,long,28414.269,28384.546247054885,28384.546247054885,28516.861727272728,24.768960787595557,-1.0000000000000329,SL,1,-21.766214331827108
2021-12-10 06:00:00,2021-12-10 06:10:00,short,28534.999,28551.717089897662,28551.717089897662,28479.339410958906,13.931741581383818,-1.0000000000000933,SL,2,-22.7662143318272
2021-12-10 06:15:00,2021-12-10 06:30:00,short,28544.269,28560.62933655436,28560.62933655436,28481.831412280706,13.633613795298821,-1.000000000000111,SL,3,-23.76621433182731
2021-12-10 06:45:00,2021-12-10 07:45:00,short,28564.319,28549.519,28580.647775756646,28487.276804878053,13.607313130539739,0.9063753597065581,TIMEOUT,12,-22.859838972120752
2021-12-10 08:35:00,2021-12-10 08:45:00,short,28619.269,28641.596828654154,28641.596828654154,28501.275282051283,18.606523878461843,-0.999999999999971,SL,2,-23.859838972120723
2021-12-10 13:00:00,2021-12-10 14:00:00,short,28574.519,28584.999,28601.956346484585,28520.253585987262,22.86445540382028,-0.38196113483086813,TIMEOUT,12,-24.24180010695159
2021-12-10 15:30:00,2021-12-10 15:45:00,short,28594.469,28615.56101421241,28615.56101421241,28529.590782531195,17.576678510339548,-1.0000000000000582,SL,3,-25.241800106951647
2021-12-10 15:50:00,2021-12-12 19:40:00,short,28624.519,28645.273931016258,28645.273931016258,28531.268057591624,17.29577584688144,-0.9999999999999946,SL,6,-26.24180010695164
2021-12-13 00:30:00,2021-12-13 00:45:00,long,28606.999,28661.089476190475,28584.7163745418,28661.089476190475,18.56885454849857,2.4274732029198,VWAP,3,-23.81432690403184
2021-12-13 03:00:00,2021-12-13 03:25:00,long,28649.419,28678.737738738735,28626.859486606485,28678.737738738735,18.799594494596647,1.2996175151171534,VWAP,5,-22.51470938891469
2021-12-13 07:10:00,2021-12-13 08:10:00,long,28664.269,28674.519,28648.51859353311,28688.527160919544,13.125338722408122,0.6507768559209812,TIMEOUT,12,-21.863932532993708
2021-12-13 08:45:00,2021-12-13 09:05:00,long,28654.269,28640.712500200956,28640.712500200956,28684.606610062896,11.297083165870168,-0.9999999999999928,SL,4,-22.8639325329937
2021-12-13 09:20:00,2021-12-13 09:25:00,long,28614.469,28599.968367295478,28599.968367295478,28681.81908849558,12.083860587102688,-0.9999999999999855,SL,1,-23.863932532993687
2021-12-13 09:30:00,2021-12-13 09:40:00,long,28604.519,28588.445474861917,28588.445474861917,28680.462362318845,13.394604281736566,-0.99999999999994,SL,2,-24.863932532993626
2021-12-13 09:50:00,2021-12-13 09:55:00,long,28574.269,28550.031243974678,28550.031243974678,28677.727263305325,20.198130021102713,-0.9999999999999729,SL,1,-25.863932532993598
2021-12-13 10:00:00,2021-12-13 10:25:00,long,28559.369,28533.628363427142,28533.628363427142,28675.802829201104,21.450530477379452,-1.000000000000049,SL,5,-26.863932532993648
2021-12-13 20:20:00,2021-12-13 20:35:00,long,28556.469,28608.741829629627,28516.180536758467,28608.741829629627,33.573719367943575,1.297463974146815,VWAP,3,-25.566468558846832
2021-12-13 21:10:00,2021-12-13 21:50:00,long,28501.469,28461.544737926015,28461.544737926015,28605.588035460994,33.27021839498909,-0.9999999999999781,SL,8,-26.56646855884681
2021-12-13 22:35:00,2021-12-13 22:40:00,long,28344.519,28305.71973226449,28305.71973226449,28597.31052116402,32.33272311292526,-1.0000000000000053,SL,1,-27.566468558846815
2021-12-14 01:50:00,2021-12-14 02:20:00,short,28466.469,28493.28646105627,28493.28646105627,28420.698855072467,22.347884213554753,-1.0000000000000613,SL,6,-28.566468558846875
2021-12-14 03:05:00,2021-12-14 04:05:00,short,28529.319,28471.419,28556.97923718576,28441.0042631579,23.050197654800012,2.093257538290589,TIMEOUT,12,-26.473211020556285
2021-12-14 04:40:00,2021-12-14 04:55:00,long,28419.469,28392.30791536806,28392.30791536806,28457.449526315802,22.63423719328471,-1.0000000000000047,SL,3,-27.47321102055629
2021-12-14 05:50:00,2021-12-14 06:50:00,long,28389.369,28399.369,28363.774125111162,28444.885244131463,21.329062407365022,0.3907032186494891,TIMEOUT,12,-27.0825078019068
2021-12-14 07:45:00,2021-12-14 08:30:00,long,28404.469,28385.505384411583,28385.505384411583,28437.103219858152,15.803012990349668,-0.9999999999999251,SL,9,-28.082507801906726
2021-12-14 08:35:00,2021-12-14 08:45:00,long,28349.319,28327.10629867835,28327.10629867835,28434.21547435897,18.510584434707248,-0.9999999999999973,SL,2,-29.082507801906722
2021-12-14 08:50:00,2021-12-14 09:25:00,long,28314.369,28290.073799998663,28290.073799998663,28431.326040498443,20.246000001112396,-1.0000000000000306,SL,7,-30.082507801906754
2021-12-14 18:30:00,2021-12-14 19:00:00,long,28286.519,28360.694139573094,28256.08781520032,28360.694139573094,25.359320666398578,2.4374712999632413,VWAP,6,-27.645036501943512
2021-12-14 19:05:00,2021-12-14 19:10:00,short,28426.519,28465.308770763266,28465.308770763266,28359.517412698435,32.32480896938934,-0.9999999999999574,SL,1,-28.64503650194347
2021-12-14 19:15:00,2021-12-14 19:20:00,short,28461.419,28501.325506423433,28501.325506423433,28360.398811320774,33.2554220195246,-1.0000000000000366,SL,1,-29.645036501943505
2021-12-14 22:50:00,2021-12-14 23:50:00,short,28461.319,28431.269,28486.058915771275,28375.18548366014,20.61659647606386,1.214636309913703,TIMEOUT,12,-28.4304001920298
2021-12-15 01:05:00,2021-12-15 01:15:00,short,28509.369,28532.900071414635,28532.900071414635,28449.32066666667,19.609226178864493,-0.9999999999999513,SL,2,-29.43040019202975
2021-12-15 07:10:00,2021-12-15 07:30:00,short,28524.999,28538.356598026636,28538.356598026636,28499.037199233724,11.13133168886308,-1.0000000000000204,SL,4,-30.430400192029772
2021-12-15 09:50:00,2021-12-15 10:30:00,long,28466.419,28508.455694677883,28442.86760460325,28508.455694677883,19.626162830628765,1.7848918915298815,VWAP,8,-28.64550830049989
2021-12-15 12:30:00,2021-12-15 12:35:00,short,28549.999,28574.60005785355,28574.60005785355,28508.246064017676,20.500881544623528,-1.0000000000000604,SL,1,-29.64550830049995
2021-12-15 12:40:00,2021-12-15 13:35:00,short,28574.369,28599.723830496172,28599.723830496172,28509.02464270154,21.129025413476484,-1.0000000000000575,SL,11,-30.64550830050001
2021-12-15 22:55:00,2021-12-15 23:55:00,short,28974.369,28962.319,29004.432332876164,28647.746617187506,25.052777396805737,0.4008204961716695,TIMEOUT,12,-30.24468780432834
2021-12-16 02:05:00,2021-12-16 02:15:00,short,29082.369,29107.172871112016,29107.172871112016,29038.554641025643,20.669892593348525,-0.9999999999999536,SL,2,-31.244687804328294
2021-12-16 02:20:00,2021-12-16 03:20:00,short,29144.269,29112.369,29171.828842869207,29046.436701149425,22.966535724339114,1.157481200142975,TIMEOUT,12,-30.08720660418532
2021-12-16 05:55:00,2021-12-16 06:35:00,short,29167.999,29186.756802486234,29186.756802486234,29089.133583333343,15.631502071860972,-1.0000000000000522,SL,8,-31.087206604185372
2021-12-16 09:10:00,2021-12-16 09:40:00,long,29054.269,29028.349100570613,29028.349100570613,29110.985726726733,21.599916191157632,-0.9999999999999338,SL,6,-32.087206604185305
2021-12-16 21:40:00,2021-12-16 22:10:00,long,28772.369,28740.035812871403,28740.035812871403,28985.16641355463,26.944322607163002,-0.9999999999999953,SL,6,-33.0872066041853
2021-12-16 22:15:00,2021-12-16 22:35:00,long,28717.999,28686.03678858983,28686.03678858983,28979.055760752686,26.635176175142206,-0.9999999999999611,SL,4,-34.08720660418526
2021-12-16 22:40:00,2021-12-16 22:55:00,long,28679.519,28643.268841001674,28643.268841001674,28973.761700922263,30.20846583193954,-0.9999999999999541,SL,3,-35.08720660418522
2021-12-17 04:10:00,2021-12-17 04:15:00,long,28542.419,28509.53769230653,28509.53769230653,28587.148215686262,27.401089744559652,-0.9999999999999875,SL,1,-36.087206604185205
2021-12-17 04:45:00,2021-12-17 05:00:00,long,28492.419,28580.245379310338,28454.009125666842,28580.245379310338,32.008228610966725,2.2865573198325633,VWAP,3,-33.800649284352644
2021-12-17 07:15:00,2021-12-17 07:35:00,long,28529.519,28504.86739694149,28504.86739694149,28569.205666666665,20.543002548758533,-1.0000000000000586,SL,4,-34.8006492843527
2021-12-17 13:35:00,2021-12-17 14:35:00,short,28652.319,28612.369,28688.878785862144,28550.14737398374,30.466488218454174,1.092730689141318,TIMEOUT,12,-33.70791859521138
2021-12-17 15:55:00,2021-12-19 18:00:00,long,28502.519,28466.83332997415,28466.83332997415,28559.652993055555,29.73805835487491,-1.0000000000000147,SL,5,-34.707918595211396
2021-12-19 18:15:00,2021-12-19 18:20:00,long,28377.269,28334.317248095263,28334.317248095263,28434.2015,35.7931265872812,-0.9999999999999836,SL,1,-35.70791859521138
2021-12-19 18:25:00,2021-12-19 18:55:00,long,28297.419,28251.164520041326,28251.164520041326,28396.800666666666,38.54539996556417,-0.999999999999974,SL,6,-36.70791859521135
2021-12-20 07:10:00,2021-12-20 08:10:00,short,28119.519,28056.319,28151.946651639504,27956.687735632197,27.02304303292117,1.948953957646644,TIMEOUT,12,-34.75896463756471
2021-12-20 08:35:00,2021-12-20 09:15:00,short,28094.469,28120.180791494447,28120.180791494447,27977.286788461555,21.426492912037286,-1.000000000000069,SL,8,-35.75896463756478
2021-12-20 12:00:00,2021-12-20 12:20:00,short,28119.999,28160.363883056714,28160.363883056714,28011.033735632198,33.63740254726246,-0.9999999999999879,SL,4,-36.758964637564766
2021-12-21 04:45:00,2021-12-21 05:05:00,long,28461.419,28434.520859117318,28434.520859117318,28510.172390804597,22.4151174022358,-1.0000000000000366,SL,4,-37.7589646375648
2021-12-21 06:35:00,2021-12-21 07:35:00,short,28544.319,28536.419,28564.36011992135,28504.556291666668,16.700933267792358,0.39418954783966653,TIMEOUT,12,-37.364775089725136
2021-12-21 10:20:00,2021-12-21 10:30:00,short,28561.269,28511.821640000002,28587.242385442354,28511.821640000002,21.644487868626804,1.9037703078694357,VWAP,2,-35.4610047818557
2021-12-21 11:40:00,2021-12-21 12:15:00,short,28606.999,28636.122477774912,28636.122477774912,28513.83398817967,24.269564812428328,-0.9999999999999424,SL,7,-36.46100478185564
2021-12-22 07:00:00,2021-12-22 08:00:00,short,28551.269,28534.519,28566.855563865647,28511.195549019612,12.98880322137385,1.0746435291562555,TIMEOUT,12,-35.38636125269939
2021-12-22 09:45:00,2021-12-22 10:15:00,short,28569.269,28592.065239656535,28592.065239656535,28515.686175141243,18.99686638044673,-0.999999999999929,SL,6,-36.38636125269932
2021-12-22 10:35:00,2021-12-22 10:40:00,short,28621.369,28650.04010839773,28650.04010839773,28520.978166666668,23.892590331442904,-1.0000000000000036,SL,1,-37.38636125269932
2021-12-22 10:45:00,2021-12-22 11:35:00,short,28664.469,28694.540557751105,28694.540557751105,28523.04812820513,25.05963145925436,-0.9999999999999486,SL,10,-38.38636125269927
2021-12-22 22:35:00,2021-12-22 22:45:00,short,28666.519,28685.227284693432,28685.227284693432,28603.842227513233,15.59023724452675,-0.9999999999999829,SL,2,-39.38636125269925
2021-12-22 22:50:00,2021-12-22 23:05:00,short,28686.269,28705.554553014383,28705.554553014383,28604.74817647059,16.071294178653527,-0.9999999999999081,SL,3,-40.38636125269916
2021-12-22 23:10:00,2021-12-23 00:05:00,short,28706.419,28724.27113233142,28724.27113233142,28606.21610424711,14.876776942850066,-0.9999999999999872,SL,11,-41.386361252699146
2021-12-23 00:45:00,2021-12-23 01:00:00,short,28756.999,28772.40992004182,28772.40992004182,28728.720666666668,12.842433368183258,-1.0000000000000477,SL,3,-42.386361252699196
2021-12-23 08:20:00,2021-12-23 08:40:00,long,28738.469,28754.31781188118,28727.083024172043,28754.31781188118,9.48831318996492,1.3919590310620455,VWAP,4,-40.99440222163715
2021-12-23 08:45:00,2021-12-23 09:35:00,long,28731.269,28753.764094339618,28718.100123350596,28753.764094339618,10.974063874504779,1.7082014615599777,VWAP,10,-39.28620076007717
2021-12-23 09:40:00,2021-12-23 10:15:00,short,28798.369,28817.420360602464,28817.420360602464,28753.55267521367,15.876133835388508,-0.9999999999999438,SL,7,-40.286200760077115
2021-12-27 04:55:00,2021-12-27 05:35:00,short,28789.369,28806.29206157999,28806.29206157999,28727.87956497176,14.102551316659108,-0.9999999999999295,SL,8,-41.286200760077044
2021-12-27 05:40:00,2021-12-27 06:40:00,short,28804.999,28791.269,28819.66573006409,28736.728068627453,12.222275053407818,0.9361323171561365,TIMEOUT,12,-40.35006844292091
2021-12-27 07:10:00,2021-12-27 07:25:00,short,28799.469,28810.568425225512,28810.568425225512,28748.357062015515,9.249521021260543,-0.9999999999998843,SL,3,-41.350068442920794
2021-12-27 07:40:00,2021-12-27 08:20:00,short,28824.269,28836.114009563582,28836.114009563582,28752.24592028986,9.870841302984708,-1.000000000000004,SL,8,-42.3500684429208
2021-12-27 23:10:00,2021-12-28 00:10:00,short,29001.369,28979.319,29027.823027373594,28888.33772892346,22.045022811327637,0.8335214781704633,TIMEOUT,12,-41.51654696475034
2021-12-28 00:55:00,2021-12-28 01:05:00,short,29039.519,29062.105171546733,29062.105171546733,28989.82788888889,18.82180962227632,-1.0000000000000477,SL,2,-42.51654696475039
2021-12-28 02:35:00,2021-12-28 03:10:00,long,28974.469,28997.258139784943,28956.96817444363,28997.258139784943,14.584021296974667,1.302175129483953,VWAP,7,-41.214371835266434
2021-12-28 03:55:00,2021-12-28 04:40:00,short,29044.269,29062.689968398412,29062.689968398412,28997.471411347517,15.350806998677578,-0.9999999999999291,SL,9,-42.21437183526636
2021-12-28 05:10:00,2021-12-28 06:10:00,short,29064.469,29049.469,29080.248620405247,29010.38830107527,13.149683671038034,0.9505932091378783,TIMEOUT,12,-41.263778626128484
2021-12-28 07:25:00,2021-12-28 07:45:00,short,29064.319,29073.75913050111,29073.75913050111,29023.001134831455,7.866775417591328,-0.9999999999999157,SL,4,-42.2637786261284
2021-12-28 09:45:00,2021-12-28 10:00:00,short,29059.469,29076.44469579548,29076.44469579548,29030.681499999995,14.14641316289872,-0.9999999999999613,SL,3,-43.263778626128364
2021-12-28 10:35:00,2021-12-28 11:30:00,short,29086.419,29033.364132275125,29108.20131379607,29033.364132275125,18.151928163390348,2.4356855851765946,VWAP,11,-40.82809304095177
2021-12-28 12:05:00,2021-12-28 12:35:00,short,29079.269,29036.535504629617,29097.993496566527,29036.535504629617,15.603747138770832,2.282223995638979,VWAP,6,-38.54586904531279
2021-12-28 12:40:00,2021-12-28 13:40:00,long,29001.999,29009.319,28980.13864645633,29037.192598233985,18.216961286391452,0.33485277286923903,TIMEOUT,12,-38.21101627244355
2021-12-28 14:05:00,2021-12-28 15:05:00,long,28994.419,29009.999,28976.8132059206,29034.60737301587,14.671495066167882,0.8849359437996891,TIMEOUT,12,-37.32608032864386
2021-12-28 18:00:00,2021-12-28 19:00:00,long,28973.469,29032.11894871794,28949.660914904067,29032.11894871794,19.840070913278744,2.4634467023118183,VWAP,12,-34.86263362633204
2021-12-28 20:20:00,2021-12-28 20:35:00,long,28926.999,28886.85842721389,28886.85842721389,29028.980554559043,33.450477321758086,-0.999999999999989,SL,3,-35.86263362633203
2021-12-28 20:40:00,2021-12-28 21:00:00,long,28833.469,28784.10866453186,28784.10866453186,29026.64850073421,41.133612890116794,-0.9999999999999962,SL,4,-36.86263362633202
2021-12-28 21:05:00,2021-12-28 22:05:00,long,28738.369,28816.999,28687.626521536837,29021.835020114937,42.28539871930253,1.549589266852292,TIMEOUT,12,-35.313044359479726
2021-12-29 01:00:00,2021-12-29 01:10:00,short,28911.469,28857.524128205125,28937.70421586987,28857.524128205125,21.862679891557807,2.056200797525393,VWAP,2,-33.256843561954334
2021-12-29 06:20:00,2021-12-29 06:55:00,long,28861.369,28848.197948687783,28848.197948687783,28884.782809523804,10.975876093513168,-1.0000000000000264,SL,7,-34.25684356195436
2021-12-29 07:55:00,2021-12-29 08:35:00,long,28843.269,28829.306449881016,28829.306449881016,28878.766951388872,11.635458432487496,-0.9999999999999235,SL,8,-35.256843561954284
2021-12-29 08:40:00,2021-12-29 09:40:00,long,28803.469,28828.519,28787.923571683663,28875.145190476178,12.954523596949683,1.6114062276218861,TIMEOUT,12,-33.6454373343324
2021-12-29 15:40:00,2021-12-29 16:00:00,short,28883.319,28853.84811816577,28897.942497274384,28853.84811816577,12.186247728653749,2.015310105459714,VWAP,4,-31.630127228872684
2021-12-29 18:05:00,2021-12-29 18:30:00,long,28828.519,28809.157045167853,28809.157045167853,28854.144740740732,16.134962360121573,-1.0000000000000886,SL,5,-32.63012722887277
2021-12-29 19:00:00,2021-12-29 19:05:00,long,28781.369,28756.773217235146,28756.773217235146,28852.16504465709,20.496485637376797,-1.0000000000000193,SL,1,-33.630127228872794
2021-12-29 19:10:00,2021-12-29 19:15:00,long,28736.369,28708.404677105817,28708.404677105817,28851.284797788303,23.303602411819988,-0.9999999999999384,SL,1,-34.63012722887273
2021-12-29 23:45:00,2021-12-30 00:00:00,long,28811.269,28843.788461152864,28786.5150436262,28843.788461152864,20.62829697816593,1.3137076215939525,VWAP,3,-33.316419607278775
2021-12-30 04:35:00,2021-12-30 05:35:00,short,28946.319,28923.469,28965.609961680075,28881.308047619055,16.07580140006186,1.1844925296596525,TIMEOUT,12,-32.131927077619125
2021-12-30 09:00:00,2021-12-30 09:30:00,short,28926.469,28937.824336676786,28937.824336676786,28901.975207951076,9.462780563988067,-0.9999999999999089,SL,6,-33.13192707761903
2021-12-30 10:15:00,2021-12-30 11:15:00,short,28946.999,28956.999,28964.810035575436,28905.51297849463,14.84252964619587,-0.5614496674068737,TIMEOUT,12,-33.69337674502591
2021-12-30 12:45:00,2021-12-30 13:45:00,short,28956.999,28938.269,28970.544802178858,28913.158480519483,11.288168482381439,1.3827161915322614,TIMEOUT,12,-32.31066055349365
2021-12-30 13:50:00,2021-12-30 14:50:00,short,28946.319,28946.269,28957.882305935225,28914.90496806387,9.636088279355285,0.0043240229290269746,TIMEOUT,12,-32.30633653056462
2021-12-30 15:35:00,2021-12-30 15:40:00,long,28881.369,28866.550539310305,28866.550539310305,28916.528734042542,12.348717241411816,-0.9999999999999808,SL,1,-33.3063365305646
2021-12-30 15:45:00,2021-12-30 16:00:00,long,28841.469,28824.128735425722,28824.128735425722,28915.962684210517,14.450220478564313,-1.0000000000001048,SL,3,-34.30633653056471
2021-12-30 18:25:00,2021-12-30 18:35:00,long,28848.999,28829.758190034543,28829.758190034543,28912.639248756215,16.03400830454759,-0.9999999999999799,SL,1,-35.306336530564685
2021-12-31 05:00:00,2021-12-31 05:45:00,short,28826.319,28793.382615819217,28837.959435157103,28793.382615819217,9.700362630920687,2.829480490742622,VWAP,8,-32.47685603982207
2021-12-31 06:55:00,2021-12-31 07:05:00,long,28778.369,28768.078957113405,28768.078957113405,28794.964514403306,8.575035738828577,-0.9999999999999878,SL,2,-33.47685603982205
2021-12-31 07:10:00,2021-12-31 07:45:00,long,28766.269,28794.09697619049,28755.29626230982,28794.09697619049,9.14394807514827,2.536101470410477,VWAP,7,-30.940754569411574
2021-12-31 07:50:00,2021-12-31 08:40:00,short,28816.519,28828.524634936588,28828.524634936588,28793.63218840582,10.004695780490245,-0.9999999999999538,SL,10,-31.940754569411528
2021-12-31 10:55:00,2021-12-31 11:00:00,short,28896.369,28927.647232319603,28927.647232319603,28803.763625323027,26.065193599669215,-1.0000000000000393,SL,1,-32.94075456941157
2021-12-31 11:05:00,2021-12-31 12:10:00,short,28951.519,28913.469,28985.26231256129,28805.76212977102,28.119427134408678,1.1276308433229938,TIMEOUT,12,-31.813123726088573
