entry_time,exit_time,side,entry,exit,sl,tp_vwap,atr,r,reason,bars_held,cum_r
2021-01-04 00:35:00,2021-01-04 00:45:00,long,27204.269,27254.916500000003,27168.302044928576,27254.916500000003,29.97246255952175,1.4081675776952163,VWAP,2,1.4081675776952163
2021-01-04 01:15:00,2021-01-04 02:15:00,short,27344.319,27383.344206430138,27383.344206430138,27261.929000000004,32.5210053584475,-1.0000000000000382,SL,12,0.4081675776951781
2021-01-04 03:05:00,2021-01-04 04:05:00,short,27416.519,27404.469,27448.081688404465,27312.38321052632,26.302240337055334,0.3817798992779744,TIMEOUT,12,0.7899474769731525
2021-01-04 04:10:00,2021-01-04 05:10:00,short,27409.319,27429.469,27437.588789641195,27332.59409803922,23.558158034331065,-0.7127750243545168,TIMEOUT,12,0.0771724526186357
2021-01-04 08:05:00,2021-01-04 08:55:00,short,27419.269,27434.254807365258,27434.254807365258,27370.26318367347,12.488172804382051,-0.9999999999999454,SL,10,-0.9228275473813097
2021-01-04 09:00:00,2021-01-04 09:05:00,short,27434.519,27447.891674615865,27447.891674615865,27375.175483180425,11.14389551322122,-0.9999999999999297,SL,1,-1.9228275473812393
2021-01-04 10:05:00,2021-01-04 10:25:00,long,27344.269,27319.860459444895,27319.860459444895,27378.332360655724,20.34045046258609,-1.000000000000069,SL,4,-2.922827547381308
2021-01-04 10:40:00,2021-01-04 10:55:00,long,27284.469,27256.591480621355,27256.591480621355,27375.064994832028,23.23126614887277,-0.9999999999999509,SL,3,-3.9228275473812593
2021-01-04 11:10:00,2021-01-04 12:00:00,long,27174.519,27135.896100681035,27135.896100681035,27369.80712345678,32.18574943247174,-0.9999999999999774,SL,10,-4.922827547381237
2021-01-04 22:25:00,2021-01-04 22:40:00,long,27236.519,27207.227969879757,27207.227969879757,27279.91754933332,24.409191766868986,-1.0000000000000004,SL,3,-5.922827547381237
2021-01-04 22:45:00,2021-01-04 23:00:00,long,27189.469,27157.630735129525,27157.630735129525,27279.07421259841,26.531887392064224,-0.999999999999952,SL,3,-6.922827547381189
2021-01-04 23:05:00,2021-01-04 23:15:00,long,27134.999,27101.431659647915,27101.431659647915,27277.35628940567,27.972783626737417,-1.0000000000000033,SL,2,-7.922827547381193
2021-01-05 02:50:00,2021-01-05 02:55:00,long,27036.419,27006.01118392949,27006.01118392949,27131.9749047619,25.339846725426277,-0.9999999999999598,SL,1,-8.922827547381152
2021-01-05 11:00:00,2021-01-05 11:35:00,long,27064.269,27108.81115538847,27030.460221471498,27108.81115538847,28.17398210708687,1.3174730743648804,VWAP,7,-7.605354473016272
2021-01-05 14:10:00,2021-01-05 15:10:00,short,27194.269,27194.319,27215.312335032355,27113.324009746586,17.536112526963386,-0.00237604922995299,TIMEOUT,12,-7.607730522246225
2021-01-05 20:45:00,2021-01-05 21:30:00,long,27034.369,27122.988701449274,26985.821638632424,27122.988701449274,40.45613447297885,1.8254277668830348,VWAP,9,-5.78230275536319
2021-01-05 21:55:00,2021-01-05 22:55:00,long,27049.519,27019.319,27006.45218473787,27120.92998907104,35.88901271844156,-0.7012359705770169,TIMEOUT,12,-6.483538725940207
2021-01-06 00:50:00,2021-01-06 01:50:00,long,27044.319,27059.419,27010.39089582301,27087.610818181816,28.27342014749039,0.44505876076163625,TIMEOUT,12,-6.0384799651785706
2021-01-06 03:15:00,2021-01-06 03:20:00,long,27024.419,26992.220197120816,26992.220197120816,27076.226500000008,26.832335732654418,-1.0000000000000118,SL,1,-7.038479965178582
2021-01-06 04:00:00,2021-01-06 04:45:00,long,26984.999,27062.579816326535,26948.840238113058,27062.579816326535,30.13230157245032,2.145560640851361,VWAP,9,-4.892919324327221
2021-01-06 05:05:00,2021-01-06 06:05:00,short,27114.469,27099.419,27145.75993565321,27060.607290322576,26.075779711005993,0.4809699577793453,TIMEOUT,12,-4.4119493665478755
2021-01-06 09:40:00,2021-01-06 09:45:00,short,27159.519,27182.09284229359,27182.09284229359,27085.57655555555,18.81153524465814,-1.0000000000000162,SL,1,-5.4119493665478915
2021-01-06 09:50:00,2021-01-06 09:55:00,short,27279.469,27309.573629324575,27309.573629324575,27088.04289915966,25.087191103812497,-0.9999999999999832,SL,1,-6.411949366547875
2021-01-06 10:10:00,2021-01-06 10:20:00,short,27326.999,27360.795980897,27360.795980897,27094.958626016258,28.164150747500788,-1.000000000000003,SL,2,-7.411949366547878
2021-01-06 19:50:00,2021-01-06 20:35:00,short,27496.519,27540.467565575687,27540.467565575687,27226.766963470305,36.623804646404956,-1.0000000000000262,SL,9,-8.411949366547905
2021-01-06 20:40:00,2021-01-06 20:55:00,short,27574.369,27614.68047408399,27614.68047408399,27238.53152110625,33.59289506999241,-1.0000000000000258,SL,3,-9.41194936654793
2021-01-07 01:40:00,2021-01-07 01:55:00,short,27509.999,27539.670203430276,27539.670203430276,27455.827730158733,24.72600285856443,-0.9999999999999679,SL,3,-10.411949366547898
2021-01-07 02:00:00,2021-01-07 02:10:00,short,27556.419,27586.570310317893,27586.570310317893,27468.03246666667,25.126091931576962,-0.999999999999966,SL,2,-11.411949366547864
2021-01-07 03:35:00,2021-01-07 04:35:00,long,27426.999,27429.469,27392.62036018943,27489.76400000001,28.648866508807313,0.07184693791293716,TIMEOUT,12,-11.340102428634927
2021-01-07 04:40:00,2021-01-07 05:40:00,long,27411.469,27464.469,27381.931471997523,27480.153444444455,24.614606668731643,1.7943275414094813,TIMEOUT,12,-9.545774887225445
2021-01-07 06:00:00,2021-01-07 07:00:00,long,27414.419,27444.269,27388.89811615529,27472.115666666676,21.267403203926538,1.1696303381038167,TIMEOUT,12,-8.376144549121628
2021-01-07 09:30:00,2021-01-07 10:00:00,short,27514.319,27531.24680011341,27531.24680011341,27471.614982608706,14.106500094510611,-0.9999999999999359,SL,6,-9.376144549121564
2021-01-07 10:05:00,2021-01-07 10:30:00,short,27564.469,27585.75488697897,27585.75488697897,27474.472890710393,17.738239149140732,-1.000000000000084,SL,5,-10.376144549121648
2021-01-07 10:35:00,2021-01-07 11:35:00,short,27624.419,27584.369,27649.339131978264,27478.65835937501,20.766776648551094,1.6071343456342808,TIMEOUT,12,-8.769010203487367
2021-01-07 13:35:00,2021-01-07 13:45:00,short,27571.419,27590.1082702789,27590.1082702789,27500.649780487805,15.574391899082396,-0.9999999999999164,SL,2,-9.769010203487284
2021-01-07 13:50:00,2021-01-07 14:50:00,short,27594.319,27579.369,27612.93004621091,27502.24595409181,15.50920517575955,0.8032863832897099,TIMEOUT,12,-8.965723820197574
2021-01-07 15:10:00,2021-01-07 15:45:00,short,27624.519,27641.788093419742,27641.788093419742,27509.858260473567,14.39091118311783,-1.0000000000000173,SL,7,-9.965723820197592
2021-01-08 10:30:00,2021-01-08 10:45:00,long,28119.319,28165.645377952766,28083.039774936817,28165.645377952766,30.232687552651196,1.2769395672616264,VWAP,3,-8.688784252935966
2021-01-08 12:35:00,2021-01-08 13:05:00,short,28214.469,28167.745929824574,28240.416142463542,28167.745929824574,21.62261871961728,1.8007019555652133,VWAP,6,-6.888082297370753
2021-01-08 13:20:00,2021-01-08 13:25:00,long,28109.419,28083.273217105718,28083.273217105718,28168.138834368543,21.78815241190235,-1.0000000000000417,SL,1,-7.8880822973707945
2021-01-08 13:30:00,2021-01-08 13:35:00,long,28104.999,28077.552074953397,28077.552074953397,28167.327977505123,22.872437538834372,-1.0000000000000528,SL,1,-8.888082297370847
2021-01-08 13:40:00,2021-01-08 14:40:00,long,28049.319,28119.319,28017.99727381186,28166.112010101027,26.10143849011752,2.234870440394287,TIMEOUT,12,-6.65321185697656
2021-01-08 15:40:00,2021-01-08 15:55:00,short,28231.999,28265.054837321597,28265.054837321597,28162.41145149913,27.5465311013314,-0.9999999999999858,SL,3,-7.6532118569765455
2021-01-08 16:00:00,2021-01-08 16:15:00,short,28309.319,28343.11339602619,28343.11339602619,28164.630986183085,28.16199668849222,-1.0000000000000087,SL,3,-8.653211856976554
2021-01-10 18:30:00,2021-01-10 18:55:00,long,28239.269,28192.82554206751,28192.82554206751,28302.21423809524,38.70288161041017,-0.9999999999999867,SL,5,-9.65321185697654
2021-01-10 19:45:00,2021-01-10 20:25:00,long,28186.999,28249.694151515145,28143.808377202768,28249.694151515145,35.99218566435944,1.4515917450295241,VWAP,8,-8.201620111947015
2021-01-10 21:05:00,2021-01-10 22:05:00,long,28154.269,28206.999,28113.124521422546,28233.839263157894,34.28706548121268,1.2815814374882502,TIMEOUT,12,-6.920038674458765
2021-01-10 22:20:00,2021-01-10 23:20:00,long,28171.469,28138.770546197946,28138.770546197946,28220.390446540874,27.248711501714137,-0.9999999999999448,SL,12,-7.92003867445871
2021-01-10 23:25:00,2021-01-10 23:30:00,long,28134.419,28110.850514905134,28110.850514905134,28206.687686868685,19.64040424572284,-0.9999999999999978,SL,1,-8.920038674458707
2021-01-10 23:55:00,2021-01-11 00:55:00,long,28096.269,28109.999,28070.409305373894,28199.55284259259,21.54974552175495,0.5309420779524141,TIMEOUT,12,-8.389096596506294
2021-01-11 01:10:00,2021-01-11 02:05:00,long,28081.269,28122.019666666667,28056.93822724591,28122.019666666667,20.275643961741082,1.6748611759492018,VWAP,11,-6.714235420557092
2021-01-11 08:35:00,2021-01-11 08:55:00,long,28069.999,28048.040008448454,28048.040008448454,28124.872653846163,18.299159626287583,-1.0000000000000504,SL,4,-7.714235420557142
2021-01-11 09:00:00,2021-01-11 09:10:00,long,28009.999,27985.18451243874,27985.18451243874,28121.565269113158,20.678739634384556,-0.9999999999999304,SL,2,-8.714235420557072
2021-01-11 09:15:00,2021-01-11 10:05:00,long,27984.369,28118.347095238107,27957.959120564105,28118.347095238107,22.008232863244533,5.073029415500453,VWAP,10,-3.6412060050566195
2021-01-11 10:50:00,2021-01-11 11:40:00,long,28051.319,28110.161417302814,28014.439059462657,28110.161417302814,30.733283781119315,1.5955128030435073,VWAP,10,-2.045693202013112
2021-01-11 13:45:00,2021-01-11 14:20:00,long,28074.519,28048.76680886513,28048.76680886513,28107.941650602428,21.460159279057823,-1.0000000000000382,SL,7,-3.04569320201315
2021-01-11 14:30:00,2021-01-11 15:30:00,long,28044.999,28051.519,28017.47362806579,28105.636428571455,22.937809945174788,0.23687236690513502,TIMEOUT,12,-2.808820835108015
2021-01-11 19:00:00,2021-01-11 19:05:00,long,28046.269,28008.091740898115,28008.091740898115,28101.161408293476,31.814382584904592,-0.999999999999994,SL,1,-3.8088208351080093
2021-01-11 19:45:00,2021-01-11 19:55:00,short,28199.519,28252.507125729233,28252.507125729233,28100.717073394502,44.15677144102747,-0.999999999999995,SL,2,-4.808820835108004
2021-01-12 00:40:00,2021-01-12 00:45:00,short,28231.319,28260.62849796374,28260.62849796374,28160.352703703702,24.42458163644793,-1.00000000000005,SL,1,-5.808820835108054
2021-01-12 06:10:00,2021-01-12 06:25:00,long,28176.419,28204.624653333332,28158.13687569008,28204.624653333332,15.235103591601057,1.5427995595689157,VWAP,3,-4.2660212755391385
2021-01-12 08:15:00,2021-01-12 09:00:00,long,28171.519,28155.525271855135,28155.525271855135,28201.505506666665,13.328106787388402,-0.9999999999999699,SL,9,-5.266021275539108
2021-01-12 09:05:00,2021-01-12 09:55:00,long,28146.419,28129.583898706707,28129.583898706707,28198.406763636358,14.029251077746173,-0.9999999999999419,SL,10,-6.2660212755390505
2021-01-12 12:10:00,2021-01-12 12:15:00,long,28121.269,28093.300070399546,28093.300070399546,28194.531725623583,23.30744133371075,-1.0000000000000548,SL,1,-7.266021275539106
2021-01-12 18:10:00,2021-01-12 18:55:00,long,28146.369,28124.951732603393,28124.951732603393,28187.260061976544,17.84772283050578,-0.9999999999999514,SL,9,-8.266021275539057
2021-01-12 21:00:00,2021-01-12 21:20:00,short,28284.999,28322.591539884423,28322.591539884423,28186.076688125882,31.327116570353603,-0.9999999999999616,SL,4,-9.266021275539018
2021-01-12 21:30:00,2021-01-12 22:30:00,short,28349.419,28339.519,28388.32013150226,28189.04325941421,32.41760958521638,0.25449131214670173,TIMEOUT,12,-9.011529963392316
2021-01-13 07:05:00,2021-01-13 07:15:00,long,28409.319,28390.337738604194,28390.337738604194,28452.898232558146,15.817717829839372,-0.9999999999999151,SL,2,-10.011529963392231
2021-01-13 07:20:00,2021-01-13 07:55:00,long,28394.269,28375.90074515795,28375.90074515795,28451.086797752814,15.306879035042515,-1.0000000000000047,SL,7,-11.011529963392237
2021-01-13 10:05:00,2021-01-13 10:20:00,long,28399.519,28441.195469945356,28377.769583177465,28441.195469945356,18.124514018778797,1.91621091661525,VWAP,3,-9.095319046776986
2021-01-13 11:00:00,2021-01-13 11:50:00,short,28494.469,28441.965235588974,28517.224565037526,28441.965235588974,18.96297086460556,2.3072933730470786,VWAP,10,-6.788025673729907
2021-01-13 19:15:00,2021-01-13 19:20:00,short,28629.519,28675.271627739887,28675.271627739887,28450.995003144657,38.12718978323885,-0.999999999999998,SL,1,-7.788025673729905
2021-01-14 09:40:00,2021-01-14 10:00:00,short,28914.369,28932.122381814366,28932.122381814366,28846.457888888886,14.794484845305272,-1.0000000000000637,SL,4,-8.788025673729969
2021-01-14 10:05:00,2021-01-14 11:05:00,short,28944.519,28899.419,28965.891707722232,28849.46927322404,17.81058976852608,2.110167817112232,TIMEOUT,12,-6.677857856617737
2021-01-14 19:10:00,2021-01-14 19:35:00,long,28721.269,28679.715193740114,28679.715193740114,28872.60800473934,34.62817188323988,-0.9999999999999598,SL,5,-7.677857856617697
2021-01-14 19:40:00,2021-01-14 20:05:00,long,28681.999,28624.82247574253,28624.82247574253,28868.66480645162,47.64710354789074,-1.0000000000000069,SL,5,-8.677857856617704
2021-01-18 06:15:00,2021-01-18 07:15:00,short,28296.269,28291.369,28314.622454681983,28223.95443859649,15.294545568318448,0.26697970953729266,TIMEOUT,12,-8.410878147080412
2021-01-18 08:25:00,2021-01-18 09:25:00,short,28311.269,28306.519,28327.555719654592,28239.92910457517,13.572266378825706,0.2916486622682847,TIMEOUT,12,-8.119229484812127
2021-01-18 10:00:00,2021-01-18 10:30:00,short,28316.419,28329.4796788816,28329.4796788816,28250.015479338836,10.883899067996417,-1.0000000000000755,SL,6,-9.119229484812202
2021-01-18 10:55:00,2021-01-18 11:35:00,short,28336.319,28349.59591988638,28349.59591988638,28256.07089898989,11.064099905314517,-1.0000000000001108,SL,8,-10.119229484812312
2021-01-19 08:20:00,2021-01-19 09:20:00,long,28665.319,28670.469,28648.014637133412,28708.666953795393,14.420302388822872,0.2976128066492098,TIMEOUT,12,-9.821616678163101
2021-01-19 09:35:00,2021-01-19 09:50:00,long,28620.269,28601.754737719293,28601.754737719293,28702.29104022989,15.428551900588664,-1.0000000000000349,SL,3,-10.821616678163137
2021-01-19 09:55:00,2021-01-19 10:55:00,long,28585.519,28660.999,28562.77332358915,28699.066888888898,18.954730342375953,3.318432858914267,TIMEOUT,12,-7.50318381924887
2021-01-19 11:20:00,2021-01-19 12:20:00,long,28590.999,28662.269,28559.356058242633,28691.58483941607,26.369118131140425,2.2523190336247483,TIMEOUT,12,-5.250864785624121
2021-01-19 19:10:00,2021-01-19 19:50:00,long,28637.519,28590.585439942657,28590.585439942657,28696.734829383902,39.111300047787246,-0.9999999999999667,SL,8,-6.250864785624088
2021-01-19 20:10:00,2021-01-19 20:15:00,long,28547.999,28497.252164378293,28497.252164378293,28692.355576980583,42.28902968475589,-0.9999999999999958,SL,1,-7.250864785624084
2021-01-20 03:45:00,2021-01-20 04:45:00,short,28610.269,28570.269,28637.773640984862,28526.71508695653,22.920534154051698,1.4543000223858635,TIMEOUT,12,-5.79656476323822
2021-01-20 05:15:00,2021-01-20 06:15:00,short,28585.319,28555.999,28608.984026678063,28537.402750000005,19.720855565054055,1.2389590934700463,TIMEOUT,12,-4.557605669768174
2021-01-20 07:50:00,2021-01-20 08:05:00,long,28520.319,28543.023385964923,28504.545217242132,28543.023385964923,13.144818964890131,1.4393748356651248,VWAP,3,-3.1182308341030494
2021-01-20 08:25:00,2021-01-20 08:45:00,short,28572.519,28587.316947145144,28587.316947145144,28543.39357516341,12.331622620953468,-0.9999999999999589,SL,4,-4.1182308341030085
2021-01-20 09:15:00,2021-01-20 10:05:00,short,28595.319,28608.468589211017,28608.468589211017,28546.911172619057,10.95799100918145,-1.0000000000000109,SL,10,-5.118230834103019
2021-01-20 13:10:00,2021-01-20 14:10:00,short,28655.319,28660.419,28672.625667547432,28564.634073375273,14.422222956193906,-0.2946841144330371,TIMEOUT,12,-5.412914948536057
2021-01-21 00:40:00,2021-01-21 01:00:00,long,28705.319,28742.66122222222,28679.781989783856,28742.66122222222,21.280841846785506,1.46227854812137,VWAP,4,-3.9506364004146866
2021-01-21 01:40:00,2021-01-21 02:30:00,long,28705.269,28737.669952380948,28681.01714580614,28737.669952380948,20.20987849488298,1.3360195934688985,VWAP,10,-2.6146168069457882
2021-01-21 03:55:00,2021-01-21 04:55:00,long,28675.519,28705.369,28648.585698065417,28730.10143055554,22.444418278819263,1.1082933712509384,TIMEOUT,12,-1.5063234356948498
2021-01-21 08:10:00,2021-01-21 08:40:00,long,28695.519,28682.136986587368,28682.136986587368,28713.997181818166,11.1516778438618,-0.999999999999888,SL,6,-2.5063234356947377
2021-01-21 08:55:00,2021-01-21 09:40:00,long,28640.469,28619.44589954864,28619.44589954864,28712.0351728395,17.519250376134067,-1.0000000000000795,SL,9,-3.506323435694817
2021-01-21 19:55:00,2021-01-21 20:40:00,long,28592.419,28663.246227272717,28551.301381044927,28663.246227272717,34.264682462563265,1.7225517691114227,VWAP,9,-1.7837716665833945
2021-01-21 22:20:00,2021-01-21 22:50:00,long,28614.999,28661.060860776426,28583.885085467267,28661.060860776426,25.928262110610937,1.4804264094756496,VWAP,6,-0.30334525710774485
2021-01-22 01:00:00,2021-01-22 02:10:00,long,28634.269,28609.290116725984,28609.290116725984,28675.66284615385,20.815736061679086,-1.0000000000000429,SL,12,-1.3033452571077877
2021-01-22 02:15:00,2021-01-22 02:30:00,long,28609.269,28588.703257062007,28588.703257062007,28657.29887179487,17.138119114995252,-0.9999999999999606,SL,3,-2.303345257107748
2021-01-22 02:40:00,2021-01-22 03:10:00,long,28579.319,28557.41390906193,28557.41390906193,28647.607064516127,18.25424244839186,-1.0000000000000455,SL,6,-3.303345257107794
2021-01-22 03:15:00,2021-01-22 03:20:00,long,28536.269,28510.89070895693,28510.89070895693,28633.022070175433,21.14857586922687,-0.9999999999999482,SL,1,-4.303345257107742
2021-01-22 03:25:00,2021-01-22 04:25:00,long,28469.369,28489.519,28437.550636804695,28625.19716666666,26.51530266275166,0.6332821043093951,TIMEOUT,12,-3.670063152798347
2021-01-22 11:05:00,2021-01-22 11:50:00,short,28574.519,28595.796849441103,28595.796849441103,28532.914606060604,17.73154120091916,-1.0000000000000084,SL,9,-4.670063152798356
2021-01-25 01:00:00,2021-01-25 02:05:00,short,28799.419,28797.419,28822.722206256458,28736.666692307692,19.419338547045488,0.08582509968756058,TIMEOUT,12,-4.584238053110796
2021-01-25 05:10:00,2021-01-25 05:40:00,long,28742.369,28774.301419354837,28723.051955417952,28774.301419354837,16.09753715170428,1.6530696100644113,VWAP,6,-2.9311684430463845
2021-01-25 06:45:00,2021-01-25 07:05:00,long,28742.319,28724.76210795306,28724.76210795306,28773.394226337437,14.630743372449281,-0.9999999999999193,SL,4,-3.9311684430463036
2021-01-25 07:10:00,2021-01-25 07:35:00,long,28727.469,28707.04278735277,28707.04278735277,28771.441170542632,17.021843872692234,-1.0000000000000302,SL,5,-4.931168443046333
2021-01-25 07:40:00,2021-01-25 07:55:00,long,28692.319,28670.000937698474,28670.000937698474,28767.730195652173,18.598385251270145,-1.0000000000000397,SL,3,-5.931168443046373
2021-01-25 15:55:00,2021-01-25 16:00:00,short,28812.369,28840.028855353867,28840.028855353867,28720.131481675387,23.04987946155639,-1.0000000000000084,SL,1,-6.931168443046381
2021-01-25 19:20:00,2021-01-25 19:40:00,long,28667.269,28630.398979428217,28630.398979428217,28725.63135703001,30.72501714315129,-1.000000000000046,SL,4,-7.9311684430464275
2021-01-26 06:10:00,2021-01-26 06:50:00,short,28699.269,28717.835289850715,28717.835289850715,28623.822822222224,15.471908208927278,-1.000000000000089,SL,8,-8.931168443046516
2021-01-26 06:55:00,2021-01-26 07:55:00,short,28734.369,28744.269,28752.162226488155,28632.693603174605,14.827688740130974,-0.5563915013722052,TIMEOUT,12,-9.487559944418722
2021-01-26 09:05:00,2021-01-26 10:05:00,short,28744.519,28729.269,28757.765329320584,28656.97890909091,11.038607767153099,1.1512623332037155,TIMEOUT,12,-8.336297611215006
2021-01-26 10:45:00,2021-01-26 11:45:00,short,28754.519,28699.419,28778.419065131995,28667.689641025645,19.91672094332833,2.305433047805319,TIMEOUT,12,-6.030864563409686
2021-01-26 12:25:00,2021-01-26 13:30:00,short,28729.999,28729.999,28747.890846411417,28674.14982222223,14.909872009514347,0.0,TIMEOUT,12,-6.030864563409686
2021-01-26 14:20:00,2021-01-26 15:25:00,short,28749.999,28754.369,28761.443600129307,28681.78124806202,9.537166774424044,-0.381839465828754,TIMEOUT,12,-6.41270402923844
2021-01-26 20:50:00,2021-01-26 21:05:00,long,28639.269,28608.41418290639,28608.41418290639,28691.99908733624,25.71234757800854,-1.0000000000000544,SL,3,-7.412704029238494
2021-01-26 21:10:00,2021-01-26 22:10:00,long,28564.999,28591.369,28531.496108313968,28690.516539341916,27.919076405026736,0.7870962377552944,TIMEOUT,12,-6.6256077914831994
2021-01-27 03:05:00,2021-01-27 03:20:00,long,28591.999,28637.466543859657,28571.185707566045,28637.466543859657,17.34441036162953,2.1845435557076853,VWAP,3,-4.441064235775514
2021-01-27 05:55:00,2021-01-27 06:05:00,long,28599.319,28581.747976418625,28581.747976418625,28634.333629629633,14.642519651144642,-1.0000000000000757,SL,2,-5.441064235775589
2021-01-28 08:45:00,2021-01-28 08:55:00,short,28148.519,28186.967640235343,28186.967640235343,28051.36572955974,32.04053352945149,-1.0000000000000366,SL,2,-6.441064235775626
2021-01-28 09:00:00,2021-01-28 09:45:00,short,28228.319,28269.471260421662,28269.471260421662,28055.151140672773,34.293550351386585,-0.999999999999966,SL,9,-7.441064235775592
2021-01-29 07:30:00,2021-01-29 08:00:00,short,27923.519,27774.4743113553,27958.9481914623,27774.4743113553,29.524326218583155,4.206832910745294,VWAP,6,-3.234231325030298
2021-01-29 08:35:00,2021-01-29 08:40:00,short,27900.469,27952.32250786606,27952.32250786606,27783.69242948718,43.21125655505105,-0.9999999999999889,SL,1,-4.2342313250302865
2021-01-29 08:45:00,2021-01-29 09:20:00,short,27965.469,28018.829340966146,28018.829340966146,27786.877459119496,44.46695080512057,-0.999999999999998,SL,7,-5.234231325030285
2021-01-29 09:25:00,2021-01-29 10:25:00,short,28033.999,28082.526939605916,28082.526939605916,27800.3586491228,40.43994967159613,-1.0000000000000109,SL,12,-6.234231325030295
2021-01-29 12:25:00,2021-01-29 12:40:00,long,27763.999,27708.59180701274,27708.59180701274,27834.584177777775,46.172660822714334,-1.0000000000000306,SL,3,-7.234231325030326
2021-01-29 12:45:00,2021-01-29 13:45:00,long,27678.999,27803.319,27620.21140558858,27832.193545454546,48.98966200951547,2.114731879143749,TIMEOUT,12,-5.119499445886577
2021-01-31 22:25:00,2021-01-31 22:35:00,short,27948.419,27988.770552847716,27988.770552847716,27842.427950617282,33.62629403976263,-0.9999999999999871,SL,2,-6.119499445886564
2021-01-31 22:50:00,2021-01-31 23:25:00,short,28003.519,28043.79306566365,28043.79306566365,27854.10883050848,33.56172138637492,-0.9999999999999727,SL,7,-7.119499445886537
2021-02-01 01:15:00,2021-02-01 02:15:00,short,28143.369,28090.369,28180.14815213109,28067.953791666667,30.649293442573583,1.4410337631247545,TIMEOUT,12,-5.678465682761782
2021-02-01 13:35:00,2021-02-01 14:35:00,short,28258.999,28268.469,28278.571694152757,28178.114813008135,16.310578460630996,-0.4838373259241437,TIMEOUT,12,-6.162303008685926
2021-02-01 14:45:00,2021-02-01 14:50:00,short,28273.419,28290.616639247208,28290.616639247208,28183.765385767783,14.33136603933819,-1.0000000000000158,SL,1,-7.162303008685942
2021-02-01 15:50:00,2021-02-01 16:00:00,short,28298.519,28318.98086607192,28318.98086607192,28190.662211169278,17.051555059933168,-1.0000000000000424,SL,2,-8.162303008685985
2021-02-01 21:35:00,2021-02-01 22:35:00,short,28382.269,28349.519,28425.20275333678,28204.347000000012,35.77812778065071,0.7628030967407513,TIMEOUT,12,-7.399499911945234
2021-02-02 02:55:00,2021-02-02 03:05:00,long,28299.269,28334.521407407403,28273.16870995379,28334.521407407403,21.75024170517575,1.3506519408400368,VWAP,2,-6.048847971105197
2021-02-02 03:20:00,2021-02-02 04:20:00,short,28397.319,28364.469,28431.84317379687,28334.483390243895,28.770144830724995,0.9515072016865113,TIMEOUT,12,-5.097340769418685
2021-02-02 04:50:00,2021-02-02 05:50:00,short,28414.469,28417.269,28445.309988769848,28346.92142937853,25.70082397487336,-0.09078826949727103,TIMEOUT,12,-5.188129038915957
2021-02-02 10:20:00,2021-02-02 11:20:00,short,28422.369,28447.182863022532,28447.182863022532,28362.55916000002,20.678219185443407,-1.0000000000000384,SL,12,-6.188129038915995
2021-02-03 02:55:00,2021-02-03 03:05:00,short,28694.469,28715.82731360311,28715.82731360311,28632.801870370367,17.79859466925792,-0.9999999999999483,SL,2,-7.188129038915943
2021-02-03 06:40:00,2021-02-03 07:10:00,long,28619.419,28604.920951445616,28604.920951445616,28640.874925925924,12.08170712865413,-1.0000000000000446,SL,6,-8.188129038915989
2021-02-03 08:10:00,2021-02-03 09:10:00,long,28584.519,28579.369,28569.10983400713,28635.46657575758,12.840971660724328,-0.33421666055026533,TIMEOUT,12,-8.522345699466253
2021-02-03 10:30:00,2021-02-03 11:30:00,long,28554.319,28564.369,28527.51089405636,28626.771860892393,22.340088286368342,0.37488661157663017,TIMEOUT,12,-8.147459087889624
2021-02-03 13:10:00,2021-02-03 14:10:00,long,28594.419,28619.844471698118,28575.548263786746,28619.844471698118,15.725613511045687,1.3473492189593004,VWAP,12,-6.800109868930324
2021-02-03 15:05:00,2021-02-03 15:20:00,long,28596.369,28582.574425948584,28582.574425948584,28618.59997605893,11.495478376179026,-1.0000000000000204,SL,3,-7.8001098689303445
2021-02-03 18:15:00,2021-02-03 18:25:00,long,28584.319,28565.690889118505,28565.690889118505,28616.750055276378,15.523425734579796,-0.9999999999999407,SL,2,-8.800109868930285
2021-02-03 18:35:00,2021-02-03 19:00:00,long,28559.519,28540.82702168663,28540.82702168663,28615.816980295564,15.576648594474868,-1.0000000000000504,SL,5,-9.800109868930335
2021-02-03 19:50:00,2021-02-03 20:50:00,long,28484.999,28509.269,28439.84937142431,28611.32288379205,37.62469047974123,0.537545950335203,TIMEOUT,12,-9.262563918595133
2021-02-04 08:00:00,2021-02-04 08:20:00,short,28437.269,28452.03234713933,28452.03234713933,28410.063982817876,12.302789282775993,-0.9999999999999882,SL,4,-10.26256391859512
2021-02-04 08:25:00,2021-02-04 09:25:00,short,28457.519,28427.369,28471.58276922823,28411.600274509816,11.719807690191827,2.14380650810747,TIMEOUT,12,-8.11875741048765
2021-02-04 10:00:00,2021-02-04 10:05:00,short,28494.419,28517.77467819735,28517.77467819735,28416.88437190084,19.463065164459206,-0.9999999999999267,SL,1,-9.118757410487577
2021-02-04 10:10:00,2021-02-04 10:20:00,short,28527.369,28554.036293955876,28554.036293955876,28418.562875338765,22.222744963232575,-0.9999999999999419,SL,2,-10.118757410487518
2021-02-04 10:25:00,2021-02-04 11:25:00,short,28557.369,28562.519,28583.468877850242,28421.75997883599,21.749898208535566,-0.19731893112877424,TIMEOUT,12,-10.316076341616293
2021-02-08 06:20:00,2021-02-08 07:20:00,short,29382.269,29379.419,29401.499021955642,29340.166229437225,16.025018296367733,0.14820575902475633,TIMEOUT,12,-10.167870582591537
2021-02-08 07:40:00,2021-02-08 08:15:00,short,29384.419,29397.632992779218,29397.632992779218,29346.964591397853,11.011660649345103,-1.0000000000001354,SL,7,-11.167870582591672
2021-02-08 08:20:00,2021-02-08 08:25:00,short,29442.519,29459.71793565917,29459.71793565917,29350.265699669973,14.332446382640558,-1.0000000000000404,SL,1,-12.167870582591712
2021-02-08 13:35:00,2021-02-08 14:35:00,short,29472.369,29447.999,29489.524842644336,29395.998674796752,14.296535536946676,1.4205073166746909,TIMEOUT,12,-10.747363265917022
2021-02-08 16:15:00,2021-02-08 18:00:00,short,29479.519,29499.849760134664,29499.849760134664,29404.860989795918,16.942300112220035,-1.0000000000000058,SL,1,-11.747363265917027
2021-02-08 19:55:00,2021-02-08 20:55:00,short,29569.319,29522.269,29623.714174426637,29411.91687878787,45.329312022197534,0.8649664330694585,TIMEOUT,12,-10.882396832847569
2021-02-09 00:50:00,2021-02-09 01:50:00,short,29522.269,29482.999,29554.151213452773,29466.74506060606,26.568511210642537,1.2317212560593807,TIMEOUT,12,-9.650675576788188
2021-02-09 04:10:00,2021-02-09 04:20:00,long,29442.999,29420.69260399799,29420.69260399799,29476.103248366013,18.588663335005577,-1.0000000000000637,SL,2,-10.650675576788252
2021-02-09 04:25:00,2021-02-09 05:25:00,long,29427.999,29427.999,29405.980660343874,29473.602456790122,18.3486163801046,0.0,TIMEOUT,12,-10.650675576788252
2021-02-09 05:35:00,2021-02-09 05:45:00,long,29417.519,29400.94490277999,29400.94490277999,29464.018754901965,13.811747683343956,-0.9999999999998963,SL,2,-11.65067557678815
2021-02-09 05:50:00,2021-02-09 06:10:00,long,29397.999,29381.546182364298,29381.546182364298,29461.34862441315,13.710681363085707,-0.9999999999999273,SL,4,-12.650675576788077
2021-02-09 08:00:00,2021-02-09 08:45:00,long,29422.419,29450.138140893487,29408.78583699104,29450.138140893487,11.360969174135173,2.03321422000624,VWAP,9,-10.617461356781837
2021-02-09 11:10:00,2021-02-09 11:40:00,long,29407.469,29448.117024691364,29388.234276793144,29448.117024691364,16.028936005714385,2.1132627828443193,VWAP,6,-8.504198573937517
2021-02-09 14:10:00,2021-02-09 15:10:00,short,29477.999,29472.469,29490.62599523865,29447.70923391814,10.522496032209864,0.4379505888361502,TIMEOUT,12,-8.066247985101366
2021-02-09 15:30:00,2021-02-09 15:40:00,long,29427.419,29449.378821746894,29414.751513186908,29449.378821746894,10.556239010911263,1.7335578928089832,VWAP,2,-6.332690092292383
2021-02-09 15:55:00,2021-02-09 16:00:00,long,29422.319,29407.204790754422,29407.204790754422,29449.20879166668,12.59517437131526,-0.9999999999999473,SL,1,-7.332690092292331
2021-02-09 21:05:00,2021-02-09 21:15:00,short,29507.519,29541.350850107145,29541.350850107145,29446.577319088345,28.193208422621062,-0.9999999999999748,SL,2,-8.332690092292305
2021-02-10 01:05:00,2021-02-10 01:10:00,short,29552.469,29503.65019047619,29579.086690804554,29503.65019047619,22.181409003793785,1.8340738076144971,VWAP,1,-6.498616284677808
2021-02-10 01:45:00,2021-02-10 02:45:00,long,29427.519,29472.419,29398.008833748285,29488.09551515152,24.59180520976213,1.5215095576560078,TIMEOUT,12,-4.9771067270218
2021-02-10 03:10:00,2021-02-10 03:15:00,long,29424.469,29400.16030269278,29400.16030269278,29469.243957264956,20.257247756017883,-0.9999999999999576,SL,1,-5.9771067270217575
2021-02-10 03:35:00,2021-02-10 04:35:00,long,29392.469,29424.269,29365.706827286827,29462.553545454553,22.301810594311856,1.1882443305638286,TIMEOUT,12,-4.788862396457929
2021-02-10 10:15:00,2021-02-10 10:20:00,long,29412.269,29395.717212693944,29395.717212693944,29450.672521505378,13.793156088379092,-1.0000000000000788,SL,1,-5.788862396458008
2021-02-10 10:25:00,2021-02-10 10:30:00,long,29337.519,29311.85269359835,29311.85269359835,29449.36944973545,21.38858866804102,-1.0000000000000389,SL,1,-6.788862396458047
2021-02-10 10:40:00,2021-02-10 10:45:00,long,29289.269,29256.779818088766,29256.779818088766,29446.03907751938,27.074318259360833,-1.0000000000000457,SL,1,-7.788862396458093
2021-02-11 01:25:00,2021-02-11 02:05:00,short,29327.269,29339.64693544767,29339.64693544767,29302.918259259262,10.314946206389646,-1.0000000000000568,SL,8,-8.78886239645815
2021-02-11 03:30:00,2021-02-11 03:55:00,short,29354.519,29374.782495700245,29374.782495700245,29318.638457364348,16.886246416871604,-0.9999999999999385,SL,5,-9.788862396458088
2021-02-11 15:40:00,2021-02-11 15:50:00,short,29454.319,29473.342007424548,29473.342007424548,29393.682897707222,15.852506187123728,-0.9999999999999891,SL,2,-10.788862396458077
2021-02-11 15:55:00,2021-02-11 18:00:00,short,29472.369,29493.13997934101,29493.13997934101,29394.800493055547,17.30914945084228,-0.9999999999999832,SL,5,-11.788862396458061
2021-02-11 18:05:00,2021-02-11 18:10:00,short,29489.419,29510.230215350588,29510.230215350588,29397.237215488207,17.34267945882316,-0.9999999999999275,SL,1,-12.788862396457988
2021-02-11 18:15:00,2021-02-11 18:55:00,short,29524.419,29545.818568338007,29545.818568338007,29398.39919999999,17.83297361500568,-0.9999999999999309,SL,8,-13.788862396457919
2021-02-11 21:15:00,2021-02-11 22:15:00,short,29484.999,29451.519,29517.69622820699,29412.67911299434,27.247690172491435,1.0239400045794251,TIMEOUT,12,-12.764922391878494
2021-02-12 01:15:00,2021-02-12 02:15:00,long,29401.319,29404.519,29371.45426292548,29475.97754166666,24.887280895435033,0.10714977975582733,TIMEOUT,12,-12.657772612122667
2021-02-12 02:55:00,2021-02-12 03:05:00,long,29386.519,29367.500936613436,29367.500936613436,29434.687055555547,15.848386155469312,-1.000000000000037,SL,2,-13.657772612122704
2021-02-12 03:45:00,2021-02-12 03:50:00,long,29369.519,29343.762959379477,29343.762959379477,29427.544579710142,21.463367183770266,-0.999999999999948,SL,1,-14.657772612122653
2021-02-12 07:00:00,2021-02-12 08:00:00,short,29469.519,29474.269,29486.093194429024,29422.340333333344,13.811828690853707,-0.2865900976569866,TIMEOUT,12,-14.94436270977964
2021-02-12 08:40:00,2021-02-12 09:40:00,short,29494.319,29499.999,29508.616913751608,29431.968936507936,11.914928126341499,-0.3972607541684731,TIMEOUT,12,-15.341623463948112
2021-02-12 09:45:00,2021-02-12 09:50:00,short,29504.519,29522.15120354772,29522.15120354772,29436.674141242944,14.693502956434571,-0.9999999999999478,SL,1,-16.34162346394806
2021-02-12 15:35:00,2021-02-12 15:50:00,short,29594.999,29610.288003164453,29610.288003164453,29486.416659574465,12.740835970378077,-0.9999999999999468,SL,3,-17.341623463948007
2021-02-12 16:00:00,2021-02-12 16:15:00,short,29631.419,29649.443533951515,29649.443533951515,29489.622212435224,15.020444959595782,-0.9999999999999009,SL,3,-18.341623463947908
2021-02-14 18:05:00,2021-02-14 18:20:00,short,29709.269,29731.859271026322,29731.859271026322,29671.03566666667,18.825225855267192,-1.0000000000000482,SL,3,-19.341623463947958
2021-02-16 04:20:00,2021-02-16 04:40:00,long,30478.519,30442.294466064664,30442.294466064664,30563.639754716976,30.187111612781127,-0.9999999999999568,SL,4,-20.341623463947915
2021-02-16 05:25:00,2021-02-16 06:10:00,long,30480.519,30452.226069206525,30452.226069206525,30546.59036363636,23.57744232789647,-0.9999999999999918,SL,9,-21.341623463947908
2021-02-16 07:25:00,2021-02-16 07:45:00,short,30578.999,30536.474259259256,30602.701251587674,30536.474259259256,19.751876323061932,1.7941224099932322,VWAP,4,-19.547501053954676
2021-02-16 08:45:00,2021-02-16 08:55:00,long,30508.319,30537.639345911954,30485.070202392024,30537.639345911954,19.373998006646424,1.2611553683918457,VWAP,2,-18.28634568556283
2021-02-16 09:40:00,2021-02-16 10:30:00,long,30468.369,30534.25731908832,30439.26206099944,30534.25731908832,24.25578250046537,2.2636636262939427,VWAP,10,-16.022682059268885
2021-02-16 10:55:00,2021-02-16 11:55:00,long,30478.469,30440.879605792357,30440.879605792357,30531.856121212117,31.324495173037267,-0.9999999999999712,SL,12,-17.022682059268856
2021-02-17 03:10:00,2021-02-17 03:30:00,long,30328.999,30364.993188034186,30303.142180746978,30364.993188034186,21.547349377518326,1.392057842922032,VWAP,4,-15.630624216346824
2021-02-17 07:35:00,2021-02-17 08:35:00,short,30413.419,30375.418057971016,30431.405546554222,30375.418057971016,14.988788795184048,2.112742538676419,VWAP,12,-13.517881677670406
2021-02-17 08:55:00,2021-02-17 09:05:00,long,30348.319,30378.025728395063,30325.23590760473,30378.025728395063,19.235910329392166,1.2869475149330591,VWAP,2,-12.230934162737347
2021-02-17 09:15:00,2021-02-17 09:30:00,long,30323.469,30297.3121747735,30297.3121747735,30376.976499999997,21.797354355418914,-0.9999999999999889,SL,3,-13.230934162737336
2021-02-17 09:35:00,2021-02-17 09:40:00,long,30293.419,30265.331882723498,30265.331882723498,30374.559603448273,23.40593106375282,-1.0000000000000113,SL,1,-14.230934162737347
2021-02-17 10:25:00,2021-02-17 11:20:00,long,30233.469,30189.67711834465,30189.67711834465,30367.79198941799,36.4932347127906,-1.0000000000000326,SL,11,-15.230934162737379
2021-02-17 15:10:00,2021-02-17 15:20:00,short,30378.319,30402.717494819153,30402.717494819153,30335.132897996366,20.332079015961472,-0.9999999999999978,SL,2,-16.230934162737377
2021-02-17 15:25:00,2021-02-17 16:00:00,short,30428.469,30336.243838709688,30455.346987287787,30336.243838709688,22.39832273982063,3.43125250796686,VWAP,7,-12.799681654770517
2021-02-17 18:10:00,2021-02-17 19:00:00,short,30380.269,30339.3654154104,30404.28190030863,30339.3654154104,20.01075025718994,1.703400424933377,VWAP,10,-11.096281229837139
2021-02-17 19:05:00,2021-02-17 19:10:00,short,30510.469,30549.23903194776,30549.23903194776,30341.664460317475,32.30835995646473,-1.0000000000000338,SL,1,-12.096281229837173
2021-02-17 20:45:00,2021-02-17 21:30:00,long,30266.519,30344.855130434793,30213.097179188455,30344.855130434793,44.51818400962051,1.4663695329879893,VWAP,9,-10.629911696849183
2021-02-17 22:25:00,2021-02-17 22:30:00,long,30286.469,30248.93735333979,30248.93735333979,30344.383266666675,31.27637221684528,-0.999999999999953,SL,1,-11.629911696849137
2021-02-17 22:35:00,2021-02-17 22:40:00,long,30226.319,30186.53650874706,30186.53650874706,30343.54717460318,33.15207604411655,-0.9999999999999912,SL,1,-12.629911696849128
2021-02-17 23:10:00,2021-02-17 23:20:00,long,30183.419,30138.06985834696,30138.06985834696,30340.36996525097,37.79095137753449,-1.0000000000000013,SL,2,-13.62991169684913
2021-02-18 02:15:00,2021-02-18 03:00:00,long,30196.519,30168.305853218277,30168.305853218277,30240.194119047617,23.510955651436053,-1.0000000000000078,SL,9,-14.629911696849137
2021-02-18 18:35:00,2021-02-18 18:40:00,long,30071.999,30050.169588004963,30050.169588004963,30102.53499673203,18.19117666253128,-0.9999999999999725,SL,1,-15.62991169684911
2021-02-18 18:45:00,2021-02-18 19:00:00,long,29998.319,29971.500537616525,29971.500537616525,30101.889097087384,22.348718652896743,-0.9999999999999586,SL,3,-16.629911696849067
2021-02-18 20:30:00,2021-02-18 20:35:00,long,30018.369,29969.524905406273,29969.524905406273,30099.757399412632,40.70341216143822,-0.9999999999999917,SL,1,-17.62991169684906
2021-02-18 20:50:00,2021-02-18 21:40:00,long,29941.369,29889.391949456178,29889.391949456178,30097.270673881674,43.314208786517185,-1.0000000000000064,SL,10,-18.629911696849067
2021-02-18 21:45:00,2021-02-18 21:55:00,long,29833.519,29772.57992040583,29772.57992040583,30089.7145785124,50.782566328474246,-0.9999999999999987,SL,2,-19.629911696849067
2021-02-19 01:15:00,2021-02-19 02:15:00,short,30066.319,30073.999,30109.58306948681,29989.316708333336,36.05339123900872,-0.17751450779131225,TIMEOUT,12,-19.80742620464038
2021-02-19 04:15:00,2021-02-19 04:35:00,short,30133.469,30171.392961090714,30171.392961090714,30047.228487179495,31.603300908926926,-1.0000000000000293,SL,4,-20.807426204640407
2021-02-19 04:40:00,2021-02-19 05:40:00,short,30181.469,30178.519,30217.00004061041,30057.008649122814,29.60920050867628,0.083025994998196,TIMEOUT,12,-20.724400209642212
2021-02-19 07:25:00,2021-02-19 07:35:00,short,30176.319,30197.440258803083,30197.440258803083,30095.02251851852,17.60104900257023,-0.9999999999999413,SL,2,-21.724400209642152
2021-02-19 08:15:00,2021-02-19 08:35:00,short,30206.469,30224.22164973498,30224.22164973498,30104.681300000004,14.793874779149025,-1.000000000000013,SL,4,-22.724400209642166
2021-02-19 08:45:00,2021-02-19 08:50:00,short,30236.369,30255.61276008756,30255.61276008756,30110.920194968556,16.0364667396331,-1.0000000000000187,SL,1,-23.724400209642184
2021-02-19 08:55:00,2021-02-19 09:55:00,short,30241.269,30203.419,30260.947487014273,30113.35992592593,16.398739178561314,1.9234202290320623,TIMEOUT,12,-21.800979980610123
2021-02-21 19:00:00,2021-02-21 19:05:00,short,30316.269,30354.53209039107,30354.53209039107,30247.135923076927,31.88590865922463,-0.9999999999999736,SL,1,-22.800979980610098
2021-02-21 21:30:00,2021-02-21 21:45:00,long,30235.469,30188.626787699293,30188.626787699293,30332.772410852715,39.03517691725723,-0.9999999999999774,SL,3,-23.800979980610077
2021-02-21 21:50:00,2021-02-21 22:35:00,long,30162.519,30113.909974450216,30113.909974450216,30322.31077304965,40.50752129148744,-0.9999999999999775,SL,9,-24.800979980610055
2021-02-22 00:50:00,2021-02-22 01:40:00,long,30155.469,30223.053848484844,30113.664536230925,30223.053848484844,34.837053140895726,1.6166897596911478,VWAP,10,-23.184290220918907
2021-02-22 02:10:00,2021-02-22 02:20:00,long,30145.519,30111.254243709038,30111.254243709038,30204.277395061727,28.553963575801315,-1.0000000000000238,SL,2,-24.184290220918932
2021-02-22 02:25:00,2021-02-22 03:05:00,long,30095.269,30061.642573771413,30061.642573771413,30195.54611111111,28.02202185715577,-1.000000000000022,SL,8,-25.184290220918953
2021-02-22 03:30:00,2021-02-22 03:45:00,long,30020.519,29975.82514795606,29975.82514795606,30160.537992248064,37.24487670328361,-0.999999999999989,SL,3,-26.184290220918943
2021-02-22 06:35:00,2021-02-22 07:35:00,long,30047.269,30075.369,30017.917228441762,30113.147624999994,24.459809631865866,0.9573527766200838,TIMEOUT,12,-25.22693744429886
2021-02-22 07:40:00,2021-02-22 07:45:00,long,30062.369,30040.138319564863,30040.138319564863,30107.26122222222,18.52556702928091,-0.999999999999932,SL,1,-26.22693744429879
2021-02-22 07:50:00,2021-02-22 08:15:00,long,30035.369,30011.373035747252,30011.373035747252,30105.85184210526,19.996636877288005,-1.0000000000000369,SL,5,-27.226937444298827
2021-02-22 08:20:00,2021-02-22 09:20:00,long,29992.319,29995.419,29967.467270552286,30101.46527062706,20.709774539762527,0.12473980961865047,TIMEOUT,12,-27.102197634680177
2021-02-22 10:25:00,2021-02-22 11:20:00,long,30010.269,30086.85802116401,29976.787513187577,30086.85802116401,27.901239010351595,2.2875035864773965,VWAP,11,-24.81469404820278
2021-02-22 13:00:00,2021-02-22 13:35:00,short,30125.469,30148.558277696815,30148.558277696815,30086.067450106155,19.241064747346215,-0.9999999999999347,SL,7,-25.814694048202718
2021-02-22 13:40:00,2021-02-22 14:40:00,short,30160.419,30145.369,30181.551138185736,30088.18855555555,17.61011515477747,0.712185386434946,TIMEOUT,12,-25.10250866176777
2021-02-22 15:25:00,2021-02-22 15:30:00,long,30070.269,30051.436187266914,30051.436187266914,30094.171114695324,15.694010610905865,-0.9999999999999464,SL,1,-26.102508661767718
2021-02-22 15:35:00,2021-02-22 15:50:00,long,30045.269,30024.43291146994,30024.43291146994,30093.79836170211,17.363407108383242,-1.000000000000044,SL,3,-27.10250866176776
2021-02-22 15:55:00,2021-02-22 16:00:00,long,30022.419,30000.32110900388,30000.32110900388,30092.56908680554,18.414909163435397,-1.0000000000000313,SL,1,-28.102508661767793
2021-02-22 16:05:00,2021-02-22 18:00:00,long,30007.369,29982.02163480436,29982.02163480436,30091.668312714763,21.122804329696944,-1.000000000000042,SL,3,-29.102508661767835
2021-02-22 22:25:00,2021-02-22 23:15:00,long,30027.469,30077.262786666648,29998.84965266878,30077.262786666648,23.849456109350406,1.739864508102449,VWAP,10,-27.362644153665386
2021-02-23 01:25:00,2021-02-23 02:10:00,long,30077.319,30058.229383524373,30058.229383524373,30106.866407407408,15.90801372969016,-0.9999999999999285,SL,9,-28.362644153665315
2021-02-23 03:30:00,2021-02-23 03:55:00,long,30047.319,30016.01876179758,30016.01876179758,30095.260317829463,26.083531835351792,-0.99999999999995,SL,5,-29.362644153665265
2021-02-23 04:00:00,2021-02-23 04:05:00,long,30005.519,29972.261289134207,29972.261289134207,30087.964034013617,27.71475905482909,-0.999999999999953,SL,1,-30.36264415366522
2021-02-23 04:10:00,2021-02-23 04:30:00,long,29972.419,29937.600361549394,29937.600361549394,30083.74697385622,29.015532042174065,-0.9999999999999741,SL,4,-31.362644153665194
2021-02-23 04:55:00,2021-02-23 05:10:00,long,29920.319,29885.34952899923,29885.34952899923,30064.226333333336,29.141225833972,-1.0000000000000444,SL,3,-32.36264415366524
2021-02-23 05:15:00,2021-02-23 05:35:00,long,29872.419,29836.89433253715,29836.89433253715,30054.15176041667,29.603889552376145,-0.999999999999979,SL,4,-33.362644153665215
2021-02-23 05:40:00,2021-02-23 06:40:00,long,29815.369,29910.999,29778.487219699593,30039.169531400963,30.734816917003336,2.592879172889425,TIMEOUT,12,-30.76976498077579
2021-02-23 08:15:00,2021-02-23 09:15:00,long,29917.999,29894.551314511733,29894.551314511733,29996.23150000001,19.53973790688971,-0.9999999999999668,SL,12,-31.769764980775758
2021-02-23 09:20:00,2021-02-23 09:35:00,long,29897.319,29875.550757906276,29875.550757906276,29987.546551622425,18.140201744769172,-1.000000000000024,SL,3,-32.76976498077578
2021-02-23 09:40:00,2021-02-23 09:45:00,long,29825.469,29797.233462243887,29797.233462243887,29983.86700569801,23.529614796760583,-1.0000000000000586,SL,1,-33.76976498077584
2021-02-23 11:55:00,2021-02-23 12:50:00,long,29875.469,29828.360639708793,29828.360639708793,29964.515087962973,39.25696690933946,-1.0000000000000062,SL,11,-34.76976498077585
2021-02-23 13:50:00,2021-02-23 14:25:00,long,29897.369,29952.18478842315,29859.290495278365,29952.18478842315,31.732087268027016,1.439546768547624,VWAP,7,-33.330218212228225
2021-02-23 15:00:00,2021-02-23 15:10:00,short,30010.369,30045.19840331872,30045.19840331872,29951.87684530386,29.024502765598225,-1.0000000000000444,SL,2,-34.33021821222827
2021-02-23 15:15:00,2021-02-23 16:15:00,short,30060.519,30000.469,30094.74727809447,29953.252043478256,28.523565078724168,1.7543973387812006,TIMEOUT,12,-32.575820873447064
2021-02-23 19:20:00,2021-02-23 20:05:00,long,29872.269,29960.313866979654,29815.949199666655,29960.313866979654,46.93316694445505,1.5633021860612553,VWAP,9,-31.01251868738581
2021-02-23 21:55:00,2021-02-23 22:35:00,long,29865.269,29817.9435119995,29817.9435119995,29958.60210109289,39.43790666708393,-0.9999999999999982,SL,8,-32.01251868738581
2021-02-23 23:50:00,2021-02-24 00:05:00,long,29850.519,29810.589845439798,29810.589845439798,29951.805054931334,33.27429546683497,-1.0000000000000193,SL,3,-33.01251868738583
2021-02-24 00:50:00,2021-02-24 01:05:00,long,29692.419,29646.984761008167,29646.984761008167,29771.841727272727,37.861865826530114,-0.9999999999999689,SL,3,-34.0125186873858
2021-02-24 01:10:00,2021-02-24 02:10:00,long,29622.269,29732.269,29575.030188779525,29742.291444444443,39.365676017064125,2.3285937380303405,TIMEOUT,12,-31.683924949355458
2021-02-24 07:15:00,2021-02-24 07:20:00,short,29905.319,29927.655540343534,29927.655540343534,29792.860060606057,18.613783619612022,-1.0000000000000069,SL,1,-32.683924949355465
2021-02-24 07:25:00,2021-02-24 08:25:00,short,29935.319,29912.369,29957.970772030905,29795.816222222224,18.87647669242056,1.0131657677240073,TIMEOUT,12,-31.670759181631457
2021-02-24 10:55:00,2021-02-24 11:10:00,short,29935.319,29974.393220979975,29974.393220979975,29820.37089393941,32.561850816646526,-0.9999999999999918,SL,3,-32.670759181631446
2021-02-24 11:15:00,2021-02-24 11:25:00,short,29982.319,30018.845969528556,30018.845969528556,29824.508730392172,30.43914127379858,-0.999999999999963,SL,2,-33.67075918163141
2021-02-24 12:20:00,2021-02-24 13:15:00,short,30030.369,30062.213075245167,30062.213075245167,29840.01660626399,26.536729370972825,-1.0000000000000164,SL,11,-34.670759181631425
2021-02-25 01:05:00,2021-02-25 02:05:00,short,30205.999,30183.469,30236.972207462582,30136.80257142857,25.811006218819415,0.7274028699551331,TIMEOUT,12,-33.94335631167629
2021-02-25 03:05:00,2021-02-25 03:10:00,short,30208.519,30165.18698245614,30232.286857361978,30165.18698245614,19.80654780164894,1.8231352066753057,VWAP,1,-32.12022110500099
2021-02-25 06:40:00,2021-02-25 06:50:00,long,30123.469,30100.74995742909,30100.74995742909,30160.02813580248,18.93253547576046,-0.999999999999988,SL,2,-33.12022110500097
2021-02-25 06:55:00,2021-02-25 07:55:00,long,30098.419,30098.369,30075.280725754998,30158.207809523818,19.281895204171168,-0.0021609217469493566,TIMEOUT,12,-33.12238202674792
2021-02-25 09:10:00,2021-02-25 09:35:00,long,30090.419,30144.887288288286,30068.877050956646,30144.887288288286,17.951624202796985,2.5284754029757863,VWAP,5,-30.593906623772135
2021-02-25 10:05:00,2021-02-25 10:10:00,long,30083.469,30058.391261867855,30058.391261867855,30142.623699453547,20.898115110121093,-1.0000000000000233,SL,1,-31.59390662377216
2021-02-25 10:35:00,2021-02-25 10:40:00,long,30015.519,29981.370244114714,29981.370244114714,30139.158197916662,28.457296571072884,-0.9999999999999555,SL,1,-32.593906623772114
2021-02-25 10:45:00,2021-02-25 10:50:00,long,29983.999,29948.576756405033,29948.576756405033,30136.90331282051,29.51853632913948,-0.9999999999999853,SL,1,-33.5939066237721
2021-02-26 06:40:00,2021-02-26 06:50:00,long,29248.999,29206.449647157628,29206.449647157628,29305.88196296296,35.45779403530877,-1.0000000000000386,SL,2,-34.593906623772135
2021-02-26 07:40:00,2021-02-26 08:00:00,short,29403.369,29306.916204301073,29451.326721405272,29306.916204301073,39.96476783772694,2.0112047210049933,VWAP,4,-32.58270190276714
2021-02-26 08:40:00,2021-02-26 09:40:00,short,29426.319,29418.369,29476.727072601512,29312.297349206354,42.00672716792714,0.1577128342685766,TIMEOUT,12,-32.42498906849856
2021-02-26 10:20:00,2021-02-26 10:30:00,long,29221.519,29162.552962391273,29162.552962391273,29322.201266666674,49.13836467394022,-0.9999999999999747,SL,2,-33.42498906849853
2021-02-26 13:25:00,2021-02-26 13:50:00,short,29428.999,29329.616304526768,29474.646852060203,29329.616304526768,38.0398767168356,2.177160391734559,VWAP,5,-31.247828676763973
2021-02-26 16:05:00,2021-02-28 18:00:00,long,29238.519,29334.04850171823,29180.247873613538,29334.04850171823,48.55927198871765,1.6393968615719836,VWAP,3,-29.608431815191988
2021-02-28 18:40:00,2021-02-28 18:45:00,short,29551.369,29611.812846518827,29611.812846518827,29433.318629629626,50.36987209902363,-1.0000000000000049,SL,1,-30.60843181519199
2021-03-01 00:50:00,2021-03-01 00:55:00,short,29646.369,29676.885509042455,29676.885509042455,29594.87263636363,25.43042420204544,-1.0000000000000537,SL,1,-31.608431815192045
2021-03-01 03:50:00,2021-03-01 04:50:00,long,29531.269,29571.419,29495.490800624902,29599.687581560283,29.815166145914326,1.122191745287975,TIMEOUT,12,-30.48624006990407
2021-03-01 05:10:00,2021-03-01 06:10:00,long,29531.319,29536.999,29503.440853876837,29584.757783068784,23.231788435967754,0.20374382051471202,TIMEOUT,12,-30.282496249389357
2021-03-01 06:15:00,2021-03-01 06:25:00,long,29531.269,29509.664923435077,29509.664923435077,29578.835842105254,18.003397137434803,-1.0000000000000648,SL,2,-31.28249624938942
2021-03-01 06:30:00,2021-03-01 07:30:00,long,29496.519,29511.369,29475.263141321746,29576.246679324882,17.713215565212924,0.6986309151175304,TIMEOUT,12,-30.58386533427189
2021-03-01 07:35:00,2021-03-01 08:05:00,long,29506.419,29566.91671739129,29485.455537638005,29566.91671739129,17.46955196833094,2.885864765400567,VWAP,6,-27.698000568871326
2021-03-01 08:25:00,2021-03-01 09:05:00,long,29531.319,29564.523542483643,29511.323567263433,29564.523542483643,16.662860613805908,1.6606063455140818,VWAP,8,-26.037394223357243
2021-03-01 09:35:00,2021-03-01 09:45:00,short,29606.419,29630.37748818119,29630.37748818119,29563.191155172393,19.965406817659275,-0.9999999999999425,SL,2,-27.037394223357186
2021-03-01 10:20:00,2021-03-01 11:00:00,short,29736.369,29770.896303150825,29770.896303150825,29568.32310666665,28.772752625688632,-0.9999999999999868,SL,8,-28.037394223357172
2021-03-02 04:05:00,2021-03-02 04:15:00,long,29386.369,29341.27278074765,29341.27278074765,29455.775600000008,37.58018271029016,-0.9999999999999849,SL,2,-29.037394223357158
2021-03-02 06:40:00,2021-03-02 07:40:00,short,29571.999,29586.369,29605.29360054641,29462.971469135817,27.745500455343347,-0.43160151388413526,TIMEOUT,12,-29.468995737241293
2021-03-02 09:05:00,2021-03-02 09:25:00,short,29586.419,29613.95285032407,29613.95285032407,29489.398424242434,22.94487527005567,-1.0000000000000187,SL,4,-30.46899573724131
2021-03-02 12:40:00,2021-03-02 13:15:00,short,29586.519,29620.322925765282,29620.322925765282,29502.32468627451,28.169938137734892,-0.9999999999999964,SL,7,-31.468995737241308
2021-03-02 15:05:00,2021-03-02 15:40:00,short,29601.319,29516.030300366278,29627.133775458427,29516.030300366278,21.512312882023995,3.3038714503276587,VWAP,7,-28.16512428691365
2021-03-02 18:50:00,2021-03-02 19:00:00,short,29581.999,29518.663830917856,29611.619626467713,29518.663830917856,24.683855389759778,2.138211666494726,VWAP,2,-26.026912620418923
2021-03-02 19:05:00,2021-03-02 19:10:00,long,29456.269,29518.51069841268,29413.98606838573,29518.51069841268,35.235776345226824,1.472028926009244,VWAP,1,-24.55488369440968
2021-03-02 19:35:00,2021-03-02 19:45:00,long,29408.999,29353.540100976454,29353.540100976454,29517.205049382694,46.21574918628824,-1.000000000000004,SL,2,-25.554883694409682
2021-03-02 23:25:00,2021-03-03 00:05:00,long,29451.419,29505.155081424917,29422.934498048227,29505.155081424917,23.73708495981075,1.8865024045670717,VWAP,8,-23.66838128984261
2021-03-03 02:20:00,2021-03-03 02:30:00,short,29646.999,29675.479784661005,29675.479784661005,29566.258310344823,23.73398721750356,-1.0000000000000466,SL,2,-24.668381289842657
2021-03-03 08:10:00,2021-03-03 08:35:00,long,29633.519,29611.406842557943,29611.406842557943,29669.215868686882,18.42679786838115,-1.0000000000000122,SL,5,-25.668381289842667
2021-03-04 08:25:00,2021-03-04 08:45:00,short,29093.469,29125.792901388875,29125.792901388875,29004.842594771246,26.936584490728322,-1.0000000000000073,SL,4,-26.668381289842674
2021-03-04 09:35:00,2021-03-04 10:05:00,short,29171.419,29016.981528735632,29209.04362178292,29016.981528735632,31.353851485764785,4.104691660568048,VWAP,6,-22.563689629274627
2021-03-04 10:45:00,2021-03-04 11:05:00,short,29166.319,29218.29303764966,29218.29303764966,29024.376846153853,43.31169804138344,-0.999999999999984,SL,4,-23.563689629274613
2021-03-04 12:55:00,2021-03-04 13:50:00,long,28951.319,28877.72984213135,28877.72984213135,29050.249769230766,61.32429822387364,-1.000000000000017,SL,11,-24.56368962927463
2021-03-04 18:10:00,2021-03-04 18:30:00,long,28893.269,28836.434824202992,28836.434824202992,29023.33878224454,47.36181316417299,-1.0000000000000135,SL,4,-25.563689629274645
2021-03-05 03:10:00,2021-03-05 03:45:00,long,28656.519,28731.34481196582,28606.289037139974,28731.34481196582,41.85830238335628,1.489664887356823,VWAP,7,-24.07402474191782
2021-03-05 06:30:00,2021-03-05 06:55:00,short,28841.369,28873.963697793806,28873.963697793806,28737.281742616033,27.162248161505055,-1.0000000000000417,SL,5,-25.074024741917864
2021-03-05 07:00:00,2021-03-05 08:00:00,short,28886.469,28876.469,28919.05569865599,28745.49531372549,27.155582213324294,0.3068736758383497,TIMEOUT,12,-24.767151066079514
2021-03-05 08:55:00,2021-03-05 09:15:00,short,29023.999,29078.322139521184,29078.322139521184,28772.738783950612,45.26928293432047,-0.9999999999999933,SL,4,-25.767151066079506
2021-03-05 11:15:00,2021-03-05 11:30:00,long,28681.999,28612.94834121783,28612.94834121783,28796.426745098037,57.54221565180687,-1.0000000000000138,SL,3,-26.76715106607952
2021-03-05 13:40:00,2021-03-05 14:40:00,short,29016.269,29051.519,29072.423576439214,28801.655747474746,46.7954803660128,-0.6277315623270071,TIMEOUT,12,-27.394882628406528
2021-03-05 15:05:00,2021-03-05 15:40:00,short,29136.999,29182.20827378512,29182.20827378512,28821.870428571416,37.67439482093449,-0.9999999999999667,SL,7,-28.394882628406496
2021-03-07 22:10:00,2021-03-07 22:30:00,long,28878.999,28814.896093296025,28814.896093296025,29147.14331372549,53.41908891997791,-1.0000000000000149,SL,4,-29.39488262840651
2021-03-08 08:20:00,2021-03-08 08:45:00,short,28821.419,28861.13775210901,28861.13775210901,28715.181145214527,33.098960090840336,-1.000000000000017,SL,5,-30.394882628406528
2021-03-08 09:00:00,2021-03-08 09:40:00,short,28881.269,28919.36783888892,28919.36783888892,28724.658571865453,31.74903240743468,-0.9999999999999577,SL,8,-31.394882628406485
2021-03-08 19:00:00,2021-03-08 19:10:00,long,28731.319,28676.437608071144,28676.437608071144,28833.785060606064,45.734493274045604,-1.000000000000005,SL,2,-32.39488262840649
2021-03-08 22:35:00,2021-03-08 23:35:00,short,29006.519,28933.369,29073.591630042392,28824.208153439147,55.89385836866014,1.0906087916005112,TIMEOUT,12,-31.30427383680598
2021-03-09 02:45:00,2021-03-09 03:05:00,long,28943.469,28999.725372549015,28905.323420148085,28999.725372549015,31.787983209929116,1.4747808990558673,VWAP,4,-29.82949293775011
2021-03-09 04:10:00,2021-03-09 04:35:00,short,29066.319,29102.652171910187,29102.652171910187,29003.23462091503,30.277643258489064,-1.0000000000000298,SL,5,-30.82949293775014
2021-03-09 04:40:00,2021-03-09 05:05:00,short,29146.269,29179.629545561726,29179.629545561726,29012.62601754386,27.800454634769753,-1.000000000000048,SL,5,-31.82949293775019
2021-03-09 12:10:00,2021-03-09 13:10:00,short,29246.519,29266.519,29276.975457121112,29113.092764172347,25.380380934260018,-0.6566751976590297,TIMEOUT,12,-32.486168135409216
2021-03-09 19:35:00,2021-03-09 20:35:00,long,28983.369,28993.369,28927.074333870587,29150.333290123435,46.912221774509916,0.17763672275827508,TIMEOUT,12,-32.30853141265094
2021-03-09 22:40:00,2021-03-09 22:55:00,long,29071.369,29027.36340024465,29027.36340024465,29136.084757575733,36.67133312945838,-0.9999999999999982,SL,3,-33.30853141265094
2021-03-09 23:05:00,2021-03-09 23:45:00,long,29009.269,29134.25548578809,28968.540812619067,29134.25548578809,33.940156150777845,3.0687956873475004,VWAP,8,-30.239735725303444
2021-03-10 03:05:00,2021-03-10 03:10:00,long,28971.999,29014.398912280692,28945.263096958824,29014.398912280692,22.279919200980817,1.585879190816594,VWAP,1,-28.65385653448685
2021-03-10 03:45:00,2021-03-10 04:15:00,short,29079.269,29107.72800925065,29107.72800925065,29019.974072463763,23.71584104220924,-1.0000000000000122,SL,6,-29.65385653448686
2021-03-10 08:35:00,2021-03-10 09:00:00,short,29106.319,29131.937374422243,29131.937374422243,29051.52342307692,21.348645351868733,-1.00000000000004,SL,5,-30.6538565344869
2021-03-10 09:05:00,2021-03-10 09:50:00,short,29131.369,29159.56499897134,29159.56499897134,29054.74354545455,23.4966658094482,-1.0000000000000615,SL,9,-31.65385653448696
2021-03-10 09:55:00,2021-03-10 10:55:00,short,29179.419,29134.419,29209.534267496903,29061.374638888894,25.096056247418456,1.4942586847229231,TIMEOUT,12,-30.159597849764037
2021-03-10 18:05:00,2021-03-10 18:45:00,short,29161.269,29094.926996633007,29187.453899941327,29094.926996633007,21.820749951106034,2.533597742043955,VWAP,8,-27.62600010772008
2021-03-10 18:55:00,2021-03-10 19:05:00,long,29051.519,29096.177750000006,29021.285462002437,29096.177750000006,25.19461499796813,1.4771261637856463,VWAP,2,-26.148873943934436
2021-03-11 00:50:00,2021-03-11 01:00:00,short,29250.319,29193.361424242426,29279.583765548712,29193.361424242426,24.38730462392783,1.9462850526775253,VWAP,2,-24.202588891256912
2021-03-11 01:50:00,2021-03-11 02:20:00,short,29280.319,29307.81270947381,29307.81270947381,29216.539579710137,22.911424561506315,-1.0000000000000462,SL,6,-25.20258889125696
2021-03-11 02:25:00,2021-03-11 02:35:00,short,29310.319,29335.49362453063,29335.49362453063,29235.146666666664,20.978853775526986,-0.9999999999999556,SL,2,-26.202588891256916
2021-03-11 02:40:00,2021-03-11 03:40:00,short,29335.999,29315.369,29361.500789392783,29243.41556565656,21.251491160653238,0.8089628410874803,TIMEOUT,12,-25.393626050169434
2021-03-11 14:45:00,2021-03-11 14:50:00,long,29285.419,29269.582863847365,29269.582863847365,29308.205704119853,13.196780127198696,-0.9999999999998939,SL,1,-26.393626050169328
2021-03-11 14:55:00,2021-03-11 15:55:00,long,29260.419,29280.469,29243.419249950024,29307.78109259259,14.166458374982415,1.1794291057840678,TIMEOUT,12,-25.21419694438526
2021-03-11 18:05:00,2021-03-11 18:15:00,short,29382.419,29405.253672687344,29405.253672687344,29305.325363636366,19.028893906117844,-1.0000000000000429,SL,2,-26.214196944385304
2021-03-11 19:35:00,2021-03-11 19:45:00,long,29227.269,29309.15677777778,29165.970891297893,29309.15677777778,51.08175725175646,1.3358940350954454,VWAP,2,-24.878302909289857
2021-03-11 21:15:00,2021-03-11 22:15:00,short,29530.319,29525.519,29584.45950659518,29313.696655367232,45.11708882931789,0.0886582025522915,TIMEOUT,12,-24.789644706737565
2021-03-12 06:30:00,2021-03-12 07:30:00,long,29557.269,29572.469,29534.432618623145,29631.013683544323,19.030317814047653,0.6656045784646377,TIMEOUT,12,-24.124040128272927
2021-03-12 09:05:00,2021-03-12 09:35:00,long,29592.269,29620.30624242426,29571.51333658346,29620.30624242426,17.296386180450725,1.350823717921529,VWAP,6,-22.7732164103514
2021-03-12 15:25:00,2021-03-12 15:50:00,short,29705.319,29719.045045147144,29719.045045147144,29624.915630824387,11.438370955952749,-1.0000000000001066,SL,5,-23.773216410351505
2021-03-15 01:20:00,2021-03-15 02:20:00,long,29704.319,29699.269,29665.930710242144,29759.06154901961,31.99024146488066,-0.13155053355732546,TIMEOUT,12,-23.904766943908832
2021-03-15 04:20:00,2021-03-15 05:20:00,short,29784.519,29772.519,29808.261874065345,29739.946358490568,19.785728387786964,0.5054148022254591,TIMEOUT,12,-23.399352141683373
2021-03-15 06:25:00,2021-03-15 07:25:00,long,29717.469,29707.469,29697.690098873794,29750.644769230756,16.4824176051717,-0.5055892608083523,TIMEOUT,12,-23.904941402491726
2021-03-15 08:50:00,2021-03-15 09:00:00,long,29722.469,29743.65149221183,29705.72520583834,29743.65149221183,13.953161801386987,1.2650951156773478,VWAP,2,-22.63984628681438
2021-03-15 10:25:00,2021-03-15 10:30:00,long,29707.319,29688.357049446146,29688.357049446146,29740.658523809518,15.801625461545692,-0.9999999999999545,SL,1,-23.639846286814333
2021-03-15 10:35:00,2021-03-15 10:40:00,long,29612.519,29587.437930389788,29587.437930389788,29739.305692708323,20.90089134184302,-1.0000000000000382,SL,1,-24.63984628681437
2021-03-15 13:25:00,2021-03-15 14:10:00,short,29757.999,29730.61154658385,29773.510662123925,29730.61154658385,12.926385103269979,1.7656040466425023,VWAP,9,-22.87424224017187
2021-03-15 14:50:00,2021-03-15 14:55:00,short,29777.419,29792.828868297027,29792.828868297027,29732.30561048689,12.841556914186334,-1.0000000000001066,SL,1,-23.874242240171977
2021-03-15 15:00:00,2021-03-15 17:00:00,short,29812.469,29829.52273337856,29829.52273337856,29733.07572222222,14.211444482130023,-1.0000000000001044,SL,4,-24.87424224017208
2021-03-15 17:05:00,2021-03-15 18:15:00,short,29847.319,29839.469,29864.234160356034,29735.388117117112,14.0959669633626,0.46408073200427935,TIMEOUT,12,-24.4101615081678
2021-03-15 20:10:00,2021-03-15 20:15:00,short,29924.469,29965.787796126035,29965.787796126035,29749.75874242424,34.43233010502793,-1.0000000000000047,SL,1,-25.410161508167803
2021-03-15 20:20:00,2021-03-15 20:55:00,short,29972.369,30014.27755380255,30014.27755380255,29751.709885885884,34.92379483545791,-1.000000000000016,SL,7,-26.410161508167818
2021-03-16 02:50:00,2021-03-16 03:10:00,long,29887.999,29866.110372060182,29866.110372060182,29917.77557142857,18.240523283182497,-0.9999999999999328,SL,4,-27.41016150816775
2021-03-16 04:35:00,2021-03-16 04:40:00,long,29869.369,29849.86592513236,29849.86592513236,29902.46977380952,16.252562389700184,-0.9999999999999863,SL,1,-28.410161508167736
2021-03-16 04:45:00,2021-03-16 05:45:00,long,29852.519,29877.319,29832.79306299678,29900.846816091955,16.438280836016965,1.2572279834387867,TIMEOUT,12,-27.15293352472895
2021-03-16 07:00:00,2021-03-16 07:10:00,short,29932.319,29946.67437957458,29946.67437957458,29897.20285098039,11.962816312148279,-1.0000000000000933,SL,2,-28.152933524729043
2021-03-16 09:30:00,2021-03-16 10:00:00,short,29932.369,29900.83987536231,29950.96218315781,29900.83987536231,15.494319298176372,1.695735709699652,VWAP,6,-26.457197815029392
2021-03-16 13:20:00,2021-03-16 13:30:00,long,29882.319,29865.18787689359,29865.18787689359,29906.331530020692,14.275935922008681,-0.9999999999999807,SL,2,-27.457197815029375
2021-03-16 13:45:00,2021-03-16 14:45:00,long,29832.419,29887.519,29812.92769955311,29904.826172690755,16.242750372408715,2.826902194142152,TIMEOUT,12,-24.63029562088722
2021-03-16 14:55:00,2021-03-16 17:05:00,long,29862.469,29840.824738446012,29840.824738446012,29902.301225925927,18.036884628325467,-0.9999999999999304,SL,6,-25.63029562088715
2021-03-16 17:35:00,2021-03-16 18:00:00,long,29827.469,29808.608101768885,29808.608101768885,29899.23821815009,15.717415192595967,-1.0000000000000528,SL,2,-26.630295620887203
2021-03-16 22:40:00,2021-03-16 23:40:00,long,29842.319,29877.319,29809.74530395866,29899.2408099063,27.144746701114745,1.0744866027970301,TIMEOUT,12,-25.555809018090173
2021-03-17 05:40:00,2021-03-17 06:05:00,short,29912.999,29890.981898550715,29924.965625839704,29890.981898550715,9.972188199753449,1.839875479037183,VWAP,5,-23.71593353905299
2021-03-17 06:20:00,2021-03-17 06:35:00,long,29867.419,29853.91919389884,29853.91919389884,29891.639779220775,11.249838417633823,-1.0000000000000369,SL,3,-24.715933539053026
2021-03-17 06:40:00,2021-03-17 07:00:00,long,29852.319,29837.486481620803,29837.486481620803,29890.00113991769,12.36043198266457,-0.999999999999947,SL,4,-25.715933539052973
2021-03-17 08:05:00,2021-03-17 08:45:00,long,29859.519,29885.073013605444,29845.83027257579,29885.073013605444,11.407272853507695,1.8667924938187153,VWAP,8,-23.84914104523426
2021-03-17 09:30:00,2021-03-17 09:45:00,long,29857.999,29841.38910732485,29841.38910732485,29882.874339130434,13.841577229291122,-1.000000000000103,SL,3,-24.84914104523436
2021-03-17 11:40:00,2021-03-17 12:40:00,long,29857.999,29872.319,29840.872937288914,29880.380281323876,14.271718925905459,0.8361524911811553,TIMEOUT,12,-24.012988554053205
2021-03-17 12:55:00,2021-03-17 13:00:00,long,29857.999,29878.84030769231,29842.252828551955,29878.84030769231,13.121809540038774,1.3235793704567695,VWAP,1,-22.689409183596435
2021-03-17 13:10:00,2021-03-17 13:40:00,short,29967.369,29992.948187562448,29992.948187562448,29879.60311320755,21.315989635373523,-1.0000000000000333,SL,6,-23.689409183596467
2021-03-18 02:40:00,2021-03-18 03:40:00,long,30184.319,30152.29481291977,30152.29481291977,30226.57001010101,26.686822566858964,-1.0000000000000095,SL,12,-24.689409183596478
2021-03-18 03:45:00,2021-03-18 03:55:00,long,30104.369,30069.969814933636,30069.969814933636,30213.03965217391,28.665987555303257,-0.9999999999999564,SL,2,-25.689409183596435
2021-03-18 06:15:00,2021-03-18 06:35:00,long,30129.269,30109.28798317058,30109.28798317058,30182.978473684216,16.650847357851738,-0.9999999999999305,SL,4,-26.689409183596364
2021-03-18 06:40:00,2021-03-18 07:40:00,long,30109.319,30109.999,30087.21935037922,30179.493814814825,18.41637468398361,0.030769718600465328,TIMEOUT,12,-26.6586394649959
2021-03-18 12:00:00,2021-03-18 12:40:00,long,30109.369,30161.933896551716,30083.784275379563,30161.933896551716,21.32060385036373,2.0545422056147493,VWAP,8,-24.604097259381152
2021-03-18 13:15:00,2021-03-18 13:30:00,long,30116.319,30090.272726729945,30090.272726729945,30160.872125000005,21.705227725046,-0.9999999999999682,SL,3,-25.60409725938112
2021-03-18 13:35:00,2021-03-18 13:40:00,long,30041.519,30012.07845129982,30012.07845129982,30159.14036178862,24.53379058348189,-1.0000000000000122,SL,1,-26.60409725938113
2021-03-18 14:45:00,2021-03-18 17:25:00,long,29939.319,29974.369,29897.656051881815,30147.969636704125,34.71912343182057,0.8412750797320786,TIMEOUT,12,-25.762822179649053
2021-03-19 04:30:00,2021-03-19 04:40:00,long,29696.319,29737.374454545454,29664.987180928543,29737.374454545454,26.109849226212525,1.3103437898649808,VWAP,2,-24.452478389784073
2021-03-19 05:15:00,2021-03-19 06:10:00,long,29676.519,29645.565942619272,29645.565942619272,29734.979885416673,25.794214483940827,-0.9999999999999628,SL,11,-25.452478389784037
2021-03-22 01:15:00,2021-03-22 02:15:00,long,29108.419,29061.314505346145,29061.314505346145,29191.168583333332,39.253745544881326,-0.9999999999999836,SL,12,-26.45247838978402
2021-03-22 08:15:00,2021-03-22 08:50:00,short,29116.319,29134.643844211998,29134.643844211998,29080.480966666662,15.270703509999043,-0.9999999999999767,SL,7,-27.452478389783995
2021-03-22 08:55:00,2021-03-22 09:45:00,short,29216.369,29244.656691372107,29244.656691372107,29083.62251851852,23.573076143423222,-1.0000000000000184,SL,10,-28.452478389784012
2021-03-22 09:50:00,2021-03-22 10:50:00,short,29256.369,29256.519,29289.544550768485,29095.348271708684,27.646292307073494,-0.004521401951943862,TIMEOUT,12,-28.456999791735957
2021-03-22 22:15:00,2021-03-22 22:55:00,long,29141.419,29097.14883926076,29097.14883926076,29203.099322580645,36.89180061603407,-1.000000000000002,SL,8,-29.45699979173596
2021-03-23 10:15:00,2021-03-23 11:15:00,short,29081.519,29071.469,29116.295608454187,28989.490881720445,28.980507045155306,0.2889873523244463,TIMEOUT,12,-29.168012439411513
2021-03-23 12:00:00,2021-03-23 13:00:00,short,29081.369,28999.83881609197,29112.94304161817,28999.83881609197,26.311701348478564,2.5821902971426405,VWAP,12,-26.58582214226887
2021-03-23 13:40:00,2021-03-23 13:55:00,long,28951.419,28924.70483880374,28924.70483880374,29003.937141414146,22.26180099688431,-1.0000000000000144,SL,3,-27.585822142268885
2021-03-23 14:00:00,2021-03-23 14:25:00,long,28896.469,28869.268348346355,28869.268348346355,29002.175646942796,22.667209711370464,-1.0000000000000444,SL,5,-28.58582214226893
2021-03-24 06:15:00,2021-03-24 07:15:00,short,28551.469,28521.319,28582.37891836586,28449.797464912284,25.758265304881405,0.9754150639654999,TIMEOUT,12,-27.61040707830343
2021-03-24 08:35:00,2021-03-24 08:40:00,short,28561.269,28583.3942453126,28583.3942453126,28469.926852564095,18.437704427167024,-0.9999999999999749,SL,1,-28.610407078303407
2021-03-24 08:45:00,2021-03-24 09:45:00,short,28591.369,28591.469,28615.39791049913,28471.982364779866,20.024092082608412,-0.0041616535217359535,TIMEOUT,12,-28.61456873182514
2021-03-24 09:50:00,2021-03-24 09:55:00,short,28606.419,28639.829810874147,28639.829810874147,28481.705610644247,27.842342395121555,-0.9999999999999944,SL,1,-29.614568731825134
2021-03-24 10:00:00,2021-03-24 10:10:00,short,28631.269,28665.07572978434,28665.07572978434,28484.11426170798,28.172274820283327,-1.0000000000000255,SL,2,-30.61456873182516
2021-03-24 11:10:00,2021-03-24 12:10:00,short,28668.319,28616.419,28699.066541658238,28500.371641975296,25.622951381864144,1.6879398222099589,TIMEOUT,12,-28.9266289096152
2021-03-24 12:40:00,2021-03-24 13:40:00,short,28648.369,28556.419,28680.558023673195,28516.797409586048,26.824186394330617,2.8565638067662897,TIMEOUT,12,-26.07006510284891
2021-03-24 15:00:00,2021-03-24 17:40:00,long,28471.319,28501.469,28432.63669441567,28526.815187845303,32.23525465360903,0.7794261366937344,TIMEOUT,12,-25.29063896615518
2021-03-24 18:30:00,2021-03-24 18:35:00,long,28483.999,28461.789503704073,28461.789503704073,28523.18526865671,18.507913579938975,-1.000000000000021,SL,1,-26.2906389661552
2021-03-24 21:20:00,2021-03-24 22:20:00,short,28738.519,28631.519,28805.227726412457,28525.306602836878,55.59060534371309,1.6039880500554902,TIMEOUT,12,-24.68665091609971
2021-03-25 03:20:00,2021-03-25 03:30:00,short,28851.269,28893.35018517346,28893.35018517346,28767.313065040646,35.06765431121667,-1.000000000000037,SL,2,-25.686650916099744
2021-03-25 03:35:00,2021-03-25 04:35:00,short,28931.469,28896.269,28977.529467866654,28775.799151515148,38.38372322220965,0.7642128191556216,TIMEOUT,12,-24.922438096944123
2021-03-25 05:50:00,2021-03-25 06:30:00,short,28931.999,28827.681394366202,28957.96519145582,28827.681394366202,21.638492879851366,4.017439592990826,VWAP,8,-20.904998503953298
2021-03-25 06:35:00,2021-03-25 06:40:00,long,28791.319,28760.744043780312,28760.744043780312,28833.99654166667,25.479130183073792,-0.9999999999999497,SL,1,-21.904998503953248
2021-03-25 06:55:00,2021-03-25 07:45:00,long,28721.269,28687.138659189128,28687.138659189128,28830.05888095238,28.441950675727792,-0.9999999999999734,SL,10,-22.904998503953223
2021-03-25 09:50:00,2021-03-25 10:50:00,long,28693.369,28773.999,28646.54457051282,28799.57871988795,39.02035790598297,1.7219643866045897,TIMEOUT,12,-21.183034117348633
2021-03-25 11:20:00,2021-03-25 11:45:00,short,28883.269,28927.36253093591,28927.36253093591,28795.44026520681,36.74460911325768,-0.9999999999999803,SL,5,-22.183034117348612
2021-03-25 12:15:00,2021-03-25 13:15:00,short,28996.319,28931.269,29036.275269507038,28805.63816666667,33.2968912558641,1.628029863712451,TIMEOUT,12,-20.55500425363616
2021-03-28 23:15:00,2021-03-28 23:35:00,long,29421.469,29471.217176100636,29382.298268038205,29471.217176100636,32.642276634830374,1.2700343753891186,VWAP,4,-19.28496987824704
2021-03-29 01:10:00,2021-03-29 01:15:00,long,29423.469,29382.80480024993,29382.80480024993,29511.248111111112,33.886833125059034,-0.999999999999982,SL,1,-20.284969878247022
2021-03-29 01:20:00,2021-03-29 02:20:00,long,29231.999,29323.419,29168.788480827745,29484.082725490196,52.675432643545676,1.446278265028539,TIMEOUT,12,-18.838691613218483
2021-03-29 09:35:00,2021-03-29 09:40:00,short,29448.519,29469.152273816115,29469.152273816115,29399.15037931035,17.194394846762783,-0.9999999999999606,SL,1,-19.838691613218444
2021-03-29 12:40:00,2021-03-29 12:45:00,short,29473.419,29503.18404905002,29503.18404905002,29403.025928104587,24.804207541682484,-1.000000000000035,SL,1,-20.83869161321848
2021-03-29 12:50:00,2021-03-29 12:55:00,short,29496.419,29526.49841474211,29526.49841474211,29404.212913978503,25.066178951756736,-0.9999999999999798,SL,1,-21.838691613218458
2021-03-29 13:00:00,2021-03-29 13:35:00,short,29526.419,29557.927903527634,29557.927903527634,29405.66878768578,26.257419606361548,-0.9999999999999524,SL,7,-22.838691613218412
2021-03-29 19:30:00,2021-03-29 19:40:00,long,29392.419,29427.8190157978,29364.704087651553,29427.8190157978,23.09576029037521,1.2772912774438767,VWAP,2,-21.561400335774536
2021-03-30 01:10:00,2021-03-30 01:30:00,long,29361.269,29398.45655555556,29332.831468940705,29398.45655555556,23.697942549413717,1.3076928330387843,VWAP,4,-20.25370750273575
2021-03-30 02:20:00,2021-03-30 03:20:00,short,29479.519,29484.419,29511.696964308027,29408.332333333336,26.814970256688877,-0.1522781227891154,TIMEOUT,12,-20.405985625524867
2021-03-30 03:25:00,2021-03-30 03:30:00,short,29484.519,29510.672948532516,29510.672948532516,29427.48320634921,21.79495711042894,-1.000000000000035,SL,1,-21.405985625524902
2021-03-30 03:35:00,2021-03-30 04:35:00,short,29524.319,29484.269,29553.752353581607,29431.1461969697,24.527794651339345,1.3607012156788807,TIMEOUT,12,-20.045284409846023
2021-03-30 07:15:00,2021-03-30 07:50:00,long,29419.469,29400.99438551693,29400.99438551693,29454.176196969693,15.39551206922621,-1.0000000000000022,SL,7,-21.045284409846026
2021-03-30 08:35:00,2021-03-30 08:45:00,long,29404.469,29388.017124516038,29388.017124516038,29448.60069871795,13.709896236635725,-0.9999999999999954,SL,2,-22.045284409846023
2021-03-30 11:55:00,2021-03-30 12:55:00,long,29359.999,29364.999,29331.17885149608,29429.363212962966,24.016790419935052,0.1734897375466182,TIMEOUT,12,-21.871794672299405
2021-03-30 14:00:00,2021-03-30 15:00:00,long,29364.369,29399.319,29342.810552417886,29420.206218934916,17.965372985092316,1.6211742458210339,TIMEOUT,12,-20.25062042647837
2021-03-30 15:40:00,2021-03-30 15:50:00,long,29391.469,29370.89393266732,29370.89393266732,29417.718717813033,17.145889443901435,-0.9999999999999256,SL,2,-21.250620426478296
2021-03-30 15:55:00,2021-03-30 18:00:00,long,29344.999,29322.49649893225,29322.49649893225,29416.943878472204,18.752084223123706,-1.0000000000000293,SL,5,-22.250620426478324
2021-03-30 18:05:00,2021-03-30 19:10:00,long,29299.519,29324.319,29273.5210280309,29414.963932659914,21.66497664091536,0.9539205607836225,TIMEOUT,12,-21.296699865694702
2021-03-30 19:50:00,2021-03-30 19:55:00,long,29306.319,29277.82614014841,29277.82614014841,29406.480513761435,23.744049876324425,-1.000000000000051,SL,1,-22.29669986569475
2021-03-30 20:00:00,2021-03-30 20:05:00,long,29249.319,29215.3461769647,29215.3461769647,29405.190181818147,28.31068586274922,-1.000000000000009,SL,1,-23.296699865694762
2021-03-30 20:10:00,2021-03-30 20:15:00,long,29214.269,29173.768045444052,29173.768045444052,29403.44314414411,33.75079546328882,-1.0000000000000309,SL,1,-24.296699865694794
2021-03-30 21:30:00,2021-03-30 22:05:00,long,29244.269,29194.96441447996,29194.96441447996,29395.035064425738,41.08715460003246,-1.0000000000000178,SL,7,-25.296699865694812
2021-03-31 00:55:00,2021-03-31 01:15:00,long,29184.319,29228.985111111106,29154.441132081494,29228.985111111106,24.898223265421446,1.4949564417694234,VWAP,4,-23.801743423925387
2021-03-31 04:35:00,2021-03-31 05:35:00,long,29191.519,29216.269,29165.99399679848,29224.662749999992,21.270836001267803,0.9696374885674777,TIMEOUT,12,-22.83210593535791
2021-03-31 07:50:00,2021-03-31 08:10:00,short,29264.369,29279.085156141424,29279.085156141424,29224.16710526317,12.263463451188603,-0.9999999999999113,SL,4,-23.83210593535782
2021-03-31 09:30:00,2021-03-31 09:35:00,short,29296.999,29312.414095656186,29312.414095656186,29231.60007246378,12.845913046820629,-1.0000000000000917,SL,1,-24.832105935357912
2021-03-31 10:05:00,2021-03-31 10:50:00,short,29316.999,29336.187909374064,29336.187909374064,29235.753398907116,15.990757811721876,-0.9999999999999182,SL,9,-25.83210593535783
2021-03-31 10:55:00,2021-03-31 11:55:00,short,29344.999,29354.519,29367.4425169745,29241.466525252534,18.70293081208431,-0.42417594402946857,TIMEOUT,12,-26.2562818793873
2021-04-01 03:40:00,2021-04-01 04:15:00,short,29489.419,29515.849786657825,29515.849786657825,29411.23211111111,22.02565554818781,-0.9999999999999395,SL,7,-27.256281879387238
2021-04-01 07:30:00,2021-04-01 07:45:00,short,29484.999,29498.104210686448,29498.104210686448,29448.80460439561,10.921008905372995,-1.00000000000004,SL,3,-28.256281879387277
2021-04-01 08:55:00,2021-04-01 09:15:00,short,29519.999,29532.265585302932,29532.265585302932,29457.288537037053,10.222154419110199,-0.9999999999999863,SL,4,-29.256281879387263
2021-04-05 06:35:00,2021-04-05 07:35:00,short,30114.269,30109.469,30124.88965093398,30093.248957805918,8.850542444983729,0.4519496996781814,TIMEOUT,12,-28.804332179709082
2021-04-05 10:05:00,2021-04-05 10:10:00,long,30059.469,30044.163500898958,30044.163500898958,30095.821617079895,12.754582584201257,-1.0000000000001037,SL,1,-29.804332179709185
2021-04-05 12:30:00,2021-04-05 12:35:00,short,30124.519,30138.2132813233,30138.2132813233,30095.14584444444,11.411901102751292,-0.9999999999998829,SL,1,-30.804332179709068
2021-04-07 02:10:00,2021-04-07 03:10:00,long,29696.469,29689.419,29664.480822647864,29737.123444444438,26.65681446011384,-0.22039392624313986,TIMEOUT,12,-31.024726105952208
2021-04-07 03:35:00,2021-04-07 04:35:00,long,29681.999,29656.65090613306,29656.65090613306,29722.55066666667,21.12341155578285,-0.9999999999999496,SL,12,-32.024726105952155
2021-04-07 04:40:00,2021-04-07 05:20:00,long,29654.999,29630.69997869489,29630.69997869489,29712.845374269,20.249184420922965,-1.0000000000000555,SL,8,-33.02472610595221
2021-04-07 05:35:00,2021-04-07 06:35:00,long,29616.999,29619.269,29592.42564538556,29701.651892156857,20.477795512032966,0.09237647995632477,TIMEOUT,12,-32.93234962599589
2021-04-07 06:45:00,2021-04-07 07:45:00,long,29609.419,29624.419,29591.60159728437,29688.762495934952,14.847835596357987,0.8418735457352529,TIMEOUT,12,-32.090476080260636
2021-04-07 07:50:00,2021-04-07 08:15:00,long,29611.469,29595.214784133117,29595.214784133117,29679.757947368416,13.545179889070182,-0.9999999999999803,SL,5,-33.090476080260615
2021-04-07 08:20:00,2021-04-07 08:30:00,long,29569.999,29553.764069585402,29553.764069585402,29674.849825082503,13.529108678832621,-0.9999999999998882,SL,2,-34.0904760802605
2021-04-07 08:55:00,2021-04-07 09:55:00,long,29559.999,29624.319,29542.591176886424,29667.75995679012,14.506519261313676,3.694890485751568,TIMEOUT,12,-30.395585594508933
2021-04-07 10:00:00,2021-04-07 10:25:00,long,29609.319,29660.45420661156,29589.791551153023,29660.45420661156,16.27287403914592,2.618632214186163,VWAP,5,-27.77695338032277
2021-04-07 11:30:00,2021-04-07 11:40:00,long,29634.319,29614.51979837541,29614.51979837541,29659.98528297362,16.499334687157855,-0.9999999999999292,SL,2,-28.7769533803227
2021-04-07 11:45:00,2021-04-07 12:45:00,long,29599.369,29614.319,29577.913088203633,29658.98876525821,17.87992649697012,0.6967776593178441,TIMEOUT,12,-28.080175721004853
2021-04-07 19:20:00,2021-04-07 19:35:00,short,29691.519,29707.360849006927,29707.360849006927,29654.124756097568,13.201540839105569,-1.000000000000025,SL,3,-29.080175721004878
2021-04-07 20:05:00,2021-04-07 20:30:00,long,29554.999,29522.890674899507,29522.890674899507,29654.961741433028,26.756937583745113,-0.999999999999963,SL,5,-30.080175721004842
2021-04-07 22:20:00,2021-04-07 23:00:00,long,29589.519,29645.85285892116,29553.49883636695,29645.85285892116,30.016803027542547,1.5639534427175543,VWAP,8,-28.516222278287287
2021-04-07 23:35:00,2021-04-08 00:05:00,long,29604.419,29644.270718750005,29575.690677979223,29644.270718750005,23.940268350650626,1.387192705552969,VWAP,6,-27.129029572734318
2021-04-08 01:30:00,2021-04-08 01:55:00,short,29674.269,29696.18661302659,29696.18661302659,29635.40198245614,18.26467752215846,-1.000000000000058,SL,5,-28.129029572734375
2021-04-08 03:55:00,2021-04-08 04:30:00,long,29599.469,29576.75656101932,29576.75656101932,29643.03048936171,18.927032483901545,-0.9999999999999768,SL,7,-29.12902957273435
2021-04-08 04:40:00,2021-04-08 04:50:00,long,29569.469,29547.42901819401,29547.42901819401,29635.041202380962,18.366651504993136,-1.0000000000000238,SL,2,-30.129029572734375
2021-04-08 06:20:00,2021-04-08 06:40:00,long,29596.369,29623.90303508772,29578.42289575262,29623.90303508772,14.955086872814766,1.5342625178243239,VWAP,4,-28.59476705491005
2021-04-08 06:55:00,2021-04-08 07:30:00,long,29601.369,29585.32563069253,29585.32563069253,29622.75092771085,13.369474422891203,-1.0000000000000426,SL,7,-29.594767054910093
2021-04-08 07:35:00,2021-04-08 08:35:00,long,29584.999,29571.78794813493,29571.78794813493,29620.337168498176,11.009209887558455,-0.9999999999999699,SL,12,-30.594767054910065
2021-04-08 08:40:00,2021-04-08 09:40:00,long,29554.269,29584.319,29539.96070917551,29615.346756410265,11.923575687074738,2.1001809628139863,TIMEOUT,12,-28.49458609209608
2021-04-08 09:45:00,2021-04-08 09:50:00,long,29559.269,29541.9374669717,29541.9374669717,29611.874754985758,14.442944190249937,-1.0000000000000233,SL,1,-29.494586092096103
2021-04-08 11:30:00,2021-04-08 12:30:00,short,29659.519,29664.319,29679.133314906285,29611.088830917874,16.34526242190349,-0.24471922791763737,TIMEOUT,12,-29.73930532001374
2021-04-08 14:15:00,2021-04-08 14:30:00,short,29659.519,29671.187010366597,29671.187010366597,29619.29808382068,9.7233419721652,-0.9999999999998697,SL,3,-30.73930532001361
2021-04-08 14:35:00,2021-04-08 15:10:00,short,29669.469,29680.163041339038,29680.163041339038,29620.350200000023,8.911701115863597,-1.0000000000000293,SL,7,-31.73930532001364
2021-04-08 15:40:00,2021-04-08 16:05:00,short,29694.419,29705.77080292732,29705.77080292732,29624.18022340428,9.459835772763942,-1.00000000000013,SL,5,-32.73930532001377
2021-04-08 18:00:00,2021-04-08 18:20:00,short,29769.369,29786.398752231362,29786.398752231362,29627.787724489826,14.191460192803177,-0.9999999999999577,SL,3,-33.73930532001373
2021-04-09 01:45:00,2021-04-09 01:50:00,long,29831.319,29801.453599668308,29801.453599668308,29872.444000000003,24.88783360974354,-0.9999999999999746,SL,1,-34.7393053200137
2021-04-09 01:55:00,2021-04-09 02:45:00,long,29794.319,29763.9470374691,29763.9470374691,29867.071638888894,25.3099687757482,-1.000000000000025,SL,10,-35.73930532001373
2021-04-09 02:50:00,2021-04-09 03:50:00,long,29759.369,29799.319,29736.374760776183,29837.942142857144,19.161866019844798,1.7373916836799237,TIMEOUT,12,-34.0019136363338
2021-04-09 04:15:00,2021-04-09 05:00:00,long,29759.369,29816.703166666666,29736.53751644946,29816.703166666666,19.026236292114675,2.5111888388574473,VWAP,9,-31.490724797476357
2021-04-09 07:25:00,2021-04-09 08:25:00,short,29869.469,29844.419,29884.84802102123,29815.670740740745,12.815850851023598,1.6288423018228333,TIMEOUT,12,-29.861882495653525
2021-04-09 09:35:00,2021-04-09 10:30:00,short,29859.319,29821.789862068978,29876.891916295244,29821.789862068978,14.644096912702686,2.135623780395555,VWAP,11,-27.72625871525797
2021-04-09 15:25:00,2021-04-09 15:40:00,short,29874.319,29887.17577851819,29887.17577851819,29826.1174864865,10.713982098493487,-0.9999999999999294,SL,3,-28.7262587152579
2021-04-09 15:45:00,2021-04-09 15:50:00,short,29884.269,29897.127010080647,29897.127010080647,29827.270569664917,10.715008400538313,-1.0000000000000513,SL,1,-29.72625871525795
2021-04-09 15:55:00,2021-04-09 16:00:00,short,29899.269,29912.809018896067,29912.809018896067,29827.99847643981,11.283349080055942,-0.9999999999999618,SL,1,-30.72625871525791
2021-04-12 05:50:00,2021-04-12 06:50:00,short,29639.269,29624.419,29658.793888414642,29594.233553990598,16.27074034553512,0.7605677269255071,TIMEOUT,12,-29.9656909883324
2021-04-12 07:00:00,2021-04-12 07:05:00,short,29634.469,29649.82059616655,29649.82059616655,29600.344921568623,12.792996805458857,-1.0000000000000069,SL,1,-30.96569098833241
2021-04-12 07:10:00,2021-04-12 07:25:00,short,29649.469,29664.78483547014,29664.78483547014,29601.436203065132,12.763196225115054,-0.9999999999999464,SL,3,-31.965690988332355
2021-04-12 09:40:00,2021-04-12 09:50:00,short,29644.469,29610.204698005706,29659.432067447506,29610.204698005706,12.469222872921762,2.2899249845997356,VWAP,2,-29.67576600373262
2021-04-12 10:05:00,2021-04-12 10:40:00,long,29574.369,29555.04273172304,29555.04273172304,29609.97746994537,16.105223564131975,-1.0000000000000862,SL,7,-30.675766003732704
2021-04-12 10:45:00,2021-04-12 11:45:00,long,29539.419,29574.269,29517.032174756205,29607.885923076938,18.655687703165295,1.5567191694433211,TIMEOUT,12,-29.11904683428938
2021-04-12 12:20:00,2021-04-12 13:20:00,long,29564.369,29579.319,29544.100510585766,29602.657948545875,16.890407845193515,0.7375981354339644,TIMEOUT,12,-28.38144869885542
2021-04-12 13:25:00,2021-04-12 14:00:00,long,29574.269,29556.613896510622,29556.613896510622,29600.870934156384,14.71258624114957,-0.9999999999999294,SL,7,-29.381448698855348
2021-04-12 14:05:00,2021-04-12 15:05:00,long,29551.999,29554.999,29537.21569617413,29599.1465882353,12.319419854891288,0.20293163391191696,TIMEOUT,12,-29.17851706494343
2021-04-12 18:10:00,2021-04-12 19:30:00,long,29564.469,29594.943807370182,29547.10808921252,29594.943807370182,14.467425656232479,1.7553691590973584,VWAP,11,-27.423147905846072
2021-04-12 19:45:00,2021-04-12 20:00:00,short,29659.369,29594.698796557124,29677.1023986028,29594.698796557124,14.777832169001487,3.6468025611659645,VWAP,3,-23.77634534468011
2021-04-13 06:45:00,2021-04-13 07:00:00,long,29734.419,29719.721997955487,29719.721997955487,29764.46404065041,12.247501703762344,-1.0000000000000198,SL,3,-24.77634534468013
2021-04-13 07:05:00,2021-04-13 08:05:00,long,29619.469,29669.999,29592.020557908338,29760.93651937985,22.873701743053953,1.8409059367104577,TIMEOUT,12,-22.935439407969675
2021-04-13 09:25:00,2021-04-13 09:40:00,long,29699.519,29677.78446618501,29677.78446618501,29741.37145614036,18.11211151249172,-0.99999999999999,SL,3,-23.935439407969664
2021-04-13 13:00:00,2021-04-13 13:30:00,long,29719.469,29740.98936093419,29703.7604191073,29740.98936093419,13.0904840772518,1.3699748615857323,VWAP,6,-22.565464546383932
2021-04-13 13:45:00,2021-04-13 13:50:00,short,29779.999,29796.82841047965,29796.82841047965,29740.81958232932,14.024508733042431,-1.0000000000000295,SL,1,-23.56546454638396
2021-04-13 15:00:00,2021-04-13 15:10:00,short,29824.999,29840.707115771296,29840.707115771296,29746.06741620626,13.090096476079948,-1.0000000000000318,SL,2,-24.565464546383993
2021-04-13 15:15:00,2021-04-13 16:15:00,short,29844.469,29826.369,29859.879134967032,29747.56314855072,12.841779139193688,1.17455168554489,TIMEOUT,12,-23.3909128608391
2021-04-13 19:55:00,2021-04-13 20:00:00,long,29729.419,29707.326290224297,29707.326290224297,29758.163086021494,18.41059147975532,-0.9999999999999312,SL,1,-24.390912860839034
2021-04-13 20:05:00,2021-04-13 20:25:00,long,29626.319,29593.21038799952,29593.21038799952,29757.402561643823,27.590510000401075,-0.9999999999999674,SL,4,-25.390912860839002
2021-04-14 02:10:00,2021-04-14 03:10:00,long,29609.269,29631.269,29584.874375455758,29642.28628395062,20.32885378686925,0.9018380241966788,TIMEOUT,12,-24.489074836642324
2021-04-14 06:10:00,2021-04-14 07:00:00,long,29609.369,29595.395545156196,29595.395545156196,29633.385533333323,11.644545703170264,-0.9999999999998883,SL,10,-25.489074836642214
2021-04-14 08:35:00,2021-04-14 08:50:00,long,29604.999,29592.741479918695,29592.741479918695,29628.84957692307,10.214600067752253,-1.000000000000138,SL,3,-26.489074836642352
2021-04-14 09:55:00,2021-04-14 10:35:00,short,29664.419,29681.870598443023,29681.870598443023,29626.541194444442,14.542998702517831,-1.0000000000000229,SL,8,-27.489074836642374
2021-04-14 12:45:00,2021-04-14 13:45:00,short,29724.519,29704.369,29744.695007910068,29640.55754978354,16.81333992505703,0.9987109486582824,TIMEOUT,12,-26.490363887984092
2021-04-14 14:55:00,2021-04-14 15:05:00,long,29619.369,29599.018221992956,29599.018221992956,29646.380370370356,16.95898167253579,-1.0000000000000087,SL,2,-27.4903638879841
2021-04-14 23:00:00,2021-04-15 00:00:00,long,29604.469,29629.419,29569.993540333453,29647.83174900396,28.72954972212225,0.7237031860146883,TIMEOUT,12,-26.76666070196941
2021-04-15 01:25:00,2021-04-15 01:55:00,long,29609.999,29639.050481481478,29588.444281122323,29639.050481481478,17.96226573139827,1.3478014557435751,VWAP,6,-25.418859246225836
2021-04-15 03:05:00,2021-04-15 03:35:00,short,29674.319,29693.671551044496,29693.671551044496,29637.20259649122,16.127125870412694,-1.000000000000043,SL,6,-26.418859246225878
2021-04-15 04:10:00,2021-04-15 05:10:00,short,29724.519,29694.369,29744.706310461817,29650.193313725493,16.82275871817941,1.4935124744344122,TIMEOUT,12,-24.925346771791467
2021-04-15 08:20:00,2021-04-15 08:35:00,short,29719.319,29733.134128233283,29733.134128233283,29675.753323432353,11.512606861070665,-0.9999999999999247,SL,3,-25.925346771791393
2021-04-15 10:15:00,2021-04-15 10:35:00,short,29729.419,29746.405908453355,29746.405908453355,29683.109456989256,14.155757044460398,-1.000000000000028,SL,4,-26.92534677179142
2021-04-15 15:45:00,2021-04-15 15:50:00,short,29749.369,29763.945551388428,29763.945551388428,29702.137712522046,12.147126157024458,-0.999999999999971,SL,1,-27.925346771791393
2021-04-15 20:50:00,2021-04-15 21:50:00,long,29619.269,29694.369,29578.0449572918,29709.95060818713,34.35336892349888,1.8217524305315798,TIMEOUT,12,-26.103594341259814
2021-04-15 22:05:00,2021-04-15 23:05:00,long,29639.999,29689.999,29605.762081318244,29707.178533607683,28.530765568129798,1.460411798876168,TIMEOUT,12,-24.643182542383645
2021-04-15 23:30:00,2021-04-15 23:50:00,short,29754.419,29705.66455128205,29781.339976509535,29705.66455128205,22.434147091276923,1.811020811250586,VWAP,4,-22.83216173113306
2021-04-16 03:15:00,2021-04-16 04:15:00,short,29754.999,29719.999,29778.272119937883,29690.825916666665,19.39426661490268,1.5038808760241964,TIMEOUT,12,-21.32828085510886
2021-04-16 05:50:00,2021-04-16 06:55:00,short,29759.369,29744.269,29776.07019491714,29708.043131455404,13.917662430951907,0.9041269247447523,TIMEOUT,12,-20.42415393036411
2021-04-16 08:00:00,2021-04-16 08:15:00,short,29754.269,29765.66651287662,29765.66651287662,29717.93885964912,9.497927397183503,-1.0000000000001117,SL,3,-21.42415393036422
2021-04-16 08:20:00,2021-04-16 08:50:00,short,29769.519,29780.968837184224,29780.968837184224,29719.814218855212,9.541530986853381,-0.999999999999971,SL,6,-22.42415393036419
2021-04-16 09:30:00,2021-04-16 09:55:00,short,29789.319,29726.682657817102,29801.65821797234,29726.682657817102,10.282681643618911,5.076200317012908,VWAP,5,-17.347953613351283
2021-04-16 11:50:00,2021-04-16 12:50:00,short,29759.419,29749.369,29772.617890398495,29731.71160047282,10.999075332077219,0.7614276425199076,TIMEOUT,12,-16.586525970831374
2021-04-16 13:40:00,2021-04-16 14:05:00,short,29754.519,29763.81668176175,29763.81668176175,29734.8246995885,7.748068134789591,-1.0000000000001732,SL,5,-17.58652597083155
2021-04-16 14:45:00,2021-04-16 14:55:00,short,29774.369,29783.98567034904,29783.98567034904,29736.85534285716,8.013891957535124,-0.9999999999999502,SL,2,-18.5865259708315
2021-04-16 15:00:00,2021-04-16 15:40:00,short,29779.999,29789.420732054245,29789.420732054245,29737.565573033724,7.851443378536537,-1.0000000000001,SL,8,-19.586525970831598
2021-04-18 19:30:00,2021-04-18 19:40:00,long,29754.519,29741.137423339424,29741.137423339424,29773.810875,11.151313883814012,-0.9999999999999903,SL,2,-20.586525970831588
2021-04-18 19:45:00,2021-04-18 19:55:00,long,29719.519,29703.704396529414,29703.704396529414,29768.17549122807,13.17883622548799,-1.0000000000000266,SL,2,-21.586525970831616
2021-04-18 20:00:00,2021-04-18 20:05:00,long,29671.469,29649.549887818925,29649.549887818925,29759.910666666667,18.265926817564548,-0.9999999999999493,SL,1,-22.586525970831566
2021-04-18 20:10:00,2021-04-18 20:15:00,long,29561.319,29528.13323490509,29528.13323490509,29744.18775,27.654804245757198,-1.0000000000000284,SL,1,-23.586525970831595
2021-04-19 01:10:00,2021-04-19 01:20:00,long,29709.519,29687.011418346516,29687.011418346516,29744.591666666667,18.75631804456952,-1.0000000000000488,SL,2,-24.586525970831644
2021-04-19 01:25:00,2021-04-19 02:25:00,long,29654.999,29709.369,29631.426508421027,29734.659925925927,19.64374298247804,2.3065020436149526,TIMEOUT,12,-22.280023927216693
2021-04-19 03:40:00,2021-04-19 04:05:00,long,29664.469,29641.36244591526,29641.36244591526,29705.13040740741,19.255461737283632,-1.0000000000000373,SL,5,-23.28002392721673
2021-04-19 04:20:00,2021-04-19 05:10:00,long,29626.999,29606.85074285214,29606.85074285214,29697.28635849056,16.790214289881526,-1.0000000000000637,SL,10,-24.280023927216796
2021-04-19 05:40:00,2021-04-19 06:40:00,long,29599.269,29634.369,29582.07629943883,29680.217743961344,14.327250467641171,2.0415640855907005,TIMEOUT,12,-22.238459841626096
2021-04-19 06:45:00,2021-04-19 07:30:00,long,29611.469,29594.632532489217,29594.632532489217,29672.72339024388,14.030389592319146,-1.0000000000000688,SL,9,-23.238459841626163
2021-04-20 04:10:00,2021-04-20 04:25:00,long,29059.469,29103.05553594771,29030.120497012762,29103.05553594771,24.457085822698595,1.485136600209662,VWAP,3,-21.753323241416503
2021-04-20 04:45:00,2021-04-20 05:20:00,long,29054.519,29023.155942130532,29023.155942130532,29100.341068965514,26.135881557889185,-1.0000000000000415,SL,7,-22.753323241416545
2021-04-20 05:25:00,2021-04-20 05:30:00,long,28961.519,28927.936832774576,28927.936832774576,29092.560212121214,27.985139354521447,-0.9999999999999543,SL,1,-23.7533232414165
2021-04-20 21:05:00,2021-04-20 21:15:00,long,28624.419,28565.3116663939,28565.3116663939,28798.157860398853,49.25611133841906,-0.999999999999981,SL,2,-24.75332324141648
2021-04-20 21:20:00,2021-04-20 22:00:00,long,28564.519,28507.576981074122,28507.576981074122,28795.399618846688,47.45168243823142,-1.0000000000000064,SL,8,-25.75332324141649
2021-04-20 22:05:00,2021-04-20 23:05:00,long,28446.469,28506.319,28391.684890866833,28786.30899999999,45.65342427764063,1.092470078403861,TIMEOUT,12,-24.66085316301263
2021-04-20 23:40:00,2021-04-21 00:40:00,long,28439.319,28494.469,28391.33041965751,28764.243867924524,39.99048361873884,1.1492317465197965,TIMEOUT,12,-23.511621416492833
2021-04-21 01:15:00,2021-04-21 01:35:00,long,28466.519,28538.31545833333,28417.164865948922,28538.31545833333,41.12844504256549,1.4547202521885092,VWAP,4,-22.056901164304325
2021-04-21 02:40:00,2021-04-21 03:25:00,short,28604.419,28645.437218440755,28645.437218440755,28532.48596969697,34.18184870062889,-0.9999999999999623,SL,9,-23.056901164304286
2021-04-21 03:55:00,2021-04-21 04:55:00,short,28659.269,28624.469,28698.32806806646,28557.76719444444,32.54922338871605,0.8909582773656259,TIMEOUT,12,-22.16594288693866
2021-04-21 06:50:00,2021-04-21 07:50:00,short,28639.519,28604.419,28670.46953856065,28580.570485943786,25.79211546720827,1.1340675035821248,TIMEOUT,12,-21.031875383356535
2021-04-21 08:35:00,2021-04-21 08:40:00,long,28549.519,28524.813222652578,28524.813222652578,28587.106243589755,20.58814778951747,-1.0000000000000642,SL,1,-22.0318753833566
2021-04-21 09:25:00,2021-04-21 09:45:00,long,28491.519,28581.439263157903,28464.7866679484,28581.439263157903,22.276943376334675,3.363726852723851,VWAP,4,-18.66814853063275
2021-04-21 10:00:00,2021-04-21 10:25:00,short,28666.519,28703.434161106776,28703.434161106776,28581.53315977962,30.76263425564493,-1.0000000000000426,SL,5,-19.66814853063279
2021-04-21 11:05:00,2021-04-21 11:55:00,short,28736.319,28774.68015653655,28774.68015653655,28591.424970149255,31.96763044712526,-0.9999999999999911,SL,10,-20.668148530632784
2021-04-21 12:00:00,2021-04-21 13:00:00,short,28789.269,28791.369,28822.256338783613,28602.49518390805,27.489448986343604,-0.06366078857630665,TIMEOUT,12,-20.73180931920909
2021-04-22 08:40:00,2021-04-22 09:35:00,short,29184.999,29135.568015873007,29204.214445173424,29135.568015873007,16.01287097785249,2.572461042711704,VWAP,11,-18.159348276497386
2021-04-22 09:45:00,2021-04-22 10:05:00,long,29109.419,29087.553672861784,29087.553672861784,29137.674790960442,18.22110594851406,-1.0000000000000173,SL,4,-19.159348276497404
2021-04-22 13:10:00,2021-04-22 13:15:00,long,29021.319,28991.4582240404,28991.4582240404,29133.198580712782,24.88397996633193,-0.9999999999999881,SL,1,-20.159348276497393
2021-04-22 13:20:00,2021-04-22 13:45:00,long,28969.999,28933.007269708305,28933.007269708305,29131.402064182188,30.826441909745466,-1.0000000000000036,SL,5,-21.159348276497397
2021-04-22 13:50:00,2021-04-22 14:05:00,long,28899.319,28852.22387735904,28852.22387735904,29126.04957884231,39.24593553413342,-0.9999999999999923,SL,3,-22.15934827649739
2021-04-22 23:25:00,2021-04-23 00:25:00,long,28954.469,28994.519,28923.44414454609,29057.11832569973,25.854046211591648,1.2909004542985512,TIMEOUT,12,-20.86844782219884
2021-04-23 07:45:00,2021-04-23 08:15:00,long,28959.419,28944.191666081726,28944.191666081726,28979.958746376822,12.68944493189557,-1.000000000000066,SL,6,-21.868447822198906
2021-04-23 08:20:00,2021-04-23 08:25:00,long,28919.369,28901.776330975965,28901.776330975965,28977.990279461286,14.660557520026952,-1.0000000000000924,SL,1,-22.868447822199
2021-04-23 08:30:00,2021-04-23 08:40:00,long,28889.269,28869.392749668055,28869.392749668055,28976.260089108913,16.56354194328847,-0.9999999999999365,SL,2,-23.868447822198934
2021-04-23 10:05:00,2021-04-23 10:20:00,short,29024.419,29054.693924257663,29054.693924257663,28966.162250000005,25.229103548051373,-0.99999999999998,SL,3,-24.868447822198913
2021-04-23 10:35:00,2021-04-23 11:20:00,short,29119.319,29155.88897732891,29155.88897732891,28970.072253968265,30.474981107423652,-1.0000000000000133,SL,9,-25.868447822198927
2021-04-26 00:35:00,2021-04-26 01:35:00,long,29146.319,29159.369,29112.809451439924,29196.52525,27.92462380006178,0.3894412357302852,TIMEOUT,12,-25.479006586468643
2021-04-26 06:50:00,2021-04-26 07:15:00,long,29134.269,29167.750244979932,29115.559491986227,29167.750244979932,15.591256678144301,1.7895310210874837,VWAP,5,-23.68947556538116
2021-04-26 07:55:00,2021-04-26 08:40:00,short,29201.319,29220.113252877887,29220.113252877887,29167.080388888895,15.66187739824064,-0.9999999999999395,SL,9,-24.689475565381098
2021-04-26 09:35:00,2021-04-26 09:45:00,short,29229.519,29249.919245009034,29249.919245009034,29173.42457471265,17.000204174196075,-0.9999999999999283,SL,2,-25.689475565381027
2021-04-26 19:35:00,2021-04-26 19:40:00,short,29231.519,29246.18611460168,29246.18611460168,29198.814638629276,12.222595501400537,-1.0000000000000606,SL,1,-26.689475565381088
2021-04-26 20:05:00,2021-04-26 21:05:00,long,29121.519,29116.999,29093.42595723303,29199.315348484837,23.410868972473565,-0.1608939279911338,TIMEOUT,12,-26.85036949337222
2021-04-26 21:15:00,2021-04-26 22:15:00,long,29079.519,29074.999,29045.254262450802,29194.9176182336,28.55394795766492,-0.13191404117747998,TIMEOUT,12,-26.9822835345497
2021-04-26 22:25:00,2021-04-26 22:50:00,long,29051.369,29019.831600581685,29019.831600581685,29188.982682795682,26.28116618192917,-0.9999999999999596,SL,5,-27.982283534549662
2021-04-27 02:10:00,2021-04-27 02:15:00,long,29019.369,28991.4149245156,28991.4149245156,29060.419987654328,23.295062903664853,-1.0000000000000187,SL,1,-28.98228353454968
2021-04-27 02:20:00,2021-04-27 03:20:00,long,28981.519,29004.519,28952.086822669065,29055.693252873567,24.526814442445637,0.7814576455349701,TIMEOUT,12,-28.20082588901471
2021-04-27 03:35:00,2021-04-27 03:50:00,long,28984.269,28960.367761277474,28960.367761277474,29035.283242424255,19.917698935437464,-1.0000000000000695,SL,3,-29.20082588901478
2021-04-27 05:35:00,2021-04-27 05:50:00,long,28979.269,28958.761442120383,28958.761442120383,29021.107235294137,17.089631566346927,-1.0000000000000238,SL,3,-30.200825889014805
2021-04-27 05:55:00,2021-04-27 06:55:00,long,28874.419,28929.319,28844.26878549043,29016.384416666682,25.12517875797683,1.8208825672722155,TIMEOUT,12,-28.37994332174259
2021-04-27 19:00:00,2021-04-27 19:20:00,short,29031.369,29045.95834895158,29045.95834895158,28990.431712418307,12.157790792982004,-1.0000000000001215,SL,4,-29.37994332174271
2021-04-27 19:25:00,2021-04-27 19:30:00,short,29049.519,29062.770265172767,29062.770265172767,28991.6666555024,11.042720977306233,-0.999999999999932,SL,1,-30.379943321742644
2021-04-27 19:55:00,2021-04-27 20:00:00,long,28936.419,28907.44718773676,28907.44718773676,28991.71379069768,24.143176886032734,-1.0000000000000346,SL,1,-31.37994332174268
2021-04-27 21:50:00,2021-04-27 22:50:00,short,29091.319,29079.369,29130.208792928806,28990.671899159664,32.40816077400425,0.3072785710604681,TIMEOUT,12,-31.07266475068221
2021-04-27 23:30:00,2021-04-28 00:30:00,short,29109.319,29079.999,29133.766607755853,28998.24467183463,20.373006463212327,1.199299346291993,TIMEOUT,12,-29.873365404390217
2021-04-28 02:00:00,2021-04-28 02:55:00,long,29054.319,29098.520999999997,29031.84067044188,29098.520999999997,18.731941298431828,1.9664272598954604,VWAP,11,-27.906938144494756
2021-04-28 03:25:00,2021-04-28 04:25:00,long,29039.469,29024.419,29018.688176882308,29089.180666666667,17.31735259807794,-0.7242254031403199,TIMEOUT,12,-28.631163547635076
2021-04-28 06:15:00,2021-04-28 07:15:00,long,29034.469,29049.999,29018.186315964194,29070.95660526316,13.56890336317273,0.9537739580186405,TIMEOUT,12,-27.677389589616435
2021-04-28 07:30:00,2021-04-28 07:45:00,long,29039.419,29024.21265533807,29024.21265533807,29066.626926739926,12.671953884943296,-1.0000000000000184,SL,3,-28.677389589616453
2021-04-28 09:25:00,2021-04-28 10:10:00,long,29021.369,29060.275707602334,29006.479634156967,29060.275707602334,12.407804869193999,2.6130533706068118,VWAP,9,-26.06433621900964
2021-04-28 11:25:00,2021-04-28 11:50:00,long,29026.469,29007.27200624035,29007.27200624035,29058.199251207734,15.997494799708155,-1.0000000000000828,SL,5,-27.06433621900972
2021-04-28 11:55:00,2021-04-28 12:55:00,long,28984.999,29014.419,28964.551457681322,29056.459240740744,17.039618598899615,1.438803722299951,TIMEOUT,12,-25.62553249670977
2021-04-28 13:15:00,2021-04-28 13:40:00,long,29009.519,28994.872488556866,28994.872488556866,29051.89234166668,12.205426202612722,-0.999999999999909,SL,5,-26.625532496709678
2021-04-28 13:45:00,2021-04-28 14:00:00,long,28989.269,28975.272588623215,28975.272588623215,29050.110955823304,11.663676147322626,-0.9999999999998853,SL,3,-27.625532496709564
2021-04-28 15:15:00,2021-04-28 15:55:00,long,28954.269,28922.967727452866,28922.967727452866,29044.76886231885,26.084393789280046,-0.9999999999999482,SL,8,-28.62553249670951
2021-04-29 18:00:00,2021-04-29 19:00:00,long,29026.319,29003.78260344843,29003.78260344843,29055.28077664973,18.780330459639927,-1.0000000000000053,SL,9,-29.625532496709518
2021-04-29 19:20:00,2021-04-29 19:35:00,long,28984.369,28967.729988773615,28967.729988773615,29052.472238095226,13.865842688654016,-0.9999999999999174,SL,3,-30.625532496709436
2021-04-29 19:40:00,2021-04-29 19:45:00,long,28926.469,28906.28930248759,28906.28930248759,29050.840479750765,16.81641459367598,-1.0000000000000673,SL,1,-31.625532496709504
2021-04-29 22:25:00,2021-04-29 23:25:00,long,28889.999,28894.419,28857.12916237093,29036.521753036424,27.391531357559053,0.13446978503151286,TIMEOUT,12,-31.49106271167799
2021-04-30 00:20:00,2021-04-30 00:55:00,long,28854.469,28831.61216683737,28831.61216683737,28890.514333333336,19.047360968857223,-1.0000000000000675,SL,7,-32.491062711678055
2021-04-30 01:15:00,2021-04-30 01:30:00,long,28806.319,28782.174914251427,28782.174914251427,28855.913166666665,20.12007145714244,-1.0000000000000548,SL,3,-33.49106271167811
2021-04-30 03:10:00,2021-04-30 04:10:00,short,28924.269,28904.269,28951.3694405845,28856.890794871786,22.583700487085625,0.737995381943602,TIMEOUT,12,-32.753067329734506
2021-04-30 06:45:00,2021-04-30 06:55:00,long,28849.999,28830.830875944375,28830.830875944375,28883.199569105687,15.97343671301989,-1.000000000000033,SL,2,-33.75306732973454
2021-04-30 07:00:00,2021-04-30 08:00:00,long,28829.999,28874.319,28809.818170353425,28881.463549019605,16.817358038813605,2.196143606391256,TIMEOUT,12,-31.556923723343285
2021-04-30 09:50:00,2021-04-30 10:00:00,short,28924.269,28945.844916205057,28945.844916205057,28878.318411764718,17.979930170879467,-1.0000000000000424,SL,2,-32.556923723343324
2021-04-30 13:50:00,2021-04-30 13:55:00,long,28854.269,28835.245304364216,28835.245304364216,28884.28247305391,15.853079696487015,-0.9999999999999756,SL,1,-33.5569237233433
2021-04-30 15:15:00,2021-04-30 16:15:00,long,28804.519,28841.319,28783.368323511797,28879.96967028988,17.62556374016854,1.7398970676198535,TIMEOUT,12,-31.81702665572345
2021-05-02 20:20:00,2021-05-02 20:25:00,short,29006.369,29033.063697065107,29033.063697065107,28910.247452380954,22.24558088759103,-0.99999999999995,SL,1,-32.817026655723396
2021-05-02 20:30:00,2021-05-02 20:45:00,short,29031.269,29057.85936634696,29057.85936634696,28918.073111111113,22.15863862246392,-1.0000000000000502,SL,3,-33.817026655723446
2021-05-03 01:55:00,2021-05-03 02:05:00,long,28951.319,28939.55339370598,28939.55339370598,28969.02705555556,9.804671911681906,-1.000000000000031,SL,2,-34.817026655723474
2021-05-03 03:20:00,2021-05-03 03:25:00,short,29009.419,29024.948885370035,29024.948885370035,28966.711500000012,12.94157114169393,-1.0000000000000375,SL,1,-35.81702665572351
2021-05-03 03:30:00,2021-05-03 04:30:00,short,29076.319,29074.319,29097.08680932416,28970.863047619063,17.306507770134036,0.0963028872608745,TIMEOUT,12,-35.72072376846263
2021-05-03 06:35:00,2021-05-03 07:30:00,short,29044.469,29066.044743789713,29066.044743789713,29000.357059071735,17.97978649142626,-1.0000000000000155,SL,11,-36.72072376846265
2021-05-03 14:25:00,2021-05-03 14:50:00,short,29089.269,29103.549725238612,29103.549725238612,29031.541461240322,11.900604365508725,-1.0000000000001017,SL,5,-37.72072376846275
2021-05-03 14:55:00,2021-05-03 15:55:00,short,29124.319,29059.519,29137.940706490313,29033.947333333348,11.351422075261517,4.757113218235727,TIMEOUT,12,-32.96361055022702
2021-05-03 21:25:00,2021-05-03 21:35:00,long,29006.369,29042.06325036391,28983.84202024599,29042.06325036391,18.772483128342433,1.5845111396948708,VWAP,2,-31.379099410532145
2021-05-03 23:20:00,2021-05-03 23:35:00,long,29011.369,29040.232293650803,28993.522702573682,29040.232293650803,14.871914521929794,1.6173267183277278,VWAP,3,-29.761772692204417
2021-05-04 01:55:00,2021-05-04 02:10:00,short,29076.369,29089.68667915099,29089.68667915099,29052.12691666667,11.098065959158557,-1.000000000000013,SL,3,-30.76177269220443
2021-05-04 04:15:00,2021-05-04 04:25:00,long,29036.519,29066.86284615385,29013.55831478438,29066.86284615385,19.133904346351652,1.3215566464542856,VWAP,2,-29.440216045750145
2021-05-04 04:40:00,2021-05-04 05:40:00,long,29029.269,29046.369,29006.024969395632,29065.13467251462,19.37002550364041,0.7356727536223758,TIMEOUT,12,-28.70454329212777
2021-05-04 06:15:00,2021-05-04 07:15:00,short,29099.369,29094.419,29118.982916938232,29060.973429824564,16.344930781861137,0.25237182433193983,TIMEOUT,12,-28.45217146779583
2021-05-04 07:40:00,2021-05-04 07:45:00,long,28961.269,28934.88802644433,28934.88802644433,29065.267136200717,21.984144629726337,-0.9999999999999967,SL,1,-29.452171467795825
2021-05-04 22:25:00,2021-05-04 23:25:00,long,28826.469,28834.419,28801.283786409946,28858.37422666668,20.98767799171331,0.3156614086902036,TIMEOUT,12,-29.13651005910562
2021-05-05 03:35:00,2021-05-05 03:45:00,short,28884.519,28909.055165829355,28909.055165829355,28825.79574242425,20.44680485779593,-0.9999999999999959,SL,2,-30.136510059105618
2021-05-05 03:50:00,2021-05-05 04:50:00,short,28906.999,28926.469,28931.44548408422,28830.376801418442,20.372070070181334,-0.7964335457371884,TIMEOUT,12,-30.932943604842805
2021-05-05 11:10:00,2021-05-05 11:35:00,short,29054.369,29085.514116801496,29085.514116801496,28906.37374074073,25.954264001248916,-0.9999999999999568,SL,5,-31.932943604842762
2021-05-05 11:40:00,2021-05-05 12:40:00,short,29124.269,29114.419,29153.8208175462,28913.816470449165,24.62651462183165,0.3333128320990804,TIMEOUT,12,-31.599630772743684
2021-05-05 20:05:00,2021-05-05 20:10:00,short,29111.369,29154.88821203132,29154.88821203132,28975.696462462467,36.26601002610139,-1.0000000000000133,SL,1,-32.599630772743694
2021-05-05 20:20:00,2021-05-05 20:40:00,short,29159.999,29208.16488951633,29208.16488951633,28977.77551851852,40.13824126360948,-0.9999999999999909,SL,4,-33.59963077274369
2021-05-05 20:45:00,2021-05-05 20:55:00,short,29239.319,29286.25008846795,29286.25008846795,28982.51698550725,39.10924038995952,-0.9999999999999859,SL,2,-34.59963077274367
2021-05-06 03:05:00,2021-05-06 03:15:00,short,29369.419,29395.45112058872,29395.45112058872,29312.740491228073,21.693433823933205,-0.9999999999999832,SL,2,-35.59963077274366
2021-05-06 03:20:00,2021-05-06 04:20:00,short,29399.469,29349.269,29426.668173809554,29318.07111382114,22.66597817462868,1.8456442960913273,TIMEOUT,12,-33.75398647665233
2021-05-06 04:45:00,2021-05-06 05:15:00,long,29294.419,29268.46381221733,29268.46381221733,29331.166413793104,21.629323152226398,-0.999999999999962,SL,6,-34.753986476652294
2021-05-06 05:20:00,2021-05-06 06:20:00,long,29219.419,29264.319,29189.034367774748,29325.995769230765,25.320526854376872,1.4777206999623331,TIMEOUT,12,-33.27626577668996
2021-05-06 09:35:00,2021-05-06 09:40:00,long,29256.519,29295.6615,29232.756231045063,29295.6615,19.802307462449075,1.6472196516417619,VWAP,1,-31.6290461250482
2021-05-06 10:00:00,2021-05-06 10:10:00,long,29224.419,29192.243739361602,29192.243739361602,29294.46021212121,26.81271719866553,-1.0000000000000355,SL,2,-32.629046125048234
2021-05-06 11:15:00,2021-05-06 11:35:00,long,29209.269,29286.102627450982,29179.00241929934,29286.102627450982,25.222150583883007,2.538563183297001,VWAP,4,-30.090482941751233
2021-05-06 14:05:00,2021-05-06 14:15:00,long,29254.319,29232.03503073099,29232.03503073099,29285.742,18.569974390840535,-1.0000000000000795,SL,2,-31.09048294175131
2021-05-06 15:45:00,2021-05-06 16:00:00,short,29329.999,29355.653345540053,29355.653345540053,29283.65771929824,21.378621283378003,-0.9999999999999893,SL,3,-32.090482941751304
2021-05-06 16:05:00,2021-05-06 18:55:00,short,29369.519,29359.369,29396.394491643314,29284.950632302396,22.396243036093242,0.3776675096668357,TIMEOUT,12,-31.71281543208447
2021-05-06 20:05:00,2021-05-06 20:30:00,long,29239.319,29291.836584097844,29204.66626073352,29291.836584097844,28.877282722064802,1.5155391813035914,VWAP,5,-30.197276250780877
2021-05-06 21:05:00,2021-05-06 22:05:00,short,29416.269,29429.999,29457.485497255057,29293.141449275347,34.34708104588134,-0.33311904005415643,TIMEOUT,12,-30.530395290835035
2021-05-07 08:30:00,2021-05-07 08:35:00,long,29351.999,29333.866191069494,29333.866191069494,29377.472398058264,15.110674108756005,-0.9999999999999414,SL,1,-31.530395290834974
2021-05-07 09:30:00,2021-05-07 09:45:00,long,29289.469,29372.284420289863,29258.254256072345,29372.284420289863,26.012286606380872,2.653086646547361,VWAP,3,-28.877308644287613
2021-05-07 13:15:00,2021-05-07 14:15:00,long,29344.519,29354.319,29326.00096599208,29374.610875000002,15.43169500660187,0.5292138461246324,TIMEOUT,12,-28.34809479816298
2021-05-07 15:15:00,2021-05-07 16:15:00,short,29411.519,29409.419,29429.06144817798,29373.504000000008,14.618706814984243,0.1197096311012291,TIMEOUT,12,-28.22838516706175
2021-05-09 19:35:00,2021-05-09 19:45:00,long,29369.319,29395.261549019604,29352.395661885545,29395.261549019604,14.102781762044781,1.5329451461734784,VWAP,2,-26.69544002088827
2021-05-09 20:00:00,2021-05-09 20:05:00,short,29441.999,29469.169967287682,29469.169967287682,29395.21733333333,22.64247273973426,-1.0000000000000433,SL,1,-27.695440020888313
2021-05-09 20:10:00,2021-05-09 20:15:00,short,29581.419,29622.525721793972,29622.525721793972,29407.296361111104,34.25560149497497,-1.0000000000000202,SL,1,-28.695440020888334
2021-05-09 20:20:00,2021-05-09 21:15:00,short,29616.469,29660.24448971011,29660.24448971011,29422.45489743589,36.47957475842235,-1.000000000000019,SL,11,-29.695440020888352
2021-05-10 04:50:00,2021-05-10 05:50:00,long,29484.319,29499.319,29463.13127983667,29527.38041242937,17.656433469439605,0.7079572452520183,TIMEOUT,12,-28.987482775636334
2021-05-10 08:10:00,2021-05-10 09:10:00,short,29554.999,29539.519,29568.02369706144,29524.0925016835,10.853914217864675,1.188511327901161,TIMEOUT,12,-27.798971447735173
2021-05-10 09:20:00,2021-05-10 09:35:00,short,29551.419,29526.818587020647,29563.449694308576,29526.818587020647,10.025578590478744,2.0448040942924988,VWAP,3,-25.754167353442675
2021-05-10 10:30:00,2021-05-10 10:50:00,long,29499.269,29479.22739822101,29479.22739822101,29526.648055118105,16.701334815824396,-1.000000000000051,SL,4,-26.754167353442725
2021-05-10 13:10:00,2021-05-10 14:00:00,long,29494.369,29478.923396471368,29478.923396471368,29524.055436058683,12.871336273858498,-1.0000000000000637,SL,10,-27.75416735344279
2021-05-10 14:05:00,2021-05-10 14:15:00,long,29471.519,29456.77605795613,29456.77605795613,29521.940843137243,12.285785036558135,-1.0000000000000944,SL,2,-28.754167353442885
2021-05-10 14:20:00,2021-05-10 14:30:00,long,29419.319,29400.60008466823,29400.60008466823,29520.644317919065,15.599096109809796,-0.9999999999999278,SL,2,-29.754167353442813
2021-05-10 14:35:00,2021-05-10 14:45:00,long,29394.369,29372.129775151636,29372.129775151636,29518.74318560605,18.53268737363441,-1.000000000000074,SL,2,-30.754167353442888
2021-05-10 14:50:00,2021-05-10 15:10:00,long,29344.469,29319.401606052535,29319.401606052535,29516.328664804456,20.88949495622261,-0.9999999999999334,SL,4,-31.75416735344282
2021-05-11 12:30:00,2021-05-11 13:25:00,long,28474.269,28547.895445916125,28417.700843908347,28547.895445916125,47.140130076378405,1.3015528700782144,VWAP,11,-30.452614483364606
2021-05-11 19:55:00,2021-05-11 20:00:00,short,28666.469,28703.63557004958,28703.63557004958,28555.551557077633,30.972141707984058,-0.9999999999999659,SL,1,-31.45261448336457
2021-05-11 20:05:00,2021-05-11 20:40:00,short,28801.319,28557.238969834096,28847.912624175402,28557.238969834096,38.828020146169926,5.238485618698663,VWAP,7,-26.21412886466591
2021-05-11 20:45:00,2021-05-11 20:50:00,long,28429.319,28356.53895361356,28356.53895361356,28560.45833042213,60.650038655367354,-0.9999999999999959,SL,1,-27.214128864665906
2021-05-11 20:55:00,2021-05-11 21:55:00,long,28394.269,28401.999,28317.444041636183,28559.09605627706,64.0207986365157,0.10061834284885277,TIMEOUT,12,-27.11351052181705
2021-05-11 22:00:00,2021-05-11 23:00:00,long,28354.999,28376.319,28277.436820384617,28551.87742896176,64.6351496794864,0.2748762361465549,TIMEOUT,12,-26.838634285670498
2021-05-11 23:25:00,2021-05-11 23:35:00,long,28331.999,28271.216378099936,28271.216378099936,28542.197403576,50.65218491671948,-1.0000000000000027,SL,2,-27.8386342856705
2021-05-11 23:40:00,2021-05-11 23:50:00,long,28169.269,28096.451906590948,28096.451906590948,28539.16088131314,60.680911174210294,-0.9999999999999977,SL,2,-28.838634285670498
2021-05-11 23:55:00,2021-05-12 00:15:00,long,28061.319,27984.153222223144,27984.153222223144,28534.25597877654,64.30481481404524,-1.000000000000022,SL,4,-29.83863428567052
2021-05-12 08:30:00,2021-05-12 08:45:00,long,28041.419,28174.651394822013,27995.77435743613,28174.651394822013,38.03720213655971,2.9189054254412365,VWAP,3,-26.919728860229284
2021-05-14 09:30:00,2021-05-14 09:45:00,short,28084.369,28111.286846101866,28111.286846101866,28033.73407246377,22.43153841822154,-1.000000000000055,SL,3,-27.91972886022934
2021-05-14 11:25:00,2021-05-14 12:25:00,short,28244.999,28259.419,28279.690109539333,28056.708589371974,28.909257949444505,-0.41566845775434874,TIMEOUT,12,-28.33539731798369
2021-05-17 06:30:00,2021-05-17 07:25:00,long,27724.369,27692.357193559605,27692.357193559605,27777.56338818566,26.676505366994967,-1.0000000000000056,SL,11,-29.3353973179837
2021-05-17 09:50:00,2021-05-17 10:50:00,long,27689.319,27726.999,27651.93033525049,27754.96051260506,31.15722062459227,1.0077920742139737,TIMEOUT,12,-28.327605243769725
2021-05-17 12:00:00,2021-05-17 13:00:00,long,27676.999,27714.469,27636.975379429452,27746.381229885064,33.353017142122276,0.9361971622221311,TIMEOUT,12,-27.391408081547592
2021-05-17 13:15:00,2021-05-17 13:35:00,long,27686.269,27657.336747626625,27657.336747626625,27742.528770833345,24.110210311147082,-0.9999999999999614,SL,4,-28.391408081547553
2021-05-17 15:10:00,2021-05-17 16:10:00,short,27796.519,27799.999,27824.891743375087,27736.878143898022,23.643952812571836,-0.12265292622550253,TIMEOUT,12,-28.514061007773055
2021-05-17 19:35:00,2021-05-17 19:45:00,short,27844.419,27865.8758588339,27865.8758588339,27744.58643827163,17.880715694916603,-0.9999999999999514,SL,2,-29.514061007773005
2021-05-18 07:25:00,2021-05-18 07:30:00,long,28309.999,28285.781466028686,28285.781466028686,28393.85362962962,20.181278309427853,-1.0000000000000226,SL,1,-30.514061007773027
2021-05-18 13:55:00,2021-05-18 14:25:00,long,28251.319,28228.77570056829,28228.77570056829,28341.06965476192,18.78608285975608,-1.0000000000000702,SL,6,-31.514061007773098
2021-05-18 22:05:00,2021-05-18 22:55:00,long,27996.999,27936.641973778896,27936.641973778896,28265.53074796749,50.297521850918685,-1.0000000000000147,SL,10,-32.514061007773115
2021-05-19 00:45:00,2021-05-19 00:50:00,long,27886.319,27846.08715595055,27846.08715595055,27975.364999999998,33.52653670787445,-0.999999999999995,SL,1,-33.51406100777311
2021-05-19 04:20:00,2021-05-19 04:45:00,long,27866.369,27814.886667590185,27814.886667590185,27953.180383647792,42.901943674846194,-0.9999999999999772,SL,5,-34.51406100777309
2021-05-19 04:50:00,2021-05-19 05:40:00,long,27804.999,27941.409225988697,27757.79642617066,27941.409225988697,39.33547819111861,2.8898895742820843,VWAP,10,-31.624171433491004
2021-05-19 05:55:00,2021-05-19 06:55:00,long,27861.469,27929.999,27820.14148164888,27932.421083333335,34.43959862593463,1.6582171573372262,TIMEOUT,12,-29.965954276153777
2021-05-19 07:10:00,2021-05-19 07:20:00,long,27884.269,27852.24012509359,27852.24012509359,27925.353559386975,26.690729088674427,-1.0000000000000004,SL,2,-30.965954276153777
2021-05-19 07:35:00,2021-05-19 08:35:00,long,27826.269,27831.519,27792.715773422857,27921.749507246375,27.961022147619122,0.15646781354781522,TIMEOUT,12,-30.80948646260596
2021-05-19 08:55:00,2021-05-19 09:00:00,long,27761.999,27726.25064428568,27726.25064428568,27909.285265432096,29.79029642859964,-1.000000000000026,SL,1,-31.809486462605985
2021-05-19 10:15:00,2021-05-19 11:20:00,long,27601.469,27744.419,27537.03192054165,27884.160774193548,53.697566215294,2.2184431883259497,TIMEOUT,12,-29.591043274280036
2021-05-19 13:10:00,2021-05-19 14:05:00,short,27959.999,27861.053789029527,27999.80850107214,27861.053789029527,33.174584226784134,2.4854672453987443,VWAP,11,-27.10557602888129
2021-05-19 16:15:00,2021-05-19 18:55:00,short,27959.419,27906.469,28010.8638603778,27870.55079487177,42.87071698150033,1.0292573371012557,TIMEOUT,12,-26.076318691780035
2021-05-19 19:45:00,2021-05-19 19:50:00,long,27824.469,27875.253254992298,27796.34518812919,27875.253254992298,23.436509892340137,1.8057386824227013,VWAP,1,-24.27058000935733
2021-05-19 20:15:00,2021-05-19 20:30:00,short,28034.999,28093.159283494802,28093.159283494802,27875.79858146485,48.466902912335996,-0.9999999999999892,SL,3,-25.27058000935732
2021-05-19 21:45:00,2021-05-19 22:45:00,short,28044.269,28024.999,28111.062754702663,27886.175639004134,55.661462252219955,0.28850002647376083,TIMEOUT,12,-24.982079982883562
2021-05-19 23:25:00,2021-05-20 00:25:00,short,28059.319,28074.519,28107.63182732581,27896.96137547891,40.26068943817576,-0.3146162384059067,TIMEOUT,12,-25.29669622128947
2021-05-20 01:30:00,2021-05-20 01:50:00,short,28171.519,28101.38285964912,28209.201614013175,28101.38285964912,31.402178344310972,1.8612334146023795,VWAP,4,-23.43546280668709
2021-05-20 02:05:00,2021-05-20 02:20:00,long,28056.269,28103.82694871795,28020.80139954071,28103.82694871795,29.55633371607731,1.340884302915643,VWAP,3,-22.094578503771448
2021-05-20 03:10:00,2021-05-20 04:10:00,long,28046.369,28044.269,28015.90590337966,28094.445752136755,25.385913850283384,-0.06893586775404786,TIMEOUT,12,-22.163514371525494
2021-05-20 04:25:00,2021-05-20 04:30:00,long,28019.419,27989.378814309224,27989.378814309224,28084.36819753086,25.033488075647547,-1.0000000000000127,SL,1,-23.16351437152551
2021-05-20 04:35:00,2021-05-20 04:40:00,long,27984.319,27952.679656215605,27952.679656215605,28081.004535714284,26.366119820328855,-0.9999999999999941,SL,1,-24.1635143715255
2021-05-20 04:45:00,2021-05-20 05:00:00,long,27944.419,27910.18058622672,27910.18058622672,28076.60877011494,28.532011477732688,-1.0000000000000409,SL,3,-25.163514371525544
2021-05-20 05:25:00,2021-05-20 06:25:00,long,27874.369,27929.319,27837.50285388166,28059.275666666665,30.721788431951428,1.4905273749962682,TIMEOUT,12,-23.672986996529275
2021-05-20 08:10:00,2021-05-20 08:40:00,long,27984.369,28021.66886531987,27960.02595247345,28021.66886531987,20.285872938790977,1.5322594789822406,VWAP,6,-22.140727517547035
2021-05-20 09:00:00,2021-05-20 09:20:00,short,28074.369,28100.338811611888,28100.338811611888,28021.355452599393,21.641509676574557,-0.999999999999977,SL,4,-23.140727517547013
2021-05-20 10:05:00,2021-05-20 11:05:00,short,28204.999,28204.999,28243.299221318244,28029.81626775956,31.916851098536068,0.0,TIMEOUT,12,-23.140727517547013
2021-05-20 15:15:00,2021-05-20 15:25:00,short,28219.269,28244.63884447989,28244.63884447989,28090.44659420289,21.141537066574354,-1.0000000000000369,SL,2,-24.14072751754705
2021-05-20 19:35:00,2021-05-20 19:45:00,short,28276.369,28296.199283115096,28296.199283115096,28110.9167654321,16.525235929246755,-1.0000000000000804,SL,2,-25.14072751754713
2021-05-21 04:15:00,2021-05-21 05:00:00,long,28259.419,28318.669,28227.57098108021,28318.669,26.540015766492026,1.8603982919384012,VWAP,9,-23.280329225608728
2021-05-21 05:50:00,2021-05-21 06:50:00,short,28369.519,28349.519,28396.507810417417,28316.086276995313,22.490675347848274,0.7410478524497132,TIMEOUT,12,-22.539281373159014
2021-05-21 07:45:00,2021-05-21 08:45:00,short,28419.419,28399.999,28443.767771962775,28328.684638297884,20.290643302309956,0.7975761582429742,TIMEOUT,12,-21.74170521491604
2021-05-21 09:55:00,2021-05-21 10:45:00,short,28449.519,28343.747250000008,28476.860430283206,28343.747250000008,22.78452523600398,3.8685521900061612,VWAP,10,-17.873153024909875
2021-05-21 11:20:00,2021-05-21 11:55:00,short,28409.319,28350.115447688568,28441.490586137566,28350.115447688568,26.80965511463777,1.8402435011527924,VWAP,7,-16.032909523757084
2021-05-21 12:55:00,2021-05-21 13:35:00,long,28284.369,28350.004726495732,28254.80181188485,28350.004726495732,24.639323429291327,2.219883955150369,VWAP,8,-13.813025568606715
2021-05-21 14:15:00,2021-05-21 15:15:00,short,28406.469,28419.319,28432.347798266226,28349.872895348843,21.5656652218553,-0.4965454681397896,TIMEOUT,12,-14.309571036746505
2021-05-21 15:20:00,2021-05-23 18:00:00,short,28429.999,28353.80573873874,28452.130008203298,28353.80573873874,18.442506836081442,3.442828295997136,VWAP,12,-10.866742740749368
2021-05-23 19:20:00,2021-05-23 19:45:00,short,28374.319,28325.360372549014,28397.975927028278,28325.360372549014,19.71410585689933,2.069526079716995,VWAP,5,-8.797216661032373
2021-05-23 19:55:00,2021-05-23 20:05:00,long,28226.519,28325.196916666657,28187.959288781658,28325.196916666657,32.13309268195336,2.559093767790264,VWAP,2,-6.2381228932421084
2021-05-23 20:15:00,2021-05-23 21:15:00,short,28534.369,28476.319,28595.953346108578,28335.2428095238,51.3202884238148,0.9426096673601572,TIMEOUT,12,-5.295513225881951
2021-05-24 00:35:00,2021-05-24 01:25:00,long,28389.369,28359.510486970186,28359.510486970186,28429.563583333333,24.882094191509694,-1.0000000000000275,SL,10,-6.295513225881979
2021-05-24 02:00:00,2021-05-24 03:00:00,long,28359.419,28369.319,28333.392343355707,28399.552600000006,21.68888053691203,0.3803792448373539,TIMEOUT,12,-5.915133981044625
2021-05-24 04:20:00,2021-05-24 05:10:00,long,28349.369,28381.442836477996,28329.256966002165,28381.442836477996,16.76002833152913,1.594758465575882,VWAP,10,-4.3203755154687435
2021-05-24 07:15:00,2021-05-24 08:05:00,long,28359.319,28376.741954545458,28346.51543379428,28376.741954545458,10.66963850476611,1.3607891946288675,VWAP,10,-2.9595863208398763
2021-05-24 08:45:00,2021-05-24 09:05:00,short,28414.319,28429.075747887324,28429.075747887324,28376.16915723271,12.297289906103964,-0.9999999999999697,SL,4,-3.959586320839846
2021-05-24 10:00:00,2021-05-24 10:15:00,short,28461.269,28481.236417844517,28481.236417844517,28382.297264462813,16.63951487042977,-1.000000000000044,SL,3,-4.95958632083989
2021-05-24 10:35:00,2021-05-24 10:40:00,short,28486.319,28506.937380745552,28506.937380745552,28387.24639583334,17.181983954626126,-1.000000000000066,SL,1,-5.959586320839955
2021-05-24 19:00:00,2021-05-24 19:05:00,short,28519.269,28531.50053835656,28531.50053835656,28427.158093851118,10.19294863046431,-1.0000000000000926,SL,1,-6.959586320840048
2021-05-24 19:10:00,2021-05-24 19:40:00,short,28529.319,28541.722030521723,28541.722030521723,28428.128679487163,10.3358587681044,-0.9999999999998848,SL,6,-7.959586320839932
2021-05-24 19:50:00,2021-05-24 19:55:00,short,28541.419,28560.613761329118,28560.613761329118,28431.878274691342,15.995634440929031,-1.0000000000000535,SL,1,-8.959586320839986
2021-05-25 07:10:00,2021-05-25 08:10:00,short,28601.419,28579.999,28614.92559927846,28558.181528735626,11.255499398715703,1.5858914267312147,TIMEOUT,12,-7.3736948941087705
2021-05-25 08:45:00,2021-05-25 08:50:00,short,28589.269,28600.238450279205,28600.238450279205,28563.211327044024,9.141208566004753,-0.9999999999998871,SL,1,-8.373694894108658
2021-05-25 08:55:00,2021-05-25 09:25:00,short,28594.319,28606.315046414213,28606.315046414213,28563.790574074075,9.996705345177539,-1.0000000000000127,SL,6,-9.37369489410867
2021-05-25 09:50:00,2021-05-25 10:50:00,long,28524.319,28524.269,28503.41404083646,28566.06538655463,17.420799302952318,-0.0023917769754111715,TIMEOUT,12,-9.376086671084082
2021-05-25 11:00:00,2021-05-25 11:05:00,long,28494.369,28467.548448961694,28467.548448961694,28561.980829573942,22.35045919858773,-0.9999999999999892,SL,1,-10.376086671084071
2021-05-26 03:20:00,2021-05-26 04:20:00,long,28569.999,28599.469,28547.520633886794,28633.18249593496,18.73197176100505,1.3110383491212698,TIMEOUT,12,-9.0650483219628
2021-05-26 04:40:00,2021-05-26 05:30:00,long,28584.269,28622.699994152048,28565.014553376866,28622.699994152048,16.045372185944146,1.9959542283534355,VWAP,10,-7.069094093609365
2021-05-26 06:00:00,2021-05-26 07:00:00,long,28584.319,28594.269,28567.45498520247,28618.923977168946,14.053345664609703,0.5900137137840447,TIMEOUT,12,-6.479080379825321
2021-05-26 07:50:00,2021-05-26 08:00:00,long,28584.469,28570.529396144462,28570.529396144462,28613.32524561404,11.616336546282994,-0.9999999999999385,SL,2,-7.47908037982526
2021-05-26 09:50:00,2021-05-26 10:50:00,long,28549.519,28594.269,28527.200474085785,28610.498355742304,18.598771595180313,2.005060736179503,TIMEOUT,12,-5.474019643645757
2021-05-26 19:10:00,2021-05-26 19:30:00,long,28579.469,28565.740795658057,28565.740795658057,28610.242333333324,11.440170284954203,-0.9999999999998976,SL,4,-6.474019643645655
2021-05-26 19:35:00,2021-05-26 19:40:00,long,28569.519,28555.39956433567,28555.39956433567,28609.39700947866,11.766196386943578,-0.9999999999999672,SL,1,-7.474019643645622
2021-05-26 20:10:00,2021-05-26 20:30:00,long,28511.419,28481.99186360786,28481.99186360786,28607.575039755335,24.522613660119653,-0.9999999999999952,SL,4,-8.474019643645617
2021-05-26 20:35:00,2021-05-26 20:45:00,long,28471.319,28436.767343412626,28436.767343412626,28605.11142152465,28.793047156145434,-0.9999999999999604,SL,2,-9.474019643645578
2021-05-26 20:50:00,2021-05-26 21:15:00,long,28409.999,28373.31077787082,28373.31077787082,28602.77969321532,30.573518440980877,-1.0000000000000266,SL,5,-10.474019643645605
2021-05-27 02:00:00,2021-05-27 02:50:00,short,28564.369,28500.727,28593.15013663704,28500.727,23.98428053086755,2.2112399799420412,VWAP,10,-8.262779663703563
2021-05-27 06:20:00,2021-05-27 06:40:00,short,28566.999,28582.671332714428,28582.671332714428,28521.42995238095,13.06027726202355,-0.9999999999999958,SL,4,-9.26277966370356
2021-05-27 06:45:00,2021-05-27 07:20:00,short,28589.519,28604.99653905095,28604.99653905095,28524.41680487805,12.897949209124963,-0.9999999999999653,SL,7,-10.262779663703524
2021-05-27 07:55:00,2021-05-27 08:00:00,short,28619.469,28633.02590342995,28633.02590342995,28534.138305555545,11.297419524955547,-1.0000000000000882,SL,1,-11.262779663703613
2021-05-28 07:45:00,2021-05-28 08:10:00,long,29089.269,29075.22038844316,29075.22038844316,29112.728326241133,11.707176297369726,-0.9999999999998763,SL,5,-12.262779663703489
2021-05-28 08:15:00,2021-05-28 09:15:00,long,29069.369,29084.519,29055.461259616517,29110.983399999997,11.589783652901437,1.0893214556978046,TIMEOUT,12,-11.173458208005684
2021-05-28 13:00:00,2021-05-28 13:10:00,long,29089.469,29076.372328682464,29076.372328682464,29107.406494692146,10.913892764614726,-0.999999999999924,SL,2,-12.173458208005608
2021-05-28 13:15:00,2021-05-28 14:15:00,long,29059.999,29064.269,29046.004777374405,29106.841125,11.661852187995116,0.30512591618994267,TIMEOUT,12,-11.868332291815666
2021-05-28 15:10:00,2021-05-28 15:30:00,long,29054.319,29041.69350173121,29041.69350173121,29102.465429872504,10.521248557323917,-1.0000000000000768,SL,4,-12.868332291815742
2021-05-28 15:35:00,2021-05-28 15:45:00,long,29044.419,29031.40239191127,29031.40239191127,29101.16226241136,10.847173407275449,-1.0000000000001146,SL,2,-13.868332291815857
2021-05-28 15:55:00,2021-05-30 18:45:00,long,29019.269,29059.469,29004.066046136446,29099.824746527785,12.669128219627114,2.644222981980887,TIMEOUT,12,-11.22410930983497
2021-05-30 21:30:00,2021-05-30 21:35:00,long,28974.269,28930.09192718328,28930.09192718328,29048.11786178862,36.814227347267305,-1.0000000000000095,SL,1,-12.22410930983498
2021-05-30 21:40:00,2021-05-30 22:40:00,long,28931.369,28929.269,28887.494462724357,29042.99527906977,36.56211439636826,-0.04786375265464998,TIMEOUT,12,-12.271973062489629
2021-06-01 03:50:00,2021-06-01 04:05:00,short,28854.469,28881.987372898926,28881.987372898926,28786.962404255326,22.93197741576955,-1.0000000000000564,SL,3,-13.271973062489685
2021-06-01 04:55:00,2021-06-01 05:20:00,short,28904.469,28928.24333959925,28928.24333959925,28805.870000000006,19.81194966603902,-1.000000000000027,SL,5,-14.271973062489712
2021-06-01 07:00:00,2021-06-01 07:15:00,short,28911.319,28928.658101613946,28928.658101613946,28835.166411764723,14.449251344955638,-0.9999999999999961,SL,3,-15.271973062489709
2021-06-01 07:25:00,2021-06-01 07:55:00,short,28934.269,28951.14252670678,28951.14252670678,28839.97255555557,14.061272255649769,-0.9999999999999364,SL,6,-16.271973062489646
2021-06-01 08:00:00,2021-06-01 09:00:00,short,28954.419,28949.369,28972.003151291494,28846.919103092798,14.653459409577016,0.2871904316727647,TIMEOUT,12,-15.984782630816882
2021-06-01 10:10:00,2021-06-01 10:15:00,long,28829.319,28801.613533164946,28801.613533164946,28864.573742547436,23.087889029210253,-1.0000000000000544,SL,1,-16.984782630816937
2021-06-01 10:50:00,2021-06-01 11:50:00,long,28769.319,28801.369,28734.61213142268,28860.21492875319,28.922390481099743,0.923448334977226,TIMEOUT,12,-16.06133429583971
2021-06-01 23:25:00,2021-06-02 00:25:00,short,29004.269,28921.269,29039.17729162209,28829.2971794872,29.090243018408117,2.377658606114031,TIMEOUT,12,-13.68367568972568
2021-06-02 02:30:00,2021-06-02 03:10:00,long,28894.419,28939.709645161285,28866.26023354318,28939.709645161285,23.4656387140171,1.608403025421354,VWAP,8,-12.075272664304325
2021-06-02 03:30:00,2021-06-02 04:30:00,long,28854.369,28881.369,28827.987052488894,28928.766596899215,21.98495625925489,1.0234270987247607,TIMEOUT,12,-11.051845565579566
2021-06-02 04:45:00,2021-06-02 05:45:00,long,28846.369,28869.319,28822.506097938873,28912.558999999997,19.8857517176044,0.9617438793158462,TIMEOUT,12,-10.090101686263719
2021-06-02 07:20:00,2021-06-02 08:20:00,long,28879.319,28884.369,28860.959680624863,28904.262520599248,15.299432812612704,0.27506466317257317,TIMEOUT,12,-9.815037023091145
2021-06-02 09:00:00,2021-06-02 09:35:00,short,28934.269,28902.6846880734,28950.3821734821,28902.6846880734,13.427644568415571,1.9601546499631828,VWAP,7,-7.854882373127962
2021-06-02 13:15:00,2021-06-02 13:25:00,long,28881.319,28865.314568762984,28865.314568762984,28911.004750000004,13.337026030847136,-0.9999999999999352,SL,2,-8.854882373127896
2021-06-02 14:15:00,2021-06-02 15:15:00,long,28844.519,28869.369,28826.50488360348,28907.67894186047,15.01176366376527,1.3794737112280135,TIMEOUT,12,-7.475408661899883
2021-06-03 01:45:00,2021-06-03 02:05:00,long,29039.999,29070.12248484849,29017.098060139117,29070.12248484849,19.084116550736134,1.3153820337279039,VWAP,4,-6.1600266281719795
2021-06-03 02:35:00,2021-06-03 02:45:00,long,29026.319,29004.028496750274,29004.028496750274,29063.611916666665,18.575419374772295,-0.9999999999999477,SL,2,-7.160026628171927
2021-06-03 02:50:00,2021-06-03 03:50:00,long,28994.419,28979.369,28972.36731791558,29058.845380952378,18.376401737017133,-0.6824876189665225,TIMEOUT,12,-7.84251424713845
2021-06-03 06:05:00,2021-06-03 06:10:00,long,28969.469,28946.453698035722,28946.453698035722,29031.956756756754,19.179418303566443,-0.9999999999999455,SL,1,-8.842514247138395
2021-06-03 06:15:00,2021-06-03 06:40:00,long,28944.269,28920.302234530798,28920.302234530798,29029.789096491226,19.972304557666984,-1.0000000000000706,SL,5,-9.842514247138466
2021-06-03 07:10:00,2021-06-03 08:05:00,long,28874.419,28846.21283817296,28846.21283817296,29016.10115325669,23.5051348558668,-1.0000000000000582,SL,11,-10.842514247138524
2021-06-03 14:40:00,2021-06-03 15:30:00,long,28959.519,28985.356461393578,28939.837692605084,28985.356461393578,16.401089495762857,1.312791923581892,VWAP,10,-9.529722323556632
2021-06-03 19:30:00,2021-06-03 19:35:00,long,28961.269,28945.743659630312,28945.743659630312,28984.4681737089,12.937783641407236,-0.9999999999999503,SL,1,-10.529722323556582
2021-06-03 19:40:00,2021-06-03 19:45:00,long,28939.469,28922.311966722056,28922.311966722056,28984.0576852713,14.297527731621573,-0.999999999999932,SL,1,-11.529722323556514
2021-06-03 19:50:00,2021-06-03 20:00:00,long,28891.269,28871.027986612382,28871.027986612382,28983.387897081397,16.867511156347323,-1.0000000000000746,SL,2,-12.529722323556589
2021-06-03 21:20:00,2021-06-03 22:20:00,long,28801.519,28906.999,28758.19919796336,28971.583243971614,36.09983503053287,2.4349141741410927,TIMEOUT,12,-10.094808149415496
2021-06-04 01:10:00,2021-06-04 01:15:00,long,28894.369,28940.737222222226,28868.102300879076,28940.737222222226,21.888915934103075,1.7652854669238063,VWAP,1,-8.329522682491689
2021-06-04 08:35:00,2021-06-04 09:35:00,short,29039.369,29004.369,29063.769295405353,28954.75755769232,20.333579504461824,1.4344088634402312,TIMEOUT,12,-6.895113819051458
2021-06-04 10:50:00,2021-06-04 11:10:00,short,29039.519,29062.708454889937,29062.708454889937,28966.319203562347,19.324545741613676,-0.9999999999999959,SL,4,-7.895113819051454
2021-06-07 07:20:00,2021-06-07 08:20:00,short,29064.319,29054.419,29077.760872080766,29027.207239700376,11.20156006730631,0.736504553868102,TIMEOUT,12,-7.158609265183352
2021-06-07 08:35:00,2021-06-07 08:45:00,short,29059.319,29070.7321648733,29070.7321648733,29031.25377564103,9.510970727751696,-0.9999999999999852,SL,2,-8.158609265183337
2021-06-07 08:50:00,2021-06-07 09:35:00,short,29074.999,29032.296850467297,29086.58708718172,29032.296850467297,9.65673931810147,3.685004165317118,VWAP,9,-4.473605099866219
2021-06-07 10:05:00,2021-06-07 10:15:00,long,28989.319,28971.007997496137,28971.007997496137,29033.3058852459,15.259168753217242,-1.0000000000000855,SL,2,-5.473605099866305
2021-06-07 10:20:00,2021-06-07 10:35:00,long,28964.369,28944.28470244133,28944.28470244133,29031.95046666667,16.73691463222235,-1.0000000000000318,SL,3,-6.473605099866337
2021-06-07 12:40:00,2021-06-07 12:55:00,short,29084.519,29107.392911175222,29107.392911175222,29030.698150326803,19.06159264601907,-0.9999999999999623,SL,3,-7.473605099866299
2021-06-07 13:20:00,2021-06-07 13:35:00,short,29124.369,29144.78435954873,29144.78435954873,29034.386598343688,17.012799623942847,-0.9999999999999116,SL,3,-8.47360509986621
2021-06-08 06:20:00,2021-06-08 06:35:00,long,29019.419,28998.511292130534,28998.511292130534,29057.385017316014,17.42308989122354,-0.9999999999999949,SL,3,-9.473605099866205
2021-06-08 10:00:00,2021-06-08 11:00:00,long,29024.469,29034.319,29004.136662266177,29060.848641873286,16.943614778186895,0.48444995007201647,TIMEOUT,12,-8.989155149794188
2021-06-09 10:40:00,2021-06-09 10:55:00,short,28867.319,28887.193743915544,28887.193743915544,28829.157203125007,16.562286596287816,-0.9999999999999795,SL,3,-9.989155149794167
2021-06-09 11:20:00,2021-06-09 12:20:00,short,28902.319,28882.269,28918.73938514487,28832.478534313734,13.683654287390294,1.221043222988301,TIMEOUT,12,-8.768111926805865
2021-06-09 12:45:00,2021-06-09 12:55:00,short,28892.519,28904.362319541156,28904.362319541156,28838.218324618756,9.869432950962072,-1.0000000000001477,SL,2,-9.768111926806013
2021-06-09 14:15:00,2021-06-09 15:20:00,short,28912.519,28867.469,28923.37279489419,28844.650019607856,9.044829078491869,4.150622011856275,TIMEOUT,12,-5.617489914949737
2021-06-09 15:30:00,2021-06-09 18:05:00,long,28814.319,28847.98394565219,28801.85159888374,28847.98394565219,10.389500930216558,2.700237630783075,VWAP,10,-2.917252284166662
2021-06-09 19:10:00,2021-06-09 19:40:00,long,28822.269,28808.630288150507,28808.630288150507,28846.281446633842,11.365593207912093,-0.999999999999898,SL,6,-3.91725228416656
2021-06-09 20:55:00,2021-06-09 21:10:00,short,28952.269,28986.48557316548,28986.48557316548,28847.25981845239,28.51381097123251,-0.9999999999999886,SL,3,-4.9172522841665485
2021-06-10 02:40:00,2021-06-10 03:10:00,long,28927.519,28908.011679214364,28908.011679214364,28952.9697070707,16.256100654695942,-1.0000000000000802,SL,6,-5.917252284166628
2021-06-10 03:15:00,2021-06-10 04:15:00,long,28882.369,28909.419,28860.896992252245,28947.037666666663,17.893339789795018,1.2597797242706543,TIMEOUT,12,-4.657472559895974
2021-06-10 04:30:00,2021-06-10 05:30:00,long,28882.269,28914.369,28861.735820106376,28935.64069696969,17.110983244685563,1.5633233705787755,TIMEOUT,12,-3.094149189317199
2021-06-10 06:10:00,2021-06-10 07:10:00,short,28964.319,28931.386199999997,28981.53900062624,28931.386199999997,14.350000521866482,1.9124737980450146,VWAP,12,-1.1816753912721845
2021-06-10 07:30:00,2021-06-10 07:35:00,long,28912.319,28896.725520991746,28896.725520991746,28933.68724175825,12.994565840210935,-1.0000000000000422,SL,1,-2.1816753912722264
2021-06-10 09:20:00,2021-06-10 09:35:00,short,29077.419,29107.921872711562,29107.921872711562,28942.806640118,25.4190605929681,-0.9999999999999595,SL,3,-3.181675391272186
2021-06-10 09:40:00,2021-06-10 10:40:00,short,29122.369,29032.469,29152.11337930849,28948.221564102572,24.78698275707424,3.0224197677018,TIMEOUT,12,-0.15925562357038592
2021-06-10 11:25:00,2021-06-10 12:25:00,short,29042.369,29017.419,29069.175037162036,28964.400642512082,22.338364301697947,0.9307604794091329,TIMEOUT,12,0.771504855838747
2021-06-10 13:00:00,2021-06-10 14:00:00,short,29037.419,29058.597052684392,29058.597052684392,28971.62940339703,17.64837723699191,-1.0000000000000062,SL,12,-0.22849514416125927
2021-06-10 14:05:00,2021-06-10 15:05:00,short,29057.519,29037.319,29073.490392928357,28977.179450980406,13.309494106963282,1.2647613198556549,TIMEOUT,12,1.0362661756943956
2021-06-10 19:40:00,2021-06-10 19:45:00,long,28957.519,28983.39514197532,28942.359242529208,28983.39514197532,12.633131225661424,1.7068968303202119,VWAP,1,2.7431630060146075
2021-06-10 20:30:00,2021-06-10 20:35:00,long,28892.319,28844.62489897474,28844.62489897474,28983.764604719778,39.74508418771612,-1.0000000000000022,SL,1,1.7431630060146053
2021-06-10 22:10:00,2021-06-10 23:10:00,long,28909.319,28924.519,28858.123245455452,28983.165287262877,42.66312878712224,0.2968996186348779,TIMEOUT,12,2.040062624649483
2021-06-11 02:30:00,2021-06-11 03:30:00,long,28924.319,28944.469,28902.156006275163,28957.128032258064,18.469161437363706,0.9091732033213917,TIMEOUT,12,2.949235827970875
2021-06-11 05:20:00,2021-06-11 06:20:00,short,28979.519,28993.27799372805,28993.27799372805,28950.50787179487,11.46582810670854,-0.99999999999998,SL,12,1.9492358279708948
2021-06-11 06:50:00,2021-06-11 07:00:00,short,29009.369,29019.577337508956,29019.577337508956,28958.630365461846,8.506947924129507,-1.0000000000001463,SL,2,0.9492358279707485
2021-06-11 07:05:00,2021-06-11 08:05:00,short,29019.519,29014.319,29029.461015126522,28960.659387596894,8.28501260543451,0.5230327990679836,TIMEOUT,12,1.4722686270387322
2021-06-11 09:00:00,2021-06-11 09:05:00,short,29029.519,29039.212728397455,29039.212728397455,28970.665137071654,8.078106997878198,-1.0000000000001028,SL,1,0.4722686270386294
2021-06-11 12:40:00,2021-06-11 12:55:00,long,28964.519,28980.6474768212,28951.859262771086,28980.6474768212,10.549781024094823,1.273997756001041,VWAP,3,1.7462663830396703
2021-06-11 16:00:00,2021-06-11 16:10:00,short,29044.519,29055.795760623037,29055.795760623037,28982.600086956547,9.39730051919741,-1.0000000000000329,SL,2,0.7462663830396374
2021-06-14 09:35:00,2021-06-14 09:45:00,long,29141.369,29156.00245029239,29130.318813717713,29156.00245029239,9.208488568571196,1.32427181936758,VWAP,2,2.070538202407217
2021-06-14 13:40:00,2021-06-14 14:40:00,short,29179.419,29179.469,29190.38631029377,29160.010002044983,9.139425244806947,-0.00455900295149692,TIMEOUT,12,2.0659791994557204
2021-06-14 15:20:00,2021-06-14 15:25:00,short,29189.519,29198.278064177357,29198.278064177357,29162.369072859736,7.29922014779597,-1.000000000000184,SL,1,1.0659791994555363
2021-06-14 15:30:00,2021-06-14 15:45:00,short,29204.369,29214.007376765167,29214.007376765167,29162.751234234223,8.031980637640352,-0.999999999999933,SL,3,0.06597919945560327
2021-06-14 15:50:00,2021-06-14 15:55:00,short,29229.419,29239.99524632419,29239.99524632419,29163.759282186937,8.813538603489247,-1.0000000000000955,SL,1,-0.9340208005444922
2021-06-14 23:30:00,2021-06-14 23:40:00,short,29409.519,29430.892115377148,29430.892115377148,29213.371901960763,17.810929480956297,-1.00000000000001,SL,2,-1.934020800544502
2021-06-14 23:45:00,2021-06-15 00:45:00,short,29459.519,29444.319,29483.057136473613,29215.989413436673,19.615113728010375,0.6457605519043857,TIMEOUT,12,-1.2882602486401162
2021-06-15 04:30:00,2021-06-15 04:55:00,long,29414.319,29448.691484848492,29397.5603399996,29448.691484848492,13.965550000332955,2.0510282354122062,VWAP,5,0.76276798677209
2021-06-15 05:55:00,2021-06-15 06:05:00,long,29416.469,29402.929054936787,29402.929054936787,29444.932981481485,11.28328755267908,-0.9999999999999312,SL,2,-0.23723201322784115
2021-06-15 06:10:00,2021-06-15 07:10:00,long,29394.269,29414.369,29379.73173348984,29443.30357777778,12.11438875846795,1.3826533334825126,TIMEOUT,12,1.1454213202546715
2021-06-15 07:50:00,2021-06-15 08:10:00,long,29409.999,29399.882983800435,29399.882983800435,29435.20422807017,8.430013499636582,-1.0000000000001001,SL,4,0.14542132025457133
2021-06-15 08:55:00,2021-06-15 09:00:00,long,29381.519,29369.949597455696,29369.949597455696,29431.194740740742,9.641168786921275,-0.9999999999999081,SL,1,-0.8545786797453367
2021-06-15 09:40:00,2021-06-15 10:35:00,long,29374.419,29359.642409300293,29359.642409300293,29427.87070940171,12.313825583090496,-0.9999999999999815,SL,11,-1.8545786797453183
2021-06-15 11:05:00,2021-06-15 12:05:00,long,29344.269,29364.469,29327.008195496943,29420.691139303486,14.384003752548265,1.1702814892794888,TIMEOUT,12,-0.6842971904658295
2021-06-15 12:55:00,2021-06-15 13:10:00,long,29364.519,29350.103606329292,29350.103606329292,29412.669982905965,12.012828058922691,-1.0000000000000535,SL,3,-1.684297190465883
2021-06-15 13:15:00,2021-06-15 14:15:00,long,29344.999,29369.519,29330.77075149341,29411.337604166656,11.856873755489602,1.723332284268717,TIMEOUT,12,0.0390350938028341
2021-06-15 15:30:00,2021-06-15 18:10:00,long,29334.319,29351.469,29322.34295843329,29404.69507843137,9.980034638924641,1.4320257577991555,TIMEOUT,12,1.4710608516019896
2021-06-15 19:05:00,2021-06-15 19:30:00,long,29324.269,29313.332226032227,29313.332226032227,29398.36994098884,9.113978306477325,-0.9999999999999966,SL,5,0.47106085160199307
2021-06-15 19:45:00,2021-06-15 20:15:00,long,29301.269,29395.80065898618,29283.593996113985,29395.80065898618,14.729169905011833,5.348324650778727,VWAP,6,5.81938550238072
2021-06-15 21:35:00,2021-06-15 21:40:00,long,29359.519,29334.587948192264,29334.587948192264,29394.00668479777,20.775876506448096,-0.999999999999946,SL,1,4.819385502380774
2021-06-15 22:20:00,2021-06-15 22:55:00,long,29345.519,29321.808575148494,29321.808575148494,29392.494913978495,19.75868737625587,-0.9999999999999603,SL,7,3.819385502380814
2021-06-15 23:00:00,2021-06-15 23:30:00,long,29323.419,29304.974029341654,29304.974029341654,29390.72957291666,15.370808881955128,-1.0000000000000622,SL,6,2.8193855023807517
2021-06-15 23:40:00,2021-06-16 00:40:00,long,29293.999,29308.369,29275.152815112764,29388.305893939392,15.705154072697242,0.7624885400403166,TIMEOUT,12,3.5818740424210684
2021-06-16 08:20:00,2021-06-16 08:35:00,long,29278.469,29294.242266666664,29267.092189506122,29294.242266666664,9.48067541156719,1.3864401340909691,VWAP,3,4.968314176512037
2021-06-16 09:35:00,2021-06-16 09:55:00,short,29318.999,29294.349724637683,29332.34287403163,29294.349724637683,11.119895026358344,1.8472353159126733,VWAP,4,6.815549492424711
2021-06-16 12:25:00,2021-06-16 13:25:00,long,29273.469,29273.369,29259.99417879215,29297.499693512305,11.22901767320931,-0.007421248746804692,TIMEOUT,12,6.808128243677906
2021-06-16 13:50:00,2021-06-16 14:00:00,long,29253.469,29239.52622520031,29239.52622520031,29295.364803212862,11.618978999742387,-1.0000000000001112,SL,2,5.808128243677795
2021-06-16 19:05:00,2021-06-16 19:30:00,long,29255.319,29228.862859520494,29228.862859520494,29294.46437480065,22.046783732921806,-0.9999999999999879,SL,5,4.808128243677808
2021-06-17 05:05:00,2021-06-17 06:05:00,short,29081.519,29086.269,29101.788169221774,29027.361795698922,16.890974351479198,-0.2343460626347283,TIMEOUT,12,4.57378218104308
2021-06-17 06:15:00,2021-06-17 07:10:00,short,29093.269,29108.597352308265,29108.597352308265,29038.325403508774,12.773626923553254,-1.0000000000000444,SL,11,3.5737821810430352
2021-06-17 07:20:00,2021-06-17 07:25:00,short,29123.269,29138.47134642835,29138.47134642835,29046.339112359554,12.668622023623161,-1.0000000000000393,SL,1,2.573782181042996
2021-06-17 09:20:00,2021-06-17 09:30:00,short,29106.469,29122.59509769421,29122.59509769421,29059.712893805314,13.438414745175994,-0.9999999999999465,SL,2,1.5737821810430497
2021-06-17 09:35:00,2021-06-17 09:40:00,short,29171.269,29190.89094483753,29190.89094483753,29061.53190229886,16.351620697941655,-1.0000000000000244,SL,1,0.5737821810430253
2021-06-17 10:35:00,2021-06-17 11:15:00,short,29153.369,29067.481734375007,29181.8420195799,29067.481734375007,23.72751631658576,3.0164438788786967,VWAP,8,3.590226059921722
2021-06-17 11:35:00,2021-06-17 12:20:00,short,29121.269,29071.495285714296,29147.35056848025,29071.495285714296,21.73464040020872,1.908386542143499,VWAP,9,5.498612602065221
2021-06-17 12:25:00,2021-06-17 12:30:00,long,29003.419,28974.73293160764,28974.73293160764,29072.71595555557,23.905056993636187,-0.9999999999999628,SL,1,4.498612602065259
2021-06-17 15:10:00,2021-06-17 15:30:00,short,29146.269,29169.467547893015,29169.467547893015,29077.46247905282,19.33212324417905,-0.9999999999999896,SL,4,3.4986126020652693
2021-06-17 15:40:00,2021-06-17 18:30:00,short,29191.999,29198.999,29215.471466547333,29080.11739506173,19.560388789443568,-0.2982217478459064,TIMEOUT,12,3.200390854219363
2021-06-17 18:45:00,2021-06-17 18:50:00,short,29216.999,29235.38697092466,29235.38697092466,29087.949669934645,15.323309103885517,-0.999999999999923,SL,1,2.2003908542194397
2021-06-17 23:40:00,2021-06-17 23:55:00,long,29063.269,29040.245124476358,29040.245124476358,29094.71481749049,19.18656293636938,-0.9999999999999605,SL,3,1.2003908542194792
2021-06-22 02:45:00,2021-06-22 03:05:00,long,28789.369,28761.422589020072,28761.422589020072,28837.595274509793,23.2886758166055,-0.9999999999999942,SL,4,0.200390854219485
2021-06-22 03:10:00,2021-06-22 03:50:00,long,28729.269,28700.14965522556,28700.14965522556,28829.507803418797,24.266120645368694,-0.999999999999945,SL,8,-0.79960914578046
2021-06-22 03:55:00,2021-06-22 04:30:00,long,28679.999,28647.71583191978,28647.71583191978,28809.536013888883,26.90264006685054,-0.9999999999999547,SL,7,-1.7996091457804146
2021-06-22 07:15:00,2021-06-22 08:15:00,short,28809.519,28799.369,28835.97847794135,28756.49464393938,22.049564951122985,0.3836054521748631,TIMEOUT,12,-1.4160036936055516
2021-06-22 08:50:00,2021-06-22 09:10:00,long,28714.319,28762.17099376945,28689.651046202922,28762.17099376945,20.55662816423118,1.9398444704043627,VWAP,4,0.5238407767988111
2021-06-22 09:30:00,2021-06-22 09:55:00,long,28719.999,28694.348731894595,28694.348731894595,28760.626217391284,21.375223421169853,-1.0000000000000222,SL,5,-0.47615922320121107
2021-06-22 10:00:00,2021-06-22 10:20:00,long,28699.269,28758.255804407694,28669.937703869193,28758.255804407694,24.442746775673125,2.0110534544614898,VWAP,4,1.5348942312602787
2021-06-22 11:15:00,2021-06-22 12:15:00,short,28836.519,28814.999,28864.890411806766,28759.352921568618,23.642843172304115,0.7585100151720037,TIMEOUT,12,2.2934042464322824
2021-06-22 14:40:00,2021-06-22 15:05:00,short,28824.519,28840.494862320786,28840.494862320786,28770.054329566843,13.313218600653656,-1.0000000000000622,SL,5,1.2934042464322202
2021-06-22 15:10:00,2021-06-22 15:20:00,short,28854.469,28871.078590901318,28871.078590901318,28772.12675956283,13.841325751095816,-1.0000000000000948,SL,2,0.29340424643212537
2021-06-22 19:00:00,2021-06-22 19:35:00,short,28869.999,28886.065220843622,28886.065220843622,28782.161644230757,13.38851736968666,-0.999999999999903,SL,6,-0.7065957535677776
2021-06-22 19:40:00,2021-06-22 19:45:00,short,28904.999,28920.619944632293,28920.619944632293,28785.281465116273,13.017453860243382,-1.0000000000001041,SL,1,-1.7065957535678817
2021-06-22 19:50:00,2021-06-22 20:10:00,short,28951.319,28972.131651239066,28972.131651239066,28786.54947619047,17.343876032556743,-0.9999999999999152,SL,4,-2.7065957535677967
2021-06-23 02:05:00,2021-06-23 02:50:00,long,28861.469,28892.717717948715,28840.345447166237,28892.717717948715,17.60296069480185,1.4793305934202907,VWAP,9,-1.227265160147506
2021-06-23 03:15:00,2021-06-23 03:35:00,long,28859.519,28839.180780014987,28839.180780014987,28885.105166666668,16.948516654178334,-0.99999999999995,SL,4,-2.2272651601474562
2021-06-23 03:40:00,2021-06-23 04:40:00,long,28804.469,28819.319,28781.694758075326,28880.934407407407,18.978534937227987,0.652052439291517,TIMEOUT,12,-1.5752127208559392
2021-06-23 05:05:00,2021-06-23 06:05:00,long,28754.419,28784.419,28728.921075878687,28860.299,21.24827010109499,1.1765663689822763,TIMEOUT,12,-0.39864635187366293
2021-06-23 19:50:00,2021-06-23 19:55:00,long,28774.419,28803.22367592593,28753.248620422575,28803.22367592593,17.64198298118958,1.3606121619396603,VWAP,1,0.9619658100659974
2021-06-24 00:30:00,2021-06-24 01:20:00,long,28856.419,28837.964635841166,28837.964635841166,28882.97280952381,15.378636799029168,-1.0000000000000124,SL,10,-0.038034189934015084
2021-06-24 04:05:00,2021-06-24 05:05:00,short,28904.319,28909.419,28924.373243379185,28859.409666666666,16.711869482654457,-0.2543102675863385,TIMEOUT,12,-0.2923444575203536
2021-06-24 05:10:00,2021-06-24 06:10:00,short,28924.469,28899.469,28941.49736057872,28865.967253968254,14.190300482264657,1.4681389840455656,TIMEOUT,12,1.175794526525212
2021-06-24 06:25:00,2021-06-24 07:25:00,short,28924.369,28911.469,28938.715345322147,28875.170752136746,11.955287768455772,0.8991837091836666,TIMEOUT,12,2.074978235708879
2021-06-24 12:15:00,2021-06-24 12:30:00,short,28954.519,28969.684690922903,28969.684690922903,28899.145846846848,12.63807576908626,-0.9999999999999192,SL,3,1.0749782357089597
2021-06-25 00:40:00,2021-06-25 01:40:00,long,29064.419,29049.469,29044.182337068643,29092.453444444443,16.863885776130928,-0.7387581663395403,TIMEOUT,12,0.3362200693694194
2021-06-25 02:45:00,2021-06-25 03:00:00,long,29039.469,29020.01329155781,29020.01329155781,29071.731156862745,16.21309036849175,-1.000000000000014,SL,3,-0.6637799306305946
2021-06-25 10:00:00,2021-06-25 10:05:00,long,29009.369,29041.388917355373,28995.07226911785,29041.388917355373,11.913942401791843,2.239667069298433,VWAP,1,1.5758871386678384
2021-06-25 11:20:00,2021-06-25 12:20:00,short,29069.369,29064.519,29083.853193668583,29041.74829440389,12.070161390486499,0.3348477734399665,TIMEOUT,12,1.910734912107805
2021-06-27 19:40:00,2021-06-27 19:50:00,long,29049.999,29070.69804761905,29036.38035961509,29070.69804761905,11.348866987425568,1.5199055877843437,VWAP,2,3.4306404998921485
2021-06-27 20:20:00,2021-06-27 21:20:00,long,29011.419,29054.999,28978.893318896393,29065.5898045977,27.104734253007003,1.3398643324693773,TIMEOUT,12,4.770504832361526
2021-06-27 22:15:00,2021-06-27 23:15:00,long,29014.419,29029.319,28987.940207882773,29052.884769230765,22.065660097691026,0.5627144899220188,TIMEOUT,12,5.333219322283545
2021-06-28 01:05:00,2021-06-28 02:00:00,long,29011.269,29030.911857142848,28997.17269577214,29030.911857142848,11.746920189883422,1.393475681663099,VWAP,11,6.726695003946644
2021-06-28 02:20:00,2021-06-28 03:15:00,long,28994.319,29022.588195402295,28978.523705276344,29022.588195402295,13.162745603046144,1.789722565920798,VWAP,11,8.516417569867443
2021-06-28 04:00:00,2021-06-28 04:25:00,long,28984.319,28966.702190559216,28966.702190559216,29018.23348979592,14.680674533986526,-1.0000000000000087,SL,5,7.516417569867434
2021-06-28 06:15:00,2021-06-28 06:25:00,long,28984.319,28970.936507822473,28970.936507822473,29008.98825438597,11.152076814604964,-1.0000000000000577,SL,2,6.516417569867376
2021-06-28 06:40:00,2021-06-28 07:20:00,long,28971.319,29006.864802469136,28958.372761326995,29006.864802469136,10.788532227504005,2.7456470846049967,VWAP,8,9.262064654472372
2021-06-28 07:35:00,2021-06-28 08:35:00,short,29034.369,29041.999,29049.52228048479,29006.348565217395,12.627733737326604,-0.503521333724312,TIMEOUT,12,8.75854332074806
2021-06-28 10:25:00,2021-06-28 10:35:00,long,28994.369,28979.979607398564,28979.979607398564,29012.84855026454,11.991160501196504,-0.9999999999999614,SL,2,7.7585433207481
2021-06-28 10:40:00,2021-06-28 10:50:00,long,28969.319,28954.54617800825,28954.54617800825,29012.115950904383,12.310684993122651,-1.0000000000000595,SL,2,6.75854332074804
2021-06-28 11:30:00,2021-06-28 12:30:00,long,28921.319,28939.269,28902.372060063,29008.174827338124,15.78911661416474,0.94738253563309,TIMEOUT,12,7.70592585638113
2021-06-29 05:20:00,2021-06-29 06:20:00,short,28859.269,28859.369,28878.7200082923,28814.638864583343,16.209173576917546,-0.005141121657848762,TIMEOUT,12,7.700784734723281
2021-06-29 07:00:00,2021-06-29 08:00:00,short,28874.369,28854.419,28890.33685696608,28824.515087301603,13.306547471735907,1.2493849389039724,TIMEOUT,12,8.950169673627254
2021-06-29 08:10:00,2021-06-29 08:20:00,short,28869.369,28884.380709784313,28884.380709784313,28829.13527891159,12.509758153593689,-1.0000000000001052,SL,2,7.950169673627149
2021-06-29 08:25:00,2021-06-29 09:25:00,short,28891.269,28906.480634984015,28906.480634984015,28830.72274917494,12.676362486678416,-1.0000000000000187,SL,12,6.950169673627131
2021-06-29 15:50:00,2021-06-29 15:55:00,long,28834.469,28851.49197543863,28822.53790057436,28851.49197543863,9.942582854699747,1.4267734121840685,VWAP,1,8.376943085811199
2021-06-29 19:35:00,2021-06-29 19:50:00,long,28836.319,28852.587594339653,28825.480411249064,28852.587594339653,9.032157292446124,1.5009882479626047,VWAP,3,9.877931333773804
2021-06-29 19:55:00,2021-06-29 20:00:00,short,28886.999,28902.139454740616,28902.139454740616,28852.592574074104,12.617045617179206,-1.0000000000000897,SL,1,8.877931333773713
2021-06-29 20:05:00,2021-06-29 20:40:00,short,29004.469,28853.391027522965,29029.500759444716,28853.391027522965,20.85979953726158,6.035451595430716,VWAP,7,14.91338292920443
2021-06-29 22:05:00,2021-06-29 23:05:00,long,28789.519,28794.269,28758.879990459962,28854.367961432537,25.5325079500305,0.15503112115269527,TIMEOUT,12,15.068414050357125
2021-06-29 23:10:00,2021-06-30 00:10:00,long,28784.469,28814.319,28763.16309844343,28851.44151764709,17.75491796380936,1.401020272281889,TIMEOUT,12,16.469434322639014
2021-06-30 00:35:00,2021-06-30 00:50:00,long,28791.369,28815.528583333333,28773.596699341604,28815.528583333333,14.810250548661486,1.3593953758554913,VWAP,3,17.828829698494506
2021-06-30 02:00:00,2021-06-30 02:05:00,long,28779.269,28757.398996634314,28757.398996634314,28821.67273333333,18.225002804737176,-1.000000000000063,SL,1,16.82882969849444
2021-06-30 04:05:00,2021-06-30 04:10:00,long,28744.369,28722.544438407745,28722.544438407745,28795.650533333333,18.187134660210027,-1.0000000000000582,SL,1,15.828829698494383
2021-06-30 04:15:00,2021-06-30 04:25:00,long,28666.319,28640.769311688313,28640.769311688313,28792.070666666663,21.291406926405557,-0.9999999999999982,SL,2,14.828829698494385
2021-06-30 04:45:00,2021-06-30 04:55:00,long,28634.369,28606.150511318883,28606.150511318883,28777.461586206886,23.515407234262113,-1.0000000000000362,SL,2,13.82882969849435
2021-06-30 05:00:00,2021-06-30 05:05:00,long,28579.369,28549.825188180606,28549.825188180606,28768.98899999999,24.619843182825814,-1.0000000000000493,SL,1,12.8288296984943
2021-06-30 08:40:00,2021-06-30 09:15:00,long,28679.369,28657.29530824419,28657.29530824419,28722.302047619043,18.39474312984044,-1.0000000000000535,SL,7,11.828829698494246
2021-06-30 11:15:00,2021-06-30 11:30:00,long,28689.319,28719.9215490196,28665.19438280369,28719.9215490196,20.10384766359214,1.2685195694744875,VWAP,3,13.097349267968735
2021-06-30 12:30:00,2021-06-30 12:50:00,long,28686.319,28718.18805077262,28666.101547732786,28718.18805077262,16.84787688934638,1.576313887200266,VWAP,4,14.673663155169
2021-06-30 14:10:00,2021-06-30 15:10:00,long,28694.519,28704.469,28679.251167726987,28717.43687524365,12.723193560845008,0.6516969679832949,TIMEOUT,12,15.325360123152295
2021-06-30 16:10:00,2021-06-30 18:00:00,short,28796.369,28816.195852597528,28816.195852597528,28718.367529914518,16.522377164607665,-0.9999999999999936,SL,2,14.325360123152302
2021-06-30 18:05:00,2021-06-30 18:30:00,short,28806.519,28825.176224182498,28825.176224182498,28719.72203030302,15.547686818747653,-1.0000000000000375,SL,5,13.325360123152265
2021-06-30 18:35:00,2021-06-30 19:25:00,short,28844.319,28861.117307401026,28861.117307401026,28722.669473856204,13.99858950085541,-0.9999999999999856,SL,9,12.32536012315228
2021-07-01 05:45:00,2021-07-01 06:15:00,long,28679.269,28708.46147619047,28656.16082583776,28708.46147619047,19.25681180186719,1.2632965281251634,VWAP,6,13.588656651277443
2021-07-01 06:30:00,2021-07-01 06:45:00,long,28644.999,28620.737617265837,28620.737617265837,28705.621869198312,20.217818945134574,-1.0000000000000584,SL,3,12.588656651277384
2021-07-01 10:10:00,2021-07-01 11:10:00,short,28744.519,28719.419,28770.098420797985,28692.875504065032,21.316183998322273,0.9812575584969494,TIMEOUT,12,13.569914209774334
2021-07-01 12:25:00,2021-07-01 13:00:00,long,28669.519,28696.361666666668,28650.817358453874,28696.361666666668,15.584701288436722,1.4353107239524932,VWAP,7,15.005224933726828
2021-07-01 14:30:00,2021-07-01 14:35:00,short,28739.469,28755.082557797654,28755.082557797654,28696.373438095234,13.01129816471137,-0.9999999999999526,SL,1,14.005224933726875
2021-07-01 14:40:00,2021-07-01 15:20:00,short,28754.269,28770.729935039813,28770.729935039813,28696.996476459502,13.717445866511275,-0.9999999999999797,SL,8,13.005224933726895
2021-07-01 20:55:00,2021-07-01 21:55:00,short,28824.469,28814.269,28854.448679384775,28712.186935103244,24.983066153978804,0.3402304564064446,TIMEOUT,12,13.34545539013334
2021-07-02 08:30:00,2021-07-02 08:35:00,short,28829.419,28842.64480059793,28842.64480059793,28778.181783171516,11.02150049827365,-0.9999999999999295,SL,1,12.345455390133411
2021-07-02 13:05:00,2021-07-02 13:55:00,short,28799.369,28778.60435864979,28810.59868811394,28778.60435864979,9.358073428285426,1.8490844215367912,VWAP,10,14.194539811670202
2021-07-04 20:00:00,2021-07-04 20:05:00,long,28696.369,28674.367194609888,28674.367194609888,28755.944666666666,18.334837825093533,-0.9999999999999555,SL,1,13.194539811670246
2021-07-04 20:10:00,2021-07-04 20:15:00,long,28651.269,28623.87540249526,28623.87540249526,28746.854606060606,22.82799792061622,-0.9999999999999781,SL,1,12.194539811670268
2021-07-05 08:35:00,2021-07-05 09:35:00,short,28654.999,28621.369,28667.43219466503,28602.974064102553,10.360995554193085,2.7048559043787215,TIMEOUT,12,14.89939571604899
2021-07-05 10:30:00,2021-07-05 11:30:00,short,28659.319,28649.269,28670.202424105897,28609.44330446194,9.069520088248973,0.9234226197757209,TIMEOUT,12,15.82281833582471
2021-07-05 12:20:00,2021-07-05 18:00:00,short,28659.269,28667.644195361136,28667.644195361136,28615.754078299764,6.979329467612307,-1.0000000000000768,SL,9,14.822818335824634
2021-07-05 20:45:00,2021-07-05 20:55:00,short,28684.419,28715.102652403024,28715.102652403024,28625.68739441533,25.56971033585159,-1.0000000000000122,SL,2,13.822818335824621
2021-07-05 22:10:00,2021-07-05 23:10:00,short,28717.519,28687.469,28749.744645160572,28631.988246794852,26.854704300475127,0.9324871496061496,TIMEOUT,12,14.755305485430771
2021-07-06 00:55:00,2021-07-06 01:45:00,long,28672.519,28657.12985177373,28657.12985177373,28693.320666666667,12.824290188556745,-1.000000000000108,SL,10,13.755305485430663
2021-07-06 02:15:00,2021-07-06 03:05:00,long,28632.269,28614.09464206695,28614.09464206695,28678.33328571429,15.145298277540801,-1.0000000000000842,SL,9,12.75530548543058
2021-07-06 03:45:00,2021-07-06 04:45:00,long,28582.999,28592.269,28555.42255406329,28662.74211111111,22.980371613924056,0.33615644384617793,TIMEOUT,12,13.091461929276758
2021-07-06 23:55:00,2021-07-07 00:40:00,long,28367.419,28339.018247070504,28339.018247070504,28469.678962406026,23.667294107914458,-1.000000000000012,SL,9,12.091461929276745
2021-07-07 00:45:00,2021-07-07 01:00:00,long,28312.419,28286.115900470406,28286.115900470406,28360.181333333334,21.91924960799689,-0.9999999999999817,SL,3,11.091461929276763
2021-07-07 01:15:00,2021-07-07 01:40:00,long,28254.319,28334.614833333333,28226.993004888835,28334.614833333333,22.771662592638652,2.938441326900546,VWAP,5,14.02990325617731
2021-07-07 03:00:00,2021-07-07 03:30:00,short,28422.999,28451.585463404368,28451.585463404368,28344.610801801802,23.822052836973267,-1.000000000000012,SL,6,13.029903256177297
2021-07-07 05:10:00,2021-07-07 05:40:00,short,28467.319,28490.55239047798,28490.55239047798,28387.000957671957,19.361158731651056,-0.9999999999999765,SL,6,12.02990325617732
2021-07-07 08:10:00,2021-07-07 08:35:00,short,28467.419,28408.702030303022,28483.50903808598,28408.702030303022,13.408365071648602,3.649274748960878,VWAP,5,15.679178005138198
2021-07-07 09:35:00,2021-07-07 10:05:00,short,28477.419,28410.274057471266,28499.24329554693,28410.274057471266,18.186912955775046,3.0766144265389856,VWAP,6,18.755792431677182
2021-07-07 10:30:00,2021-07-07 10:35:00,long,28372.999,28345.654945306997,28345.654945306997,28411.84550918635,22.78671224416821,-1.000000000000052,SL,1,17.75579243167713
2021-07-07 10:40:00,2021-07-07 10:45:00,long,28337.999,28308.403361004504,28308.403361004504,28410.904478036173,24.663032496247023,-0.999999999999965,SL,1,16.755792431677165
2021-07-07 13:20:00,2021-07-07 14:20:00,long,28364.469,28384.269,28343.154921709025,28407.788834368537,17.761731909147198,0.9289634639458769,TIMEOUT,12,17.68475589562304
2021-07-07 14:35:00,2021-07-07 15:35:00,long,28354.469,28387.999,28330.11138572084,28404.759132575768,20.29801189930105,1.37657159751827,TIMEOUT,12,19.061327493141313
2021-07-07 16:00:00,2021-07-07 18:45:00,long,28349.469,28357.999,28326.11406291616,28401.94868911918,19.46244756986638,0.3652332682112482,TIMEOUT,12,19.42656076135256
2021-07-07 18:50:00,2021-07-07 19:00:00,long,28347.269,28333.552277643084,28333.552277643084,28398.9936116505,11.43060196409603,-1.0000000000000449,SL,2,18.426560761352516
2021-07-07 19:05:00,2021-07-07 19:30:00,long,28322.319,28308.944036800967,28308.944036800967,28398.028665071786,11.145802665859692,-1.000000000000043,SL,5,17.426560761352473
2021-07-07 19:40:00,2021-07-07 20:35:00,long,28277.469,28261.56914342207,28261.56914342207,28395.31001851853,13.249880481606462,-1.0000000000000981,SL,11,16.426560761352373
2021-07-07 20:40:00,2021-07-07 20:55:00,long,28244.419,28207.244310700924,28207.244310700924,28389.949292397683,30.97890774923266,-0.9999999999999606,SL,3,15.426560761352412
2021-07-07 22:35:00,2021-07-07 23:35:00,long,28164.519,28162.519,28129.470147797805,28374.265693227106,29.20737683516147,-0.057063209615600956,TIMEOUT,12,15.369497551736812
2021-07-08 15:45:00,2021-07-08 15:50:00,long,27709.269,27678.630299112516,27678.630299112516,27809.387456140354,25.532250739568937,-1.0000000000000562,SL,1,14.369497551736755
2021-07-08 18:45:00,2021-07-08 19:35:00,long,27752.269,27730.06518992842,27730.06518992842,27805.014436893205,18.503175059649923,-1.0000000000000013,SL,10,13.369497551736753
2021-07-08 19:40:00,2021-07-08 19:55:00,long,27717.999,27693.60592597795,27693.60592597795,27802.506987711215,20.32756168504075,-1.0000000000000209,SL,3,12.369497551736732
2021-07-08 20:35:00,2021-07-08 21:00:00,long,27687.369,27628.13265094927,27628.13265094927,27799.951646198824,49.363624208940855,-1.0000000000000249,SL,5,11.369497551736707
2021-07-08 21:05:00,2021-07-08 21:50:00,long,27589.269,27531.67508606039,27531.67508606039,27796.14804558404,47.99492828300905,-0.9999999999999937,SL,9,10.369497551736714
2021-07-08 21:55:00,2021-07-08 22:05:00,long,27482.519,27424.68239448463,27424.68239448463,27786.88808469945,48.19717126280923,-0.9999999999999997,SL,2,9.369497551736714
2021-07-08 23:50:00,2021-07-09 00:50:00,long,27562.999,27617.419,27511.93947464916,27766.548375780276,42.54960445903322,1.0658148430889547,TIMEOUT,12,10.435312394825669
2021-07-09 00:55:00,2021-07-09 01:00:00,short,27737.419,27790.38042246092,27790.38042246092,27602.087333333333,44.13451871743176,-0.9999999999999918,SL,1,9.435312394825678
2021-07-09 01:05:00,2021-07-09 01:10:00,short,27864.419,27925.151389774976,27925.151389774976,27631.125904761906,50.61032481247929,-0.9999999999999787,SL,1,8.435312394825699
2021-07-11 23:05:00,2021-07-12 00:05:00,short,28582.269,28574.519,28611.966949747864,28526.222978494625,24.74829145655401,0.26096077560226866,TIMEOUT,12,8.696273170427968
2021-07-12 01:50:00,2021-07-12 01:55:00,long,28527.319,28551.014942028985,28508.91270907946,28551.014942028985,15.338575767115426,1.28738278294542,VWAP,1,9.983655953373388
2021-07-12 03:30:00,2021-07-12 03:40:00,long,28502.269,28473.740557981426,28473.740557981426,28549.341015503873,23.773701682143948,-1.000000000000059,SL,2,8.98365595337333
2021-07-12 03:45:00,2021-07-12 03:50:00,long,28452.319,28421.77248720306,28421.77248720306,28544.19631884058,25.455427330783593,-0.9999999999999925,SL,1,7.9836559533733364
2021-07-12 03:55:00,2021-07-12 04:55:00,long,28427.519,28482.369,28395.36122110876,28539.162402777776,26.798149076032615,1.7056526256215268,TIMEOUT,12,9.689308578994863
2021-07-12 05:10:00,2021-07-12 06:10:00,long,28462.369,28436.360307026105,28436.360307026105,28522.59487301587,21.673910811578732,-0.9999999999999674,SL,12,8.689308578994895
2021-07-12 06:15:00,2021-07-12 07:15:00,long,28427.419,28462.419,28404.689157255216,28511.14264035088,18.94153562065367,1.5398258753035636,TIMEOUT,12,10.229134454298459
2021-07-12 09:55:00,2021-07-12 10:10:00,short,28602.519,28631.400528778388,28631.400528778388,28503.92263888889,24.067940648655174,-1.0000000000000375,SL,3,9.229134454298421
2021-07-12 10:35:00,2021-07-12 11:35:00,short,28637.369,28632.999,28665.529216280614,28510.914260416666,23.466846900511744,0.15518346721673987,TIMEOUT,12,9.38431792151516
2021-07-13 02:20:00,2021-07-13 03:20:00,long,28669.319,28684.999,28643.88836465004,28723.838080459773,21.192196124966454,0.6165791685588033,TIMEOUT,12,10.000897090073964
2021-07-14 02:00:00,2021-07-14 02:05:00,long,28594.999,28572.068579314404,28572.068579314404,28624.939266666668,19.1086839046622,-1.0000000000000546,SL,1,9.00089709007391
2021-07-14 02:10:00,2021-07-14 03:10:00,long,28556.999,28584.999,28532.11211685783,28620.734555555555,20.73906928514253,1.1250906688493167,TIMEOUT,12,10.125987758923227
2021-07-14 04:00:00,2021-07-14 04:10:00,long,28559.319,28533.41069408691,28533.41069408691,28600.376891156462,21.59025492757628,-0.9999999999999354,SL,2,9.12598775892329
2021-07-14 06:40:00,2021-07-14 07:40:00,short,28621.999,28637.423096172657,28637.423096172657,28593.96225102881,12.853413477215522,-0.9999999999999141,SL,12,8.125987758923376
2021-07-14 07:45:00,2021-07-14 08:00:00,short,28634.999,28648.636217233412,28648.636217233412,28597.987475177317,11.364347694509508,-1.0000000000000602,SL,3,7.125987758923316
2021-07-14 08:45:00,2021-07-14 09:40:00,short,28659.999,28679.71632791206,28679.71632791206,28602.54648427674,16.43110659338339,-1.0000000000000773,SL,11,6.125987758923238
2021-07-14 11:40:00,2021-07-14 12:40:00,long,28559.419,28589.999,28533.641262209898,28612.716068557922,21.48144815841995,1.1862949436834505,TIMEOUT,12,7.312282702606689
2021-07-14 12:55:00,2021-07-14 13:20:00,long,28569.369,28546.963652958453,28546.963652958453,28608.934811965813,18.671122534621464,-0.9999999999999934,SL,5,6.312282702606695
2021-07-14 13:25:00,2021-07-14 14:05:00,long,28529.319,28607.027497942392,28508.05502319183,28607.027497942392,17.719980673472264,3.6544668310843704,VWAP,8,9.966749533691065
2021-07-14 15:15:00,2021-07-14 15:30:00,long,28564.469,28544.580157710625,28544.580157710625,28605.09490579711,16.574035241145925,-1.000000000000047,SL,3,8.966749533691019
2021-07-14 15:55:00,2021-07-14 16:00:00,long,28544.999,28522.972784426012,28522.972784426012,28603.23721180556,18.355179644989168,-1.0000000000000195,SL,1,7.966749533690999
2021-07-14 18:55:00,2021-07-14 19:20:00,long,28534.419,28518.75304781476,28518.75304781476,28599.288349593495,13.054960154368507,-0.9999999999999626,SL,4,6.966749533691036
2021-07-14 19:30:00,2021-07-14 19:40:00,long,28519.519,28506.682533504056,28506.682533504056,28597.44577777777,10.697055413287698,-0.9999999999999409,SL,2,5.966749533691095
2021-07-14 20:35:00,2021-07-14 20:50:00,long,28424.369,28390.03986960704,28390.03986960704,28591.756713004474,28.60760866079975,-0.9999999999999557,SL,3,4.966749533691139
2021-07-16 00:45:00,2021-07-16 01:05:00,short,28099.419,28130.142110884575,28130.142110884575,28037.702666666668,25.602592403812327,-0.9999999999999594,SL,4,3.96674953369118
2021-07-16 01:10:00,2021-07-16 01:50:00,short,28179.269,28062.958333333332,28213.38081808485,28062.958333333332,28.426515070708454,3.409688289769709,VWAP,8,7.37643782346089
2021-07-16 02:00:00,2021-07-16 02:05:00,long,27996.469,27959.604516125164,27959.604516125164,28080.568199999998,30.720403229030616,-1.0000000000000038,SL,1,6.376437823460886
2021-07-16 02:10:00,2021-07-16 03:10:00,long,27909.519,27961.319,27866.520746046695,28069.975666666665,35.83187829441931,1.2047000805254777,TIMEOUT,12,7.581137903986364
2021-07-16 04:10:00,2021-07-16 04:35:00,long,27954.469,28031.408411764703,27917.617990764124,28031.408411764703,30.709174363231586,2.087850871932018,VWAP,5,9.668988775918383
2021-07-16 05:10:00,2021-07-16 06:10:00,short,28099.999,28039.999,28131.700048324037,28032.20085185185,26.417540270032333,1.8926818882043785,TIMEOUT,12,11.561670664122762
2021-07-16 09:00:00,2021-07-16 09:15:00,short,28079.369,28097.856419147352,28097.856419147352,28047.257440366975,15.406182622795555,-0.999999999999945,SL,3,10.561670664122817
2021-07-16 09:25:00,2021-07-16 09:45:00,short,28111.419,28049.170959064326,28130.961917908982,28049.170959064326,16.2857649241493,3.1851968690445878,VWAP,4,13.746867533167404
2021-07-16 09:50:00,2021-07-16 09:55:00,long,27999.269,27973.12135120192,27973.12135120192,28049.681605042013,21.789707331733254,-0.9999999999999999,SL,1,12.746867533167404
2021-07-16 10:15:00,2021-07-16 10:25:00,long,27959.999,27928.92572979788,27928.92572979788,28047.4853172043,25.894391835100723,-0.9999999999999593,SL,2,11.746867533167444
2021-07-16 12:30:00,2021-07-16 13:30:00,long,27981.319,27949.18479192974,27949.18479192974,28031.307763796904,26.77850672521627,-1.0000000000000078,SL,12,10.746867533167437
2021-07-16 13:35:00,2021-07-16 14:00:00,long,27911.369,27880.911995750663,27880.911995750663,28027.5709105691,25.380836874445876,-1.000000000000032,SL,5,9.746867533167405
2021-07-16 14:05:00,2021-07-16 14:40:00,long,27869.519,27841.626499811446,27841.626499811446,28022.775098039216,23.24375015712889,-0.9999999999999958,SL,7,8.746867533167409
2021-07-19 01:40:00,2021-07-19 02:05:00,short,27681.369,27612.746777777775,27718.377255164596,27612.746777777775,30.840212637163525,1.8542409502156483,VWAP,5,10.601108483383058
2021-07-19 02:55:00,2021-07-19 03:05:00,short,27689.519,27629.552981481476,27720.32980269976,27629.552981481476,25.675668916467494,1.946266025681606,VWAP,2,12.547374509064664
2021-07-19 03:10:00,2021-07-19 03:35:00,long,27556.269,27518.34852130781,27518.34852130781,27628.117290598286,31.600398910160216,-0.9999999999999657,SL,5,11.547374509064698
2021-07-19 04:35:00,2021-07-19 04:40:00,long,27544.319,27498.03909949169,27498.03909949169,27609.36358333333,38.56658375692559,-0.9999999999999993,SL,1,10.547374509064698
2021-07-19 04:45:00,2021-07-19 05:45:00,long,27509.469,27564.469,27458.738861296406,27605.9030229885,42.27511558632876,1.0841681376302434,TIMEOUT,12,11.63154264669494
2021-07-19 06:10:00,2021-07-19 07:10:00,long,27499.269,27494.319,27450.953998779012,27589.775977777776,40.26250101748992,-0.10245265186603082,TIMEOUT,12,11.52908999482891
2021-07-20 03:10:00,2021-07-20 03:30:00,short,27507.999,27546.805432212972,27546.805432212972,27418.665752136756,32.33869351081029,-0.9999999999999947,SL,4,10.529089994828915
2021-07-20 05:55:00,2021-07-20 06:15:00,long,27407.369,27462.617333333343,27370.47305619742,27462.617333333343,30.74661983548206,1.4974094070872603,VWAP,4,12.026499401916176
2021-07-20 09:20:00,2021-07-20 09:35:00,long,27392.269,27358.795893113216,27358.795893113216,27459.940769911515,27.894255738987866,-0.9999999999999595,SL,3,11.026499401916217
2021-07-20 10:25:00,2021-07-20 10:50:00,short,27642.999,27691.012805057067,27691.012805057067,27462.330878306886,40.011504214223805,-0.999999999999981,SL,5,10.026499401916237
2021-07-20 10:55:00,2021-07-20 11:55:00,short,27707.369,27717.419,27755.35564706958,27470.550944444454,39.988872557983846,-0.20943326141187601,TIMEOUT,12,9.81706614050436
2021-07-20 14:30:00,2021-07-20 15:15:00,short,27757.419,27783.812900924822,27783.812900924822,27527.561057142877,21.994917437351766,-0.9999999999999435,SL,9,8.817066140504418
2021-07-20 19:05:00,2021-07-20 19:15:00,short,27772.319,27791.66155022387,27791.66155022387,27564.049689102572,16.118791853225883,-1.0000000000000235,SL,2,7.817066140504394
2021-07-20 19:20:00,2021-07-20 19:35:00,short,27799.419,27818.2547954963,27818.2547954963,27567.244434439188,15.696496246915942,-1.0000000000000142,SL,3,6.81706614050438
2021-07-20 20:40:00,2021-07-20 20:45:00,short,27792.369,27838.13439391212,27838.13439391212,27580.540864904568,38.13782826010249,-0.9999999999999964,SL,1,5.817066140504384
2021-07-20 20:50:00,2021-07-20 21:50:00,short,27867.419,27740.369,27916.86165087321,27582.918810771487,41.20220906100676,2.569643774275228,TIMEOUT,12,8.386709914779612
2021-07-20 22:25:00,2021-07-20 22:50:00,long,27517.469,27464.513557184313,27464.513557184313,27593.919524193556,44.129535679739526,-1.0000000000000109,SL,5,7.386709914779601
2021-07-21 03:45:00,2021-07-21 04:25:00,short,27700.369,27737.319613305754,27737.319613305754,27566.19950724638,30.79217775479627,-0.9999999999999808,SL,8,6.386709914779621
2021-07-21 08:35:00,2021-07-21 09:05:00,short,27685.999,27712.230574793237,27712.230574793237,27639.517108974364,21.859645661030225,-1.000000000000031,SL,6,5.38670991477959
2021-07-21 09:20:00,2021-07-21 09:35:00,short,27730.269,27755.910143193963,27755.910143193963,27643.998321533927,21.367619328302343,-1.0000000000000158,SL,3,4.386709914779574
2021-07-21 12:10:00,2021-07-21 13:05:00,short,27845.469,27871.073590932127,27871.073590932127,27676.3191133787,21.337159110106036,-0.9999999999999349,SL,11,3.3867099147796385
2021-07-21 13:10:00,2021-07-21 13:15:00,short,27892.269,27917.078645410274,27917.078645410274,27688.8891677149,20.67470450856246,-0.9999999999999715,SL,1,2.386709914779667
2021-07-21 14:05:00,2021-07-21 15:05:00,short,27945.319,27955.999,27966.90842440259,27703.679254901974,17.99118700215916,-0.4946866484647253,TIMEOUT,12,1.8920232663149417
2021-07-22 02:00:00,2021-07-22 02:15:00,long,27970.469,27956.300330019574,27956.300330019574,27991.111800000002,11.807224983690336,-0.9999999999998858,SL,3,0.8920232663150559
2021-07-22 02:20:00,2021-07-22 02:25:00,long,27942.319,27927.35911913497,27927.35911913497,27986.631298850574,12.466567387525721,-0.9999999999999318,SL,1,-0.10797673368487593
2021-07-22 02:30:00,2021-07-22 03:05:00,long,27925.319,27983.168462365593,27908.242633335765,27983.168462365593,14.230305553529854,3.387691509737335,VWAP,7,3.279714776052459
2021-07-22 04:40:00,2021-07-22 05:40:00,short,28035.269,28045.469,28056.7542017963,27990.17765497076,17.904334830248946,-0.47474536644835635,TIMEOUT,12,2.8049694096041025
2021-07-22 05:50:00,2021-07-22 06:50:00,short,28050.519,28067.617142430314,28067.617142430314,27997.63472769953,14.24845202526268,-0.9999999999999056,SL,12,1.8049694096041968
2021-07-22 08:40:00,2021-07-22 08:55:00,long,27970.519,27951.30948595528,27951.30948595528,28012.842746031736,16.007928370601064,-0.9999999999999325,SL,3,0.8049694096042643
2021-07-22 11:15:00,2021-07-22 11:45:00,long,27950.319,27919.40611526349,27919.40611526349,28005.25373039216,25.760737280424323,-1.000000000000027,SL,6,-0.19503059039576276
2021-07-22 14:55:00,2021-07-22 15:35:00,short,28035.999,27996.928925925928,28051.603597401358,27996.928925925928,13.003831167798376,2.503754058446388,VWAP,8,2.3087234680506254
2021-07-22 15:40:00,2021-07-22 16:05:00,long,27970.419,27997.723179894183,27952.58144875204,27997.723179894183,14.864626039967083,1.5307134659138362,VWAP,5,3.8394369339644614
2021-07-22 18:00:00,2021-07-22 19:05:00,short,28035.519,28055.114087964037,28055.114087964037,27997.452096446712,16.329239970029693,-1.0000000000000593,SL,9,2.839436933964402
2021-07-22 20:50:00,2021-07-22 21:35:00,short,28095.469,28115.741339413995,28115.741339413995,28004.437575624095,16.89361617832877,-0.9999999999999695,SL,9,1.8394369339644325
2021-07-23 02:20:00,2021-07-23 02:50:00,short,28110.319,28128.8375877961,28128.8375877961,28078.13603703704,15.432156496751793,-0.9999999999999488,SL,6,0.8394369339644837
2021-07-23 04:20:00,2021-07-23 04:50:00,short,28130.469,28148.52814922435,28148.52814922435,28095.405470588234,15.049291020290502,-0.9999999999999386,SL,6,-0.1605630660354549
2021-07-23 05:20:00,2021-07-23 06:20:00,short,28150.369,28140.469,28166.111200596417,28103.059899470903,13.118500497014397,0.6288828515024089,TIMEOUT,12,0.46831978546695396
2021-07-25 19:30:00,2021-07-25 19:35:00,long,28192.419,28174.141236319647,28174.141236319647,28234.600777777774,15.231469733628566,-1.0000000000000304,SL,1,-0.5316802145330765
2021-07-25 19:40:00,2021-07-25 19:45:00,long,28160.319,28140.111928255203,28140.111928255203,28227.429980392153,16.839226453996076,-1.0000000000000773,SL,1,-1.5316802145331536
2021-07-25 20:05:00,2021-07-25 20:10:00,long,28017.469,27975.897435173327,27975.897435173327,28202.51293939393,34.64297068889368,-1.0000000000000415,SL,1,-2.5316802145331954
2021-07-26 08:20:00,2021-07-26 09:20:00,short,27860.469,27855.369,27882.463786581793,27802.505237623758,18.328988818159555,0.23187312961810017,TIMEOUT,12,-2.2998070849150953
2021-07-26 09:35:00,2021-07-26 10:35:00,short,27930.469,27882.999,27954.961483193776,27808.140637931036,20.41040266147798,1.9381456598107978,TIMEOUT,12,-0.36166142510429755
2021-07-26 21:15:00,2021-07-26 21:45:00,short,27985.469,28022.5168442458,28022.5168442458,27867.721623188398,30.873203538167207,-1.0000000000000004,SL,6,-1.361661425104298
2021-07-27 01:40:00,2021-07-27 02:35:00,long,27940.999,27919.504885900813,27919.504885900813,27978.542174603175,17.911761749322327,-1.0000000000000024,SL,11,-2.3616614251043004
2021-07-27 03:00:00,2021-07-27 03:05:00,long,27880.319,27852.86090686277,27852.86090686277,27956.237288288285,22.881744281024428,-0.9999999999999994,SL,1,-3.3616614251043
2021-07-27 03:10:00,2021-07-27 03:20:00,long,27785.369,27753.02217479494,27753.02217479494,27949.4772051282,26.95568767088336,-0.9999999999999636,SL,2,-4.361661425104264
2021-07-27 08:15:00,2021-07-27 08:30:00,long,27775.469,27750.190821551187,27750.190821551187,27834.550766666664,21.065148707344203,-1.0000000000000493,SL,3,-5.361661425104312
2021-07-27 09:15:00,2021-07-27 09:35:00,long,27725.269,27699.210887911708,27699.210887911708,27827.48530952381,21.71509340690895,-1.0000000000000695,SL,4,-6.361661425104382
2021-07-27 09:40:00,2021-07-27 10:40:00,long,27642.419,27677.999,27608.163623572775,27822.47563817664,28.546147022690683,1.0386690706956114,TIMEOUT,12,-5.32299235440877
2021-07-27 21:05:00,2021-07-27 21:45:00,short,27812.469,27701.855997126437,27864.260520207208,27701.855997126437,43.15960017267343,2.135735781282775,VWAP,8,-3.187256573125995
2021-07-27 23:40:00,2021-07-28 00:00:00,long,27605.269,27562.73864138809,27562.73864138809,27699.374171102663,35.44196550992717,-0.9999999999999776,SL,4,-4.187256573125973
2021-07-28 04:05:00,2021-07-28 04:25:00,short,27655.469,27696.210361712416,27696.210361712416,27558.63773333334,33.9511347603464,-0.9999999999999786,SL,4,-5.187256573125952
2021-07-28 04:30:00,2021-07-28 05:30:00,short,27710.519,27749.168011978432,27749.168011978432,27569.123484848496,32.20750998202633,-1.000000000000013,SL,12,-6.187256573125965
2021-07-28 05:55:00,2021-07-28 06:55:00,short,27760.999,27732.419,27786.69312448359,27607.98997222223,21.41177040299209,1.112316553858477,TIMEOUT,12,-5.074940019267488
2021-07-28 07:35:00,2021-07-28 08:35:00,short,27782.419,27785.519,27808.840301929376,27636.091391304362,22.01775160781279,-0.1173295702189432,TIMEOUT,12,-5.192269589486431
2021-07-28 09:05:00,2021-07-28 10:05:00,short,27830.269,27790.999,27852.496039297435,27658.73312121213,18.52253274786248,1.7667670207670094,TIMEOUT,12,-3.4255025687194216
2021-07-28 10:35:00,2021-07-28 11:35:00,short,27845.269,27790.319,27876.399638212813,27677.535302083346,25.942198510677166,1.7651420964888753,TIMEOUT,12,-1.6603604722305463
2021-07-28 11:55:00,2021-07-28 12:55:00,short,27810.419,27790.419,27837.54121113333,27691.540597222236,22.60184261110964,0.7374030052963199,TIMEOUT,12,-0.9229574669342264
2021-07-28 14:50:00,2021-07-28 15:50:00,short,27900.319,27845.369,27935.311841198858,27714.60000558662,29.16070099904739,1.5703211890606876,TIMEOUT,12,0.6473637221264612
2021-07-28 19:45:00,2021-07-28 20:05:00,short,27819.369,27732.799263565914,27841.335331966904,27732.799263565914,18.305276639087957,3.9410192181612658,VWAP,4,4.588382940287727
2021-07-28 22:05:00,2021-07-28 22:40:00,long,27671.999,27733.955556927314,27625.912887199105,27733.955556927314,38.40509400074525,1.3443649976509249,VWAP,7,5.932747937938652
2021-07-29 01:05:00,2021-07-29 01:35:00,long,27744.369,27779.575666666668,27719.52133708331,27779.575666666668,20.70638576390611,1.4169005264082388,VWAP,6,7.349648464346891
2021-07-29 02:10:00,2021-07-29 02:15:00,short,27819.319,27843.637050700763,27843.637050700763,27778.141098765427,20.265042250636323,-1.0000000000000049,SL,1,6.3496484643468865
2021-07-29 02:20:00,2021-07-29 03:00:00,short,27854.469,27879.613360043008,27879.613360043008,27782.568080459765,20.953633369171182,-1.000000000000047,SL,8,5.349648464346839
2021-07-29 03:15:00,2021-07-29 03:25:00,short,27904.419,27929.84743475589,27929.84743475589,27806.220666666668,21.190362296573632,-1.0000000000000493,SL,2,4.3496484643467905
2021-07-29 08:10:00,2021-07-29 09:10:00,short,27939.999,27934.419,27957.191336145675,27867.99246801346,14.326946788063246,0.32456322123515213,TIMEOUT,12,4.674211685581943
2021-07-29 12:40:00,2021-07-29 13:00:00,long,27844.269,27826.144617095808,27826.144617095808,27877.982965141608,15.103652420159904,-1.000000000000024,SL,4,3.674211685581919
2021-07-29 13:55:00,2021-07-29 14:40:00,long,27839.269,27823.93292789657,27823.93292789657,27874.95675793651,12.780060086190046,-1.0000000000001017,SL,9,2.674211685581817
2021-07-29 14:45:00,2021-07-29 15:00:00,long,27814.469,27799.42337821479,27799.42337821479,27872.738644194764,12.53801815434253,-1.0000000000000342,SL,3,1.674211685581783
2021-07-29 15:10:00,2021-07-29 15:25:00,long,27794.369,27779.74280852194,27779.74280852194,27870.945083788713,12.188492898383496,-0.9999999999999115,SL,3,0.6742116855818715
2021-07-30 06:20:00,2021-07-30 07:00:00,short,27489.369,27520.743149117923,27520.743149117923,27390.449562770555,26.14512426493784,-0.9999999999999675,SL,8,-0.32578831441809597
2021-07-30 08:45:00,2021-07-30 09:35:00,short,27531.269,27552.349127371373,27552.349127371373,27421.468528301877,17.566772809477754,-0.9999999999999968,SL,10,-1.3257883144180926
2021-07-30 09:40:00,2021-07-30 09:50:00,short,27559.999,27582.403851915107,27582.403851915107,27431.035182336174,18.670709929257253,-0.999999999999943,SL,2,-2.325788314418036
2021-07-30 09:55:00,2021-07-30 10:55:00,short,27611.319,27569.419,27636.605317659436,27434.7491111111,21.071931382863607,1.6570226066254297,TIMEOUT,12,-0.6687657077926061
2021-07-30 13:40:00,2021-07-30 14:40:00,short,27559.469,27463.440515151495,27580.63844265091,27463.440515151495,17.64120220908995,4.536183896385558,VWAP,12,3.8674181885929517
2021-08-02 06:00:00,2021-08-02 06:45:00,long,27744.319,27721.57225238065,27721.57225238065,27786.629730593606,18.955623016122956,-1.0000000000000528,SL,9,2.867418188592899
2021-08-02 06:50:00,2021-08-02 07:00:00,long,27724.419,27702.49535317852,27702.49535317852,27781.684582329315,18.26970568456714,-0.9999999999999906,SL,2,1.8674181885929082
2021-08-02 07:05:00,2021-08-02 08:05:00,long,27674.269,27709.999,27647.568228838634,27779.03834108527,22.250642634472822,1.3381635977501773,TIMEOUT,12,3.2055817863430853
2021-08-02 10:05:00,2021-08-02 10:45:00,long,27689.369,27660.442782350332,27660.442782350332,27758.43323497268,24.1051813747211,-1.000000000000051,SL,8,2.2055817863430343
2021-08-02 11:20:00,2021-08-02 11:50:00,long,27664.369,27635.887319475358,27635.887319475358,27750.717710462293,23.734733770534152,-0.9999999999999999,SL,6,1.2055817863430343
2021-08-02 11:55:00,2021-08-02 12:00:00,long,27624.469,27597.606279757547,27597.606279757547,27746.128722222224,22.38560020204647,-0.9999999999999377,SL,1,0.20558178634309654
2021-08-02 23:45:00,2021-08-03 00:15:00,long,27566.469,27535.74862132766,27535.74862132766,27673.429485312896,25.60031556028325,-1.000000000000013,SL,6,-0.7944182136569166
2021-08-03 01:05:00,2021-08-03 01:30:00,short,27614.419,27639.61972736078,27639.61972736078,27557.19019047619,21.000606133982554,-0.9999999999999505,SL,5,-1.7944182136568672
2021-08-03 06:05:00,2021-08-03 06:40:00,short,27634.469,27649.98046704599,27649.98046704599,27602.49120720722,12.926222538322756,-1.000000000000042,SL,7,-2.7944182136569093
2021-08-03 06:45:00,2021-08-03 07:45:00,short,27659.999,27654.319,27675.433226546324,27605.543796747985,12.861855455270886,0.36801325825768166,TIMEOUT,12,-2.4264049553992275
2021-08-03 08:20:00,2021-08-03 08:25:00,long,27589.419,27573.96709868204,27573.96709868204,27613.491937293737,12.876584431637127,-0.9999999999999221,SL,1,-3.42640495539915
2021-08-03 08:30:00,2021-08-03 08:45:00,long,27571.519,27554.092289169716,27554.092289169716,27612.746766990298,14.522259025238105,-0.9999999999999423,SL,3,-4.426404955399092
2021-08-03 09:20:00,2021-08-03 09:40:00,long,27554.419,27535.298695615358,27535.298695615358,27608.514545722723,15.933586987204324,-0.9999999999999134,SL,4,-5.426404955399006
2021-08-03 09:45:00,2021-08-03 09:50:00,long,27491.469,27465.38338971134,27465.38338971134,27605.51724858758,21.738008573883278,-1.00000000000004,SL,1,-6.426404955399046
2021-08-03 09:55:00,2021-08-03 10:55:00,long,27449.469,27534.519,27419.095448271513,27603.11166666668,25.31129310707285,2.8001335095832967,TIMEOUT,12,-3.6262714458157492
2021-08-03 13:00:00,2021-08-03 13:10:00,short,27654.319,27677.920565746983,27677.920565746983,27593.395751592365,19.667971455819554,-0.9999999999999971,SL,2,-4.626271445815746
2021-08-03 13:15:00,2021-08-03 14:15:00,short,27684.469,27686.469,27708.293247793776,27594.91683333334,19.85353982814701,-0.0839480858876249,TIMEOUT,12,-4.710219531703371
2021-08-03 15:30:00,2021-08-03 18:10:00,short,27694.319,27636.269,27710.237875126277,27606.340871657758,13.265729271898225,3.6466144460279115,TIMEOUT,12,-1.063605085675459
2021-08-03 20:05:00,2021-08-03 20:10:00,long,27561.369,27536.019612596298,27536.019612596298,27611.250474654382,21.124489503083765,-1.000000000000029,SL,1,-2.063605085675488
2021-08-03 20:15:00,2021-08-03 20:35:00,long,27516.369,27485.074783310072,27485.074783310072,27610.602013698634,26.07851390827137,-1.0000000000000289,SL,4,-3.063605085675517
2021-08-04 00:25:00,2021-08-04 00:30:00,long,27529.469,27559.196222222225,27505.845568004912,27559.196222222225,19.68619332923995,1.2583786398354346,VWAP,1,-1.8052264458400822
2021-08-04 03:05:00,2021-08-04 03:15:00,short,27616.519,27576.386543859648,27636.09089044654,27576.386543859648,16.30990870544838,2.0505150613824004,VWAP,2,0.24528861554231818
2021-08-04 07:10:00,2021-08-04 07:35:00,long,27559.369,27544.283490116715,27544.283490116715,27583.26022605363,12.571258236069808,-0.9999999999999837,SL,5,-0.7547113844576655
2021-08-04 07:40:00,2021-08-04 08:15:00,long,27534.419,27518.900857913395,27518.900857913395,27581.339071684582,12.931785072172566,-0.9999999999999647,SL,7,-1.75471138445763
2021-08-04 16:00:00,2021-08-04 19:05:00,long,27534.419,27531.469,27520.01858738693,27563.95839550951,12.000343844227125,-0.20485524125348656,TIMEOUT,12,-1.9595666257111166
2021-08-04 19:10:00,2021-08-04 19:30:00,long,27531.369,27521.34167564591,27521.34167564591,27562.357333333348,8.356103628407258,-1.000000000000181,SL,4,-2.9595666257112976
2021-08-04 19:35:00,2021-08-04 20:05:00,long,27504.269,27561.438099526084,27492.900237688533,27561.438099526084,9.47396859288964,5.028612434655032,VWAP,6,2.0690458089437342
2021-08-04 20:10:00,2021-08-04 20:15:00,short,27656.369,27685.195175427714,27685.195175427714,27560.88170642204,24.02181285642912,-1.0000000000000193,SL,1,1.069045808943715
2021-08-04 20:20:00,2021-08-04 21:20:00,short,27719.519,27664.269,27752.40136554737,27562.18378787881,27.40197128947215,1.6802319139848123,TIMEOUT,12,2.749277722928527
2021-08-05 02:35:00,2021-08-05 02:55:00,long,27671.269,27653.782738011796,27653.782738011796,27699.555979166664,14.571884990171142,-0.9999999999999334,SL,4,1.7492777229285936
2021-08-05 03:35:00,2021-08-05 04:35:00,short,27749.519,27729.469,27773.91004964678,27698.116424242417,20.325874705650367,0.8220228440495108,TIMEOUT,12,2.5713005669781044
2021-08-05 06:30:00,2021-08-05 07:25:00,long,27689.319,27672.539463263845,27672.539463263845,27711.186257383957,13.982947280128295,-1.0000000000000095,SL,11,1.5713005669780948
2021-08-05 10:05:00,2021-08-05 11:05:00,short,27809.319,27794.419,27831.739721069825,27711.056786885252,18.68393422485547,0.6645638181570347,TIMEOUT,12,2.2358643851351294
2021-08-05 23:10:00,2021-08-05 23:30:00,short,27799.269,27821.356008851806,27821.356008851806,27758.764856209153,18.405840709837133,-1.0000000000000597,SL,4,1.2358643851350697
2021-08-06 02:15:00,2021-08-06 02:20:00,short,27854.999,27873.892199665366,27873.892199665366,27812.485071428575,15.744333054472552,-0.9999999999999656,SL,1,0.2358643851351041
2021-08-06 02:25:00,2021-08-06 03:25:00,short,27894.319,27864.369,27915.971299711462,27817.003444444446,18.04358309288675,1.3832248952356456,TIMEOUT,12,1.6190892803707497
2021-08-06 05:00:00,2021-08-06 06:00:00,short,27869.319,27854.999,27883.20443172654,27833.86326229509,11.571193105448254,1.0312967059303786,TIMEOUT,12,2.6503859863011283
2021-08-06 08:30:00,2021-08-06 08:35:00,short,27914.419,27930.207725973196,27930.207725973196,27842.238207920785,13.157271644327015,-1.000000000000115,SL,1,1.6503859863010133
2021-08-06 15:05:00,2021-08-06 15:25:00,long,27844.999,27866.79957728118,27832.23330782096,27866.79957728118,10.638076815866963,1.7077473728353685,VWAP,4,3.3581333591363816
2021-08-08 18:50:00,2021-08-08 19:05:00,long,27844.999,27832.053619767354,27832.053619767354,27872.034151515156,10.78781686053841,-1.000000000000003,SL,3,2.3581333591363784
2021-08-08 19:10:00,2021-08-08 19:40:00,long,27806.469,27788.76342115721,27788.76342115721,27861.771888888892,14.754649035658252,-0.9999999999999881,SL,6,1.3581333591363904
2021-08-08 19:50:00,2021-08-08 20:05:00,long,27766.519,27741.68599320175,27741.68599320175,27839.005666666664,20.694172331875283,-0.9999999999999742,SL,3,0.3581333591364162
2021-08-08 20:10:00,2021-08-08 20:20:00,long,27734.419,27708.859994399085,27708.859994399085,27825.76048148148,21.299171334097867,-0.9999999999999774,SL,2,-0.6418666408635612
2021-08-09 01:40:00,2021-08-09 01:45:00,long,27779.369,27766.285533284798,27766.285533284798,27799.13963492064,10.902888929333503,-1.000000000000077,SL,1,-1.6418666408636382
2021-08-09 01:55:00,2021-08-09 02:05:00,long,27751.269,27736.343358464543,27736.343358464543,27795.043722222228,12.438034612880978,-1.0000000000000249,SL,2,-2.641866640863663
2021-08-09 07:05:00,2021-08-09 07:40:00,long,27764.269,27784.482062015504,27750.63326541863,27784.482062015504,11.363112151141205,1.4823595967555092,VWAP,7,-1.1595070441081536
2021-08-09 08:25:00,2021-08-09 08:45:00,long,27764.999,27783.727071895413,27753.42434216813,27783.727071895413,9.645548193223407,1.6180238040255606,VWAP,4,0.4585167599174069
2021-08-09 08:55:00,2021-08-09 09:05:00,short,27804.419,27816.45392633368,27816.45392633368,27783.75810493826,10.02910527806558,-1.0000000000000522,SL,2,-0.5414832400826453
2021-08-09 09:30:00,2021-08-09 09:35:00,short,27824.519,27785.352362573085,27836.047285949324,27785.352362573085,9.606904957770748,3.397438057928193,VWAP,1,2.855954817845548
2021-08-09 09:40:00,2021-08-09 09:45:00,long,27759.369,27785.2036551724,27741.002467727365,27785.2036551724,15.30544356052687,1.4066158373782125,VWAP,1,4.26257065522376
2021-08-09 10:45:00,2021-08-09 10:55:00,short,27834.369,27855.161108836302,27855.161108836302,27786.73600258397,17.326757363584978,-1.0000000000000815,SL,2,3.262570655223678
2021-08-09 11:00:00,2021-08-09 11:55:00,short,27849.419,27869.768824749768,27869.768824749768,27788.066373737365,16.958187291471074,-1.0000000000000553,SL,11,2.262570655223623
2021-08-09 12:00:00,2021-08-09 13:00:00,short,27884.319,27879.319,27900.77400038907,27793.787587962954,13.712500324225621,0.30385900223502593,TIMEOUT,12,2.566429657458649
2021-08-09 14:30:00,2021-08-09 14:40:00,short,27914.419,27927.440545549347,27927.440545549347,27805.458121756466,10.851287957787026,-1.0000000000000682,SL,2,1.566429657458581
2021-08-10 03:05:00,2021-08-10 03:20:00,short,27899.469,27919.87479343062,27919.87479343062,27864.6738245614,17.00482785884943,-0.9999999999999531,SL,3,0.5664296574586278
2021-08-10 09:10:00,2021-08-10 09:40:00,short,27904.269,27916.11216343044,27916.11216343044,27882.5899009009,9.86930285869877,-1.000000000000103,SL,6,-0.4335703425414752
2021-08-10 09:50:00,2021-08-10 10:00:00,short,27919.999,27934.85157940207,27934.85157940207,27884.414210084033,12.377149501726443,-0.9999999999999891,SL,2,-1.4335703425414643
2021-08-10 10:05:00,2021-08-10 10:10:00,short,27934.269,27949.43664465975,27949.43664465975,27885.551868852457,12.639703883124215,-0.9999999999999617,SL,1,-2.433570342541426
2021-08-10 10:15:00,2021-08-10 11:15:00,short,27959.369,27889.319,27975.75977524233,27886.581446236556,13.658979368612258,4.2737453820409605,TIMEOUT,12,1.8401750394995346
2021-08-10 11:55:00,2021-08-10 12:20:00,short,27919.519,27936.171568455607,27936.171568455607,27890.52902314814,13.877140379671346,-1.0000000000000984,SL,5,0.8401750394994363
2021-08-10 12:40:00,2021-08-10 13:00:00,short,27949.519,27964.77766247798,27964.77766247798,27893.00908714597,12.715552064984465,-0.9999999999998894,SL,4,-0.15982496050045314
2021-08-10 18:20:00,2021-08-10 18:35:00,short,27991.999,28005.916495425456,28005.916495425456,27910.24981666666,11.597912854547038,-0.9999999999999575,SL,3,-1.1598249605004107
2021-08-10 18:45:00,2021-08-10 19:45:00,short,28011.319,28023.58217187751,28023.58217187751,27912.1040490196,10.219309897925736,-1.0000000000000848,SL,12,-2.1598249605004955
2021-08-10 19:50:00,2021-08-10 19:55:00,short,28056.319,28077.16934520821,28077.16934520821,27916.923347158212,17.375287673509213,-1.0000000000000149,SL,1,-3.1598249605005106
2021-08-10 20:00:00,2021-08-10 20:05:00,short,28091.419,28115.961532347897,28115.961532347897,27918.37183105022,20.452110289913627,-0.9999999999999758,SL,1,-4.159824960500487
2021-08-11 02:20:00,2021-08-11 03:00:00,short,28087.999,28107.513208013483,28107.513208013483,28038.6906091954,16.261840011236,-0.9999999999999826,SL,8,-5.159824960500469
2021-08-11 19:30:00,2021-08-11 20:05:00,short,28229.269,28153.720090047398,28239.11127719416,28153.720090047398,8.201897661798256,7.675958364335215,VWAP,7,2.516133403834746
2021-08-11 20:25:00,2021-08-11 21:00:00,short,28257.999,28156.359090090093,28289.78632305092,28156.359090090093,26.489435875767203,3.197498252592346,VWAP,7,5.713631656427092
2021-08-11 23:55:00,2021-08-12 00:25:00,long,28090.319,28064.73003255034,28064.73003255034,28155.45057828283,21.32413954138519,-0.9999999999999575,SL,6,4.713631656427134
2021-08-12 09:35:00,2021-08-12 09:45:00,long,28005.469,27987.800715968224,27987.800715968224,28046.712594202894,14.723570026481042,-0.9999999999999941,SL,2,3.71363165642714
2021-08-12 09:50:00,2021-08-12 09:55:00,long,27970.419,27950.893004366688,27950.893004366688,28045.21428248587,16.271663027761978,-0.9999999999999741,SL,1,2.713631656427166
2021-08-12 14:55:00,2021-08-12 15:55:00,short,28080.419,28065.369,28091.6336934654,28040.265441947573,9.345577887830197,1.3419894218634505,TIMEOUT,12,4.055621078290616
2021-08-12 16:10:00,2021-08-12 18:00:00,short,28090.419,28104.21935236172,28104.21935236172,28042.69183246979,11.500293634766894,-0.9999999999999062,SL,2,3.05562107829071
2021-08-12 20:05:00,2021-08-12 20:10:00,long,28012.519,27988.39141508173,27988.39141508173,28047.688434250776,20.10632076522547,-1.000000000000025,SL,1,2.0556210782906845
2021-08-12 20:15:00,2021-08-12 20:20:00,long,27975.269,27947.769602800065,27947.769602800065,28047.067575757592,22.9161643332811,-0.9999999999999386,SL,1,1.0556210782907458
2021-08-12 20:25:00,2021-08-12 21:25:00,long,27957.419,27967.469,27928.151050373526,28046.343939939958,24.389958022063645,0.3433790247782797,TIMEOUT,12,1.3990001030690256
2021-08-12 22:50:00,2021-08-12 23:50:00,long,28002.269,28020.319,27974.00626279616,28040.760606905722,23.55228100320025,0.6386501020696136,TIMEOUT,12,2.037650205138639
2021-08-13 01:40:00,2021-08-13 01:50:00,long,27995.519,27978.051441732918,27978.051441732918,28024.99042857143,14.556298555903268,-0.9999999999999184,SL,2,1.0376502051387209
2021-08-13 02:10:00,2021-08-13 03:10:00,long,27980.519,28005.999,27961.336980761153,28018.205543209875,15.985016032371847,1.3283273091708236,TIMEOUT,12,2.3659775143095443
2021-08-13 04:45:00,2021-08-13 05:00:00,short,28032.469,28045.200920119692,28045.200920119692,28010.08026436782,10.609933433075398,-1.00000000000008,SL,3,1.3659775143094643
2021-08-13 05:05:00,2021-08-13 06:00:00,short,28055.419,28069.23634679661,28069.23634679661,28012.2184623656,11.51445566383957,-1.00000000000004,SL,11,0.3659775143094244
2021-08-13 07:45:00,2021-08-13 08:30:00,short,28050.519,28060.920196697385,28060.920196697385,28025.921269503546,8.66766391448743,-0.9999999999999961,SL,7,-0.6340224856905717
2021-08-13 09:35:00,2021-08-13 09:50:00,long,28005.369,28029.53525730994,27991.50384352115,28029.53525730994,11.554297065707834,1.742948761292844,VWAP,3,1.1089262756022724
2021-08-13 10:00:00,2021-08-13 10:15:00,long,27985.519,27967.223180355468,27967.223180355468,28028.582613445375,15.24651637044435,-0.9999999999999583,SL,3,0.10892627560231416
2021-08-13 10:40:00,2021-08-13 11:40:00,long,27940.519,27960.319,27919.150567048106,28025.22902624672,17.807027459912625,0.9266004692329686,TIMEOUT,12,1.0355267448352827
2021-08-16 04:45:00,2021-08-16 05:35:00,short,27572.269,27598.54205616097,27598.54205616097,27507.915494252873,21.89421346747731,-0.9999999999999503,SL,10,0.03552674483533247
2021-08-16 06:50:00,2021-08-16 07:50:00,short,27577.469,27572.369,27600.836492752223,27525.423216867468,19.47291062685215,0.21825191320609696,TIMEOUT,12,0.2537786580414294
2021-08-16 09:35:00,2021-08-16 09:50:00,long,27482.369,27459.366723212657,27459.366723212657,27535.58152873564,19.168563989452185,-0.9999999999999531,SL,3,-0.7462213419585237
2021-08-16 11:40:00,2021-08-16 12:40:00,short,27597.319,27572.999,27629.44067040615,27529.149189125306,26.768058671793437,0.7571212733489043,TIMEOUT,12,0.01089993139038059
2021-08-16 14:10:00,2021-08-16 15:05:00,short,27629.469,27648.076711250516,27648.076711250516,27539.18615399612,15.50642604209705,-0.9999999999999443,SL,11,-0.9891000686095637
2021-08-16 15:20:00,2021-08-16 16:00:00,short,27667.469,27684.71634447609,27684.71634447609,27546.528423423442,14.3727870634089,-1.000000000000007,SL,8,-1.9891000686095708
2021-08-17 12:40:00,2021-08-17 12:55:00,long,27317.999,27286.917230613155,27286.917230613155,27380.72181045753,25.90147448903591,-1.000000000000056,SL,3,-2.989100068609627
2021-08-17 14:35:00,2021-08-17 14:50:00,long,27329.269,27372.728602272724,27301.049957292176,27372.728602272724,23.51586892318632,1.5400806725691925,VWAP,3,-1.4490193960404345
2021-08-17 15:10:00,2021-08-17 15:55:00,short,27422.319,27451.148193369718,27451.148193369718,27372.817397085604,24.024327808098377,-1.0000000000000075,SL,9,-2.449019396040442
2021-08-17 21:10:00,2021-08-17 21:30:00,short,27507.519,27552.068098474876,27552.068098474876,27386.85702836879,37.12424872906438,-0.9999999999999672,SL,4,-3.449019396040409
2021-08-17 22:40:00,2021-08-17 23:00:00,short,27592.369,27628.414905308706,27628.414905308706,27397.38814361001,30.03825442392371,-0.99999999999996,SL,4,-4.449019396040369
2021-08-18 03:30:00,2021-08-18 04:30:00,long,27544.269,27532.369,27521.740591466398,27609.900007751934,18.773673778003424,-0.5282219550595875,TIMEOUT,12,-4.9772413510999565
2021-08-18 06:00:00,2021-08-18 07:00:00,long,27537.999,27577.469,27517.182685175478,27584.90110045663,17.346929020434644,1.8961089094168384,TIMEOUT,12,-3.081132441683118
2021-08-18 15:30:00,2021-08-18 15:35:00,long,27532.369,27503.60562916345,27503.60562916345,27589.511638146178,23.96947569712523,-0.9999999999999962,SL,1,-4.081132441683114
2021-08-18 15:55:00,2021-08-18 16:15:00,long,27447.519,27414.601193386658,27414.601193386658,27586.704243055563,27.431505511120193,-0.9999999999999531,SL,4,-5.081132441683067
2021-08-19 01:45:00,2021-08-19 01:50:00,long,27331.999,27304.435154307033,27304.435154307033,27391.725969696967,22.969871410805485,-0.9999999999999943,SL,1,-6.081132441683062
2021-08-19 01:55:00,2021-08-19 02:05:00,long,27264.519,27234.449214683107,27234.449214683107,27383.861916666665,25.05815443074552,-0.9999999999999495,SL,2,-7.081132441683011
2021-08-19 02:10:00,2021-08-19 02:30:00,long,27224.519,27191.445366493725,27191.445366493725,27369.253197530863,27.561361255228913,-1.000000000000029,SL,4,-8.08113244168304
2021-08-19 11:45:00,2021-08-19 12:45:00,short,27271.469,27289.369,27315.778827228587,27155.41991549296,36.92485602382219,-0.4039735905007,TIMEOUT,12,-8.48510603218374
2021-08-19 15:00:00,2021-08-19 15:30:00,short,27269.269,27314.14127811201,27314.14127811201,27177.405427256006,37.39356509334167,-0.9999999999999698,SL,6,-9.48510603218371
2021-08-19 15:35:00,2021-08-19 18:15:00,short,27309.469,27284.319,27348.555354733606,27181.524230496467,32.57196227800332,0.6434470589906168,TIMEOUT,12,-8.841658973193093
2021-08-19 21:40:00,2021-08-19 21:45:00,long,27084.369,27033.80246326612,27033.80246326612,27196.399968188114,42.13878061156449,-0.9999999999999922,SL,1,-9.841658973193086
2021-08-19 23:35:00,2021-08-20 00:35:00,long,27059.519,27054.269,27015.573781361934,27186.661462121225,36.62101553172244,-0.11946692183372735,TIMEOUT,12,-9.961125895026813
2021-08-20 01:05:00,2021-08-20 01:15:00,long,27004.519,27063.420666666665,26969.47781151588,27063.420666666665,29.20099040343286,1.6809266242027976,VWAP,2,-8.280199270824015
2021-08-20 09:00:00,2021-08-20 09:10:00,short,27054.419,27080.74203490883,27080.74203490883,26987.59658409785,21.9358624240245,-1.0000000000000178,SL,2,-9.280199270824033
2021-08-20 09:15:00,2021-08-20 09:35:00,short,27084.469,27111.927059655503,27111.927059655503,26989.759773809514,22.8817163795851,-1.0000000000000115,SL,4,-10.280199270824045
2021-08-23 12:10:00,2021-08-23 13:10:00,short,27622.319,27627.319,27638.582113225137,27543.336460317467,13.552594354282336,-0.3074442101449076,TIMEOUT,12,-10.587643480968953
2021-08-23 15:35:00,2021-08-23 18:15:00,short,27647.319,27642.519,27660.275136943656,27560.819177304966,10.79678078637897,0.37048080155945406,TIMEOUT,12,-10.2171626794095
2021-08-23 19:10:00,2021-08-23 19:15:00,short,27664.469,27675.993180086873,27675.993180086873,27568.463465709727,9.60348340572587,-1.0000000000000517,SL,1,-11.217162679409551
2021-08-24 02:50:00,2021-08-24 03:25:00,short,27807.319,27829.75788529082,27829.75788529082,27769.585190476184,18.699071075681584,-1.0000000000000757,SL,7,-12.217162679409627
2021-08-24 05:40:00,2021-08-24 06:35:00,long,27752.469,27786.280111111104,27732.586056868542,27786.280111111104,16.569119276215165,1.700508364760548,VWAP,11,-10.51665431464908
2021-08-24 07:40:00,2021-08-24 08:25:00,long,27742.999,27726.958991281066,27726.958991281066,27780.803838709686,13.366673932444852,-0.9999999999999909,SL,9,-11.51665431464907
2021-08-24 08:30:00,2021-08-24 08:45:00,long,27722.269,27706.2726544031,27706.2726544031,27776.73362783172,13.330287997417742,-0.999999999999978,SL,3,-12.516654314649049
2021-08-24 08:50:00,2021-08-24 09:40:00,long,27697.999,27774.253143302187,27680.62962331859,27774.253143302187,14.474480567842667,4.390148518328501,VWAP,10,-8.126505796320547
2021-08-24 12:40:00,2021-08-24 13:40:00,short,27799.999,27812.369,27815.449580958248,27773.136516339888,12.875484131874469,-0.8006171440041807,TIMEOUT,12,-8.927122940324727
2021-08-24 13:45:00,2021-08-24 13:50:00,short,27817.419,27829.828273150673,27829.828273150673,27775.52630923698,10.34106095889349,-0.9999999999999569,SL,1,-9.927122940324685
2021-08-24 13:55:00,2021-08-24 14:55:00,short,27837.419,27850.493975318695,27850.493975318695,27776.168444444476,10.895812765576652,-1.000000000000136,SL,12,-10.927122940324821
2021-08-24 19:20:00,2021-08-24 19:35:00,long,27767.999,27783.948712918682,27757.14756291953,27783.948712918682,9.042864233725991,1.4698249458024306,VWAP,3,-9.45729799452239
2021-08-24 20:05:00,2021-08-24 21:05:00,short,27874.269,27814.369,27899.07843441847,27784.327944954144,20.674528682057637,2.4144040927998516,TIMEOUT,12,-7.042893901722539
2021-08-24 22:20:00,2021-08-24 22:25:00,long,27747.319,27714.070371311343,27714.070371311343,27788.961190476202,27.70719057388063,-0.999999999999978,SL,1,-8.042893901722517
2021-08-24 23:00:00,2021-08-24 23:05:00,long,27707.269,27673.455815537553,27673.455815537553,27787.033769433478,28.177653718707493,-0.9999999999999614,SL,1,-9.042893901722477
2021-08-25 07:35:00,2021-08-25 08:00:00,long,27727.469,27746.052296703292,27714.65974010226,27746.052296703292,10.674383248118769,1.450770524733143,VWAP,5,-7.592123376989335
2021-08-25 10:10:00,2021-08-25 10:45:00,short,27777.469,27795.040173673126,27795.040173673126,27747.683918032788,14.642644727602882,-1.0000000000000637,SL,7,-8.592123376989399
2021-08-25 11:10:00,2021-08-25 11:45:00,short,27802.999,27819.932478887997,27819.932478887997,27750.858751243784,14.111232406664278,-0.9999999999999861,SL,7,-9.592123376989385
2021-08-25 11:50:00,2021-08-25 12:50:00,short,27832.469,27827.519,27847.755515650486,27754.28810798122,12.738763042071831,0.3238147994728472,TIMEOUT,12,-9.268308577516537
2021-08-25 13:40:00,2021-08-25 14:40:00,short,27827.469,27827.519,27838.296867215682,27764.380158536584,9.023222679733967,-0.0046177145511041295,TIMEOUT,12,-9.272926292067641
2021-08-26 10:10:00,2021-08-26 10:30:00,short,27772.999,27739.874420054202,27792.54343922394,27739.874420054202,16.28703268661587,1.6948339917179482,VWAP,4,-7.578092300349693
2021-08-26 10:50:00,2021-08-26 11:05:00,long,27677.319,27647.516695850332,27647.516695850332,27739.2321043257,24.83525345805519,-1.000000000000032,SL,3,-8.578092300349725
2021-08-26 14:10:00,2021-08-26 14:50:00,long,27697.369,27680.406567007012,27680.406567007012,27736.32839571151,14.135360827489967,-0.9999999999999185,SL,8,-9.578092300349644
2021-08-26 14:55:00,2021-08-26 15:05:00,long,27672.319,27653.628927747788,27653.628927747788,27734.13290740741,15.575060210177494,-0.9999999999999145,SL,2,-10.578092300349558
2021-08-27 02:20:00,2021-08-27 03:20:00,short,27662.319,27642.469,27683.34139177532,27615.405321839076,17.518659812768572,0.9442312850101107,TIMEOUT,12,-9.633861015339448
2021-08-27 03:30:00,2021-08-27 03:35:00,short,27677.369,27698.81017627845,27698.81017627845,27627.441790697667,17.86764689870852,-1.000000000000044,SL,1,-10.633861015339493
2021-08-27 04:50:00,2021-08-27 05:50:00,short,27692.369,27692.419,27708.429455652564,27642.14820903954,13.383713043804862,-0.0031132367029027804,TIMEOUT,12,-10.636974252042396
2021-08-27 06:25:00,2021-08-27 07:25:00,short,27687.269,27672.469,27699.850012293184,27652.419299145287,10.48417691098675,1.176375927079996,TIMEOUT,12,-9.460598324962401
2021-08-27 08:45:00,2021-08-27 08:55:00,short,27677.319,27657.482333333337,27688.26040264407,27657.482333333337,9.117835536725654,1.8129911960978888,VWAP,2,-7.647607128864513
2021-08-27 09:20:00,2021-08-27 09:35:00,short,27682.319,27694.955058994863,27694.955058994863,27658.094398230096,10.530049162386497,-0.9999999999999813,SL,3,-8.647607128864493
2021-08-27 09:40:00,2021-08-27 09:45:00,short,27727.269,27743.319041049363,27743.319041049363,27659.303102564107,13.375034207802088,-0.9999999999999893,SL,1,-9.647607128864482
2021-08-27 10:15:00,2021-08-27 10:20:00,short,27797.419,27825.86116775161,27825.86116775161,27664.843704301078,23.70180645967198,-1.000000000000039,SL,1,-10.647607128864522
2021-08-30 03:40:00,2021-08-30 03:55:00,long,27730.469,27715.829142179355,27715.829142179355,27754.516333333337,12.199881517205553,-0.9999999999999741,SL,3,-11.647607128864495
2021-08-30 04:40:00,2021-08-30 04:55:00,long,27725.519,27711.341734195255,27711.341734195255,27748.8375380117,11.81438817061981,-1.000000000000074,SL,3,-12.64760712886457
2021-08-30 05:00:00,2021-08-30 05:40:00,long,27715.469,27701.857028512877,27701.857028512877,27747.045557377056,11.343309572601932,-1.0000000000001097,SL,8,-13.64760712886468
2021-08-30 05:45:00,2021-08-30 06:45:00,long,27700.319,27720.269,27688.224017381595,27743.297380952383,10.079152182002208,1.6494442885471026,TIMEOUT,12,-11.998162840317576
2021-08-30 08:35:00,2021-08-30 09:35:00,long,27697.519,27686.13859984151,27686.13859984151,27733.537044871795,9.483666798741176,-1.0000000000000848,SL,12,-12.998162840317661
2021-08-30 09:40:00,2021-08-30 10:40:00,long,27680.519,27720.519,27662.698498226993,27730.591706552703,14.85041814417383,2.2446057080494257,TIMEOUT,12,-10.753557132268236
2021-08-30 14:40:00,2021-08-30 15:25:00,long,27705.469,27696.470841268154,27696.470841268154,27726.05441176471,7.49846560987268,-0.9999999999999838,SL,9,-11.75355713226822
2021-08-30 15:45:00,2021-08-30 18:05:00,long,27670.469,27724.28872677596,27659.10183340734,27724.28872677596,9.472638827217454,4.734665084499471,VWAP,8,-7.018892047768749
2021-08-30 19:35:00,2021-08-30 19:40:00,long,27705.269,27692.90875466631,27692.90875466631,27723.149277777782,10.30020444474221,-0.9999999999999326,SL,1,-8.018892047768682
2021-08-30 19:45:00,2021-08-30 20:05:00,long,27655.319,27639.626706829622,27639.626706829622,27722.694582524276,13.076910975313456,-1.000000000000088,SL,4,-9.01889204776877
2021-08-30 21:15:00,2021-08-30 22:05:00,short,27802.469,27720.512095238108,27844.198049038918,27720.512095238108,34.774207532431696,1.9640252210266613,VWAP,10,-7.054866826742108
2021-08-30 23:20:00,2021-08-30 23:35:00,short,27795.469,27819.080550762348,27819.080550762348,27723.568451137897,19.67629230195521,-1.0000000000000393,SL,3,-8.054866826742147
2021-08-30 23:40:00,2021-08-30 23:55:00,short,27867.519,27895.94187008859,27895.94187008859,27725.21112121213,23.68572507382691,-0.9999999999999395,SL,3,-9.054866826742087
2021-08-31 15:30:00,2021-08-31 18:10:00,long,28050.419,28100.469,28031.668780218253,28113.61406238858,15.625183151458355,2.66930204459331,TIMEOUT,12,-6.385564782148776
2021-08-31 19:50:00,2021-08-31 20:00:00,short,28165.469,28186.44498900213,28186.44498900213,28111.095728971955,17.479990835107763,-1.0000000000000575,SL,2,-7.385564782148834
2021-08-31 20:05:00,2021-08-31 20:10:00,short,28252.269,28282.507967870875,28282.507967870875,28112.318109062977,25.19913989239496,-1.0000000000000366,SL,1,-8.38556478214887
2021-08-31 20:15:00,2021-08-31 21:15:00,short,28415.469,28327.519,28458.626171276417,28114.566366818868,35.96430939701407,2.0379000151954068,TIMEOUT,12,-6.347664766953464
2021-09-01 12:35:00,2021-09-01 12:50:00,short,28594.999,28618.31125385041,28618.31125385041,28519.37549122808,19.42687820867384,-1.0000000000000744,SL,3,-7.347664766953539
2021-09-01 12:55:00,2021-09-01 13:35:00,short,28609.469,28631.40829201951,28631.40829201951,28521.610111111124,18.282743349592096,-0.999999999999958,SL,8,-8.347664766953496
2021-09-01 13:40:00,2021-09-01 14:00:00,short,28629.369,28648.06455562192,28648.06455562192,28526.626575757586,15.579629684934908,-0.999999999999996,SL,4,-9.347664766953493
2021-09-01 14:05:00,2021-09-01 15:05:00,short,28654.369,28554.469,28672.047103374953,28530.029176470598,14.731752812460234,5.651058706984594,TIMEOUT,12,-3.6966060599688984
2021-09-01 18:20:00,2021-09-01 18:40:00,short,28566.369,28535.75008877723,28584.537296282066,28535.75008877723,15.140246901723305,1.6852934775722543,VWAP,4,-2.011312582396644
2021-09-01 19:05:00,2021-09-01 19:30:00,long,28514.419,28536.07360547505,28498.154174973137,28536.07360547505,13.554020855722104,1.3313764789524347,VWAP,5,-0.6799361034442093
2021-09-01 21:05:00,2021-09-01 22:05:00,long,28436.369,28444.419,28393.527595289765,28533.500356421366,35.70117059186196,0.18790233547313756,TIMEOUT,12,-0.49203376797107173
2021-09-01 22:55:00,2021-09-01 23:40:00,long,28451.419,28527.30594334651,28420.702353601642,28527.30594334651,25.59720533196721,2.470547805328058,VWAP,9,1.978514037356986
2021-09-02 01:55:00,2021-09-02 02:00:00,long,28486.369,28519.724833333337,28466.21932453359,28519.724833333337,16.791396222005428,1.6554030058176015,VWAP,1,3.6339170431745877
2021-09-02 03:25:00,2021-09-02 03:50:00,short,28554.319,28514.91812698414,28576.982047600843,28514.91812698414,18.88587300070378,1.738551394755576,VWAP,5,5.372468437930164
2021-09-02 08:35:00,2021-09-02 08:55:00,short,28569.999,28580.644953454557,28580.644953454557,28531.195343042084,8.871627878796989,-1.0000000000001006,SL,4,4.372468437930063
2021-09-02 09:00:00,2021-09-02 09:20:00,short,28584.999,28595.723772862504,28595.723772862504,28533.179555555565,8.937310718752226,-1.000000000000154,SL,4,3.3724684379299092
2021-09-02 09:25:00,2021-09-02 09:50:00,short,28629.419,28642.928483077063,28642.928483077063,28535.98059292036,11.25790256421745,-1.000000000000027,SL,5,2.372468437929882
2021-09-02 22:05:00,2021-09-02 22:15:00,short,28712.269,28746.001173337194,28746.001173337194,28593.95591562934,28.110144447661128,-1.0000000000000095,SL,2,1.3724684379298726
2021-09-02 22:20:00,2021-09-02 22:30:00,short,28804.419,28841.712230620196,28841.712230620196,28595.87506557379,31.077692183495454,-1.0000000000000033,SL,2,0.3724684379298693
2021-09-02 22:40:00,2021-09-02 22:55:00,short,28814.319,28850.409891705105,28850.409891705105,28599.32467204303,30.07574308758887,-0.9999999999999712,SL,3,-0.627531562070102
2021-09-02 23:00:00,2021-09-03 00:00:00,short,29102.519,29077.419,29166.377187369573,28604.240137566154,53.215156141311674,0.39305844769339227,TIMEOUT,12,-0.2344731143767097
2021-09-07 02:55:00,2021-09-07 03:55:00,long,29859.519,29910.84474074074,29831.122515509363,29910.84474074074,23.663737075531902,1.8074681306998057,VWAP,12,1.572995016323096
2021-09-07 04:10:00,2021-09-07 04:50:00,long,29849.369,29819.57663956992,29819.57663956992,29902.251026143796,24.826967025064345,-1.0000000000000155,SL,8,0.5729950163230804
2021-09-07 04:55:00,2021-09-07 05:10:00,long,29784.519,29751.49249970321,29751.49249970321,29894.631000000005,27.522083580658133,-1.000000000000004,SL,3,-0.42700498367692363
2021-09-07 05:20:00,2021-09-07 05:25:00,long,29724.369,29689.010788215666,29689.010788215666,29883.821410256412,29.465176486942486,-1.0000000000000435,SL,1,-1.4270049836769672
2021-09-07 12:05:00,2021-09-07 12:40:00,short,29889.469,29919.871715604007,29919.871715604007,29823.82151141552,25.335596336673287,-0.999999999999953,SL,7,-2.42700498367692
2021-09-07 12:45:00,2021-09-07 13:45:00,short,29929.999,29939.319,29954.365929090254,29827.949129870118,20.305774241877565,-0.382485620796909,TIMEOUT,12,-2.809490604473829
2021-09-07 13:50:00,2021-09-07 14:50:00,short,29944.999,29963.58910659685,29963.58910659685,29836.133970059862,15.491755497374502,-1.000000000000037,SL,12,-3.809490604473866
2021-09-07 14:55:00,2021-09-07 15:55:00,short,29994.319,29974.319,30015.439062507237,29843.23022222221,17.600052089363913,0.946966894304744,TIMEOUT,12,-2.862523710169122
2021-09-07 18:35:00,2021-09-07 19:35:00,short,29996.319,29924.519,30015.47875718509,29858.910888341536,15.966464320910152,3.7474378879845824,TIMEOUT,12,0.8849141778154603
2021-09-07 20:55:00,2021-09-07 21:20:00,short,29991.469,30028.84413101753,30028.84413101753,29868.933848484856,31.145942514605718,-1.000000000000043,SL,5,-0.11508582218458274
2021-09-07 22:10:00,2021-09-07 23:10:00,short,30206.419,30109.369,30256.56581021657,29879.32097831978,41.78900851380554,1.9353175123378272,TIMEOUT,12,1.8202316901532445
2021-09-08 01:10:00,2021-09-08 01:25:00,short,30104.269,30141.809520649098,30141.809520649098,30036.753000000004,31.28376720758277,-0.999999999999958,SL,3,0.8202316901532865
2021-09-08 02:50:00,2021-09-08 03:05:00,long,30036.269,30000.627998220505,30000.627998220505,30085.744523809524,29.7008348162472,-0.9999999999999577,SL,3,-0.17976830984667125
2021-09-08 03:10:00,2021-09-08 03:15:00,long,29944.369,29904.514320079543,29904.514320079543,30077.547717948713,33.212233267045995,-1.0000000000000195,SL,1,-1.1797683098466907
2021-09-08 03:20:00,2021-09-08 04:20:00,long,29884.369,29969.319,29841.28938312981,30069.176642276416,35.89968072515692,1.9719302577824762,TIMEOUT,12,0.7921619479357855
2021-09-08 04:25:00,2021-09-08 04:45:00,long,29936.999,30043.678506172837,29886.45659089136,30043.678506172837,42.11867425719916,2.1106929419120797,VWAP,4,2.902854889847865
2021-09-08 06:15:00,2021-09-08 06:55:00,short,30164.369,30197.913155115384,30197.913155115384,30052.174043859643,27.953462596155035,-0.9999999999999799,SL,8,1.9028548898478852
2021-09-08 07:15:00,2021-09-08 08:10:00,short,30239.319,30070.696348484842,30268.143745031946,30070.696348484842,24.020620859954185,5.849926905798523,VWAP,11,7.752781795646408
2021-09-08 09:00:00,2021-09-08 09:40:00,short,30149.519,30184.290571110392,30184.290571110392,30082.932883792037,28.976309258660095,-0.9999999999999957,SL,8,6.7527817956464125
2021-09-08 10:40:00,2021-09-08 10:55:00,long,30001.999,29961.602623957377,29961.602623957377,30091.11724289404,33.66364670218607,-0.999999999999997,SL,3,5.752781795646415
2021-09-08 11:50:00,2021-09-08 12:50:00,long,29971.519,30014.419,29927.505068598533,30083.18191375289,36.67827616788988,0.974691390521201,TIMEOUT,12,6.727473186167616
2021-09-08 13:10:00,2021-09-08 14:10:00,long,29989.269,30019.269,29953.44706479025,30077.41711320752,29.851612674793564,0.8374756925983359,TIMEOUT,12,7.564948878765952
2021-09-08 15:30:00,2021-09-08 16:00:00,long,29984.419,29959.104918138026,29959.104918138026,30067.804632798554,21.09506821831367,-0.9999999999999787,SL,6,6.564948878765973
2021-09-08 16:05:00,2021-09-08 18:35:00,long,29911.469,29884.51417618874,29884.51417618874,30064.101938144304,22.46235317605067,-1.0000000000000455,SL,10,5.564948878765928
2021-09-08 23:25:00,2021-09-09 00:25:00,long,29929.269,29954.369,29896.667094389682,30043.768198473263,27.168254675263935,0.7698936467092822,TIMEOUT,12,6.33484252547521
2021-09-09 00:50:00,2021-09-09 01:00:00,long,29906.999,29947.656272727276,29875.081834492597,29947.656272727276,26.597637922833925,1.273837199542318,VWAP,2,7.608679725017528
2021-09-09 03:05:00,2021-09-09 03:15:00,long,29881.469,29959.09829824561,29846.494526533483,29959.09829824561,29.145394555431665,2.2195987687971144,VWAP,2,9.828278493814643
2021-09-09 04:15:00,2021-09-09 04:20:00,short,30049.369,30090.23864789241,30090.23864789241,29965.364192307694,34.05803991034292,-0.9999999999999702,SL,1,8.828278493814674
2021-09-09 08:05:00,2021-09-09 09:05:00,short,30161.469,30114.469,30188.543247266432,30022.05382993198,22.561872722025477,1.735967007225919,TIMEOUT,12,10.564245501040592
2021-09-09 10:05:00,2021-09-09 10:30:00,short,30209.469,30238.689290038936,30238.689290038936,30045.858016393457,24.350241699111816,-1.00000000000002,SL,5,9.564245501040572
2021-09-09 10:35:00,2021-09-09 11:05:00,short,30234.999,30262.433081596864,30262.433081596864,30053.944000000014,22.861734664054634,-0.9999999999999583,SL,6,8.564245501040613
2021-09-09 21:50:00,2021-09-09 21:55:00,short,30207.999,30255.455091837048,30255.455091837048,30089.003019204392,39.54674319754065,-0.9999999999999837,SL,1,7.564245501040629
2021-09-09 22:00:00,2021-09-09 22:20:00,short,30309.319,30362.16858939011,30362.16858939011,30090.447911564628,44.04132449175708,-1.00000000000001,SL,4,6.564245501040619
2021-09-10 10:40:00,2021-09-10 10:45:00,long,30372.519,30343.853830308726,30343.853830308726,30426.85993023255,23.887641409393694,-1.0000000000000568,SL,1,5.5642455010405625
2021-09-10 13:25:00,2021-09-10 14:20:00,long,30387.319,30364.987453185382,30364.987453185382,30417.570296296286,18.609622345514715,-0.9999999999999916,SL,11,4.5642455010405705
2021-09-10 14:35:00,2021-09-10 15:00:00,long,30319.319,30297.423771232607,30297.423771232607,30414.420060606044,18.246023972826055,-1.0000000000000717,SL,5,3.5642455010404985
2021-09-10 15:10:00,2021-09-10 15:15:00,long,30257.519,30233.491755415194,30233.491755415194,30410.39266120217,20.02270382067268,-0.9999999999999446,SL,1,2.564245501040554
2021-09-10 15:20:00,2021-09-10 15:35:00,long,30229.369,30202.83744727126,30202.83744727126,30408.530063063048,22.109627273947257,-1.000000000000066,SL,3,1.564245501040488
2021-09-13 01:40:00,2021-09-13 02:00:00,short,30372.519,30402.129645733014,30402.129645733014,30312.81122222222,24.67553811084395,-1.0000000000000213,SL,4,0.5642455010404668
2021-09-13 02:05:00,2021-09-13 02:15:00,short,30477.319,30512.57647380955,30512.57647380955,30331.866051282042,29.38122817462514,-0.9999999999999951,SL,2,-0.43575449895952834
2021-09-13 03:05:00,2021-09-13 03:30:00,short,30552.419,30588.546389210554,30588.546389210554,30383.013561403513,30.10615767545935,-1.0000000000000435,SL,5,-1.4357544989595719
2021-09-13 09:40:00,2021-09-13 09:45:00,long,30492.469,30464.8925877577,30464.8925877577,30532.491706552715,22.980343535252572,-0.9999999999999776,SL,1,-2.4357544989595494
2021-09-13 10:05:00,2021-09-13 11:05:00,long,30449.319,30497.369,30414.842914427987,30530.681513661217,28.730071310009656,1.3937197104246453,TIMEOUT,12,-1.0420347885349042
2021-09-13 11:10:00,2021-09-13 11:15:00,long,30464.519,30428.216925351844,30428.216925351844,30525.433419753102,30.251728873463758,-0.9999999999999895,SL,1,-2.0420347885348935
2021-09-13 12:25:00,2021-09-13 13:00:00,short,30582.999,30615.897985104868,30615.897985104868,30523.99175555557,27.415820920724393,-0.9999999999999671,SL,7,-3.0420347885348606
2021-09-13 15:05:00,2021-09-13 15:10:00,long,30469.269,30530.553139194144,30439.128499944243,30530.553139194144,25.117083379797783,2.0332820981992135,VWAP,1,-1.0087526903356472
2021-09-13 16:00:00,2021-09-13 18:35:00,short,30619.269,30653.561106556783,30653.561106556783,30532.26145250432,28.57675546398425,-1.0000000000000417,SL,11,-2.008752690335689
2021-09-13 18:40:00,2021-09-13 19:30:00,short,30657.519,30683.804781877177,30683.804781877177,30537.447097560977,21.90481823098218,-0.9999999999999467,SL,9,-3.0087526903356356
2021-09-13 20:45:00,2021-09-13 21:30:00,short,30617.469,30656.32559553017,30656.32559553017,30544.86093595342,32.380496275140594,-0.9999999999999661,SL,9,-4.008752690335601
2021-09-13 21:40:00,2021-09-13 21:50:00,short,30684.999,30722.51576641933,30722.51576641933,30548.83044444444,31.263972016107427,-0.9999999999999926,SL,2,-5.008752690335594
2021-09-13 21:55:00,2021-09-13 22:05:00,short,30734.519,30772.064632588656,30772.064632588656,30550.78585871056,31.288027157211346,-1.0000000000000444,SL,2,-6.008752690335639
2021-09-13 23:45:00,2021-09-14 00:15:00,short,30652.419,30557.009440251564,30694.2851896738,30557.009440251564,34.88849139483115,2.2789167223438787,VWAP,6,-3.72983596799176
2021-09-14 03:35:00,2021-09-14 04:35:00,long,30494.269,30547.369,30455.618415388275,30597.22483333333,32.20882050977082,1.3738472660486023,TIMEOUT,12,-2.355988701943158
2021-09-14 05:20:00,2021-09-14 05:25:00,long,30497.269,30467.94024197712,30467.94024197712,30573.953564102565,24.44063168573205,-1.000000000000015,SL,1,-3.355988701943173
2021-09-14 05:30:00,2021-09-14 06:30:00,long,30467.519,30502.419,30437.70165252109,30570.967457711442,24.847789565758912,1.170459579769315,TIMEOUT,12,-2.185529122173858
2021-09-14 07:10:00,2021-09-14 07:55:00,long,30467.519,30445.715205156797,30445.715205156797,30551.62298467434,18.16982903600149,-1.000000000000052,SL,9,-3.18552912217391
2021-09-14 09:50:00,2021-09-14 09:55:00,long,30497.519,30465.73687514605,30465.73687514605,30540.295246498605,26.48510404495965,-0.9999999999999895,SL,1,-4.185529122173899
2021-09-14 10:00:00,2021-09-14 11:00:00,long,30362.999,30352.319,30323.04578010042,30538.336933884304,33.29434991631719,-0.26731262278343665,TIMEOUT,12,-4.452841744957336
2021-09-14 12:20:00,2021-09-14 12:45:00,long,30402.519,30372.986273061706,30372.986273061706,30510.450789709183,24.61060578191144,-1.0000000000000167,SL,5,-5.452841744957353
2021-09-14 14:20:00,2021-09-14 14:30:00,long,30349.269,30324.37941744954,30324.37941744954,30493.036630057817,20.741318792048233,-1.0000000000000342,SL,2,-6.452841744957388
2021-09-14 14:35:00,2021-09-14 14:50:00,long,30327.369,30303.246399102274,30303.246399102274,30490.34250378789,20.10216741477022,-1.0000000000000149,SL,3,-7.452841744957403
2021-09-15 06:15:00,2021-09-15 06:35:00,long,30508.519,30493.371998436698,30493.371998436698,30531.386456140353,12.622501302752157,-0.9999999999999732,SL,4,-8.452841744957375
2021-09-15 06:45:00,2021-09-15 06:55:00,long,30488.469,30475.051528004813,30475.051528004813,30528.95184552846,11.181226662657016,-0.9999999999999651,SL,2,-9.45284174495734
2021-09-15 07:00:00,2021-09-15 07:30:00,long,30468.519,30453.42848178811,30453.42848178811,30527.005745098046,12.575431843242754,-1.000000000000001,SL,6,-10.452841744957341
2021-09-15 07:35:00,2021-09-15 08:15:00,long,30428.999,30411.496625938613,30411.496625938613,30522.19164492754,14.585311717823842,-0.9999999999999049,SL,8,-11.452841744957245
2021-09-15 09:20:00,2021-09-15 09:35:00,long,30443.519,30418.76476524997,30418.76476524997,30507.24619764013,20.62852895835854,-1.0000000000000375,SL,3,-12.452841744957283
2021-09-15 10:15:00,2021-09-15 11:15:00,long,30425.269,30405.419,30387.15126571393,30503.61168817205,31.764778571725795,-0.5207549811598368,TIMEOUT,12,-12.973596726117119
2021-09-15 13:45:00,2021-09-15 14:45:00,short,30545.419,30548.319,30566.679279761487,30494.028578313275,17.716899801238227,-0.13640460203403915,TIMEOUT,12,-13.110001328151158
2021-09-16 04:45:00,2021-09-16 05:30:00,short,30404.519,30432.699304687903,30432.699304687903,30337.04888505748,23.483587239920766,-0.999999999999936,SL,9,-14.110001328151094
2021-09-16 07:15:00,2021-09-16 07:35:00,short,30389.319,30349.75487121212,30409.500168498325,30349.75487121212,16.81764041527178,1.9604478695651542,VWAP,4,-12.14955345858594
2021-09-16 08:05:00,2021-09-16 08:30:00,long,30306.419,30350.606108843538,30285.148698229743,30350.606108843538,17.72525147521711,2.0774086480200973,VWAP,5,-10.072144810565842
2021-09-16 09:35:00,2021-09-16 10:00:00,short,30439.269,30356.136155172415,30465.931337033995,30356.136155172415,22.218614194994657,3.11798792137365,VWAP,5,-6.954156889192191
2021-09-16 10:35:00,2021-09-16 10:55:00,short,30434.369,30358.331109375005,30472.267370526293,30358.331109375005,31.581975438577203,2.0063630591252166,VWAP,4,-4.947793830066974
2021-09-16 12:20:00,2021-09-16 13:20:00,short,30414.519,30434.319,30444.70069886752,30361.507545861303,25.151415722934374,-0.6560266897800839,TIMEOUT,12,-5.6038205198470585
2021-09-16 13:25:00,2021-09-16 14:00:00,short,30444.369,30466.17771977308,30466.17771977308,30366.000440329222,18.173933144234333,-1.0000000000000357,SL,7,-6.603820519847094
2021-09-16 14:10:00,2021-09-16 15:05:00,short,30484.419,30505.862948855753,30505.862948855753,30370.17502339181,17.869957379791217,-1.0000000000000688,SL,11,-7.603820519847163
2021-09-16 15:10:00,2021-09-16 16:10:00,short,30514.269,30504.369,30534.597956194535,30378.03593989071,16.940796828778645,0.48699007982825804,TIMEOUT,12,-7.116830440018905
2021-09-16 23:25:00,2021-09-17 00:25:00,short,30534.269,30484.319,30562.18766795815,30403.90550063858,23.265556631793203,1.7891254724212606,TIMEOUT,12,-5.3277049675976444
2021-09-17 02:25:00,2021-09-17 02:30:00,short,30554.999,30583.74650362271,30583.74650362271,30496.551888888887,23.956253018926724,-0.999999999999981,SL,1,-6.327704967597626
2021-09-17 05:45:00,2021-09-17 05:55:00,long,30429.369,30400.561946534643,30400.561946534643,30505.047428571434,24.00587788779532,-1.000000000000061,SL,2,-7.327704967597687
2021-09-17 06:25:00,2021-09-17 07:25:00,long,30384.469,30389.519,30351.215215204244,30495.908188034195,27.71148732979855,0.1518624129859478,TIMEOUT,12,-7.175842554611739
2021-09-17 09:35:00,2021-09-17 09:50:00,long,30439.469,30411.509755952633,30411.509755952633,30475.691126436777,23.299370039474493,-0.9999999999999493,SL,3,-8.175842554611688
2021-09-17 09:55:00,2021-09-17 10:10:00,long,30374.419,30339.894777039855,30339.894777039855,30473.77149999999,28.77018580012072,-1.0000000000000413,SL,3,-9.175842554611728
2021-09-17 10:15:00,2021-09-17 10:45:00,long,30339.469,30299.3627919626,30299.3627919626,30470.182333333323,33.42184003116547,-1.0000000000000229,SL,6,-10.175842554611751
2021-09-17 11:10:00,2021-09-17 12:10:00,long,30279.469,30314.319,30239.221870899688,30457.682308641968,33.53927425025994,0.8659002711258837,TIMEOUT,12,-9.309942283485867
2021-09-17 13:00:00,2021-09-17 13:20:00,long,30336.269,30303.462589322164,30303.462589322164,30438.453288747343,27.338675564864683,-0.999999999999967,SL,4,-10.309942283485833
2021-09-17 13:25:00,2021-09-17 13:50:00,long,30289.519,30258.612770884516,30258.612770884516,30434.6810164609,25.75519092957053,-0.9999999999999848,SL,5,-11.309942283485817
2021-09-17 13:55:00,2021-09-17 14:55:00,long,30254.999,30329.999,30223.493967309714,30429.37052777777,26.254193908571583,2.38057204184794,TIMEOUT,12,-8.929370241637876
2021-09-17 15:15:00,2021-09-17 16:05:00,long,30309.419,30280.648428319826,30280.648428319826,30418.460576086953,23.975476400146636,-0.9999999999999887,SL,10,-9.929370241637866
2021-09-17 16:10:00,2021-09-19 18:50:00,long,30241.419,30249.469,30204.979586469133,30412.92217948718,30.366177942390237,0.2209146421409888,TIMEOUT,12,-9.708455599496878
2021-09-19 19:55:00,2021-09-19 20:05:00,short,30324.269,30350.9857222767,30350.9857222767,30259.51663888889,22.263935230581364,-1.0000000000000293,SL,2,-10.708455599496908
2021-09-19 21:25:00,2021-09-19 21:40:00,long,30241.369,30213.46625186862,30213.46625186862,30279.59288888888,23.25229010948175,-1.0000000000000238,SL,3,-11.708455599496931
2021-09-19 21:45:00,2021-09-19 22:05:00,long,30199.269,30168.09779088452,30168.09779088452,30275.158420289845,25.976007596233725,-0.9999999999999994,SL,4,-12.708455599496931
2021-09-19 22:10:00,2021-09-19 22:20:00,long,30139.519,30110.013322763367,30110.013322763367,30265.319784313713,24.588064363859615,-1.0000000000000613,SL,2,-13.708455599496993
2021-09-19 22:35:00,2021-09-19 22:50:00,long,30056.519,30024.122524353283,30024.122524353283,30251.028940476186,26.99706303893187,-0.9999999999999798,SL,3,-14.708455599496974
2021-09-19 22:55:00,2021-09-19 23:00:00,long,30006.469,29971.54965012115,29971.54965012115,30236.996722222215,29.099458232375177,-1.000000000000045,SL,1,-15.708455599497018
2021-09-21 04:00:00,2021-09-21 04:35:00,short,30129.469,30179.49327434998,30179.49327434998,29957.311653061224,41.68689529165014,-1.0000000000000018,SL,7,-16.70845559949702
2021-09-21 10:10:00,2021-09-21 10:50:00,long,29999.419,29955.351676108337,29955.351676108337,30059.96582926828,36.72276990972101,-0.9999999999999787,SL,8,-17.708455599497
2021-09-21 15:50:00,2021-09-21 16:00:00,long,29981.269,29937.712216653268,29937.712216653268,30053.250902268748,36.29731945560961,-1.0000000000000135,SL,2,-18.708455599497015
2021-09-21 16:05:00,2021-09-21 18:40:00,long,29919.369,29874.12661187581,29874.12661187581,30051.565082474208,37.70199010348912,-1.000000000000033,SL,11,-19.708455599497047
2021-09-21 18:45:00,2021-09-21 19:05:00,long,29861.369,29830.25544636983,29830.25544636983,30042.583417475715,25.92796135847598,-0.9999999999999596,SL,4,-20.708455599497007
2021-09-22 02:30:00,2021-09-22 02:40:00,short,29751.269,29792.47004323036,29792.47004323036,29673.542333333335,34.33420269196721,-1.0000000000000182,SL,2,-21.708455599497025
2021-09-22 06:00:00,2021-09-22 06:20:00,short,29799.419,29827.117405942652,29827.117405942652,29740.13425114154,23.08200495220979,-0.9999999999999523,SL,4,-22.70845559949698
2021-09-22 06:25:00,2021-09-22 07:25:00,short,29824.319,29824.269,29849.16221295752,29744.969427350414,20.70267746459964,0.0020126221227813597,TIMEOUT,12,-22.7064429773742
2021-09-22 07:35:00,2021-09-22 08:15:00,short,29839.999,29859.559345437145,29859.559345437145,29756.217913043456,16.30028786428644,-1.000000000000058,SL,8,-23.706442977374255
2021-09-22 09:50:00,2021-09-22 10:00:00,short,29879.519,29903.143209736118,29903.143209736118,29777.697067226873,19.686841446765936,-0.9999999999999244,SL,2,-24.70644297737418
2021-09-22 10:05:00,2021-09-22 11:00:00,short,29916.519,29942.045291833183,29942.045291833183,29780.717442622936,21.271909860985602,-1.0000000000000018,SL,11,-25.70644297737418
2021-09-22 19:20:00,2021-09-22 19:55:00,short,30024.269,30049.291428649365,30049.291428649365,29857.77431446538,20.852023874471787,-0.9999999999999496,SL,7,-26.70644297737413
2021-09-22 20:45:00,2021-09-22 21:35:00,short,30139.469,30176.845252845935,30176.845252845935,29872.259829694292,31.146877371612792,-0.999999999999958,SL,10,-27.70644297737409
2021-09-23 09:45:00,2021-09-23 10:05:00,short,30209.999,30244.16252102572,30244.16252102572,30142.580242937856,28.469600854766973,-0.9999999999999628,SL,4,-28.706442977374053
2021-09-23 16:10:00,2021-09-23 16:15:00,short,30291.419,30309.440860318842,30309.440860318842,30185.58329059831,15.018216932366645,-1.0000000000000282,SL,1,-29.70644297737408
2021-09-23 18:25:00,2021-09-23 18:45:00,short,30306.419,30323.19925895214,30323.19925895214,30189.285435643586,13.983549126782812,-0.9999999999999155,SL,4,-30.706442977373996
2021-09-24 02:15:00,2021-09-24 03:00:00,short,30319.369,30248.258523809527,30344.633106308956,30248.258523809527,21.053421924131143,2.8146840153716224,VWAP,9,-27.891758962002374
2021-09-24 03:05:00,2021-09-24 04:00:00,long,30174.999,30146.753337952086,30146.753337952086,30257.04715789474,23.53805170659471,-0.9999999999999896,SL,11,-28.891758962002363
2021-09-24 04:05:00,2021-09-24 04:20:00,long,30134.999,30102.53222436057,30102.53222436057,30237.2344,27.05564636619088,-1.0000000000000329,SL,3,-29.891758962002395
2021-09-24 05:10:00,2021-09-24 05:50:00,long,30154.419,30124.772592545323,30124.772592545323,30219.808682539686,24.705339545565632,-0.9999999999999882,SL,8,-30.891758962002385
2021-09-24 07:15:00,2021-09-24 07:20:00,long,30119.419,30095.098580284674,30095.098580284674,30197.497939393947,20.26701642944083,-0.9999999999999661,SL,1,-31.89175896200235
2021-09-24 14:30:00,2021-09-24 14:35:00,short,30194.999,30208.41223373907,30208.41223373907,30171.34071428572,11.177694782558055,-0.9999999999999694,SL,1,-32.89175896200232
2021-09-24 14:55:00,2021-09-24 15:00:00,short,30219.469,30232.62015050775,30232.62015050775,30172.408425925925,10.959292089792504,-0.9999999999999671,SL,1,-33.891758962002285
2021-09-27 03:15:00,2021-09-27 03:40:00,long,30212.519,30189.272528095076,30189.272528095076,30246.219833333336,19.37205992076866,-1.0000000000000677,SL,5,-34.891758962002356
2021-09-27 06:00:00,2021-09-27 06:20:00,long,30207.369,30237.140643835624,30184.00857543118,30237.140643835624,19.4670204740163,1.2744478914721193,VWAP,4,-33.617311070530235
2021-09-27 06:55:00,2021-09-27 07:00:00,long,30192.369,30169.338633910393,30169.338633910393,30234.33090476192,19.19197174133808,-1.0000000000000178,SL,1,-34.61731107053025
2021-09-27 07:05:00,2021-09-27 08:05:00,long,30167.319,30167.269,30143.273368014576,30232.932604651174,20.038026654521094,-0.0020793797405524094,TIMEOUT,12,-34.6193904502708
2021-09-27 08:10:00,2021-09-27 09:10:00,long,30152.519,30167.469,30128.10465807821,30226.42250168351,20.345284934826733,0.6123449916401988,TIMEOUT,12,-34.0070454586306
2021-09-27 09:40:00,2021-09-27 10:40:00,long,30139.519,30212.269,30114.952086049427,30216.49481196582,20.47242829214424,2.961299907117675,TIMEOUT,12,-31.045745551512926
2021-09-27 11:45:00,2021-09-27 12:45:00,long,30167.519,30202.469,30145.091103629034,30212.347051643188,18.689913642472483,1.5583271574789186,TIMEOUT,12,-29.48741839403401
2021-09-27 19:50:00,2021-09-27 20:00:00,long,30184.269,30166.510932953122,30166.510932953122,30211.932302469133,14.798389205731148,-1.0000000000000262,SL,2,-30.487418394034034
2021-09-27 20:05:00,2021-09-27 20:15:00,long,30144.519,30123.042056376828,30123.042056376828,30211.31734094368,17.89745301931179,-0.9999999999999327,SL,2,-31.487418394033966
2021-09-27 20:25:00,2021-09-27 20:30:00,long,30104.269,30073.943713483404,30073.943713483404,30209.93456053811,25.2710720971619,-1.0000000000000553,SL,1,-32.48741839403402
2021-09-27 20:35:00,2021-09-27 21:35:00,long,30024.469,30037.519,29988.93423764641,30208.61839259259,29.612301961328377,0.36724601870538104,TIMEOUT,12,-32.12017237532864
2021-09-28 01:45:00,2021-09-28 02:10:00,short,30184.269,30133.514303030293,30206.812025589246,30133.514303030293,18.785854657706544,2.2514589609442166,VWAP,5,-29.868713414384427
2021-09-28 02:15:00,2021-09-28 02:25:00,long,30089.269,30059.400007066382,30059.400007066382,30137.0678095238,24.89082744468046,-1.0000000000000433,SL,2,-30.86871341438447
2021-09-28 02:30:00,2021-09-28 03:00:00,long,30046.369,30017.02797322334,30017.02797322334,30130.611258064506,24.45085564721669,-0.9999999999999791,SL,6,-31.868713414384448
2021-09-28 03:05:00,2021-09-28 03:20:00,long,29986.319,29954.485362238174,29954.485362238174,30113.765929824556,26.528031468187667,-1.000000000000001,SL,3,-32.86871341438445
2021-09-28 03:25:00,2021-09-28 03:30:00,long,29934.419,29899.610337148184,29899.610337148184,30100.744476190474,29.007219043182566,-0.9999999999999588,SL,1,-33.86871341438441
2021-09-28 08:55:00,2021-09-28 09:10:00,long,29974.999,29950.161043598317,29950.161043598317,30016.69541975308,20.69829700140416,-0.9999999999999274,SL,3,-34.86871341438434
2021-09-28 09:50:00,2021-09-28 10:05:00,long,29854.369,29819.060062563218,29819.060062563218,30011.118943977584,29.424114530652155,-0.9999999999999545,SL,3,-35.868713414384295
2021-09-28 10:10:00,2021-09-28 10:20:00,long,29784.519,29744.36122693326,29744.36122693326,30005.41417615175,33.464810888951206,-0.9999999999999977,SL,2,-36.868713414384295
2021-09-29 03:00:00,2021-09-29 04:00:00,short,29691.369,29664.519,29754.922993382937,29524.88764864865,52.96166115244745,0.4224754192583478,TIMEOUT,12,-36.44623799512595
2021-09-29 04:50:00,2021-09-29 04:55:00,short,29696.269,29736.5810706355,29736.5810706355,29579.322898305094,33.593392196251486,-0.9999999999999626,SL,1,-37.44623799512591
2021-09-29 05:00:00,2021-09-29 05:10:00,short,29759.519,29801.951142537753,29801.951142537753,29584.51703278689,35.36011878146179,-0.9999999999999717,SL,2,-38.446237995125884
2021-09-29 10:25:00,2021-09-29 10:50:00,short,29774.519,29817.355967544256,29817.355967544256,29681.88844444445,35.69747295354768,-0.999999999999959,SL,5,-39.44623799512584
2021-09-29 10:55:00,2021-09-29 11:55:00,short,29814.469,29734.469,29857.248208199726,29686.3784949495,35.64934016643806,1.8700673380044706,TIMEOUT,12,-37.576170657121374
2021-09-29 14:10:00,2021-09-29 14:15:00,short,29779.519,29812.472820313487,29812.472820313487,29699.611670565308,27.46151692790737,-0.9999999999999467,SL,1,-38.576170657121324
2021-09-29 15:55:00,2021-09-29 16:00:00,long,29664.269,29707.099798611107,29633.169797656712,29707.099798611107,25.91600195273885,1.377231420224918,VWAP,1,-37.19893923689641
2021-09-29 19:20:00,2021-09-29 19:30:00,short,29774.999,29796.67436908167,29796.67436908167,29710.70844968554,18.062807568059014,-0.9999999999999387,SL,2,-38.198939236896344
2021-09-29 19:45:00,2021-09-29 19:50:00,long,29664.999,29637.372196992994,29637.372196992994,29711.547479262677,23.022335839172854,-0.9999999999999465,SL,1,-39.19893923689629
2021-09-29 19:55:00,2021-09-29 20:00:00,long,29624.319,29593.841052509262,29593.841052509262,29710.92420547946,25.398289575613354,-1.000000000000041,SL,1,-40.19893923689633
2021-09-29 20:05:00,2021-09-29 20:15:00,long,29561.999,29521.06883099013,29521.06883099013,29709.69109653093,34.108474174891114,-0.999999999999995,SL,2,-41.19893923689632
2021-09-29 21:05:00,2021-09-29 21:25:00,long,29491.269,29442.350109525374,29442.350109525374,29700.924007153084,40.765742062188316,-1.0000000000000024,SL,4,-42.19893923689632
2021-09-30 03:40:00,2021-09-30 04:40:00,short,29704.369,29644.419,29751.608929123882,29587.169148148136,39.36660760323743,1.2690535551562852,TIMEOUT,12,-40.92988568174004
2021-09-30 06:00:00,2021-09-30 06:20:00,long,29569.469,29539.54276944388,29539.54276944388,29610.832698630125,24.938525463433777,-1.0000000000000013,SL,4,-41.92988568174004
2021-09-30 06:25:00,2021-09-30 07:25:00,long,29524.369,29584.469,29492.833064761195,29607.699940170925,26.279946032335364,1.9057624118295995,TIMEOUT,12,-40.02412326991044
2021-09-30 07:40:00,2021-09-30 07:45:00,long,29556.419,29528.287326242695,29528.287326242695,29599.532261648725,23.44306146442149,-1.000000000000043,SL,1,-41.02412326991048
2021-09-30 09:00:00,2021-09-30 09:15:00,long,29544.999,29518.328037104624,29518.328037104624,29594.33630886849,22.225802412813078,-1.000000000000006,SL,3,-42.02412326991049
2021-09-30 19:30:00,2021-09-30 19:35:00,long,29349.519,29324.07479557009,29324.07479557009,29504.258720930233,21.203503691593056,-0.9999999999999468,SL,1,-43.02412326991044
2021-09-30 19:45:00,2021-09-30 19:50:00,long,29316.319,29288.183614747624,29288.183614747624,29501.716706422016,23.44615437697888,-1.000000000000022,SL,1,-44.02412326991046
2021-10-01 07:05:00,2021-10-01 07:15:00,short,28841.369,28874.436644612353,28874.436644612353,28781.85803100776,27.556370510296457,-0.9999999999999575,SL,2,-45.02412326991042
2021-10-01 07:20:00,2021-10-01 07:30:00,short,28904.999,28938.077601754136,28938.077601754136,28784.87109737828,27.5655014617789,-1.0000000000000364,SL,2,-46.024123269910454
2021-10-01 07:45:00,2021-10-01 07:50:00,short,28979.369,29013.869961082244,29013.869961082244,28793.469957446814,28.75080090187175,-0.999999999999978,SL,1,-47.02412326991043
2021-10-01 09:20:00,2021-10-01 09:50:00,short,28964.369,28819.607230088495,29004.404221867884,28819.607230088495,33.36268488990336,3.6158603139309777,VWAP,6,-43.40826295597945
2021-10-01 10:25:00,2021-10-01 11:15:00,long,28719.319,28824.493708994705,28654.982133888177,28824.493708994705,53.614055093184064,1.63475026607461,VWAP,10,-41.77351268990484
2021-10-01 13:45:00,2021-10-01 14:25:00,short,28984.369,29026.0826807606,29026.0826807606,28831.018698795182,34.76140063383504,-0.999999999999957,SL,8,-42.7735126899048
2021-10-01 15:10:00,2021-10-01 16:10:00,short,29114.469,29074.269,29149.6156658285,28848.895193078337,29.288888190416273,1.1437784794768093,TIMEOUT,12,-41.62973421042799
2021-10-04 09:45:00,2021-10-04 09:55:00,long,28264.419,28318.996231638415,28227.74617144661,28318.996231638415,30.560690461159552,1.4882198562610303,VWAP,2,-40.14151435416696
2021-10-04 10:15:00,2021-10-04 10:20:00,long,28234.319,28192.958962466615,28192.958962466615,28316.69523655914,34.46669794448686,-1.0000000000000056,SL,1,-41.141514354166965
2021-10-04 10:25:00,2021-10-04 10:30:00,long,28114.999,28067.2317635554,28067.2317635554,28314.414767195765,39.80603037050131,-0.999999999999982,SL,1,-42.141514354166944
2021-10-04 20:00:00,2021-10-04 20:20:00,long,27801.269,27743.680912975793,27743.680912975793,28097.827763197594,47.990072520172454,-1.0000000000000044,SL,4,-43.14151435416695
2021-10-04 20:50:00,2021-10-04 21:20:00,long,27649.469,27553.863067771654,27553.863067771654,28084.109721500725,79.671610190288,-1.0000000000000169,SL,6,-44.141514354166965
2021-10-05 00:30:00,2021-10-05 00:50:00,long,27764.319,27860.799476190477,27691.10815954193,27860.799476190477,61.009033715056745,1.3178441278206285,VWAP,4,-42.82367022634634
2021-10-05 04:00:00,2021-10-05 04:15:00,long,27684.369,27787.855530612236,27624.394045890745,27787.855530612236,49.97912842437759,1.7254957865198468,VWAP,3,-41.098174439826494
2021-10-05 04:30:00,2021-10-05 04:55:00,short,27899.519,27961.153580803006,27961.153580803006,27791.012272727265,51.362150669170276,-1.0000000000000193,SL,5,-42.098174439826515
2021-10-05 05:05:00,2021-10-05 06:05:00,short,28041.269,27999.269,28101.550975591224,27808.988892473117,50.234979659351986,0.6967256727749911,TIMEOUT,12,-41.40144876705153
2021-10-05 10:10:00,2021-10-05 10:30:00,short,28149.999,28203.80605215876,28203.80605215876,27915.329894308943,44.83921013230132,-0.9999999999999987,SL,4,-42.40144876705153
2021-10-05 18:15:00,2021-10-05 19:15:00,short,28234.319,28169.269,28260.833299652815,28034.036499999995,22.095249710680072,2.4533931068056822,TIMEOUT,12,-39.94805566024584
2021-10-06 11:05:00,2021-10-06 12:00:00,short,27437.369,27520.412144182512,27520.412144182512,27274.844547263692,69.20262015209288,-1.0000000000000193,SL,11,-40.94805566024586
2021-10-06 13:30:00,2021-10-06 13:40:00,short,27497.269,27556.554196880472,27556.554196880472,27300.137732106334,49.404330733725764,-1.0000000000000122,SL,2,-41.94805566024588
2021-10-06 13:45:00,2021-10-06 14:10:00,short,27632.519,27694.67135770641,27694.67135770641,27305.0535381526,51.79363142201003,-0.9999999999999808,SL,5,-42.948055660245856
2021-10-06 14:25:00,2021-10-06 15:25:00,short,27704.999,27722.469,27766.5969733045,27320.860053639844,51.331644420416644,-0.2836132272346193,TIMEOUT,12,-43.231668887480474
2021-10-06 18:20:00,2021-10-06 19:20:00,short,27732.519,27699.369,27771.112763682508,27373.31914925372,32.161469735423125,0.8589470639015798,TIMEOUT,12,-42.37272182357889
2021-10-06 21:15:00,2021-10-06 21:40:00,short,27897.269,27974.631303259794,27974.631303259794,27428.006683615822,64.46858604982705,-1.0000000000000122,SL,5,-43.37272182357891
2021-10-07 00:45:00,2021-10-07 01:05:00,long,27650.319,27754.332333333336,27592.818732478052,27754.332333333336,47.916889601622024,1.808919120135167,VWAP,4,-41.56380270344374
2021-10-07 01:55:00,2021-10-07 02:05:00,long,27647.999,27730.188305555563,27589.826563248294,27730.188305555563,48.477030626420046,1.4128565029237032,VWAP,2,-40.15094620052004
2021-10-07 04:00:00,2021-10-07 04:35:00,short,27847.469,27895.9193583114,27895.9193583114,27761.460224489794,40.37529859283228,-0.999999999999991,SL,7,-41.15094620052003
2021-10-07 06:55:00,2021-10-07 07:15:00,short,27905.419,27931.694485499807,27931.694485499807,27811.0695952381,21.89623791650565,-0.9999999999999571,SL,4,-42.15094620051999
2021-10-07 19:10:00,2021-10-07 19:55:00,short,28107.469,28132.386700607607,28132.386700607607,27948.738368088463,20.76475050633866,-0.999999999999988,SL,9,-43.150946200519975
2021-10-07 21:05:00,2021-10-07 22:05:00,short,28267.469,28275.469,28336.30122253999,27964.98256125355,57.36018544999161,-0.11622463585789614,TIMEOUT,12,-43.26717083637787
2021-10-08 01:25:00,2021-10-08 02:00:00,long,28100.419,28064.3577783854,28064.3577783854,28156.451962962965,30.05101801216566,-1.0000000000000355,SL,7,-44.26717083637791
2021-10-08 08:05:00,2021-10-08 08:30:00,short,28145.269,28101.291891156463,28164.993466912674,28101.291891156463,16.43705576056295,2.229571477811462,VWAP,5,-42.037599358566446
2021-10-08 13:20:00,2021-10-08 14:20:00,long,28060.469,28103.12995238095,28036.69928500878,28103.12995238095,19.808095826015784,1.7947607868545843,VWAP,12,-40.242838571711864
2021-10-08 15:40:00,2021-10-08 15:50:00,long,28060.319,28039.636992369302,28039.636992369302,28101.05698941797,17.235006358914347,-1.0000000000000198,SL,2,-41.242838571711886
2021-10-10 18:45:00,2021-10-10 19:10:00,long,28132.469,28096.80791294954,28096.80791294954,28181.058,29.717572542050746,-0.9999999999999518,SL,5,-42.242838571711836
2021-10-10 19:40:00,2021-10-10 20:00:00,long,28032.469,27991.735127690143,27991.735127690143,28139.07376190477,33.944893591549075,-0.9999999999999848,SL,4,-43.24283857171182
2021-10-10 20:40:00,2021-10-10 21:30:00,short,28352.999,28441.938411675466,28441.938411675466,28099.812838383838,74.11617639622104,-1.0000000000000147,SL,10,-44.242838571711836
2021-10-10 21:35:00,2021-10-10 21:40:00,short,28495.419,28572.997182842384,28572.997182842384,28167.08157575757,64.64848570198443,-1.0000000000000138,SL,1,-45.24283857171185
2021-10-11 08:30:00,2021-10-11 08:35:00,short,28570.319,28594.59458256205,28594.59458256205,28503.77433980581,20.229652135041995,-1.0000000000000484,SL,1,-46.2428385717119
2021-10-11 08:40:00,2021-10-11 09:20:00,short,28662.269,28695.143007413197,28695.143007413197,28506.26150793649,27.395006177663745,-1.0000000000000009,SL,8,-47.2428385717119
2021-10-12 07:00:00,2021-10-12 08:00:00,short,28257.519,28215.319,28286.479965510327,28178.215352941177,24.134137925273606,1.4571337404117612,TIMEOUT,12,-45.78570483130014
2021-10-12 08:25:00,2021-10-12 08:30:00,short,28280.999,28306.357123031452,28306.357123031452,28189.09730065359,21.13176919287722,-0.9999999999999788,SL,1,-46.785704831300116
2021-10-12 09:10:00,2021-10-12 09:35:00,short,28315.519,28340.5214591673,28340.5214591673,28197.796057057047,20.835382639414604,-1.0000000000000628,SL,5,-47.78570483130018
2021-10-12 12:05:00,2021-10-12 13:05:00,short,28340.999,28250.419,28379.703599534507,28215.941648401822,32.2538329454224,2.340290329557395,TIMEOUT,12,-45.44541450174278
2021-10-12 13:40:00,2021-10-12 14:20:00,short,28297.469,28324.83761342033,28324.83761342033,28224.297343434333,22.807177850276204,-0.9999999999999765,SL,8,-46.44541450174276
2021-10-12 15:15:00,2021-10-12 15:35:00,long,28195.419,28230.248384057973,28170.576490959895,28230.248384057973,20.702090866756922,1.4020075026133478,VWAP,4,-45.04340699912941
2021-10-12 15:45:00,2021-10-12 16:05:00,long,28155.269,28124.24975381466,28124.24975381466,28229.489385964913,25.849371821116343,-1.0000000000000224,SL,4,-46.04340699912943
2021-10-12 16:10:00,2021-10-12 19:00:00,long,28120.519,28117.369,28086.9423898043,28227.225547008547,27.980508496418505,-0.09381530719276285,TIMEOUT,12,-46.137222306322194
2021-10-12 22:40:00,2021-10-12 23:20:00,long,28142.269,28212.612452855235,28090.38205052884,28212.612452855235,43.23912455930237,1.3557060797017935,VWAP,8,-44.7815162266204
2021-10-13 03:00:00,2021-10-13 03:05:00,long,28112.319,28083.306261703536,28083.306261703536,28157.033054054056,24.177281913719202,-1.000000000000026,SL,1,-45.781516226620425
2021-10-13 03:10:00,2021-10-13 03:35:00,long,28055.419,28152.61250427351,28024.036363407642,28152.61250427351,26.152197160298773,3.0970471199088307,VWAP,5,-42.684469106711596
2021-10-13 04:25:00,2021-10-13 04:50:00,short,28235.419,28269.864111372335,28269.864111372335,28152.615975308636,28.704259476944127,-1.0000000000000155,SL,5,-43.68446910671161
2021-10-13 09:55:00,2021-10-13 10:10:00,long,28152.419,28116.978334807925,28116.978334807925,28200.458666666666,29.533887660064483,-0.9999999999999687,SL,3,-44.68446910671158
2021-10-13 10:15:00,2021-10-13 11:05:00,long,28090.519,28198.2166344086,28052.169511907774,28198.2166344086,31.95790674352104,2.8083200002462014,VWAP,10,-41.87614910646538
2021-10-13 13:30:00,2021-10-13 14:10:00,short,28240.999,28192.736382413084,28265.636700736824,28192.736382413084,20.53141728068631,1.9588929219674305,VWAP,8,-39.917256184497944
2021-10-13 14:45:00,2021-10-13 15:15:00,long,28152.319,28195.04293258427,28123.537188585462,28195.04293258427,23.984842845447087,1.4844073560531013,VWAP,6,-38.43284882844484
2021-10-13 18:35:00,2021-10-13 19:35:00,short,28242.319,28265.04219051036,28265.04219051036,28193.887415032677,18.935992091967712,-1.0000000000000218,SL,12,-39.43284882844486
2021-10-13 19:40:00,2021-10-13 19:50:00,short,28310.319,28334.615988683294,28334.615988683294,28196.709414746543,20.247490569412733,-0.9999999999999609,SL,2,-40.43284882844482
2021-10-13 20:20:00,2021-10-13 21:20:00,short,28457.319,28372.519,28510.18173727779,28200.419681481482,44.052281064827156,1.604154539981103,TIMEOUT,12,-38.828694288463716
2021-10-14 15:00:00,2021-10-14 15:55:00,short,28720.469,28734.92320464455,28734.92320464455,28649.20426703498,12.04517053712458,-0.9999999999999978,SL,11,-39.828694288463716
2021-10-14 16:05:00,2021-10-14 16:15:00,short,28757.469,28778.955704709755,28778.955704709755,28653.335408934705,17.905587258128815,-0.9999999999999788,SL,2,-40.828694288463694
2021-10-14 18:00:00,2021-10-14 19:00:00,short,28800.369,28785.469,28821.83066116885,28655.262079526226,17.884717640710175,0.6942612635047338,TIMEOUT,12,-40.13443302495896
2021-10-15 13:40:00,2021-10-15 13:55:00,short,29170.519,29188.35272643996,29188.35272643996,29119.591282828278,14.86143869996526,-1.0000000000000788,SL,3,-41.13443302495904
2021-10-15 14:00:00,2021-10-15 14:05:00,short,29190.319,29207.118588006342,29207.118588006342,29121.132234713994,13.999656671951932,-1.000000000000021,SL,1,-42.13443302495906
2021-10-15 14:10:00,2021-10-15 15:10:00,short,29225.319,29157.369,29243.115195780978,29122.239935672504,14.830163150815867,3.818231763477628,TIMEOUT,12,-38.31620126148143
2021-10-17 18:30:00,2021-10-17 18:35:00,long,29197.469,29168.869579443286,29168.869579443286,29235.844238095237,23.83285046392929,-0.9999999999999915,SL,1,-39.316201261481424
2021-10-17 19:50:00,2021-10-17 20:00:00,long,29112.269,29080.578313134683,29080.578313134683,29195.111878787877,26.40890572109661,-1.0000000000000282,SL,2,-40.31620126148145
2021-10-17 20:05:00,2021-10-17 20:15:00,long,29020.269,28981.49880355572,28981.49880355572,29180.6554,32.308497036898366,-1.0000000000000133,SL,2,-41.31620126148147
2021-10-17 20:20:00,2021-10-17 21:20:00,long,28977.269,29015.269,28933.905680179272,29160.458761904763,36.13609985060717,0.8763166694131934,TIMEOUT,12,-40.439884592068275
2021-10-17 21:25:00,2021-10-17 21:40:00,long,28995.469,28943.536104735012,28943.536104735012,29122.289243902436,43.27741272082243,-1.00000000000003,SL,3,-41.4398845920683
2021-10-17 21:45:00,2021-10-17 22:45:00,long,28942.999,28970.419,28892.074028590607,29108.30203703704,42.43747617449523,0.5384391830005749,TIMEOUT,12,-40.901445409067726
2021-10-18 02:15:00,2021-10-18 03:15:00,long,28920.269,28930.469,28890.54806222767,28994.41578571429,24.7674481436073,0.34319240119998123,TIMEOUT,12,-40.55825300786775
2021-10-18 03:20:00,2021-10-18 03:25:00,long,28910.369,28883.18478951941,28883.18478951941,28971.223959349594,22.653508733821866,-1.000000000000041,SL,1,-41.55825300786779
2021-10-18 03:30:00,2021-10-18 04:30:00,long,28890.519,28935.269,28859.955165452964,28967.541790697676,25.469862122530028,1.4641487451822268,TIMEOUT,12,-40.09410426268556
2021-10-18 05:55:00,2021-10-18 06:10:00,long,28920.419,28948.886222222223,28898.026582437535,28948.886222222223,18.66034796872357,1.2712884681971652,VWAP,3,-38.8228157944884
2021-10-18 08:00:00,2021-10-18 08:05:00,long,28920.519,28902.921230575706,28902.921230575706,28944.685013745704,14.664807853578408,-0.9999999999999837,SL,1,-39.822815794488385
2021-10-18 08:10:00,2021-10-18 09:00:00,long,28885.319,28865.820147792318,28865.820147792318,28943.73192929293,16.24904350640177,-0.9999999999999896,SL,10,-40.82281579448838
2021-10-18 11:10:00,2021-10-18 11:20:00,short,29027.519,29055.801629217694,29055.801629217694,28939.01275308642,23.56885768141253,-0.9999999999999702,SL,2,-41.82281579448835
2021-10-18 11:25:00,2021-10-18 12:25:00,short,29070.469,29060.999,29098.3904330872,28941.53180193237,23.26786090599983,0.3391659722631701,TIMEOUT,12,-41.48364982222518
2021-10-18 19:50:00,2021-10-18 20:05:00,short,29100.999,29127.075582828293,29127.075582828293,28986.94292694066,21.73048569024311,-1.0000000000000442,SL,3,-42.483649822225225
2021-10-19 00:50:00,2021-10-19 01:50:00,long,29190.469,29210.519,29163.974073597463,29223.61748484848,22.079105335449736,0.7567486580403322,TIMEOUT,12,-41.726901164184895
2021-10-19 02:15:00,2021-10-19 03:10:00,short,29260.419,29213.36054761905,29287.49464119722,29213.36054761905,22.5630343310149,1.7380364896321459,VWAP,11,-39.98886467455275
2021-10-19 06:55:00,2021-10-19 07:55:00,short,29300.369,29297.999,29320.369379003812,29233.686499999996,16.66698250317817,0.118497754444906,TIMEOUT,12,-39.87036692010785
2021-10-19 10:20:00,2021-10-19 11:00:00,short,29340.269,29366.90912625434,29366.90912625434,29252.52051999999,22.20010521195139,-0.9999999999999536,SL,8,-40.8703669201078
2021-10-19 19:35:00,2021-10-19 19:40:00,short,29385.519,29405.120337060678,29405.120337060678,29297.642888888888,16.33444755056442,-1.0000000000000309,SL,1,-41.87036692010783
2021-10-19 22:30:00,2021-10-19 22:35:00,long,29250.369,29211.445329381695,29211.445329381695,29312.237990703852,32.43639218192076,-0.9999999999999697,SL,1,-42.8703669201078
2021-10-20 01:15:00,2021-10-20 01:20:00,long,29250.269,29225.31546779173,29225.31546779173,29297.061916666666,20.794610173557057,-1.000000000000069,SL,1,-43.87036692010787
2021-10-20 02:30:00,2021-10-20 03:00:00,long,29245.269,29220.65958021128,29220.65958021128,29278.85921505377,20.507849823935906,-0.9999999999999324,SL,6,-44.8703669201078
2021-10-20 05:55:00,2021-10-20 06:55:00,short,29310.269,29310.999,29329.185014204955,29276.86085185185,15.763345170795125,-0.038591639448461335,TIMEOUT,12,-44.90895855955626
2021-10-20 08:45:00,2021-10-20 09:05:00,long,29252.469,29236.35530687403,29236.35530687403,29280.506641509437,13.428077604975009,-1.0000000000001001,SL,4,-45.90895855955636
2021-10-20 10:25:00,2021-10-20 10:30:00,short,29315.469,29337.386342330192,29337.386342330192,29278.55127513228,18.264451941824575,-1.0000000000000633,SL,1,-46.908958559556424
2021-10-20 10:35:00,2021-10-20 11:35:00,short,29342.319,29307.419,29365.725075784703,29279.417567708337,19.505063153920073,1.491065837819983,TIMEOUT,12,-45.41789272173644
2021-10-20 13:20:00,2021-10-20 13:45:00,long,29255.419,29287.15104968945,29237.298874911532,29287.15104968945,15.100104240391431,1.7512047811216165,VWAP,5,-43.66668794061483
2021-10-20 15:10:00,2021-10-20 15:55:00,short,29315.519,29288.206067395273,29329.473631329838,29288.206067395273,11.628859441530091,1.957266513113118,VWAP,9,-41.70942142750171
2021-10-20 18:10:00,2021-10-20 18:15:00,long,29260.319,29242.292693252137,29242.292693252137,29288.46578391961,15.021922289884408,-1.000000000000078,SL,1,-42.70942142750179
2021-10-20 19:20:00,2021-10-20 19:45:00,long,29252.419,29235.626818657416,29235.626818657416,29286.8178888889,13.99348445215599,-0.9999999999999016,SL,5,-43.70942142750169
2021-10-20 19:50:00,2021-10-20 19:55:00,long,29157.419,29133.310590847297,29133.310590847297,29285.43543835618,20.090340960588634,-0.999999999999925,SL,1,-44.70942142750161
2021-10-20 20:00:00,2021-10-20 21:00:00,long,29060.269,29127.999,29029.786749250983,29283.891775263968,25.401875624181017,2.221948784480203,TIMEOUT,12,-42.487472643021405
2021-10-20 23:10:00,2021-10-20 23:30:00,long,29157.419,29129.469579605953,29129.469579605953,29264.519334620334,23.291183661707418,-0.9999999999999858,SL,4,-43.48747264302139
2021-10-20 23:50:00,2021-10-21 00:05:00,long,29090.519,29064.110833974533,29064.110833974533,29260.452508114857,22.00680502122392,-0.9999999999999327,SL,3,-44.48747264302133
2021-10-21 18:00:00,2021-10-21 18:35:00,long,28537.319,28505.43648102117,28505.43648102117,28615.78070896788,26.568765815691517,-0.999999999999989,SL,7,-45.48747264302131
2021-10-21 18:40:00,2021-10-21 19:00:00,long,28505.999,28479.64439843902,28479.64439843902,28612.29885365856,21.962167967482266,-1.000000000000013,SL,4,-46.48747264302133
2021-10-21 19:05:00,2021-10-21 19:20:00,long,28455.319,28426.05152410941,28426.05152410941,28609.465047619076,24.389563242158026,-0.9999999999999677,SL,3,-47.48747264302129
2021-10-21 20:30:00,2021-10-21 21:00:00,short,28755.319,28822.461943008322,28822.461943008322,28604.559558002966,55.95245250693436,-1.0000000000000207,SL,6,-48.48747264302131
2021-10-22 01:50:00,2021-10-22 02:05:00,long,28740.319,28812.425376811596,28698.407436207977,28812.425376811596,34.926303160017696,1.7204410975789792,VWAP,3,-46.767031545442336
2021-10-22 03:25:00,2021-10-22 03:30:00,short,28897.319,28936.108017546514,28936.108017546514,28821.93011111111,32.32418128876108,-1.0000000000000313,SL,1,-47.767031545442364
2021-10-22 06:25:00,2021-10-22 06:45:00,short,28885.469,28905.79107550203,28905.79107550203,28851.42532478633,16.9350629183597,-0.9999999999999292,SL,4,-48.76703154544229
2021-10-22 06:50:00,2021-10-22 07:50:00,short,28915.519,28910.269,28934.609443363213,28854.14261445784,15.908702802676233,0.27500670886026096,TIMEOUT,12,-48.49202483658203
2021-10-22 09:40:00,2021-10-22 10:40:00,short,28907.469,28865.052960113975,28928.540822711115,28865.052960113975,17.559852259262772,2.012926953094166,VWAP,12,-46.47909788348787
2021-10-22 11:25:00,2021-10-22 11:45:00,long,28770.319,28737.418753904578,28737.418753904578,28867.888227053158,27.416871746183965,-1.000000000000026,SL,4,-47.479097883487896
2021-10-22 11:50:00,2021-10-22 12:50:00,long,28700.469,28780.269,28659.146363387452,28864.207368298386,34.435530510456815,1.9311449254369923,TIMEOUT,12,-45.54795295805091
2021-10-22 14:00:00,2021-10-22 15:00:00,long,28755.469,28728.585079828685,28728.585079828685,28847.671682445784,22.403266809428963,-1.0000000000000566,SL,12,-46.54795295805096
2021-10-22 15:05:00,2021-10-22 15:20:00,long,28725.519,28700.321627290145,28700.321627290145,28841.413175824197,20.997810591547577,-0.9999999999999447,SL,3,-47.54795295805091
2021-10-22 15:25:00,2021-10-22 15:50:00,long,28710.519,28684.980217149983,28684.980217149983,28838.76563082439,21.282319041680278,-1.0000000000000266,SL,5,-48.547952958050935
2021-10-25 01:55:00,2021-10-25 02:10:00,short,28628.369,28567.58511111111,28658.657668335185,28567.58511111111,25.24055694598934,2.0068194552572303,VWAP,3,-46.541133502793706
2021-10-25 02:30:00,2021-10-25 03:30:00,short,28648.269,28648.469,28679.122648810706,28577.15265591398,25.71137400892107,-0.00648221548212261,TIMEOUT,12,-46.54761571827583
2021-10-25 03:55:00,2021-10-25 04:05:00,short,28673.999,28699.69788836256,28699.69788836256,28599.15469444443,21.41574030213282,-1.0000000000000222,SL,2,-47.54761571827585
2021-10-25 06:50:00,2021-10-25 07:50:00,short,28678.999,28663.319,28697.296079890006,28628.891128514042,15.24756657500613,0.8569673463886256,TIMEOUT,12,-46.69064837188722
2021-10-25 08:00:00,2021-10-25 08:35:00,short,28673.469,28689.314263232718,28689.314263232718,28633.991680412353,13.204386027265757,-0.9999999999998869,SL,7,-47.69064837188711
2021-10-25 09:20:00,2021-10-25 09:40:00,short,28698.469,28640.47899999998,28714.757052658966,28640.47899999998,13.573377215804062,3.560278273541948,VWAP,4,-44.13037009834516
2021-10-25 11:05:00,2021-10-25 11:20:00,short,28753.999,28785.83902078175,28785.83902078175,28646.823054726352,26.533350651459365,-0.9999999999999724,SL,3,-45.13037009834513
2021-10-25 11:25:00,2021-10-25 11:45:00,short,28788.419,28817.539080319337,28817.539080319337,28650.480135265687,24.26673359944633,-0.9999999999999831,SL,4,-46.13037009834512
2021-10-25 11:50:00,2021-10-25 12:50:00,short,28823.319,28853.082215643048,28853.082215643048,28655.797834498822,24.80267970254059,-0.999999999999982,SL,12,-47.1303700983451
2021-10-25 13:00:00,2021-10-25 14:00:00,short,28863.319,28858.999,28887.363979774258,28671.293777070045,20.037483145215077,0.17966328275412335,TIMEOUT,12,-46.950706815590976
2021-10-25 19:40:00,2021-10-25 19:45:00,short,28855.519,28874.151176949752,28874.151176949752,28715.727433179698,15.526814124792693,-1.0000000000000273,SL,1,-47.950706815591005
2021-10-25 20:00:00,2021-10-25 20:05:00,short,28963.319,28993.581335950174,28993.581335950174,28719.110930618375,25.218613291810733,-1.0000000000000377,SL,1,-48.95070681559104
2021-10-25 20:10:00,2021-10-25 20:15:00,short,29050.369,29096.008952936627,29096.008952936627,28721.722378176357,38.033294113857394,-0.9999999999999832,SL,1,-49.950706815591026
2021-10-26 23:40:00,2021-10-27 00:40:00,long,28930.319,28957.419,28902.085323554205,29084.5762327044,23.5280637048274,0.9598466587244743,TIMEOUT,12,-48.99086015686655
2021-10-27 00:45:00,2021-10-27 01:00:00,short,28982.999,29003.789897348477,29003.789897348477,28943.360999999997,17.3257477903979,-0.9999999999999913,SL,3,-49.990860156866546
2021-10-27 01:05:00,2021-10-27 01:15:00,short,29000.369,29022.87341980346,29022.87341980346,28956.12995238095,18.753683169553135,-0.999999999999964,SL,2,-50.99086015686651
2021-10-27 04:20:00,2021-10-27 04:30:00,long,28957.519,28934.122081353944,28934.122081353944,28995.381012578622,19.49743220504758,-0.9999999999999657,SL,2,-51.990860156866475
2021-10-27 04:50:00,2021-10-27 05:00:00,long,28900.999,28874.379955100943,28874.379955100943,28988.721033898313,22.182537415879644,-1.0000000000000335,SL,2,-52.99086015686651
2021-10-27 05:05:00,2021-10-27 05:10:00,long,28827.999,28795.6696422583,28795.6696422583,28982.376634408607,26.94113145141675,-0.9999999999999633,SL,1,-53.990860156866475
2021-10-27 05:35:00,2021-10-27 06:35:00,long,28757.999,28795.269,28720.490968262075,28967.416647058824,31.256693114938308,0.9936538462058289,TIMEOUT,12,-52.997206310660644
2021-10-27 14:35:00,2021-10-27 15:10:00,long,28825.469,28805.457822021366,28805.457822021366,28856.11013636363,16.67598164886375,-0.9999999999999153,SL,7,-53.99720631066056
2021-10-27 15:15:00,2021-10-27 15:25:00,long,28745.469,28719.82908106564,28719.82908106564,28854.064833333327,21.366599111967464,-1.0000000000000036,SL,2,-54.99720631066056
2021-10-27 15:55:00,2021-10-27 18:35:00,long,28660.419,28685.419,28624.85638917485,28848.656760416663,29.63550902096092,0.7029855069672707,TIMEOUT,12,-54.294220803693285
2021-10-27 18:40:00,2021-10-27 19:40:00,long,28682.419,28702.999,28657.07549462369,28838.087341463415,21.119587813593625,0.812042363296495,TIMEOUT,12,-53.482178440396794
2021-10-27 20:50:00,2021-10-27 21:35:00,long,28725.319,28826.372694083708,28674.421729732505,28826.372694083708,42.414391889578646,1.9854442792828197,VWAP,9,-51.49673416111398
2021-10-28 01:00:00,2021-10-28 02:00:00,short,28872.319,28817.6231025641,28901.53050167236,28817.6231025641,24.34291806030274,1.8724096436181388,VWAP,12,-49.624324517495836
2021-10-28 02:05:00,2021-10-28 02:10:00,long,28785.319,28757.321962499867,28757.321962499867,28833.92053846154,23.330864583443727,-0.9999999999999881,SL,1,-50.62432451749582
2021-10-28 04:05:00,2021-10-28 05:05:00,long,28752.319,28775.519,28723.425727548914,28804.319266666673,24.077727042571272,0.8029550837232734,TIMEOUT,12,-49.821369433772546
2021-10-28 05:20:00,2021-10-28 06:20:00,long,28757.419,28780.319,28733.220572508453,28795.205,20.165356242957223,0.9463424847749166,TIMEOUT,12,-48.87502694899763
2021-10-28 10:40:00,2021-10-28 11:40:00,short,28850.999,28825.469,28881.33992725313,28792.564297157634,25.284106044276292,0.8414376985582678,TIMEOUT,12,-48.03358925043936
2021-10-28 12:15:00,2021-10-28 13:15:00,short,28867.419,28835.999,28892.21964499459,28797.988054054058,20.667204162158765,1.2669025344645344,TIMEOUT,12,-46.76668671597483
2021-10-28 16:00:00,2021-10-28 18:40:00,short,28925.469,28855.269,28951.56540692279,28807.737100172726,21.74700576898939,2.6900254969086337,TIMEOUT,12,-44.076661219066196
2021-10-28 20:15:00,2021-10-28 20:20:00,long,28757.269,28719.167959954328,28719.167959954328,28812.525339285734,31.75086670472618,-1.00000000000003,SL,1,-45.076661219066224
2021-10-28 20:25:00,2021-10-28 20:30:00,long,28642.519,28596.054593021843,28596.054593021843,28811.52812979353,38.72033914846291,-1.0000000000000338,SL,1,-46.07666121906626
2021-10-28 20:35:00,2021-10-28 21:20:00,long,28545.519,28491.052730717816,28491.052730717816,28809.365885964933,45.38855773515416,-0.9999999999999806,SL,9,-47.07666121906624
2021-10-28 23:20:00,2021-10-28 23:25:00,short,28882.269,28930.37453504027,28930.37453504027,28793.33308684548,40.08794586689279,-0.9999999999999972,SL,1,-48.07666121906624
2021-10-28 23:30:00,2021-10-29 00:30:00,short,28975.369,28895.319,29032.550609294925,28794.684373891014,47.651341079106594,1.3999256227141517,TIMEOUT,12,-46.67673559635209
2021-10-29 01:10:00,2021-10-29 02:00:00,long,28822.369,28874.06588888889,28781.520501274186,28874.06588888889,34.04041560484529,1.2655762268252315,VWAP,10,-45.41115936952686
2021-10-29 02:10:00,2021-10-29 03:10:00,long,28785.519,28742.121160795556,28742.121160795556,28859.883197530864,36.164866003705285,-0.99999999999996,SL,12,-46.411159369526814
2021-10-29 05:40:00,2021-10-29 06:00:00,long,28780.469,28753.63741088066,28753.63741088066,28826.853106280192,22.35965759945252,-0.9999999999999437,SL,4,-47.41115936952676
2021-10-29 06:05:00,2021-10-29 06:15:00,long,28750.269,28723.242542856235,28723.242542856235,28823.106657657652,22.522047619804038,-1.0000000000000273,SL,2,-48.411159369526786
2021-10-29 08:30:00,2021-10-29 08:50:00,long,28760.319,28739.654207306794,28739.654207306794,28801.84964724919,17.22066057767225,-0.9999999999999435,SL,4,-49.41115936952673
2021-10-29 10:50:00,2021-10-29 11:10:00,short,28877.419,28909.42194230547,28909.42194230547,28800.652562340958,26.669118587891347,-0.9999999999999911,SL,4,-50.41115936952672
2021-10-29 11:35:00,2021-10-29 12:10:00,short,28950.469,28983.26614107778,28983.26614107778,28807.07664285714,27.330950898150718,-0.999999999999946,SL,7,-51.411159369526665
2021-11-01 08:30:00,2021-11-01 09:05:00,long,29540.369,29524.81238759731,29524.81238759731,29588.761750809063,12.963843668906597,-1.0000000000000175,SL,7,-52.41115936952668
2021-11-01 09:30:00,2021-11-01 10:30:00,long,29515.469,29570.319,29487.574859173783,29584.360797101453,23.24511735518209,1.9663627692179517,TIMEOUT,12,-50.44479660030873
2021-11-01 11:35:00,2021-11-01 12:35:00,long,29535.269,29511.15207622967,29511.15207622967,29579.752285714294,20.09743647527496,-0.999999999999955,SL,12,-51.444796600308685
2021-11-01 12:50:00,2021-11-01 13:05:00,long,29490.999,29467.31005956313,29467.31005956313,29576.1325483871,19.740783697391745,-1.0000000000000098,SL,3,-52.44479660030869
2021-11-01 13:15:00,2021-11-01 14:15:00,long,29415.369,29470.519,29386.26593424312,29572.450604166672,24.252554797397682,1.894989361626591,TIMEOUT,12,-50.5498072386821
2021-11-01 17:05:00,2021-11-01 18:05:00,long,29527.419,29560.654430107534,29501.071193313852,29560.654430107534,21.956505571791208,1.2614116424728157,VWAP,11,-49.288395596209284
2021-11-01 18:10:00,2021-11-01 18:15:00,long,29520.469,29497.723684271383,29497.723684271383,29559.291070707077,18.954429773848357,-1.0000000000000056,SL,1,-50.28839559620929
2021-11-01 22:20:00,2021-11-01 22:25:00,long,29487.269,29459.095747889838,29459.095747889838,29553.93171505377,23.477710091802848,-0.9999999999999546,SL,1,-51.28839559620925
2021-11-01 23:25:00,2021-11-01 23:55:00,long,29485.269,29460.61818288528,29460.61818288528,29551.63366155812,20.542347595600607,-1.0000000000000344,SL,6,-52.288395596209284
2021-11-02 00:40:00,2021-11-02 00:55:00,short,29532.519,29488.31307407407,29557.469184670073,29488.31307407407,20.791820558393667,1.7717674843086122,VWAP,3,-50.51662811190067
2021-11-02 02:40:00,2021-11-02 03:20:00,long,29470.419,29451.37577302919,29451.37577302919,29494.845565656564,15.869355809010129,-0.9999999999999285,SL,8,-51.5166281119006
2021-11-02 04:00:00,2021-11-02 05:00:00,long,29425.419,29450.999,29402.092478763865,29485.444102040816,19.438767696781454,1.0966058651029904,TIMEOUT,12,-50.420022246797615
2021-11-02 09:10:00,2021-11-02 10:00:00,short,29515.269,29533.35561067695,29533.35561067695,29480.59722822822,15.072175564124947,-0.9999999999999998,SL,10,-51.420022246797615
2021-11-02 11:45:00,2021-11-02 12:45:00,short,29530.469,29490.419,29549.404697702485,29488.485690140828,15.779748085403183,2.1150527764681133,TIMEOUT,12,-49.3049694703295
2021-11-02 13:55:00,2021-11-02 14:40:00,short,29520.519,29536.349614734518,29536.349614734518,29491.41078571426,13.192178945431808,-0.999999999999954,SL,9,-50.30496947032946
2021-11-02 17:05:00,2021-11-02 17:55:00,short,29540.369,29494.123180180155,29559.73711917845,29494.123180180155,16.140099315377288,2.3877289990704287,VWAP,10,-47.917240471259035
2021-11-02 18:40:00,2021-11-02 18:55:00,long,29472.999,29454.568840605643,29454.568840605643,29496.455666666647,15.358466161964907,-0.9999999999999222,SL,3,-48.91724047125896
2021-11-02 19:05:00,2021-11-02 20:05:00,long,29430.469,29445.469,29409.475574634063,29495.603657097265,17.494521138279893,0.7145094113292794,TIMEOUT,12,-48.202731059929675
2021-11-02 21:00:00,2021-11-02 22:00:00,long,29442.519,29452.519,29414.37332231806,29491.76224712642,23.454731401616375,0.3552943408577702,TIMEOUT,12,-47.84743671907191
2021-11-02 23:40:00,2021-11-03 00:10:00,long,29455.469,29442.54685330499,29442.54685330499,29487.09945627374,10.768455579176392,-0.999999999999962,SL,6,-48.84743671907187
2021-11-03 04:10:00,2021-11-03 04:30:00,short,29495.999,29459.6884117647,29512.58625500981,29459.6884117647,13.822712508173796,2.1890655333766524,VWAP,4,-46.658371185695216
2021-11-03 08:25:00,2021-11-03 08:35:00,short,29480.519,29459.884643564357,29492.18090789516,29459.884643564357,9.718256579297819,1.7693808441251213,VWAP,2,-44.88899034157009
2021-11-03 08:50:00,2021-11-03 09:00:00,long,29432.319,29459.64028930818,29416.77104418524,29459.64028930818,12.956629845632017,1.7572271000568505,VWAP,2,-43.13176324151324
2021-11-03 09:40:00,2021-11-03 10:40:00,short,29505.419,29465.419,29525.861561112346,29460.290810344828,17.035467593620936,1.956701989548867,TIMEOUT,12,-41.17506125196437
2021-11-03 11:00:00,2021-11-03 11:25:00,short,29530.269,29464.4969040404,29551.06170540316,29464.4969040404,17.327254502634162,3.1632293481925586,VWAP,5,-38.011831903771814
2021-11-03 13:05:00,2021-11-03 13:20:00,short,29545.999,29570.866379755462,29570.866379755462,29468.080146496803,20.722816462884612,-1.0000000000000198,SL,3,-39.011831903771835
2021-11-03 13:45:00,2021-11-03 13:50:00,short,29647.369,29680.181993417704,29680.181993417704,29473.534292929286,27.34416118142006,-1.0000000000000284,SL,1,-40.01183190377186
2021-11-03 13:55:00,2021-11-03 14:55:00,short,29737.269,29695.519,29774.669897385673,29476.266105788414,31.167414488061215,1.116283376023819,TIMEOUT,12,-38.89554852774805
2021-11-04 01:00:00,2021-11-04 01:05:00,short,29790.469,29813.674717916692,29813.674717916692,29736.851820512817,19.338098263908602,-1.0000000000000446,SL,1,-39.89554852774809
2021-11-04 05:20:00,2021-11-04 06:10:00,long,29750.319,29735.337645094685,29735.337645094685,29790.99464102564,12.484462421094387,-1.0000000000000637,SL,10,-40.895548527748154
2021-11-04 06:15:00,2021-11-04 06:45:00,long,29730.419,29715.975138967402,29715.975138967402,29785.349350877194,12.03655086049859,-1.0000000000000944,SL,6,-41.89554852774825
2021-11-04 07:45:00,2021-11-04 08:30:00,long,29725.519,29709.146415093364,29709.146415093364,29775.06910638298,13.643820755530475,-0.9999999999999588,SL,9,-42.895548527748204
2021-11-04 08:35:00,2021-11-04 09:35:00,long,29685.469,29680.999,29667.241252353244,29769.534288461535,15.189789705630805,-0.24523051814338978,TIMEOUT,12,-43.14077904589159
2021-11-04 15:00:00,2021-11-04 17:05:00,short,29765.419,29724.44540883976,29789.312159629175,29724.44540883976,19.910966357645606,1.7148670078029111,VWAP,4,-41.42591203808868
2021-11-04 17:35:00,2021-11-04 17:55:00,short,29785.419,29805.647768583523,29805.647768583523,29725.972996509576,16.857307152934567,-1.000000000000013,SL,4,-42.4259120380887
2021-11-05 12:25:00,2021-11-05 13:10:00,long,29607.469,29666.8503199105,29579.867772345657,29666.8503199105,23.001023045288218,2.151401403377403,VWAP,9,-40.27451063471129
2021-11-07 18:45:00,2021-11-07 18:50:00,short,29800.999,29735.80633333333,29835.79151251253,29735.80633333333,28.99376042710679,1.87375564334984,VWAP,1,-38.40075499136145
2021-11-07 19:40:00,2021-11-07 20:25:00,long,29592.319,29545.601155723434,29545.601155723434,29713.380587301588,38.931536897137036,-1.0000000000000184,SL,9,-39.400754991361474
2021-11-07 21:50:00,2021-11-07 22:50:00,long,29540.369,29567.369,29504.70575136248,29632.529638297874,29.719373864598737,0.7570818989158333,TIMEOUT,12,-38.64367309244564
2021-11-07 23:05:00,2021-11-07 23:15:00,long,29550.469,29521.660174840064,29521.660174840064,29617.68631182796,24.00735429994848,-0.9999999999999429,SL,2,-39.64367309244558
2021-11-08 05:40:00,2021-11-08 06:35:00,short,29562.419,29580.79763865684,29580.79763865684,29523.118516908213,15.315532214031863,-1.0000000000000433,SL,10,-40.643673092445624
2021-11-08 06:40:00,2021-11-08 07:40:00,short,29590.469,29570.319,29605.75088599174,29529.11379166667,12.734904993114501,1.3185545299118278,TIMEOUT,12,-39.325118562533795
2021-11-08 08:10:00,2021-11-08 08:45:00,short,29595.999,29608.931670264847,29608.931670264847,29538.579544217693,10.77722522070645,-0.9999999999999288,SL,7,-40.325118562533724
2021-11-09 06:35:00,2021-11-09 07:35:00,short,29417.519,29395.419,29431.758272021067,29345.844124999992,11.86606001755652,1.5520456359918062,TIMEOUT,12,-38.77307292654192
2021-11-09 08:10:00,2021-11-09 09:00:00,short,29395.519,29356.15899999999,29410.075011828496,29356.15899999999,12.130009857080408,2.7040373739567816,VWAP,10,-36.06903555258514
2021-11-09 09:50:00,2021-11-09 09:55:00,long,29300.999,29276.388815383383,29276.388815383383,29360.217151260484,20.50848718051239,-1.0000000000000708,SL,1,-37.06903555258521
2021-11-09 10:00:00,2021-11-09 10:05:00,long,29245.369,29212.65256530506,29212.65256530506,29358.545005509623,27.263695579115428,-1.0000000000000264,SL,1,-38.06903555258524
2021-11-09 10:10:00,2021-11-09 11:10:00,long,29205.269,29260.269,29167.555604778343,29356.23165582654,31.427829351380165,1.458367767652415,TIMEOUT,12,-36.61066778493283
2021-11-09 18:50:00,2021-11-09 19:10:00,long,29202.269,29171.690161537084,29171.690161537084,29317.420690821218,25.482365385761938,-1.000000000000051,SL,4,-37.61066778493288
2021-11-09 21:05:00,2021-11-09 21:35:00,long,29207.319,29161.67070245041,29161.67070245041,29306.724413105385,38.040247957992044,-0.9999999999999722,SL,6,-38.61066778493285
2021-11-09 21:40:00,2021-11-09 21:50:00,long,29142.469,29102.256805218207,29102.256805218207,29303.03634439831,33.510162318162564,-0.9999999999999756,SL,2,-39.61066778493283
2021-11-09 22:55:00,2021-11-09 23:55:00,long,29087.469,29127.999,29051.728174688178,29292.374768229136,29.784021093185945,1.1339973166929482,TIMEOUT,12,-38.47667046823988
2021-11-10 02:15:00,2021-11-10 02:20:00,short,29227.469,29251.807443474238,29251.807443474238,29133.650428571425,20.282036228530313,-1.0000000000000075,SL,1,-39.47667046823989
2021-11-10 06:20:00,2021-11-10 06:40:00,long,29157.469,29135.5195754497,29135.5195754497,29188.930255411247,18.29118712525042,-1.0000000000000249,SL,4,-40.47667046823992
2021-11-10 06:45:00,2021-11-10 07:40:00,long,29147.419,29187.39424390243,29124.749717406525,29187.39424390243,18.891068827898582,1.7634101889897178,VWAP,11,-38.7132602792502
2021-11-10 09:00:00,2021-11-10 09:35:00,short,29222.419,29244.12547019044,29244.12547019044,29185.55153822629,18.088725158697194,-1.0000000000000753,SL,7,-39.71326027925028
2021-11-10 09:40:00,2021-11-10 09:50:00,short,29257.469,29285.423211508314,29285.423211508314,29188.246606837594,23.295176256927878,-0.9999999999999897,SL,2,-40.71326027925027
2021-11-10 09:55:00,2021-11-10 10:00:00,short,29312.999,29344.563006808952,29344.563006808952,29190.596305555544,26.30333900746033,-1.0000000000000002,SL,1,-41.71326027925027
2021-11-10 10:05:00,2021-11-10 10:55:00,short,29337.269,29369.10129158527,29369.10129158527,29192.936595628405,26.526909654391808,-0.9999999999999808,SL,10,-42.71326027925025
2021-11-10 13:50:00,2021-11-10 13:55:00,long,29182.419,29151.586235738483,29151.586235738483,29225.132333333324,25.69397021793127,-1.000000000000035,SL,1,-43.713260279250285
2021-11-10 14:05:00,2021-11-10 14:15:00,long,29139.319,29106.22066797283,29106.22066797283,29223.833921568617,27.58194335597499,-0.9999999999999949,SL,2,-44.71326027925028
2021-11-10 21:00:00,2021-11-10 21:40:00,short,29309.519,29362.013658458643,29362.013658458643,29192.955480686684,43.74554871553461,-1.0000000000000326,SL,8,-45.71326027925031
2021-11-11 01:30:00,2021-11-11 02:30:00,short,29337.319,29357.469,29367.40404516328,29274.268122807018,25.070870969398424,-0.669767982419272,TIMEOUT,12,-46.38302826166959
2021-11-11 04:20:00,2021-11-11 04:30:00,short,29342.999,29364.174756138847,29364.174756138847,29307.074345911944,17.646463449040056,-0.9999999999999802,SL,2,-47.383028261669565
2021-11-11 05:10:00,2021-11-11 06:10:00,short,29389.269,29367.319,29410.310298537734,29318.03037566137,17.534415448111826,1.0431865676273224,TIMEOUT,12,-46.33984169404224
2021-11-11 07:05:00,2021-11-11 08:05:00,short,29382.369,29384.519,29398.694778610898,29331.03047286822,13.604815509082577,-0.13169356581658623,TIMEOUT,12,-46.471535259858825
2021-11-11 10:55:00,2021-11-11 11:25:00,short,29417.519,29442.80017941058,29442.80017941058,29345.251045454545,21.0676495088181,-0.9999999999999352,SL,6,-47.47153525985876
2021-11-11 12:55:00,2021-11-11 13:55:00,short,29452.999,29427.519,29472.453039913835,29359.327376068362,16.211699928195845,1.3097536610829663,TIMEOUT,12,-46.1617815987758
2021-11-11 18:25:00,2021-11-11 19:00:00,short,29467.319,29373.299183333307,29483.463037150672,29373.299183333307,13.453364292227732,5.823810722757864,VWAP,7,-40.337970876017934
2021-11-11 19:30:00,2021-11-11 20:30:00,short,29647.419,29544.269,29697.582334570496,29380.751050078223,41.802778808744485,2.056282758775678,TIMEOUT,12,-38.281688117242254
2021-11-11 20:40:00,2021-11-11 20:45:00,short,29587.419,29627.83629065382,29627.83629065382,29392.867325991163,33.6810755448479,-1.0000000000000322,SL,1,-39.28168811724229
2021-11-12 00:45:00,2021-11-12 01:00:00,short,29614.999,29635.46149391979,29635.46149391979,29575.396999999997,17.052078266490067,-1.000000000000058,SL,3,-40.281688117242346
2021-11-12 08:10:00,2021-11-12 08:30:00,long,29582.519,29599.588898989903,29571.04904878466,29599.588898989903,9.558292679452894,1.4882276889781612,VWAP,4,-38.79346042826418
2021-11-12 09:30:00,2021-11-12 09:35:00,long,29582.469,29599.339637681165,29570.682764719368,29599.339637681165,9.82186273386129,1.4313847704096891,VWAP,1,-37.3620756578545
2021-11-12 11:05:00,2021-11-12 11:15:00,short,29657.519,29678.35872630003,29678.35872630003,29599.93079104478,17.366438583359578,-0.9999999999999151,SL,2,-38.36207565785441
2021-11-12 11:25:00,2021-11-12 12:15:00,short,29692.369,29714.109872939793,29714.109872939793,29602.044410628023,18.117394116496442,-0.9999999999999166,SL,10,-39.36207565785433
2021-11-15 01:15:00,2021-11-15 02:15:00,long,29727.469,29737.419,29705.974623378705,29760.043166666663,17.91198051774601,0.4629117734050926,TIMEOUT,12,-38.89916388444924
2021-11-15 02:25:00,2021-11-15 03:05:00,long,29722.319,29745.980666666663,29707.6884390439,29745.980666666663,12.192134130080927,1.6172767905254177,VWAP,8,-37.28188709392382
2021-11-15 03:10:00,2021-11-15 03:25:00,long,29717.269,29741.871136752135,29700.053597592236,29741.871136752135,14.346168673135917,1.429077065374969,VWAP,3,-35.85281002854885
2021-11-15 08:05:00,2021-11-15 08:15:00,short,29762.999,29772.68451785126,29772.68451785126,29742.33781944444,8.07126487604863,-1.0000000000001332,SL,2,-36.85281002854899
2021-11-15 08:20:00,2021-11-15 08:25:00,short,29777.269,29787.910882915166,29787.910882915166,29743.16647474747,8.868235762638228,-1.0000000000000313,SL,1,-37.852810028549015
2021-11-15 08:30:00,2021-11-15 09:30:00,short,29782.269,29757.519,29792.790072513588,29743.91309240924,8.767560427989025,2.3524217676513537,TIMEOUT,12,-35.500388260897665
2021-11-15 10:15:00,2021-11-15 11:05:00,long,29717.519,29746.82503825137,29698.622912133527,29746.82503825137,15.74673988872677,1.5509050581505364,VWAP,10,-33.94948320274713
2021-11-15 11:45:00,2021-11-15 11:55:00,long,29667.419,29643.90830573656,29643.90830573656,29745.051761904757,19.59224521953289,-1.0000000000000697,SL,2,-34.9494832027472
2021-11-15 18:15:00,2021-11-15 18:40:00,long,29709.319,29692.43095630034,29692.43095630034,29735.222973063977,14.073369749716754,-0.999999999999919,SL,5,-35.949483202747125
2021-11-16 03:35:00,2021-11-16 03:55:00,long,29742.469,29723.1971335767,29723.1971335767,29777.9365,16.059888686082587,-1.000000000000036,SL,4,-36.94948320274716
2021-11-16 05:15:00,2021-11-16 05:55:00,long,29742.999,29767.311656250004,29725.60566496436,29767.311656250004,14.49444586303279,1.3978145191929312,VWAP,8,-35.551668683554226
2021-11-16 06:35:00,2021-11-16 07:35:00,short,29797.469,29787.369,29812.026161263122,29765.832458333338,12.130967719267197,0.693816590847949,TIMEOUT,12,-34.857852092706274
2021-11-16 11:25:00,2021-11-16 12:25:00,short,29807.419,29802.319,29826.40583369562,29774.187115942023,15.822361413014104,0.26860718757859603,TIMEOUT,12,-34.58924490512768
2021-11-16 12:45:00,2021-11-16 13:45:00,short,29837.999,29832.269,29855.768524395364,29777.132896103896,14.807936996136311,0.3224622039684211,TIMEOUT,12,-34.26678270115926
2021-11-16 13:50:00,2021-11-16 14:50:00,short,29837.999,29832.469,29851.855677837244,29781.392353293413,11.547231531037754,0.3990855575161582,TIMEOUT,12,-33.8676971436431
2021-11-16 18:35:00,2021-11-16 18:40:00,short,29837.269,29854.056134574337,29854.056134574337,29790.347676470577,13.989278811946942,-1.0000000000000375,SL,1,-34.867697143643134
2021-11-16 18:45:00,2021-11-16 18:50:00,short,29882.999,29905.01709052583,29905.01709052583,29791.201459546915,18.348408771525634,-1.0000000000000204,SL,1,-35.867697143643156
2021-11-17 03:40:00,2021-11-17 04:10:00,short,29747.319,29710.39657575758,29762.52106191328,29710.39657575758,12.668384927735197,2.428777389083061,VWAP,6,-33.4389197545601
2021-11-17 07:45:00,2021-11-17 07:50:00,long,29692.419,29682.881121640952,29682.881121640952,29710.137514492744,7.948231965875516,-0.9999999999998826,SL,1,-34.438919754559976
2021-11-17 08:05:00,2021-11-17 08:15:00,long,29667.519,29656.258322787045,29656.258322787045,29708.95195138888,9.383897677461746,-1.000000000000059,SL,2,-35.43891975456003
2021-11-17 21:00:00,2021-11-17 21:15:00,long,29469.369,29429.606220849037,29429.606220849037,29630.092997113992,33.13564929246926,-0.999999999999976,SL,3,-36.43891975456001
2021-11-17 21:20:00,2021-11-17 22:20:00,long,29414.369,29387.419,29375.29704218735,29626.949411347512,32.55996484387272,-0.6897529970016911,TIMEOUT,12,-37.1286727515617
2021-11-18 03:45:00,2021-11-18 03:50:00,short,29647.369,29668.009786475362,29668.009786475362,29602.73008695652,17.200655396136913,-0.9999999999999718,SL,1,-38.12867275156167
2021-11-18 03:55:00,2021-11-18 04:55:00,short,29677.999,29652.419,29699.505208746614,29605.500874999994,17.92184062217945,1.1894239613025195,TIMEOUT,12,-36.93924879025916
2021-11-18 07:50:00,2021-11-18 08:50:00,long,29577.269,29582.419,29563.31630645462,29620.520263157887,11.627244621149245,0.36910435847041534,TIMEOUT,12,-36.57014443178874
2021-11-18 09:30:00,2021-11-18 09:35:00,long,29572.999,29556.63838823529,29556.63838823529,29614.835898550722,13.633843137257347,-1.000000000000102,SL,1,-37.57014443178884
2021-11-18 10:10:00,2021-11-18 10:15:00,long,29502.519,29475.41143785931,29475.41143785931,29611.481547425476,22.589635117239922,-1.000000000000039,SL,1,-38.570144431788876
2021-11-18 10:20:00,2021-11-18 11:20:00,long,29457.999,29537.999,29425.015173460324,29609.118786666666,27.486522116395587,2.4254311398276287,TIMEOUT,12,-36.144713291961246
2021-11-18 14:20:00,2021-11-18 14:25:00,long,29557.419,29535.337225334246,29535.337225334246,29595.751447013477,18.401478888131155,-0.9999999999999283,SL,1,-37.144713291961175
2021-11-18 14:30:00,2021-11-18 15:10:00,long,29522.469,29595.0096095238,29499.676102456568,29595.0096095238,18.994081286194692,3.1825970956771847,VWAP,8,-33.962116196283986
2021-11-19 04:30:00,2021-11-19 04:35:00,long,29669.319,29646.61100727601,29646.61100727601,29751.162454545454,18.92332726999229,-0.9999999999999748,SL,1,-34.96211619628396
2021-11-19 04:40:00,2021-11-19 04:45:00,long,29627.519,29599.155945049213,29599.155945049213,29747.4973625731,23.63587912565658,-0.99999999999997,SL,1,-35.96211619628393
2021-11-19 11:50:00,2021-11-19 12:30:00,long,29592.419,29638.057717948715,29565.686888973534,29638.057717948715,22.27675918872299,1.7072620229478561,VWAP,8,-34.25485417333607
2021-11-19 13:35:00,2021-11-19 13:40:00,long,29602.999,29579.019042746375,29579.019042746375,29637.82316666666,19.983297711353217,-1.0000000000000429,SL,1,-35.25485417333611
2021-11-21 18:45:00,2021-11-21 18:50:00,long,29619.469,29594.73493635901,29594.73493635901,29654.94366666667,20.611719700824295,-1.0000000000000309,SL,1,-36.25485417333614
2021-11-21 18:55:00,2021-11-21 19:00:00,long,29587.369,29561.50581247282,29561.50581247282,29644.340388888897,21.552656272649646,-0.9999999999999595,SL,1,-37.2548541733361
2021-11-21 19:40:00,2021-11-21 19:50:00,long,29572.999,29618.72773015874,29537.763254389756,29618.72773015874,29.36312134186922,1.2977937423139156,VWAP,2,-35.957060431022185
2021-11-21 21:35:00,2021-11-21 22:35:00,short,29687.999,29697.419,29716.052220942838,29633.442333333343,23.377684119030693,-0.3357903186659646,TIMEOUT,12,-36.29285074968815
2021-11-21 23:10:00,2021-11-21 23:30:00,short,29724.469,29745.98687278192,29745.98687278192,29650.226513227513,17.931560651598826,-0.9999999999999918,SL,4,-37.29285074968814
2021-11-21 23:35:00,2021-11-22 00:35:00,short,29782.319,29772.999,29808.13859482436,29657.63787254902,21.51632902030078,0.36096616013533395,TIMEOUT,12,-36.93188458955281
2021-11-22 04:45:00,2021-11-22 05:45:00,long,29747.269,29757.999,29727.336675323433,29780.501643678163,16.610270563805756,0.5383215542647719,TIMEOUT,12,-36.39356303528804
2021-11-22 06:55:00,2021-11-22 07:25:00,long,29732.999,29713.374468028418,29713.374468028418,29774.366976190475,16.353776642983988,-1.000000000000049,SL,6,-37.39356303528809
2021-11-22 08:15:00,2021-11-22 09:00:00,long,29722.369,29767.77466666668,29703.945508493638,29767.77466666668,15.352909588633334,2.4645527505470737,VWAP,9,-34.92901028474102
2021-11-22 09:20:00,2021-11-22 09:35:00,short,29804.999,29828.108356801928,29828.108356801928,29766.251507374644,19.257797334939916,-0.9999999999999952,SL,3,-35.92901028474101
2021-11-22 09:40:00,2021-11-22 09:55:00,short,29854.419,29879.954150031757,29879.954150031757,29768.236321937333,21.27929169312839,-1.0000000000000608,SL,3,-36.929010284741075
2021-11-22 10:00:00,2021-11-22 10:25:00,short,29882.469,29912.269375053544,29912.269375053544,29771.41158953169,24.833645877953145,-0.9999999999999628,SL,5,-37.92901028474104
2021-11-22 14:55:00,2021-11-22 15:15:00,short,29822.419,29844.817150886858,29844.817150886858,29780.669907407417,18.665125739048023,-0.9999999999999478,SL,4,-38.92901028474099
2021-11-22 15:50:00,2021-11-22 15:55:00,long,29737.419,29710.59292209482,29710.59292209482,29782.71875567191,22.355064920985214,-0.9999999999999752,SL,1,-39.92901028474097
2021-11-22 16:00:00,2021-11-22 18:40:00,long,29657.369,29719.469,29627.01086139808,29781.729673575137,25.298448834931104,2.0455799617464074,TIMEOUT,12,-37.88343032299456
2021-11-22 19:05:00,2021-11-22 19:15:00,long,29654.999,29628.031175259788,29628.031175259788,29774.62850793652,22.473187283509866,-0.9999999999999931,SL,2,-38.883430322994556
2021-11-22 23:30:00,2021-11-23 00:30:00,long,29707.269,29699.269,29686.84360191284,29753.751940430942,17.021165072633707,-0.3916692328767319,TIMEOUT,12,-39.275099555871286
2021-11-23 00:50:00,2021-11-23 01:00:00,long,29682.419,29704.022636363632,29665.442823681227,29704.022636363632,14.146813598978497,1.272585531509742,VWAP,2,-38.002514024361545
2021-11-23 02:10:00,2021-11-23 02:20:00,long,29657.269,29635.085406295864,29635.085406295864,29700.781222222224,18.48632808677975,-1.0000000000000135,SL,2,-39.00251402436156
2021-11-23 02:25:00,2021-11-23 02:40:00,long,29634.519,29612.07028302916,29612.07028302916,29694.98033333333,18.707264142366892,-1.0000000000000284,SL,3,-40.00251402436159
2021-11-23 03:25:00,2021-11-23 04:25:00,long,29567.369,29627.419,29529.60777364533,29675.66511111111,31.467688628891146,1.5902555556852938,TIMEOUT,12,-38.41225846867629
2021-11-23 06:50:00,2021-11-23 07:00:00,short,29702.999,29729.399904562746,29729.399904562746,29657.379803212858,22.000753802287193,-1.0000000000000628,SL,2,-39.412258468676356
2021-11-23 07:25:00,2021-11-23 08:25:00,short,29734.419,29702.469,29759.97892708527,29662.127925925925,21.299939237724487,1.25000356587144,TIMEOUT,12,-38.16225490280492
2021-11-23 10:40:00,2021-11-23 11:00:00,long,29602.469,29558.358967283177,29558.358967283177,29674.18476227391,36.758360597353324,-1.0000000000000049,SL,4,-39.162254902804925
2021-11-23 11:05:00,2021-11-23 12:05:00,long,29532.519,29522.269,29489.00113250891,29670.608154228867,36.26488957590795,-0.23553543845177452,TIMEOUT,12,-39.3977903412567
2021-11-23 13:00:00,2021-11-23 14:00:00,long,29537.469,29609.519,29497.30721966816,29655.932694267518,33.46815027653241,1.7939941756735442,TIMEOUT,12,-37.603796165583155
2021-11-23 14:20:00,2021-11-23 14:55:00,long,29559.319,29648.12256454721,29521.120177490466,29648.12256454721,31.832352091277475,2.3247723022103597,VWAP,7,-35.27902386337279
2021-11-23 16:00:00,2021-11-23 18:40:00,short,29717.369,29672.269,29755.94327806869,29647.596115716748,32.14523172391156,1.1691728856126236,TIMEOUT,12,-34.10985097776017
2021-11-23 19:05:00,2021-11-23 19:25:00,short,29729.269,29650.763190476184,29767.380229013324,29650.763190476184,31.759357511102156,2.059912827696348,VWAP,4,-32.04993815006382
2021-11-23 19:35:00,2021-11-23 20:35:00,long,29574.519,29579.269,29525.558421319114,29651.236283950606,40.80048223407204,0.0970168271694537,TIMEOUT,12,-31.952921322894362
2021-11-23 21:00:00,2021-11-23 21:05:00,long,29542.519,29506.560403428142,29506.560403428142,29645.345595135903,29.96549714321628,-0.9999999999999554,SL,1,-32.95292132289432
2021-11-23 21:10:00,2021-11-23 21:20:00,long,29477.469,29437.380006017123,29437.380006017123,29644.08756737588,33.407494985732356,-0.999999999999969,SL,2,-33.95292132289429
2021-11-23 21:25:00,2021-11-23 22:05:00,long,29432.369,29394.933755182075,29394.933755182075,29641.62203921568,31.196037348270472,-0.9999999999999682,SL,8,-34.95292132289426
2021-11-24 04:55:00,2021-11-24 05:55:00,long,29262.319,29287.999,29227.22311840876,29344.049500000016,29.24656799269704,0.7317097857548239,TIMEOUT,12,-34.22121153713944
2021-11-24 08:50:00,2021-11-24 09:10:00,long,29272.469,29244.55334729566,29244.55334729566,29331.013579439255,23.263043920284403,-1.000000000000007,SL,4,-35.221211537139446
2021-11-24 11:30:00,2021-11-24 12:30:00,short,29392.369,29367.369,29427.33187540348,29323.859911270978,29.135729502903153,0.715044163601857,TIMEOUT,12,-34.506167373537586
2021-11-24 12:50:00,2021-11-24 13:50:00,short,29399.999,29402.419,29425.25168940606,29328.739580645164,21.043907838384108,-0.0958313770501238,TIMEOUT,12,-34.60199875058771
2021-11-24 15:10:00,2021-11-24 15:50:00,short,29412.519,29440.188499761523,29440.188499761523,29338.068271402564,23.05791646793558,-1.0000000000000175,SL,8,-35.601998750587725
2021-11-24 15:55:00,2021-11-24 18:35:00,short,29457.999,29462.269,29480.504155155464,29342.18934722223,18.754295962888225,-0.1897343062290941,TIMEOUT,12,-35.79173305681682
2021-11-25 02:25:00,2021-11-25 03:00:00,long,29509.519,29494.684848137396,29494.684848137396,29528.194222222217,12.361793218836322,-1.0000000000000215,SL,7,-36.79173305681684
2021-11-25 04:20:00,2021-11-25 05:00:00,long,29494.269,29480.16685295087,29480.16685295087,29516.70535220126,11.75178920760634,-1.0000000000000766,SL,8,-37.791733056816916
2021-11-25 05:05:00,2021-11-25 05:45:00,long,29474.419,29460.812727531862,29460.812727531862,29512.98012903226,11.338560390117825,-0.9999999999998722,SL,8,-38.79173305681679
2021-11-25 06:15:00,2021-11-25 07:15:00,long,29464.319,29474.999,29450.662492404612,29505.399833333337,11.380422996157334,0.7820447449980883,TIMEOUT,12,-38.0096883118187
2021-11-25 08:20:00,2021-11-25 08:50:00,long,29464.269,29453.44155990101,29453.44155990101,29496.702333333338,9.022866749157108,-1.0000000000001668,SL,6,-39.00968831181886
2021-11-25 09:15:00,2021-11-25 10:05:00,long,29444.469,29492.93233333335,29434.126161783875,29492.93233333335,8.619031846771549,4.685689974129821,VWAP,10,-34.32399833768904
2021-11-25 10:40:00,2021-11-25 11:35:00,short,29514.469,29491.707630490968,29525.721657703823,29491.707630490968,9.377214753186877,2.022754988921202,VWAP,11,-32.30124334876784
2021-11-25 18:10:00,2021-11-25 18:15:00,long,29459.319,29447.53434223077,29447.53434223077,29493.241437500004,9.820548141024345,-0.9999999999999771,SL,1,-33.30124334876782
2021-11-25 18:20:00,2021-11-25 18:30:00,long,29441.319,29427.82596345408,29427.82596345408,29492.72774485597,11.244197121597498,-1.0000000000001177,SL,2,-34.30124334876794
2021-11-25 18:35:00,2021-11-25 18:50:00,long,29391.419,29373.014498071658,29373.014498071658,29491.324717171723,15.337084940287898,-0.9999999999999176,SL,3,-35.301243348767855
2021-11-26 08:20:00,2021-11-26 08:45:00,long,28529.419,28491.32648472393,28491.32648472393,28598.79210231024,31.74376273005943,-1.0000000000000162,SL,5,-36.30124334876787
2021-11-26 08:50:00,2021-11-26 09:35:00,long,28474.319,28593.968221183808,28437.32625745183,28593.968221183808,30.827285456808394,3.2343971531174636,VWAP,9,-33.066846195650406
2021-11-28 23:45:00,2021-11-28 23:50:00,long,28411.269,28351.986645516678,28351.986645516678,28530.652904761897,49.40196206943478,-1.0000000000000164,SL,1,-34.06684619565042
2021-11-28 23:55:00,2021-11-29 00:20:00,long,28306.519,28242.51784740979,28242.51784740979,28525.56668518518,53.33429382517604,-1.0000000000000095,SL,5,-35.06684619565043
2021-11-29 03:25:00,2021-11-29 03:35:00,long,28189.369,28290.541857142856,28121.459186333133,28290.541857142856,56.59151138905342,1.4898120268620878,VWAP,2,-33.57703416878834
2021-11-29 03:50:00,2021-11-29 04:10:00,long,28149.519,28284.178787234036,28077.62797417406,28284.178787234036,59.90918818828432,1.8731098309831689,VWAP,4,-31.70392433780517
2021-11-29 08:25:00,2021-11-29 08:50:00,short,28341.319,28369.26497855993,28369.26497855993,28282.309816993475,23.288315466611408,-0.9999999999999386,SL,5,-32.703924337805105
2021-11-29 08:55:00,2021-11-29 09:15:00,short,28414.319,28445.752789762195,28445.752789762195,28286.036962962982,26.194824801830976,-0.9999999999999429,SL,4,-33.70392433780505
2021-11-29 10:40:00,2021-11-29 11:05:00,long,28224.319,28303.04768217056,28171.879943636002,28303.04768217056,43.699213636663565,1.5013367445836403,VWAP,5,-32.20258759322141
2021-11-29 12:05:00,2021-11-29 12:20:00,short,28409.469,28453.2711137658,28453.2711137658,28303.505872146136,36.50176147149869,-1.0000000000000298,SL,3,-33.20258759322144
2021-11-29 12:25:00,2021-11-29 12:35:00,short,28494.269,28538.228375137052,28538.228375137052,28307.38535555557,36.632812614209776,-1.0000000000000089,SL,2,-34.202587593221445
2021-11-29 14:05:00,2021-11-29 15:05:00,short,28494.999,28424.369,28526.387447910318,28330.431705882358,26.157039925264407,2.2501909046858337,TIMEOUT,12,-31.95239668853561
2021-11-29 18:15:00,2021-11-29 18:25:00,short,28506.519,28554.341252248116,28554.341252248116,28346.771066666683,39.85187687342888,-1.0000000000000187,SL,2,-32.95239668853563
2021-11-30 11:00:00,2021-11-30 12:00:00,long,27436.999,27456.469,27337.335429847022,27663.435666666683,83.05297512748191,0.19535724006390445,TIMEOUT,12,-32.75703944847172
2021-11-30 13:00:00,2021-11-30 13:40:00,long,27509.999,27640.737131634833,27437.893807851844,27640.737131634833,60.08766012346438,1.8131583557283955,VWAP,8,-30.94388109274333
2021-11-30 14:50:00,2021-11-30 15:25:00,long,27549.469,27638.450824953445,27487.06807243091,27638.450824953445,52.000772974242004,1.4259695876302947,VWAP,7,-29.517911505113034
2021-11-30 18:05:00,2021-11-30 18:35:00,short,27836.519,27907.37148635519,27907.37148635519,27638.646323232322,59.043738629324636,-1.000000000000009,SL,6,-30.517911505113045
2021-11-30 20:55:00,2021-11-30 21:35:00,short,28011.269,28124.041289153018,28124.041289153018,27670.39704597701,93.97690762751377,-1.0000000000000087,SL,8,-31.51791150511305
2021-11-30 23:40:00,2021-12-01 00:40:00,short,28071.999,28009.319,28136.07766896928,27714.517440251562,53.398890807732506,0.978172627618884,TIMEOUT,12,-30.539738877494166
2021-12-01 01:00:00,2021-12-01 01:10:00,long,27906.269,27984.93643589744,27845.373217667155,27984.93643589744,50.74648527737268,1.291837182868545,VWAP,2,-29.24790169462562
2021-12-01 01:15:00,2021-12-01 02:15:00,short,28159.999,28124.469,28239.887123099586,27990.611500000003,66.5734359163219,0.44474696139385,TIMEOUT,12,-28.80315473323177
2021-12-01 04:40:00,2021-12-01 05:40:00,short,28214.319,28114.469,28263.147086703608,28082.77332748538,40.69007225300568,2.0449296038589786,TIMEOUT,12,-26.758225129372793
2021-12-01 06:55:00,2021-12-01 07:25:00,short,28144.469,28173.87125034961,28173.87125034961,28093.382015873012,24.501875291342163,-0.999999999999944,SL,6,-27.758225129372736
2021-12-01 09:30:00,2021-12-01 09:35:00,long,28054.999,28027.617464645864,28027.617464645864,28104.062971014482,22.817946128446003,-1.0000000000000235,SL,1,-28.75822512937276
2021-12-01 10:30:00,2021-12-01 10:40:00,long,28036.999,27988.411973625174,27988.411973625174,28100.09007611547,40.48918864568845,-0.99999999999999,SL,2,-29.75822512937275
2021-12-01 12:00:00,2021-12-01 12:15:00,long,27999.319,28098.10235632183,27945.645023766014,28098.10235632183,44.72831352832256,1.8404329854600776,VWAP,3,-27.917792143912674
2021-12-01 12:50:00,2021-12-01 12:55:00,long,27999.369,27947.044537654147,27947.044537654147,28096.45637634408,43.60371862154441,-0.9999999999999797,SL,1,-28.917792143912653
2021-12-01 13:00:00,2021-12-01 13:10:00,long,27934.269,27877.792907467097,27877.792907467097,28094.504541401264,47.06341044408692,-0.9999999999999741,SL,2,-29.917792143912628
2021-12-01 22:25:00,2021-12-01 23:25:00,long,27726.319,27854.269,27660.0220241604,27947.994466666645,55.247479866332284,1.929952284845805,TIMEOUT,12,-27.987839859066824
2021-12-01 23:55:00,2021-12-02 00:55:00,long,27796.369,27789.269,27740.915708062996,27938.606437810926,46.21107661417052,-0.1280356810568469,TIMEOUT,12,-28.11587554012367
2021-12-02 01:05:00,2021-12-02 02:00:00,long,27706.999,27810.338523809525,27649.240671041152,27810.338523809525,48.131940799040976,1.7891709416169448,VWAP,11,-26.326704598506726
2021-12-02 02:40:00,2021-12-02 03:10:00,long,27709.319,27656.64302582774,27656.64302582774,27783.973646464645,43.896645143549236,-1.0000000000000153,SL,6,-27.32670459850674
2021-12-02 05:15:00,2021-12-02 05:40:00,long,27646.469,27748.91926041667,27594.509359604894,27748.91926041667,43.29970032925635,1.9717276647341175,VWAP,5,-25.354976933772623
2021-12-02 07:05:00,2021-12-02 07:10:00,long,27679.369,27639.19254990383,27639.19254990383,27742.36279844961,33.4803750801409,-0.9999999999999977,SL,1,-26.35497693377262
2021-12-02 07:30:00,2021-12-02 07:35:00,long,27624.519,27583.36921437207,27583.36921437207,27736.878047619044,34.29148802327677,-0.9999999999999757,SL,1,-27.354976933772594
2021-12-02 07:40:00,2021-12-02 08:40:00,long,27529.419,27564.469,27482.212276677958,27733.404304659496,39.3389361017029,0.7424789846329464,TIMEOUT,12,-26.612497949139648
2021-12-02 08:50:00,2021-12-02 09:40:00,long,27536.269,27715.194700934575,27486.106482764644,27715.194700934575,41.802097696128634,3.566920298179704,VWAP,10,-23.045577650959945
2021-12-02 10:45:00,2021-12-02 11:00:00,long,27579.999,27702.55158974358,27502.874504115036,27702.55158974358,64.27041323746862,1.589022895220962,VWAP,3,-21.456554755738985
2021-12-02 12:20:00,2021-12-02 12:40:00,short,27884.469,27959.92271817475,27959.92271817475,27708.71043176733,62.87809847895752,-0.9999999999999778,SL,4,-22.456554755738964
2021-12-02 18:05:00,2021-12-02 19:05:00,short,28036.419,27754.471306397296,28099.717815597767,27754.471306397296,52.749012998137914,4.454233320799431,VWAP,12,-18.00232143493953
2021-12-02 19:15:00,2021-12-02 19:30:00,long,27601.519,27760.768559748416,27522.526035075625,27760.768559748416,65.8274707703122,2.015996739720762,VWAP,3,-15.98632469521877
2021-12-02 20:40:00,2021-12-02 20:45:00,long,27662.419,27589.87843109333,27589.87843109333,27759.49343959242,60.45047408889343,-0.9999999999999982,SL,1,-16.98632469521877
2021-12-02 23:45:00,2021-12-03 00:40:00,short,27949.319,28004.026004967636,28004.026004967636,27757.41343609021,45.58917080636349,-1.0000000000000102,SL,11,-17.98632469521878
2021-12-03 07:30:00,2021-12-03 08:10:00,short,28112.469,28145.024823666132,28145.024823666132,28032.484384615385,27.12985305510823,-1.0000000000000313,SL,8,-18.986324695218812
2021-12-03 09:50:00,2021-12-03 09:55:00,long,27974.519,27919.180605877857,27919.180605877857,28050.765778711484,46.11532843512084,-0.9999999999999756,SL,1,-19.986324695218787
2021-12-03 10:00:00,2021-12-03 10:05:00,long,27919.999,27857.262629557947,27857.262629557947,28048.768201101928,52.28030870171148,-0.9999999999999901,SL,1,-20.986324695218777
2021-12-03 10:10:00,2021-12-03 10:45:00,long,27867.999,27799.767843853533,27799.767843853533,28046.197292682926,56.859296788720826,-1.0000000000000249,SL,7,-21.9863246952188
2021-12-03 10:50:00,2021-12-03 11:50:00,long,27717.469,27699.999,27640.017176356894,28034.070653944025,64.54318636925605,-0.2255595695267517,TIMEOUT,12,-22.211884264745553
2021-12-05 22:20:00,2021-12-05 23:20:00,short,27954.269,27914.369,28005.253760017902,27854.188496855346,42.487300014917096,0.7825867962503452,TIMEOUT,12,-21.429297468495207
2021-12-06 01:05:00,2021-12-06 01:15:00,long,27884.419,27847.733343971788,27847.733343971788,27936.6009047619,30.571380023512663,-0.9999999999999675,SL,2,-22.429297468495175
2021-12-06 02:30:00,2021-12-06 03:30:00,long,27804.469,27799.269,27775.413666758515,27893.013301075272,24.21277770123677,-0.17896886457238634,TIMEOUT,12,-22.60826633306756
2021-12-06 03:35:00,2021-12-06 04:05:00,long,27797.319,27874.112333333338,27762.347393903357,27874.112333333338,29.14300508053642,2.1958766526513216,VWAP,6,-20.41238968041624
2021-12-06 04:45:00,2021-12-06 05:00:00,long,27797.519,27756.43678284889,27756.43678284889,27863.02400000001,34.23518095925908,-0.9999999999999768,SL,3,-21.412389680416215
2021-12-06 05:05:00,2021-12-06 05:35:00,long,27739.519,27699.19655341387,27699.19655341387,27856.90926881721,33.60203882177751,-0.9999999999999567,SL,6,-22.412389680416172
2021-12-06 09:30:00,2021-12-06 09:35:00,short,27912.319,27836.98326086958,27937.501175809957,27836.98326086958,20.985146508297024,2.9916294643862296,VWAP,1,-19.420760216029944
2021-12-06 12:25:00,2021-12-06 12:50:00,short,28034.419,28076.768356757395,28076.768356757395,27872.189133333348,35.29113063116224,-0.9999999999999661,SL,5,-20.420760216029908
2021-12-06 12:55:00,2021-12-06 13:05:00,short,28072.519,28108.775952137927,28108.775952137927,27879.058978632485,30.214126781606048,-0.9999999999999769,SL,2,-21.420760216029883
2021-12-06 19:50:00,2021-12-06 20:00:00,short,28064.999,28125.328960784776,28125.328960784776,27939.08723439878,50.274967320647704,-0.9999999999999899,SL,2,-22.420760216029873
2021-12-06 20:05:00,2021-12-06 20:15:00,short,28227.419,28295.6712973193,28295.6712973193,27941.644615615613,56.87691443274882,-0.99999999999998,SL,2,-23.42076021602985
2021-12-06 20:50:00,2021-12-06 21:50:00,short,28324.369,28284.419,28388.927327701473,27954.306575757575,53.79860641789546,0.6188202424438669,TIMEOUT,12,-22.801939973585984
2021-12-06 22:40:00,2021-12-06 22:50:00,short,28364.419,28409.723591284164,28409.723591284164,27983.4615032938,37.75382607013455,-1.000000000000025,SL,2,-23.80193997358601
2021-12-07 22:45:00,2021-12-07 23:45:00,short,28884.369,28882.319,28926.581785331822,28685.253993412378,35.17732110985218,0.04856348577533583,TIMEOUT,12,-23.753376487810673
2021-12-08 01:10:00,2021-12-08 02:10:00,short,28892.469,28859.999,28927.11954422603,28832.10433333333,28.87545352168914,0.9370704191021642,TIMEOUT,12,-22.81630606870851
2021-12-08 04:30:00,2021-12-08 05:10:00,long,28814.519,28854.65415151514,28784.20281497879,28854.65415151514,25.263487517675287,1.323885293847493,VWAP,8,-21.492420774861017
2021-12-08 05:35:00,2021-12-08 05:45:00,long,28814.419,28787.43682296575,28787.43682296575,28850.814245098038,22.485147528543695,-1.0000000000000304,SL,2,-22.49242077486105
2021-12-08 05:50:00,2021-12-08 06:00:00,long,28792.419,28764.01023799408,28764.01023799408,28848.656230046945,23.67396833826928,-0.9999999999999512,SL,2,-23.492420774861
2021-12-08 06:05:00,2021-12-08 06:50:00,long,28747.519,28845.655081081077,28718.319965697152,28845.655081081077,24.33252858570633,3.3609358468237414,VWAP,9,-20.13148492803726
2021-12-08 06:55:00,2021-12-08 07:45:00,short,28919.369,28842.190190476194,28960.625514805066,28842.190190476194,34.38042900422173,1.87070599367078,VWAP,10,-18.26077893436648
2021-12-08 12:45:00,2021-12-08 13:45:00,short,28892.519,28887.469,28915.95564193308,28847.72703030304,19.530534944234024,0.2154745553743856,TIMEOUT,12,-18.045304378992096
2021-12-08 15:00:00,2021-12-08 16:00:00,short,28897.319,28889.369,28914.56895653808,28851.503419889497,14.37496378173665,0.4608707263956832,TIMEOUT,12,-17.584433652596413
2021-12-08 21:10:00,2021-12-08 22:10:00,long,28797.419,28849.269,28764.052376704014,28855.930801418446,27.805519413322607,1.5539480737996747,TIMEOUT,12,-16.03048557879674
2021-12-08 22:25:00,2021-12-08 22:35:00,long,28819.469,28854.42594666667,28793.573342777006,28854.42594666667,21.57971435249414,1.3499154072687676,VWAP,2,-14.680570171527972
2021-12-08 23:00:00,2021-12-09 00:00:00,long,28787.999,28784.469,28758.48605151747,28853.98940207523,24.594123735443183,-0.11960851699003165,TIMEOUT,12,-14.800178688518004
2021-12-09 14:40:00,2021-12-09 14:55:00,long,28674.269,28651.530289054313,28651.530289054313,28707.805384180792,18.948925788072767,-0.9999999999999755,SL,3,-15.80017868851798
2021-12-09 15:10:00,2021-12-09 15:15:00,long,28629.419,28603.597565223536,28603.597565223536,28706.06954644809,21.517862313720617,-1.0000000000000508,SL,1,-16.80017868851803
2021-12-09 15:20:00,2021-12-09 18:00:00,long,28584.419,28626.519,28557.251130218254,28704.95035135135,22.639891484789818,1.5496246241684593,TIMEOUT,12,-15.250554064349572
2021-12-09 18:20:00,2021-12-09 18:50:00,long,28614.319,28589.296859469836,28589.296859469836,28698.739480928693,20.85178377513621,-1.0000000000000058,SL,6,-16.25055406434958
2021-12-09 18:55:00,2021-12-09 19:00:00,long,28581.269,28546.435905741095,28546.435905741095,28696.139977564108,29.027578549086755,-1.0000000000000393,SL,1,-17.25055406434962
2021-12-09 19:30:00,2021-12-09 19:55:00,long,28591.269,28541.364287956774,28541.364287956774,28693.72351162791,41.587260036021675,-1.0000000000000004,SL,5,-18.25055406434962
2021-12-09 20:00:00,2021-12-09 20:05:00,long,28531.319,28481.25967264694,28481.25967264694,28690.35195625943,41.71610612755002,-1.0000000000000242,SL,1,-19.250554064349643
2021-12-09 21:40:00,2021-12-09 22:40:00,long,28561.269,28541.999,28523.899434773914,28679.038253112034,31.141304355073764,-0.5156602674774398,TIMEOUT,12,-19.766214331827083
2021-12-10 00:35:00,2021-12-10 00:45:00,long,28504.999,28478.99029809677,28478.99029809677,28539.721916666665,21.67391825269096,-0.9999999999999918,SL,2,-20.766214331827076
2021-12-10 00:50:00,2021-12-10 00:55:00,long,28414.269,28384.546247054885,28384.546247054885,28516.861727272728,24.768960787595557,-1.0000000000000329,SL,1,-21.766214331827108
2021-12-10 06:00:00,2021-12-10 06:10:00,short,28534.999,28551.717089897662,28551.717089897662,28479.339410958906,13.931741581383818,-1.0000000000000933,SL,2,-22.7662143318272
2021-12-10 06:15:00,2021-12-10 06:30:00,short,28544.269,28560.62933655436,28560.62933655436,28481.831412280706,13.633613795298821,-1.000000000000111,SL,3,-23.76621433182731
2021-12-10 06:45:00,2021-12-10 07:45:00,short,28564.319,28549.519,28580.647775756646,28487.276804878053,13.607313130539739,0.9063753597065581,TIMEOUT,12,-22.859838972120752
2021-12-10 08:35:00,2021-12-10 08:45:00,short,28619.269,28641.596828654154,28641.596828654154,28501.275282051283,18.606523878461843,-0.999999999999971,SL,2,-23.859838972120723
2021-12-10 13:00:00,2021-12-10 14:00:00,short,28574.519,28584.999,28601.956346484585,28520.253585987262,22.86445540382028,-0.38196113483086813,TIMEOUT,12,-24.24180010695159
2021-12-10 15:30:00,2021-12-10 15:45:00,short,28594.469,28615.56101421241,28615.56101421241,28529.590782531195,17.576678510339548,-1.0000000000000582,SL,3,-25.241800106951647
2021-12-10 15:50:00,2021-12-12 19:40:00,short,28624.519,28645.273931016258,28645.273931016258,28531.268057591624,17.29577584688144,-0.9999999999999946,SL,6,-26.24180010695164
2021-12-13 00:30:00,2021-12-13 00:45:00,long,28606.999,28661.089476190475,28584.7163745418,28661.089476190475,18.56885454849857,2.4274732029198,VWAP,3,-23.81432690403184
2021-12-13 03:00:00,2021-12-13 03:25:00,long,28649.419,28678.737738738735,28626.859486606485,28678.737738738735,18.799594494596647,1.2996175151171534,VWAP,5,-22.51470938891469
2021-12-13 07:10:00,2021-12-13 08:10:00,long,28664.269,28674.519,28648.51859353311,28688.527160919544,13.125338722408122,0.6507768559209812,TIMEOUT,12,-21.863932532993708
2021-12-13 08:45:00,2021-12-13 09:05:00,long,28654.269,28640.712500200956,28640.712500200956,28684.606610062896,11.297083165870168,-0.9999999999999928,SL,4,-22.8639325329937
2021-12-13 09:20:00,2021-12-13 09:25:00,long,28614.469,28599.968367295478,28599.968367295478,28681.81908849558,12.083860587102688,-0.9999999999999855,SL,1,-23.863932532993687
2021-12-13 09:30:00,2021-12-13 09:40:00,long,28604.519,28588.445474861917,28588.445474861917,28680.462362318845,13.394604281736566,-0.99999999999994,SL,2,-24.863932532993626
2021-12-13 09:50:00,2021-12-13 09:55:00,long,28574.269,28550.031243974678,28550.031243974678,28677.727263305325,20.198130021102713,-0.9999999999999729,SL,1,-25.863932532993598
2021-12-13 10:00:00,2021-12-13 10:25:00,long,28559.369,28533.628363427142,28533.628363427142,28675.802829201104,21.450530477379452,-1.000000000000049,SL,5,-26.863932532993648
2021-12-13 20:20:00,2021-12-13 20:35:00,long,28556.469,28608.741829629627,28516.180536758467,28608.741829629627,33.573719367943575,1.297463974146815,VWAP,3,-25.566468558846832
2021-12-13 21:10:00,2021-12-13 21:50:00,long,28501.469,28461.544737926015,28461.544737926015,28605.588035460994,33.27021839498909,-0.9999999999999781,SL,8,-26.56646855884681
2021-12-13 22:35:00,2021-12-13 22:40:00,long,28344.519,28305.71973226449,28305.71973226449,28597.31052116402,32.33272311292526,-1.0000000000000053,SL,1,-27.566468558846815
2021-12-14 01:50:00,2021-12-14 02:20:00,short,28466.469,28493.28646105627,28493.28646105627,28420.698855072467,22.347884213554753,-1.0000000000000613,SL,6,-28.566468558846875
2021-12-14 03:05:00,2021-12-14 04:05:00,short,28529.319,28471.419,28556.97923718576,28441.0042631579,23.050197654800012,2.093257538290589,TIMEOUT,12,-26.473211020556285
2021-12-14 04:40:00,2021-12-14 04:55:00,long,28419.469,28392.30791536806,28392.30791536806,28457.449526315802,22.63423719328471,-1.0000000000000047,SL,3,-27.47321102055629
2021-12-14 05:50:00,2021-12-14 06:50:00,long,28389.369,28399.369,28363.774125111162,28444.885244131463,21.329062407365022,0.3907032186494891,TIMEOUT,12,-27.0825078019068
2021-12-14 07:45:00,2021-12-14 08:30:00,long,28404.469,28385.505384411583,28385.505384411583,28437.103219858152,15.803012990349668,-0.9999999999999251,SL,9,-28.082507801906726
2021-12-14 08:35:00,2021-12-14 08:45:00,long,28349.319,28327.10629867835,28327.10629867835,28434.21547435897,18.510584434707248,-0.9999999999999973,SL,2,-29.082507801906722
2021-12-14 08:50:00,2021-12-14 09:25:00,long,28314.369,28290.073799998663,28290.073799998663,28431.326040498443,20.246000001112396,-1.0000000000000306,SL,7,-30.082507801906754
2021-12-14 18:30:00,2021-12-14 19:00:00,long,28286.519,28360.694139573094,28256.08781520032,28360.694139573094,25.359320666398578,2.4374712999632413,VWAP,6,-27.645036501943512
2021-12-14 19:05:00,2021-12-14 19:10:00,short,28426.519,28465.308770763266,28465.308770763266,28359.517412698435,32.32480896938934,-0.9999999999999574,SL,1,-28.64503650194347
2021-12-14 19:15:00,2021-12-14 19:20:00,short,28461.419,28501.325506423433,28501.325506423433,28360.398811320774,33.2554220195246,-1.0000000000000366,SL,1,-29.645036501943505
2021-12-14 22:50:00,2021-12-14 23:50:00,short,28461.319,28431.269,28486.058915771275,28375.18548366014,20.61659647606386,1.214636309913703,TIMEOUT,12,-28.4304001920298
2021-12-15 01:05:00,2021-12-15 01:15:00,short,28509.369,28532.900071414635,28532.900071414635,28449.32066666667,19.609226178864493,-0.9999999999999513,SL,2,-29.43040019202975
2021-12-15 07:10:00,2021-12-15 07:30:00,short,28524.999,28538.356598026636,28538.356598026636,28499.037199233724,11.13133168886308,-1.0000000000000204,SL,4,-30.430400192029772
2021-12-15 09:50:00,2021-12-15 10:30:00,long,28466.419,28508.455694677883,28442.86760460325,28508.455694677883,19.626162830628765,1.7848918915298815,VWAP,8,-28.64550830049989
2021-12-15 12:30:00,2021-12-15 12:35:00,short,28549.999,28574.60005785355,28574.60005785355,28508.246064017676,20.500881544623528,-1.0000000000000604,SL,1,-29.64550830049995
2021-12-15 12:40:00,2021-12-15 13:35:00,short,28574.369,28599.723830496172,28599.723830496172,28509.02464270154,21.129025413476484,-1.0000000000000575,SL,11,-30.64550830050001
2021-12-15 22:55:00,2021-12-15 23:55:00,short,28974.369,28962.319,29004.432332876164,28647.746617187506,25.052777396805737,0.4008204961716695,TIMEOUT,12,-30.24468780432834
2021-12-16 02:05:00,2021-12-16 02:15:00,short,29082.369,29107.172871112016,29107.172871112016,29038.554641025643,20.669892593348525,-0.9999999999999536,SL,2,-31.244687804328294
2021-12-16 02:20:00,2021-12-16 03:20:00,short,29144.269,29112.369,29171.828842869207,29046.436701149425,22.966535724339114,1.157481200142975,TIMEOUT,12,-30.08720660418532
2021-12-16 05:55:00,2021-12-16 06:35:00,short,29167.999,29186.756802486234,29186.756802486234,29089.133583333343,15.631502071860972,-1.0000000000000522,SL,8,-31.087206604185372
2021-12-16 09:10:00,2021-12-16 09:40:00,long,29054.269,29028.349100570613,29028.349100570613,29110.985726726733,21.599916191157632,-0.9999999999999338,SL,6,-32.087206604185305
2021-12-16 21:40:00,2021-12-16 22:10:00,long,28772.369,28740.035812871403,28740.035812871403,28985.16641355463,26.944322607163002,-0.9999999999999953,SL,6,-33.0872066041853
2021-12-16 22:15:00,2021-12-16 22:35:00,long,28717.999,28686.03678858983,28686.03678858983,28979.055760752686,26.635176175142206,-0.9999999999999611,SL,4,-34.08720660418526
2021-12-16 22:40:00,2021-12-16 22:55:00,long,28679.519,28643.268841001674,28643.268841001674,28973.761700922263,30.20846583193954,-0.9999999999999541,SL,3,-35.08720660418522
2021-12-17 04:10:00,2021-12-17 04:15:00,long,28542.419,28509.53769230653,28509.53769230653,28587.148215686262,27.401089744559652,-0.9999999999999875,SL,1,-36.087206604185205
2021-12-17 04:45:00,2021-12-17 05:00:00,long,28492.419,28580.245379310338,28454.009125666842,28580.245379310338,32.008228610966725,2.2865573198325633,VWAP,3,-33.800649284352644
2021-12-17 07:15:00,2021-12-17 07:35:00,long,28529.519,28504.86739694149,28504.86739694149,28569.205666666665,20.543002548758533,-1.0000000000000586,SL,4,-34.8006492843527
2021-12-17 13:35:00,2021-12-17 14:35:00,short,28652.319,28612.369,28688.878785862144,28550.14737398374,30.466488218454174,1.092730689141318,TIMEOUT,12,-33.70791859521138
2021-12-17 15:55:00,2021-12-19 18:00:00,long,28502.519,28466.83332997415,28466.83332997415,28559.652993055555,29.73805835487491,-1.0000000000000147,SL,5,-34.707918595211396
2021-12-19 18:15:00,2021-12-19 18:20:00,long,28377.269,28334.317248095263,28334.317248095263,28434.2015,35.7931265872812,-0.9999999999999836,SL,1,-35.70791859521138
2021-12-19 18:25:00,2021-12-19 18:55:00,long,28297.419,28251.164520041326,28251.164520041326,28396.800666666666,38.54539996556417,-0.999999999999974,SL,6,-36.70791859521135
2021-12-20 07:10:00,2021-12-20 08:10:00,short,28119.519,28056.319,28151.946651639504,27956.687735632197,27.02304303292117,1.948953957646644,TIMEOUT,12,-34.75896463756471
2021-12-20 08:35:00,2021-12-20 09:15:00,short,28094.469,28120.180791494447,28120.180791494447,27977.286788461555,21.426492912037286,-1.000000000000069,SL,8,-35.75896463756478
2021-12-20 12:00:00,2021-12-20 12:20:00,short,28119.999,28160.363883056714,28160.363883056714,28011.033735632198,33.63740254726246,-0.9999999999999879,SL,4,-36.758964637564766
2021-12-21 04:45:00,2021-12-21 05:05:00,long,28461.419,28434.520859117318,28434.520859117318,28510.172390804597,22.4151174022358,-1.0000000000000366,SL,4,-37.7589646375648
2021-12-21 06:35:00,2021-12-21 07:35:00,short,28544.319,28536.419,28564.36011992135,28504.556291666668,16.700933267792358,0.39418954783966653,TIMEOUT,12,-37.364775089725136
2021-12-21 10:20:00,2021-12-21 10:30:00,short,28561.269,28511.821640000002,28587.242385442354,28511.821640000002,21.644487868626804,1.9037703078694357,VWAP,2,-35.4610047818557
2021-12-21 11:40:00,2021-12-21 12:15:00,short,28606.999,28636.122477774912,28636.122477774912,28513.83398817967,24.269564812428328,-0.9999999999999424,SL,7,-36.46100478185564
2021-12-22 07:00:00,2021-12-22 08:00:00,short,28551.269,28534.519,28566.855563865647,28511.195549019612,12.98880322137385,1.0746435291562555,TIMEOUT,12,-35.38636125269939
2021-12-22 09:45:00,2021-12-22 10:15:00,short,28569.269,28592.065239656535,28592.065239656535,28515.686175141243,18.99686638044673,-0.999999999999929,SL,6,-36.38636125269932
2021-12-22 10:35:00,2021-12-22 10:40:00,short,28621.369,28650.04010839773,28650.04010839773,28520.978166666668,23.892590331442904,-1.0000000000000036,SL,1,-37.38636125269932
2021-12-22 10:45:00,2021-12-22 11:35:00,short,28664.469,28694.540557751105,28694.540557751105,28523.04812820513,25.05963145925436,-0.9999999999999486,SL,10,-38.38636125269927
2021-12-22 22:35:00,2021-12-22 22:45:00,short,28666.519,28685.227284693432,28685.227284693432,28603.842227513233,15.59023724452675,-0.9999999999999829,SL,2,-39.38636125269925
2021-12-22 22:50:00,2021-12-22 23:05:00,short,28686.269,28705.554553014383,28705.554553014383,28604.74817647059,16.071294178653527,-0.9999999999999081,SL,3,-40.38636125269916
2021-12-22 23:10:00,2021-12-23 00:05:00,short,28706.419,28724.27113233142,28724.27113233142,28606.21610424711,14.876776942850066,-0.9999999999999872,SL,11,-41.386361252699146
2021-12-23 00:45:00,2021-12-23 01:00:00,short,28756.999,28772.40992004182,28772.40992004182,28728.720666666668,12.842433368183258,-1.0000000000000477,SL,3,-42.386361252699196
2021-12-23 08:20:00,2021-12-23 08:40:00,long,28738.469,28754.31781188118,28727.083024172043,28754.31781188118,9.48831318996492,1.3919590310620455,VWAP,4,-40.99440222163715
2021-12-23 08:45:00,2021-12-23 09:35:00,long,28731.269,28753.764094339618,28718.100123350596,28753.764094339618,10.974063874504779,1.7082014615599777,VWAP,10,-39.28620076007717
2021-12-23 09:40:00,2021-12-23 10:15:00,short,28798.369,28817.420360602464,28817.420360602464,28753.55267521367,15.876133835388508,-0.9999999999999438,SL,7,-40.286200760077115
2021-12-27 04:55:00,2021-12-27 05:35:00,short,28789.369,28806.29206157999,28806.29206157999,28727.87956497176,14.102551316659108,-0.9999999999999295,SL,8,-41.286200760077044
2021-12-27 05:40:00,2021-12-27 06:40:00,short,28804.999,28791.269,28819.66573006409,28736.728068627453,12.222275053407818,0.9361323171561365,TIMEOUT,12,-40.35006844292091
2021-12-27 07:10:00,2021-12-27 07:25:00,short,28799.469,28810.568425225512,28810.568425225512,28748.357062015515,9.249521021260543,-0.9999999999998843,SL,3,-41.350068442920794
2021-12-27 07:40:00,2021-12-27 08:20:00,short,28824.269,28836.114009563582,28836.114009563582,28752.24592028986,9.870841302984708,-1.000000000000004,SL,8,-42.3500684429208
2021-12-27 23:10:00,2021-12-28 00:10:00,short,29001.369,28979.319,29027.823027373594,28888.33772892346,22.045022811327637,0.8335214781704633,TIMEOUT,12,-41.51654696475034
2021-12-28 00:55:00,2021-12-28 01:05:00,short,29039.519,29062.105171546733,29062.105171546733,28989.82788888889,18.82180962227632,-1.0000000000000477,SL,2,-42.51654696475039
2021-12-28 02:35:00,2021-12-28 03:10:00,long,28974.469,28997.258139784943,28956.96817444363,28997.258139784943,14.584021296974667,1.302175129483953,VWAP,7,-41.214371835266434
2021-12-28 03:55:00,2021-12-28 04:40:00,short,29044.269,29062.689968398412,29062.689968398412,28997.471411347517,15.350806998677578,-0.9999999999999291,SL,9,-42.21437183526636
2021-12-28 05:10:00,2021-12-28 06:10:00,short,29064.469,29049.469,29080.248620405247,29010.38830107527,13.149683671038034,0.9505932091378783,TIMEOUT,12,-41.263778626128484
2021-12-28 07:25:00,2021-12-28 07:45:00,short,29064.319,29073.75913050111,29073.75913050111,29023.001134831455,7.866775417591328,-0.9999999999999157,SL,4,-42.2637786261284
2021-12-28 09:45:00,2021-12-28 10:00:00,short,29059.469,29076.44469579548,29076.44469579548,29030.681499999995,14.14641316289872,-0.9999999999999613,SL,3,-43.263778626128364
2021-12-28 10:35:00,2021-12-28 11:30:00,short,29086.419,29033.364132275125,29108.20131379607,29033.364132275125,18.151928163390348,2.4356855851765946,VWAP,11,-40.82809304095177
2021-12-28 12:05:00,2021-12-28 12:35:00,short,29079.269,29036.535504629617,29097.993496566527,29036.535504629617,15.603747138770832,2.282223995638979,VWAP,6,-38.54586904531279
2021-12-28 12:40:00,2021-12-28 13:40:00,long,29001.999,29009.319,28980.13864645633,29037.192598233985,18.216961286391452,0.33485277286923903,TIMEOUT,12,-38.21101627244355
2021-12-28 14:05:00,2021-12-28 15:05:00,long,28994.419,29009.999,28976.8132059206,29034.60737301587,14.671495066167882,0.8849359437996891,TIMEOUT,12,-37.32608032864386
2021-12-28 18:00:00,2021-12-28 19:00:00,long,28973.469,29032.11894871794,28949.660914904067,29032.11894871794,19.840070913278744,2.4634467023118183,VWAP,12,-34.86263362633204
2021-12-28 20:20:00,2021-12-28 20:35:00,long,28926.999,28886.85842721389,28886.85842721389,29028.980554559043,33.450477321758086,-0.999999999999989,SL,3,-35.86263362633203
2021-12-28 20:40:00,2021-12-28 21:00:00,long,28833.469,28784.10866453186,28784.10866453186,29026.64850073421,41.133612890116794,-0.9999999999999962,SL,4,-36.86263362633202
2021-12-28 21:05:00,2021-12-28 22:05:00,long,28738.369,28816.999,28687.626521536837,29021.835020114937,42.28539871930253,1.549589266852292,TIMEOUT,12,-35.313044359479726
2021-12-29 01:00:00,2021-12-29 01:10:00,short,28911.469,28857.524128205125,28937.70421586987,28857.524128205125,21.862679891557807,2.056200797525393,VWAP,2,-33.256843561954334
2021-12-29 06:20:00,2021-12-29 06:55:00,long,28861.369,28848.197948687783,28848.197948687783,28884.782809523804,10.975876093513168,-1.0000000000000264,SL,7,-34.25684356195436
2021-12-29 07:55:00,2021-12-29 08:35:00,long,28843.269,28829.306449881016,28829.306449881016,28878.766951388872,11.635458432487496,-0.9999999999999235,SL,8,-35.256843561954284
2021-12-29 08:40:00,2021-12-29 09:40:00,long,28803.469,28828.519,28787.923571683663,28875.145190476178,12.954523596949683,1.6114062276218861,TIMEOUT,12,-33.6454373343324
2021-12-29 15:40:00,2021-12-29 16:00:00,short,28883.319,28853.84811816577,28897.942497274384,28853.84811816577,12.186247728653749,2.015310105459714,VWAP,4,-31.630127228872684
2021-12-29 18:05:00,2021-12-29 18:30:00,long,28828.519,28809.157045167853,28809.157045167853,28854.144740740732,16.134962360121573,-1.0000000000000886,SL,5,-32.63012722887277
2021-12-29 19:00:00,2021-12-29 19:05:00,long,28781.369,28756.773217235146,28756.773217235146,28852.16504465709,20.496485637376797,-1.0000000000000193,SL,1,-33.630127228872794
2021-12-29 19:10:00,2021-12-29 19:15:00,long,28736.369,28708.404677105817,28708.404677105817,28851.284797788303,23.303602411819988,-0.9999999999999384,SL,1,-34.63012722887273
2021-12-29 23:45:00,2021-12-30 00:00:00,long,28811.269,28843.788461152864,28786.5150436262,28843.788461152864,20.62829697816593,1.3137076215939525,VWAP,3,-33.316419607278775
2021-12-30 04:35:00,2021-12-30 05:35:00,short,28946.319,28923.469,28965.609961680075,28881.308047619055,16.07580140006186,1.1844925296596525,TIMEOUT,12,-32.131927077619125
2021-12-30 09:00:00,2021-12-30 09:30:00,short,28926.469,28937.824336676786,28937.824336676786,28901.975207951076,9.462780563988067,-0.9999999999999089,SL,6,-33.13192707761903
2021-12-30 10:15:00,2021-12-30 11:15:00,short,28946.999,28956.999,28964.810035575436,28905.51297849463,14.84252964619587,-0.5614496674068737,TIMEOUT,12,-33.69337674502591
2021-12-30 12:45:00,2021-12-30 13:45:00,short,28956.999,28938.269,28970.544802178858,28913.158480519483,11.288168482381439,1.3827161915322614,TIMEOUT,12,-32.31066055349365
2021-12-30 13:50:00,2021-12-30 14:50:00,short,28946.319,28946.269,28957.882305935225,28914.90496806387,9.636088279355285,0.0043240229290269746,TIMEOUT,12,-32.30633653056462
2021-12-30 15:35:00,2021-12-30 15:40:00,long,28881.369,28866.550539310305,28866.550539310305,28916.528734042542,12.348717241411816,-0.9999999999999808,SL,1,-33.3063365305646
2021-12-30 15:45:00,2021-12-30 16:00:00,long,28841.469,28824.128735425722,28824.128735425722,28915.962684210517,14.450220478564313,-1.0000000000001048,SL,3,-34.30633653056471
2021-12-30 18:25:00,2021-12-30 18:35:00,long,28848.999,28829.758190034543,28829.758190034543,28912.639248756215,16.03400830454759,-0.9999999999999799,SL,1,-35.306336530564685
2021-12-31 05:00:00,2021-12-31 05:45:00,short,28826.319,28793.382615819217,28837.959435157103,28793.382615819217,9.700362630920687,2.829480490742622,VWAP,8,-32.47685603982207
2021-12-31 06:55:00,2021-12-31 07:05:00,long,28778.369,28768.078957113405,28768.078957113405,28794.964514403306,8.575035738828577,-0.9999999999999878,SL,2,-33.47685603982205
2021-12-31 07:10:00,2021-12-31 07:45:00,long,28766.269,28794.09697619049,28755.29626230982,28794.09697619049,9.14394807514827,2.536101470410477,VWAP,7,-30.940754569411574
2021-12-31 07:50:00,2021-12-31 08:40:00,short,28816.519,28828.524634936588,28828.524634936588,28793.63218840582,10.004695780490245,-0.9999999999999538,SL,10,-31.940754569411528
2021-12-31 10:55:00,2021-12-31 11:00:00,short,28896.369,28927.647232319603,28927.647232319603,28803.763625323027,26.065193599669215,-1.0000000000000393,SL,1,-32.94075456941157
2021-12-31 11:05:00,2021-12-31 12:10:00,short,28951.519,28913.469,28985.26231256129,28805.76212977102,28.119427134408678,1.1276308433229938,TIMEOUT,12,-31.813123726088573
2022-01-02 22:15:00,2022-01-02 23:15:00,long,28968.369,28968.369,28939.248330160124,29036.70688461538,24.26722486656185,0.0,TIMEOUT,12,-31.813123726088573
2022-01-02 23:30:00,2022-01-02 23:50:00,long,28961.519,28941.995797979864,28941.995797979864,29020.95422388059,16.26933501678115,-0.9999999999999561,SL,4,-32.81312372608853
2022-01-02 23:55:00,2022-01-03 00:55:00,long,28903.469,28951.369,28879.91987691947,29015.217749999996,19.624269233774903,2.0340460167538437,TIMEOUT,12,-30.779077709334683
2022-01-03 01:30:00,2022-01-03 01:55:00,long,28908.419,28937.39057894737,28887.704751888217,28937.39057894737,17.261873426487803,1.3986304881075207,VWAP,5,-29.38044722122716
2022-01-03 02:20:00,2022-01-03 02:55:00,long,28903.319,28932.320954022984,28882.806323302844,28932.320954022984,17.093897247629215,1.4138551711784388,VWAP,7,-27.96659205004872
2022-01-03 03:00:00,2022-01-03 03:05:00,short,28963.319,28982.62424601736,28982.62424601736,28930.006477477476,16.08770501446844,-0.9999999999999071,SL,1,-28.96659205004863
2022-01-03 03:45:00,2022-01-03 04:45:00,short,29021.319,28976.999,29043.363138717657,28943.724217391304,18.370115598049463,2.010511754060746,TIMEOUT,12,-26.95608029598788
2022-01-03 05:25:00,2022-01-03 06:25:00,short,29006.319,29006.519,29023.660408358406,28957.602080808083,14.451173632006146,-0.011533088655037906,TIMEOUT,12,-26.96761338464292
2022-01-03 09:05:00,2022-01-03 09:35:00,long,28931.369,28972.589090909092,28914.48616904823,28972.589090909092,14.06902579314045,2.441539042051206,VWAP,6,-24.526074342591713
2022-01-03 09:50:00,2022-01-03 10:15:00,long,28843.999,28970.046927170868,28814.538941559244,28970.046927170868,24.550048700629656,4.278604111541449,VWAP,5,-20.247470231050265
2022-01-03 11:15:00,2022-01-03 12:15:00,long,28901.999,28921.369,28866.028880384438,28968.18745588235,29.975099679633686,0.5385025183963985,TIMEOUT,12,-19.708967712653866
2022-01-03 13:00:00,2022-01-03 14:00:00,long,28921.269,28928.999,28896.417728528006,28961.680656050954,20.70939289332985,0.31105048322015544,TIMEOUT,12,-19.39791722943371
2022-01-03 15:45:00,2022-01-03 15:55:00,long,28881.999,28856.80899773932,28856.80899773932,28958.181157894705,20.99166855056566,-0.9999999999999979,SL,2,-20.397917229433705
2022-01-03 18:20:00,2022-01-03 18:45:00,short,29011.369,29040.148034615002,29040.148034615002,28957.60901658372,23.98252884583477,-1.0000000000000506,SL,5,-21.397917229433755
2022-01-03 19:55:00,2022-01-03 20:00:00,short,29148.419,29201.994263200926,29201.994263200926,28963.832530302996,44.64605266743719,-0.9999999999999954,SL,1,-22.39791722943375
2022-01-03 20:40:00,2022-01-03 21:40:00,short,29246.369,29178.269,29294.045731880455,28972.72224599706,39.73060990038069,1.4283697165055356,TIMEOUT,12,-20.969547512928216
2022-01-04 03:15:00,2022-01-04 04:15:00,long,29223.469,29223.319,29202.505409143676,29267.77408333334,17.46965904693689,-0.007155262713792346,TIMEOUT,12,-20.976702775642007
2022-01-04 04:25:00,2022-01-04 05:15:00,long,29213.999,29256.952765432103,29195.59195042885,29256.952765432103,15.339207975957404,2.333549723222806,VWAP,10,-18.6431530524192
2022-01-04 05:45:00,2022-01-04 06:30:00,short,29283.269,29300.05523897866,29300.05523897866,29252.939380952383,13.988532482216593,-1.0000000000000382,SL,9,-19.64315305241924
2022-01-04 13:15:00,2022-01-04 13:55:00,long,29248.369,29224.916510739058,29224.916510739058,29282.999958333345,19.543741050782433,-1.0000000000000733,SL,8,-20.643153052419315
2022-01-04 14:00:00,2022-01-04 15:00:00,long,29213.319,29258.319,29188.381731086134,29280.65990729784,20.78105742822196,1.804528000056084,TIMEOUT,12,-18.83862505236323
2022-01-04 18:45:00,2022-01-04 19:00:00,long,29240.419,29278.414825242722,29216.320206546177,29278.414825242722,20.08232787818707,1.5766691936475565,VWAP,3,-17.261955858715673
2022-01-05 03:50:00,2022-01-05 04:50:00,long,29283.319,29303.369,29261.973536854537,29317.88396453901,17.78788595455121,0.9393096726628007,TIMEOUT,12,-16.32264618605287
2022-01-05 06:05:00,2022-01-05 06:30:00,long,29288.369,29273.10071167173,29273.10071167173,29310.823234234227,12.723573606890302,-1.0000000000000209,SL,5,-17.322646186052893
2022-01-05 06:35:00,2022-01-05 07:35:00,long,29273.519,29288.469,29257.77949084758,29308.661249999986,13.116257627017118,0.9498390232646869,TIMEOUT,12,-16.372807162788206
2022-01-05 07:50:00,2022-01-05 08:30:00,long,29278.369,29304.28096491227,29265.11213552058,29304.28096491227,11.047387066182385,1.954607362283707,VWAP,8,-14.4181998005045
2022-01-05 08:45:00,2022-01-05 09:00:00,long,29283.519,29302.658245282997,29268.381903803114,29302.658245282997,12.614246830738844,1.2643934499757885,VWAP,3,-13.153806350528711
2022-01-05 10:45:00,2022-01-05 11:45:00,short,29345.419,29323.469,29369.706485037084,29303.4694102564,20.23957086423488,0.9037576334679246,TIMEOUT,12,-12.250048717060787
2022-01-05 13:10:00,2022-01-05 13:40:00,long,29270.419,29308.338077568125,29249.779885137457,29308.338077568125,17.19926238545464,1.8372434002456433,VWAP,6,-10.412805316815144
2022-01-05 14:05:00,2022-01-05 14:10:00,long,29275.519,29253.108121155106,29253.108121155106,29307.54105882352,18.67573237074521,-0.9999999999999838,SL,1,-11.412805316815128
2022-01-05 14:15:00,2022-01-05 14:20:00,long,29228.999,29200.819823853126,29200.819823853126,29306.81954263565,23.48264678906102,-1.0000000000000255,SL,1,-12.412805316815152
2022-01-05 14:25:00,2022-01-05 14:35:00,long,29188.519,29157.592138934586,29157.592138934586,29305.635877394627,25.772384221180186,-0.9999999999999415,SL,2,-13.412805316815094
2022-01-05 14:40:00,2022-01-05 14:45:00,long,29118.319,29081.078614518687,29081.078614518687,29303.253632768352,31.033654567759815,-1.0000000000000286,SL,1,-14.412805316815122
2022-01-06 12:40:00,2022-01-06 13:40:00,short,28813.419,28750.419,28851.317553620996,28667.161026143796,31.582128017494846,1.662332568942718,TIMEOUT,12,-12.750472747872404
2022-01-06 15:00:00,2022-01-06 15:55:00,short,28788.469,28684.42023388583,28820.164019598877,28684.42023388583,26.41251633239641,3.2828112249490915,VWAP,11,-9.467661522923313
2022-01-06 18:40:00,2022-01-06 19:00:00,short,28778.519,28691.44711382115,28809.666287836015,28691.44711382115,25.95607319667784,2.795488539396255,VWAP,4,-6.672172983527059
2022-01-06 20:40:00,2022-01-06 20:50:00,long,28568.469,28518.58809327712,28518.58809327712,28696.317253275116,41.56742226906491,-1.000000000000031,SL,2,-7.67217298352709
2022-01-06 20:55:00,2022-01-06 21:05:00,long,28471.419,28414.892109303877,28414.892109303877,28694.033123563226,47.10574224676939,-1.0000000000000238,SL,2,-8.672172983527114
2022-01-06 21:10:00,2022-01-06 22:10:00,long,28338.369,28413.269,28274.94750624658,28690.23522695036,52.851244794515864,1.1809876363242173,TIMEOUT,12,-7.491185347202896
2022-01-07 02:30:00,2022-01-07 03:05:00,short,28501.519,28451.877924731183,28530.249856498485,28451.877924731183,23.942380415403733,1.7277965685233083,VWAP,7,-5.763388778679588
2022-01-07 03:35:00,2022-01-07 03:45:00,long,28401.269,28371.634335848823,28371.634335848823,28454.702409090904,24.695553459313288,-1.0000000000000449,SL,2,-6.763388778679634
2022-01-07 08:45:00,2022-01-07 09:45:00,long,28376.469,28448.68532075471,28347.13682924421,28448.68532075471,24.44347562982726,2.462017603673175,VWAP,12,-4.301371175006459
2022-01-07 10:10:00,2022-01-07 10:20:00,long,28361.369,28322.674686000337,28322.674686000337,28442.008945799455,32.24526166638621,-0.9999999999999616,SL,2,-5.3013711750064205
2022-01-07 10:45:00,2022-01-07 10:50:00,long,28286.419,28245.184232119227,28245.184232119227,28436.091435897433,34.362306567312956,-0.9999999999999771,SL,1,-6.301371175006397
2022-01-07 12:35:00,2022-01-07 13:35:00,long,28336.469,28401.419,28301.152519821775,28418.310074561403,29.430400148521233,1.8390847466176974,TIMEOUT,12,-4.4622864283887
2022-01-07 14:25:00,2022-01-07 14:40:00,long,28371.419,28414.02518773947,28343.631068904862,28414.02518773947,23.15660924595076,1.5332623214586123,VWAP,3,-2.929024106930088
2022-01-09 18:20:00,2022-01-09 18:30:00,long,28333.419,28294.903404264838,28294.903404264838,28400.71433333333,32.096329779303616,-0.9999999999999786,SL,2,-3.9290241069300667
2022-01-09 22:55:00,2022-01-09 23:20:00,short,28431.469,28454.747509590787,28454.747509590787,28386.07,19.398757992320867,-1.000000000000028,SL,5,-4.929024106930095
2022-01-09 23:25:00,2022-01-10 00:25:00,short,28481.469,28483.999,28503.95358160229,28391.487838383837,18.73715133524244,-0.11252155120115988,TIMEOUT,12,-5.0415456581312545
2022-01-10 02:05:00,2022-01-10 02:25:00,short,28531.469,28552.74626571737,28552.74626571737,28491.14592307693,17.73105476447499,-1.0000000000000018,SL,4,-6.041545658131256
2022-01-10 06:10:00,2022-01-10 06:25:00,long,28466.519,28441.07336621078,28441.07336621078,28504.714511111113,21.204694824350376,-0.9999999999999369,SL,3,-7.041545658131193
2022-01-10 06:35:00,2022-01-10 06:45:00,long,28436.999,28411.363275959233,28411.363275959233,28501.472208333336,21.363103367305126,-1.000000000000031,SL,2,-8.041545658131223
2022-01-10 07:10:00,2022-01-10 07:15:00,long,28416.319,28389.209279240626,28389.209279240626,28496.039191570882,22.591433966146244,-0.9999999999999407,SL,1,-9.041545658131165
2022-01-10 07:20:00,2022-01-10 07:35:00,long,28356.319,28326.830822406457,28326.830822406457,28493.161134831462,24.573481327952635,-0.9999999999999873,SL,3,-10.041545658131152
2022-01-10 18:55:00,2022-01-10 19:05:00,short,28378.519,28427.060750179964,28427.060750179964,28295.300201923088,40.45145848330274,-1.0000000000000118,SL,2,-11.041545658131165
2022-01-10 21:00:00,2022-01-10 22:00:00,long,28091.999,28273.999,28021.046610027075,28295.216424892726,59.126991644105416,2.5651003450263796,TIMEOUT,12,-8.476445313104785
2022-01-10 23:10:00,2022-01-10 23:35:00,long,28238.519,28200.040364883236,28200.040364883236,28289.621020592047,32.065529263970085,-0.9999999999999987,SL,5,-9.476445313104783
2022-01-11 01:05:00,2022-01-11 01:55:00,long,28156.469,28121.443120660624,28121.443120660624,28216.114714285708,29.188232782814712,-0.9999999999999769,SL,10,-10.47644531310476
2022-01-11 04:20:00,2022-01-11 04:35:00,short,28263.999,28294.417121142986,28294.417121142986,28190.97063522013,25.348434285822936,-0.9999999999999469,SL,3,-11.476445313104707
2022-01-11 04:40:00,2022-01-11 05:40:00,short,28311.319,28303.519,28340.714467877053,28197.896368421054,24.49622323087736,0.265347026712517,TIMEOUT,12,-11.21109828639219
2022-01-11 06:45:00,2022-01-11 07:45:00,short,28301.369,28266.419,28319.595671449377,28229.555991869925,15.188892874481178,1.9175196138838018,TIMEOUT,12,-9.293578672508389
2022-01-11 09:00:00,2022-01-11 09:10:00,long,28211.319,28191.734274741484,28191.734274741484,28238.725574923552,16.32060438209699,-0.999999999999949,SL,2,-10.293578672508337
2022-01-11 09:40:00,2022-01-11 09:45:00,long,28176.319,28149.86234206886,28149.86234206886,28236.564470085472,22.047214942616904,-0.9999999999999699,SL,1,-11.293578672508307
2022-01-11 11:25:00,2022-01-11 11:40:00,short,28331.519,28377.104318832695,28377.104318832695,28237.928347826084,37.98776569391168,-1.0000000000000129,SL,3,-12.29357867250832
2022-01-11 12:15:00,2022-01-11 13:15:00,short,28426.519,28431.319,28462.673755686657,28248.552018018017,30.12896307221551,-0.1327626174990448,TIMEOUT,12,-12.426341290007365
2022-01-12 10:00:00,2022-01-12 10:45:00,short,28791.999,28715.40657575758,28825.426783763538,28715.40657575758,27.856486469616193,2.2912803548155147,VWAP,9,-10.13506093519185
2022-01-12 11:15:00,2022-01-12 11:40:00,long,28651.999,28718.755250000006,28612.14013032514,28718.755250000006,33.21572472904898,1.6748154311589205,VWAP,5,-8.46024550403293
2022-01-12 12:15:00,2022-01-12 13:15:00,long,28676.369,28676.419,28644.17416381389,28716.758752252266,26.829030155092788,0.0015530440879981888,TIMEOUT,12,-8.458692459944931
2022-01-12 13:50:00,2022-01-12 14:45:00,long,28651.469,28623.64981119839,28623.64981119839,28713.296984031935,23.182657334675984,-1.0000000000000202,SL,11,-9.45869245994495
2022-01-12 15:05:00,2022-01-12 15:55:00,long,28626.319,28708.161637362642,28599.587173843847,28708.161637362642,22.276521796792302,3.0616178963819602,VWAP,10,-6.39707456356299
2022-01-12 18:00:00,2022-01-12 18:45:00,long,28658.319,28628.827762206725,28628.827762206725,28705.316174280877,24.576031494393803,-1.0000000000000555,SL,9,-7.397074563563045
2022-01-12 20:00:00,2022-01-12 20:35:00,long,28566.469,28531.23082232011,28531.23082232011,28697.21788386123,29.365148066576438,-0.999999999999957,SL,7,-8.397074563563002
2022-01-13 03:15:00,2022-01-13 03:35:00,short,28584.319,28607.286510212532,28607.286510212532,28540.924250000004,19.139591843778707,-0.9999999999999346,SL,4,-9.397074563562937
2022-01-13 04:40:00,2022-01-13 05:25:00,short,28584.469,28603.406719907747,28603.406719907747,28552.0571871345,15.781433256454445,-1.0000000000000466,SL,9,-10.397074563562983
2022-01-13 05:30:00,2022-01-13 06:30:00,short,28609.519,28574.469,28626.455952799624,28557.47526865671,14.114127333020571,2.0694395511792396,TIMEOUT,12,-8.327635012383743
2022-01-13 06:45:00,2022-01-13 07:45:00,short,28589.419,28574.469,28603.72795086779,28563.609894308942,11.924125723157339,1.0448005684088972,TIMEOUT,12,-7.282834443974846
2022-01-13 08:35:00,2022-01-13 09:00:00,short,28609.319,28624.59347693417,28624.59347693417,28565.92175641026,12.728730778475146,-0.9999999999999754,SL,5,-8.28283444397482
2022-01-13 12:05:00,2022-01-13 12:15:00,long,28514.269,28484.48422346611,28484.48422346611,28571.348999999995,24.820647111577085,-0.9999999999999832,SL,2,-9.282834443974805
2022-01-13 12:20:00,2022-01-13 12:50:00,long,28439.519,28407.38219021685,28407.38219021685,28569.584055928408,26.780674819291097,-1.0000000000000513,SL,6,-10.282834443974856
2022-01-14 05:55:00,2022-01-14 06:25:00,short,28269.519,28293.357348635647,28293.357348635647,28195.91251851852,19.865290529704705,-1.000000000000056,SL,6,-11.282834443974913
2022-01-14 07:40:00,2022-01-14 07:55:00,long,28149.469,28121.30433589468,28121.30433589468,28206.33957347669,23.470553421099815,-0.9999999999999862,SL,3,-12.282834443974899
2022-01-14 08:00:00,2022-01-14 08:55:00,long,28071.319,28039.5143470556,28039.5143470556,28203.213432989673,26.50387745366605,-1.0000000000000235,SL,11,-13.282834443974922
2022-01-14 11:15:00,2022-01-14 11:50:00,long,28104.369,28184.67762745096,28057.486812177467,28184.67762745096,39.068489852109415,1.712988048999849,VWAP,7,-11.569846394975073
2022-01-14 14:35:00,2022-01-14 15:20:00,short,28254.999,28290.513355058116,28290.513355058116,28185.060325757564,29.59529588176289,-1.0000000000000164,SL,9,-12.56984639497509
2022-01-14 15:45:00,2022-01-16 18:00:00,short,28329.519,28360.288194227,28360.288194227,28191.91349122806,25.64099518916647,-0.9999999999999878,SL,7,-13.569846394975077
2022-01-17 03:15:00,2022-01-17 03:30:00,long,28319.419,28352.802000000007,28296.573214878572,28352.802000000007,19.038154267857305,1.461232337718736,VWAP,3,-12.108614057256341
2022-01-17 04:30:00,2022-01-17 05:30:00,short,28389.419,28399.369,28409.00051089567,28353.27112121213,16.31792574638792,-0.5081323935120649,TIMEOUT,12,-12.616746450768407
2022-01-17 06:15:00,2022-01-17 07:05:00,short,28394.519,28406.093648892816,28406.093648892816,28364.522684210537,9.645540744013326,-1.0000000000000167,SL,10,-13.616746450768423
2022-01-17 08:00:00,2022-01-17 09:00:00,short,28409.269,28384.469,28418.129973483552,28371.820215277792,7.384144569626785,2.798789551287267,TIMEOUT,12,-10.817956899481155
2022-01-17 10:35:00,2022-01-17 10:45:00,short,28409.519,28422.441367631174,28422.441367631174,28378.613724409464,10.76863969264372,-1.0000000000001175,SL,2,-11.817956899481272
2022-01-17 19:00:00,2022-01-17 19:50:00,short,28479.519,28503.18198576241,28503.18198576241,28385.454207100604,19.719154802009438,-0.9999999999999544,SL,10,-12.817956899481226
2022-01-17 19:55:00,2022-01-17 20:05:00,short,28531.319,28566.948414670478,28566.948414670478,28390.267629629638,29.691178892065633,-0.999999999999995,SL,2,-13.81795689948122
2022-01-19 14:30:00,2022-01-19 14:45:00,long,27644.519,27697.357400000004,27607.912706994244,27697.357400000004,30.505244171463016,1.443423948764667,VWAP,3,-12.374532950716553
2022-01-19 15:40:00,2022-01-19 15:55:00,long,27644.469,27604.837640240214,27604.837640240214,27697.07037566137,33.02613313315607,-1.0000000000000004,SL,3,-13.374532950716553
2022-01-19 16:00:00,2022-01-19 18:25:00,long,27599.369,27559.2874894289,27559.2874894289,27695.61065803108,33.40125880924826,-0.9999999999999813,SL,9,-14.374532950716535
2022-01-19 23:15:00,2022-01-20 00:15:00,short,27814.519,27859.369,27876.11045722351,27665.14946153846,51.32621435292543,-0.7281854013819067,TIMEOUT,12,-15.102718352098442
2022-01-20 00:50:00,2022-01-20 01:15:00,long,27751.999,27814.852333333332,27701.776464546263,27814.852333333332,41.852112878113886,1.2514966193061074,VWAP,5,-13.851221732792334
2022-01-20 03:05:00,2022-01-20 03:15:00,long,27749.269,27711.048996040874,27711.048996040874,27814.682070175437,31.850003299271556,-1.0000000000000084,SL,2,-14.851221732792343
2022-01-20 03:20:00,2022-01-20 04:10:00,long,27689.999,27648.144177588118,27648.144177588118,27808.53160162602,34.87901867656702,-1.0000000000000422,SL,10,-15.851221732792386
2022-01-20 07:40:00,2022-01-20 08:35:00,long,27719.999,27761.4637670251,27697.427104949562,27761.4637670251,18.80991254203213,1.8370086752770936,VWAP,11,-14.014213057515292
2022-01-20 09:55:00,2022-01-20 10:00:00,short,27844.319,27876.679905818033,27876.679905818033,27760.841388888894,26.967421515026867,-1.0000000000000435,SL,1,-15.014213057515335
2022-01-20 12:35:00,2022-01-20 13:35:00,short,27949.999,27861.419,27978.20526978796,27789.01595175439,23.5052248233002,3.140436529392065,TIMEOUT,12,-11.873776528123269
2022-01-20 14:05:00,2022-01-20 14:30:00,short,27914.419,27799.64115686276,27944.912054677836,27799.64115686276,25.410878898196245,3.764065107608627,VWAP,5,-8.109711420514643
2022-01-20 15:05:00,2022-01-20 15:10:00,long,27724.999,27687.313763053888,27687.313763053888,27799.762791208806,31.404364121759283,-1.0000000000000262,SL,1,-9.10971142051467
2022-01-20 15:15:00,2022-01-20 15:25:00,long,27689.469,27649.637647735242,27649.637647735242,27798.634561594215,33.192793553965714,-0.9999999999999938,SL,2,-10.109711420514664
2022-01-20 15:30:00,2022-01-20 15:40:00,long,27639.469,27598.479799954202,27598.479799954202,27796.454115864537,34.15766670483352,-0.999999999999958,SL,2,-11.109711420514621
2022-01-20 15:45:00,2022-01-20 15:55:00,long,27576.369,27534.077727222804,27534.077727222804,27793.545666666676,35.24272731432913,-0.9999999999999901,SL,2,-12.10971142051461
2022-01-21 00:50:00,2022-01-21 00:55:00,short,27519.269,27572.004112156355,27572.004112156355,27422.275363636367,43.9459267969629,-0.9999999999999942,SL,1,-13.109711420514605
2022-01-21 07:10:00,2022-01-21 07:20:00,long,27549.469,27591.47873180077,27519.48001194795,27591.47873180077,24.990823376706476,1.4008385920811275,VWAP,2,-11.708872828433478
2022-01-21 07:55:00,2022-01-21 08:25:00,long,27534.999,27589.23594444445,27502.56842535323,27589.23594444445,27.025478872307968,1.672401585084187,VWAP,6,-10.036471243349292
2022-01-21 09:05:00,2022-01-21 09:15:00,long,27514.369,27482.91243528512,27482.91243528512,27585.69212121212,26.21380392906366,-1.000000000000034,SL,2,-11.036471243349325
2022-01-21 09:55:00,2022-01-21 10:15:00,long,27489.469,27442.521026776587,27442.521026776587,27580.979111111108,39.123311019512634,-0.9999999999999755,SL,4,-12.0364712433493
2022-01-21 10:20:00,2022-01-21 10:50:00,long,27399.469,27576.083053333332,27347.039395672113,27576.083053333332,43.69133693990588,3.368594052871591,VWAP,6,-8.667877190477709
2022-01-21 11:50:00,2022-01-21 12:20:00,long,27486.419,27424.84157717891,27424.84157717891,27570.430025641024,51.31451901757491,-1.0000000000000067,SL,6,-9.667877190477716
2022-01-21 12:55:00,2022-01-21 13:55:00,long,27429.469,27469.269,27369.651665106936,27561.799683760677,49.84777907755371,0.66535896443982,TIMEOUT,12,-9.002518226037896
2022-01-21 14:30:00,2022-01-21 15:10:00,long,27379.519,27325.21059544661,27325.21059544661,27549.856295238096,45.257003794493286,-0.9999999999999748,SL,8,-10.002518226037871
2022-01-21 15:15:00,2022-01-21 16:00:00,long,27294.419,27244.010661219767,27244.010661219767,27540.904380434786,42.0069489835278,-1.000000000000028,SL,9,-11.0025182260379
2022-01-23 22:30:00,2022-01-23 22:45:00,short,27414.419,27459.82211482018,27459.82211482018,27309.919121212122,37.83592901681557,-1.0000000000000142,SL,3,-12.002518226037914
2022-01-24 02:50:00,2022-01-24 03:20:00,long,27509.999,27562.622333333333,27478.16438065546,27562.622333333333,26.52884945378197,1.653022226017639,VWAP,6,-10.349496000020276
2022-01-24 03:45:00,2022-01-24 03:55:00,long,27484.369,27448.92848290729,27448.92848290729,27553.63907246376,29.53376424392401,-1.000000000000015,SL,2,-11.349496000020292
2022-01-24 04:00:00,2022-01-24 04:20:00,long,27429.999,27392.793056832114,27392.793056832114,27547.26410204081,31.00495263990562,-0.9999999999999878,SL,4,-12.34949600002028
2022-01-24 04:25:00,2022-01-24 05:10:00,long,27379.999,27344.2236354409,27344.2236354409,27534.5288765432,29.81280379925139,-0.9999999999999569,SL,9,-13.349496000020237
2022-01-24 05:15:00,2022-01-24 05:20:00,long,27324.319,27285.257020847883,27285.257020847883,27512.161239583325,32.551649293431524,-0.9999999999999709,SL,1,-14.349496000020208
2022-01-24 05:25:00,2022-01-24 05:45:00,long,27276.519,27234.54851797598,27234.54851797598,27505.698595959588,34.975401686683256,-0.999999999999968,SL,4,-15.349496000020176
2022-01-24 19:55:00,2022-01-24 20:40:00,long,27106.999,27021.96828123159,27021.96828123159,27246.42389393939,70.85893230700644,-1.000000000000008,SL,9,-16.349496000020185
2022-01-24 23:05:00,2022-01-25 00:05:00,long,26974.519,26911.295386611364,26911.295386611364,27221.838392764854,52.68634449053092,-0.9999999999999872,SL,12,-17.34949600002017
2022-01-25 01:00:00,2022-01-25 02:00:00,short,27161.999,27101.269,27225.009550625502,27025.041051282056,52.508792187919994,0.963806844998727,TIMEOUT,12,-16.385689155021442
2022-01-25 08:10:00,2022-01-25 09:10:00,long,26964.519,27044.999,26921.364750507713,27076.389606060606,35.961874576906304,1.864938006033051,TIMEOUT,12,-14.520751148988392
2022-01-25 09:45:00,2022-01-25 09:55:00,long,26996.369,26944.630499183146,26944.630499183146,27068.0094519774,43.11541734737684,-1.0000000000000162,SL,2,-15.520751148988408
2022-01-25 10:05:00,2022-01-25 10:30:00,long,26874.519,27063.385857923495,26817.172538582097,27063.385857923495,47.78871784825181,3.2934352574461534,VWAP,5,-12.227315891542254
2022-01-25 11:40:00,2022-01-25 11:55:00,long,26969.319,27056.288361702133,26901.546118623846,27056.288361702133,56.4774011467935,1.283247221251178,VWAP,3,-10.944068670291076
2022-01-25 12:50:00,2022-01-25 13:25:00,long,26974.319,27052.23175268818,26915.12051621239,27052.23175268818,49.33206982300594,1.3161275036657727,VWAP,7,-9.627941166625304
2022-01-25 13:40:00,2022-01-25 13:55:00,short,27164.369,27221.305951488466,27221.305951488466,27051.487888888903,47.44745957372286,-1.0000000000000004,SL,3,-10.627941166625304
2022-01-25 19:55:00,2022-01-25 20:15:00,long,26959.269,26891.196908862752,26891.196908862752,27080.908348484845,56.72674261437221,-1.0000000000000226,SL,4,-11.627941166625327
2022-01-25 21:40:00,2022-01-25 22:40:00,long,26981.999,27036.319,26925.256450648234,27070.025652835408,47.2854577931383,0.957306300484526,TIMEOUT,12,-10.670634866140801
2022-01-26 03:05:00,2022-01-26 03:15:00,short,27124.999,27157.733576182032,27157.733576182032,27037.543912280704,27.278813485027538,-0.9999999999999825,SL,2,-11.670634866140784
2022-01-26 03:20:00,2022-01-26 03:25:00,short,27174.519,27208.725639895016,27208.725639895016,27046.17794308943,28.505533245847428,-0.9999999999999599,SL,1,-12.670634866140743
2022-01-26 03:30:00,2022-01-26 04:05:00,short,27234.469,27270.542010929887,27270.542010929887,27054.199852713176,30.060842441572497,-0.9999999999999624,SL,7,-13.670634866140706
2022-01-26 04:10:00,2022-01-26 04:20:00,short,27269.419,27302.390522193426,27302.390522193426,27083.843771241827,27.47626849452071,-0.9999999999999705,SL,2,-14.670634866140675
2022-01-26 04:25:00,2022-01-26 05:20:00,short,27314.519,27348.595375458804,27348.595375458804,27095.232209876543,28.396979549002374,-1.000000000000041,SL,11,-15.670634866140716
2022-01-26 14:05:00,2022-01-26 14:15:00,short,27334.269,27226.233137254905,27382.109603248624,27226.233137254905,39.86716937385371,2.2582462470976763,VWAP,2,-13.412388619043039
2022-01-26 14:50:00,2022-01-26 15:05:00,long,27094.999,27015.471883269332,27015.471883269332,27226.239614525144,66.27259727555462,-1.0000000000000224,SL,3,-14.412388619043062
2022-01-26 15:25:00,2022-01-26 18:05:00,long,26831.519,26979.519,26740.035645482392,27215.27296057348,76.23612876467253,1.617780641958376,TIMEOUT,12,-12.794607977084686
2022-01-26 19:15:00,2022-01-26 19:20:00,long,26991.269,26904.144865900667,26904.144865900667,27189.276452830192,72.6034450827767,-1.0000000000000095,SL,1,-13.794607977084695
2022-01-26 20:00:00,2022-01-26 20:20:00,long,26826.469,26726.39811321755,26726.39811321755,27179.99194117647,83.39240565204325,-0.9999999999999865,SL,4,-14.79460797708468
2022-01-27 08:50:00,2022-01-27 09:40:00,short,26726.519,26765.843490069194,26765.843490069194,26466.32635202492,32.77040839099452,-0.9999999999999998,SL,10,-15.79460797708468
2022-01-27 13:25:00,2022-01-27 13:50:00,long,26464.319,26546.945152263368,26401.434808078353,26546.945152263368,52.403493268039426,1.3139415445827693,VWAP,5,-14.480666432501911
2022-01-27 18:10:00,2022-01-27 18:45:00,short,26690.519,26549.210189279718,26762.109412819656,26549.210189279718,59.65867734971305,1.973851038912919,VWAP,7,-12.506815393588992
2022-01-27 19:30:00,2022-01-27 19:35:00,long,26370.999,26287.33479208875,26287.33479208875,26552.07058139532,69.72017325937456,-1.0000000000000042,SL,1,-13.506815393588996
2022-01-27 21:40:00,2022-01-27 22:40:00,short,26743.269,26718.469,26817.023874431703,26556.916441217127,61.46239535975267,0.3362489624053797,TIMEOUT,12,-13.170566431183616
2022-01-28 02:25:00,2022-01-28 02:55:00,long,26640.369,26702.65077777778,26601.234860579785,26702.65077777778,32.611782850177754,1.5914947588092985,VWAP,6,-11.579071672374317
2022-01-28 03:10:00,2022-01-28 03:20:00,long,26593.319,26551.29091377176,26551.29091377176,26693.19028205128,35.02340519019865,-0.9999999999999899,SL,2,-12.579071672374306
2022-01-28 03:25:00,2022-01-28 04:25:00,long,26508.369,26523.519,26465.06476040691,26682.65431746031,36.08686632757518,0.349850271990894,TIMEOUT,12,-12.229221400383413
2022-01-28 04:35:00,2022-01-28 05:35:00,long,26483.519,26455.519,26431.80549901442,26645.83763095238,43.09458415465001,-0.5414446801388989,TIMEOUT,12,-12.770666080522311
2022-01-28 12:00:00,2022-01-28 13:00:00,short,26638.419,26523.999,26698.216413645594,26505.404540229854,49.83117803799421,1.91346068373702,TIMEOUT,12,-10.857205396785291
2022-01-28 14:15:00,2022-01-28 14:25:00,long,26433.269,26373.867546421978,26373.867546421978,26516.244542635624,49.50121131501935,-0.9999999999999877,SL,2,-11.857205396785279
2022-01-28 14:30:00,2022-01-28 15:00:00,long,26363.999,26514.050561904733,26304.07025600914,26514.050561904733,49.94061999238219,2.5038329174330984,VWAP,6,-9.353372479352181
2022-01-28 15:50:00,2022-01-28 16:05:00,short,26638.419,26698.10225505778,26698.10225505778,26514.394165794034,49.73604588148259,-0.9999999999999865,SL,3,-10.353372479352167
2022-01-30 18:35:00,2022-01-30 19:05:00,long,26615.319,26558.68471428636,26558.68471428636,26687.10525,47.19523809470083,-0.9999999999999925,SL,6,-11.35337247935216
2022-01-30 19:35:00,2022-01-30 20:35:00,short,26908.519,26900.519,26988.767011417396,26680.933166666662,66.87334284783017,0.09969094384643849,TIMEOUT,12,-11.253681535505722
2022-01-30 21:10:00,2022-01-30 21:50:00,short,26940.319,27001.041563140087,27001.041563140087,26776.259256410252,50.602135950072615,-0.9999999999999979,SL,8,-12.25368153550572
2022-01-30 22:00:00,2022-01-30 22:15:00,short,27008.369,27054.114312391015,27054.114312391015,26817.294238095237,38.12109365918163,-0.9999999999999647,SL,3,-13.253681535505685
2022-01-30 22:40:00,2022-01-30 23:40:00,short,27105.369,27095.419,27150.77759098779,26850.189409356724,37.84049248982407,0.219121531488894,TIMEOUT,12,-13.034560004016791
2022-01-31 02:00:00,2022-01-31 03:00:00,long,26980.519,26983.319,26945.877779075505,27028.57726666666,28.86768410374712,0.0808285598854067,TIMEOUT,12,-12.953731444131385
2022-01-31 05:35:00,2022-01-31 05:40:00,long,26948.999,26916.533623767016,26916.533623767016,27003.16914705882,27.054480194154024,-0.9999999999999604,SL,1,-13.953731444131346
2022-01-31 06:05:00,2022-01-31 06:30:00,long,26915.419,26881.971752121546,26881.971752121546,26997.921567567562,27.87270656538007,-0.9999999999999835,SL,5,-14.95373144413133
2022-01-31 07:10:00,2022-01-31 07:25:00,long,26863.469,26830.09144733913,26830.09144733913,26983.737620689644,27.814627217390058,-1.0000000000000488,SL,3,-15.953731444131378
2022-01-31 09:00:00,2022-01-31 09:35:00,long,26918.469,26968.124290519878,26885.444976668958,26968.124290519878,27.52001944253617,1.503611174874615,VWAP,7,-14.450120269256763
2022-01-31 10:15:00,2022-01-31 11:15:00,short,27078.269,27018.519,27120.22487226108,26968.43784408602,34.963226884232824,1.4241153092514165,TIMEOUT,12,-13.026004960005347
2022-01-31 11:50:00,2022-01-31 12:20:00,short,27083.469,27132.336407036506,27132.336407036506,26976.68212354312,40.72283919708721,-1.0000000000000078,SL,6,-14.026004960005354
2022-01-31 12:55:00,2022-01-31 13:55:00,short,27148.319,27123.269,27185.094265648222,26987.559811965813,30.646054706851217,0.6811643521386976,TIMEOUT,12,-13.344840607866656
2022-02-01 04:30:00,2022-02-01 05:15:00,long,27048.319,27098.191242424247,27011.165040541182,27098.191242424247,30.961632882347217,1.342312990343028,VWAP,9,-12.002527617523628
2022-02-01 07:40:00,2022-02-01 08:25:00,short,27148.269,27173.143969064247,27173.143969064247,27101.117817204304,20.729140886873424,-0.9999999999999605,SL,9,-13.002527617523588
2022-02-01 09:00:00,2022-02-01 09:35:00,short,27178.419,27109.03162996943,27199.150591768474,27109.03162996943,17.276326473726304,3.3469388557078408,VWAP,7,-9.655588761815748
2022-02-01 10:05:00,2022-02-01 10:25:00,long,27023.269,27111.79935519127,26984.496960860306,27111.79935519127,32.31003261641097,2.2833556644338504,VWAP,4,-7.372233097381898
2022-02-01 12:35:00,2022-02-01 13:30:00,long,27033.469,27108.253342105276,26992.59519850076,27108.253342105276,34.06150124936756,1.8296399982923883,VWAP,11,-5.542593099089509
2022-02-01 15:55:00,2022-02-01 18:00:00,short,27188.469,27219.367111568707,27219.367111568707,27105.266517361135,25.74842630725336,-1.0000000000000522,SL,5,-6.5425930990895615
2022-02-02 04:55:00,2022-02-02 05:00:00,short,27548.999,27572.353125561454,27572.353125561454,27507.30288888889,19.46177130121292,-0.9999999999999598,SL,1,-7.542593099089522
2022-02-02 05:05:00,2022-02-02 06:05:00,short,27558.319,27508.983569892476,27582.59897561166,27508.983569892476,20.233313009719225,2.0319390306069596,VWAP,12,-5.5106540684825625
2022-02-02 08:55:00,2022-02-02 09:20:00,long,27488.319,27472.06964481429,27472.06964481429,27512.248783950618,13.54112932142379,-0.9999999999999556,SL,5,-6.510654068482518
2022-02-02 09:45:00,2022-02-02 09:50:00,long,27438.999,27414.854573166653,27414.854573166653,27509.266146892653,20.120355694455466,-1.0000000000000224,SL,1,-7.51065406848254
2022-02-02 11:10:00,2022-02-02 11:40:00,long,27393.519,27352.28947677781,27352.28947677781,27499.137271604937,34.35793601849226,-1.0000000000000153,SL,6,-8.510654068482555
2022-02-02 16:05:00,2022-02-02 16:10:00,long,27413.319,27378.51678840841,27378.51678840841,27475.344927835053,29.00184299299075,-0.999999999999982,SL,1,-9.510654068482538
2022-02-02 16:15:00,2022-02-02 18:10:00,long,27360.419,27323.7561134746,27323.7561134746,27474.321976190477,30.552405437833894,-1.000000000000048,SL,3,-10.510654068482586
2022-02-02 18:35:00,2022-02-02 18:45:00,long,27320.999,27285.661822564893,27285.661822564893,27469.0200130719,29.44764786258781,-1.0000000000000502,SL,2,-11.510654068482635
2022-02-03 03:55:00,2022-02-03 04:35:00,short,27268.999,27225.12066666667,27292.64486479596,27225.12066666667,19.7048873299655,1.8556451080118574,VWAP,8,-9.655008960470777
2022-02-03 05:00:00,2022-02-03 06:00:00,long,27170.369,27208.269,27145.409633500803,27226.786103825147,20.79947208266218,1.518468026871772,TIMEOUT,12,-8.136540933599004
2022-02-03 07:40:00,2022-02-03 08:40:00,short,27268.319,27233.319,27289.074998809672,27222.226060931902,17.296665674727272,1.6862594915783709,TIMEOUT,12,-6.450281442020634
2022-02-03 08:45:00,2022-02-03 08:50:00,long,27193.999,27171.692743733136,27171.692743733136,27224.992710691833,18.588546889054037,-0.9999999999999525,SL,1,-7.450281442020586
2022-02-03 08:55:00,2022-02-03 09:00:00,long,27158.469,27134.553646382145,27134.553646382145,27223.899308641983,19.9294613482149,-0.9999999999999404,SL,1,-8.450281442020525
2022-02-03 09:05:00,2022-02-03 10:05:00,long,27130.419,27178.519,27105.485638972357,27222.30145454546,20.77780085636908,1.929142242262143,TIMEOUT,12,-6.521139199758382
2022-02-03 12:00:00,2022-02-03 12:20:00,long,27158.419,27120.14771699889,27120.14771699889,27215.702310344834,31.892735834258904,-1.0000000000000198,SL,4,-7.521139199758402
2022-02-03 13:10:00,2022-02-03 14:10:00,long,27113.519,27118.999,27075.702547123794,27208.95973375263,31.51371073017342,0.14491047105709004,TIMEOUT,12,-7.376228728701312
2022-02-03 14:30:00,2022-02-03 14:45:00,long,27068.519,27035.095383663695,27035.095383663695,27201.96795238096,27.853013613589024,-0.9999999999999666,SL,3,-8.376228728701278
2022-02-03 14:50:00,2022-02-03 15:40:00,long,27023.519,26990.173671954883,26990.173671954883,27198.511476722542,27.787773370931937,-0.9999999999999796,SL,10,-9.376228728701257
2022-02-03 15:45:00,2022-02-03 18:25:00,long,26988.319,27158.319,26951.05358219064,27188.907070175446,31.054514841133013,4.561870226966908,TIMEOUT,12,-4.814358501734349
2022-02-03 18:45:00,2022-02-03 19:05:00,long,27115.469,27182.066394822006,27075.28868662344,27182.066394822006,33.483594480465996,1.6574633004444803,VWAP,4,-3.1568952012898683
2022-02-03 19:10:00,2022-02-03 19:30:00,short,27280.269,27331.379216789363,27331.379216789363,27182.1104849921,42.59184732446958,-0.9999999999999768,SL,4,-4.156895201289845
2022-02-03 22:25:00,2022-02-03 23:10:00,short,27275.419,27308.14406721901,27308.14406721901,27189.562200000004,27.270889349173512,-1.000000000000035,SL,9,-5.156895201289879
2022-02-03 23:15:00,2022-02-03 23:25:00,short,27320.519,27350.499267567957,27350.499267567957,27193.23532051282,24.983556306630426,-1.0000000000000036,SL,2,-6.156895201289883
2022-02-03 23:30:00,2022-02-03 23:35:00,short,27380.319,27412.268419769243,27412.268419769243,27194.983423320657,26.624516474368516,-1.0000000000000504,SL,1,-7.156895201289934
2022-02-04 01:35:00,2022-02-04 01:55:00,long,27378.469,27413.641666666674,27350.361664220036,27413.641666666674,23.42277981663862,1.2513696403677737,VWAP,4,-5.90552556092216
2022-02-04 02:45:00,2022-02-04 03:05:00,long,27378.519,27409.67370588236,27354.04684439401,27409.67370588236,20.39346300498955,1.2730674969530438,VWAP,4,-4.632458063969116
2022-02-04 03:40:00,2022-02-04 04:25:00,long,27348.369,27317.722252031905,27317.722252031905,27404.230111111116,25.53895664007774,-1.0000000000000275,SL,9,-5.6324580639691435
2022-02-04 04:55:00,2022-02-04 05:05:00,long,27328.469,27299.800218815257,27299.800218815257,27389.507333333335,23.89065098728611,-1.0000000000000284,SL,2,-6.632458063969172
2022-02-04 05:10:00,2022-02-04 05:20:00,long,27293.269,27265.066599029564,27265.066599029564,27385.465349206355,23.50200080869812,-0.9999999999999534,SL,2,-7.632458063969125
2022-02-04 05:25:00,2022-02-04 05:50:00,long,27268.269,27240.031213217182,27240.031213217182,27380.52450505051,23.53148898568137,-1.0000000000000178,SL,5,-8.632458063969143
2022-02-04 05:55:00,2022-02-04 06:05:00,long,27248.369,27218.945208119676,27218.945208119676,27370.61293518519,24.519826566934334,-1.0000000000000553,SL,2,-9.632458063969198
2022-02-04 06:10:00,2022-02-04 07:10:00,long,27193.319,27208.519,27161.92204564101,27364.828022222227,26.16412863249071,0.4841233906386533,TIMEOUT,12,-9.148334673330545
2022-02-04 10:40:00,2022-02-04 11:40:00,long,27215.519,27273.519,27153.302417714232,27308.218483204146,51.84715190480665,0.9322273559418496,TIMEOUT,12,-8.216107317388696
2022-02-04 15:10:00,2022-02-04 15:30:00,short,27413.419,27447.087905369575,27447.087905369575,27307.150275045544,28.057421141311167,-1.0000000000000064,SL,4,-9.216107317388703
2022-02-06 19:15:00,2022-02-06 19:25:00,long,27138.419,27084.16590503299,27084.16590503299,27276.735875,45.21091247250936,-0.9999999999999928,SL,2,-10.216107317388696
2022-02-07 02:10:00,2022-02-07 03:10:00,short,27292.269,27234.139617283945,27318.38756362597,27234.139617283945,21.765469688308556,2.225596458844158,VWAP,12,-7.990510858544537
2022-02-07 03:25:00,2022-02-07 04:00:00,long,27185.999,27243.537809523805,27153.04892924499,27243.537809523805,27.458392295842565,1.7462423662642486,VWAP,7,-6.2442684922802885
2022-02-07 04:25:00,2022-02-07 04:50:00,long,27192.369,27158.653944496946,27158.653944496946,27236.23609876543,28.09587958587875,-0.9999999999999559,SL,5,-7.244268492280244
2022-02-07 08:10:00,2022-02-07 09:10:00,short,27260.519,27267.369,27280.152869957587,27219.72600336701,16.361558297989273,-0.3488868987517917,TIMEOUT,12,-7.5931553910320355
2022-02-07 09:45:00,2022-02-07 09:55:00,short,27290.319,27314.75656778313,27314.75656778313,27225.479028248596,20.36463981927513,-1.0000000000000084,SL,2,-8.593155391032044
2022-02-07 13:30:00,2022-02-07 14:20:00,short,27290.419,27318.55790328919,27318.55790328919,27235.77852965236,23.44908607432578,-0.9999999999999429,SL,10,-9.593155391031987
2022-02-07 19:00:00,2022-02-07 19:05:00,short,27322.469,27354.07310399451,27354.07310399451,27246.682939393948,26.336753328756476,-1.0000000000000224,SL,1,-10.59315539103201
2022-02-07 19:10:00,2022-02-07 20:05:00,short,27412.519,27451.13531415853,27451.13531415853,27247.997625592427,32.18026179877464,-1.0000000000000415,SL,11,-11.59315539103205
2022-02-07 21:40:00,2022-02-07 22:40:00,short,27385.419,27350.999,27419.541800008265,27265.955279391434,28.43566667355299,1.0087097187706264,TIMEOUT,12,-10.584445672261424
2022-02-08 02:50:00,2022-02-08 03:05:00,long,27270.319,27247.720043036265,27247.720043036265,27299.218428571425,18.832464136446227,-0.9999999999999776,SL,3,-11.5844456722614
2022-02-08 06:05:00,2022-02-08 06:25:00,long,27270.999,27248.548605779644,27248.548605779644,27299.95481081081,18.70866185029488,-1.0000000000000742,SL,4,-12.584445672261475
2022-02-08 06:45:00,2022-02-08 07:45:00,long,27230.369,27220.319,27207.715107958717,27295.40042276422,18.878243367733695,-0.4436323781223083,TIMEOUT,12,-13.028078050383783
2022-02-08 08:40:00,2022-02-08 09:40:00,long,27245.319,27275.269,27226.597312582708,27283.331317460306,15.601406181076285,1.599748961321649,TIMEOUT,12,-11.428329089062135
2022-02-08 11:00:00,2022-02-08 11:20:00,short,27330.469,27360.507755552757,27360.507755552757,27279.25193233081,25.032296293964375,-0.9999999999999551,SL,4,-12.42832908906209
2022-02-08 11:45:00,2022-02-08 12:45:00,short,27385.369,27410.469,27413.229180400584,27283.765737089187,23.216817000488767,-0.9009274038826315,TIMEOUT,12,-13.329256492944722
2022-02-08 14:05:00,2022-02-08 15:05:00,short,27405.369,27370.519,27424.259214014986,27300.745274509776,15.741845012488577,1.8448705754392605,TIMEOUT,12,-11.484385917505461
2022-02-08 15:15:00,2022-02-08 16:15:00,short,27425.999,27405.419,27455.066436194855,27306.22289492751,24.222863495713923,0.708008778690967,TIMEOUT,12,-10.776377138814494
2022-02-08 18:45:00,2022-02-08 19:00:00,short,27460.999,27486.484872822217,27486.484872822217,27318.83681553395,21.23822735184774,-0.9999999999999911,SL,3,-11.776377138814485
2022-02-08 19:05:00,2022-02-08 20:05:00,short,27540.469,27455.469,27570.703702875766,27321.99749206346,25.195585729803284,2.811339021563059,TIMEOUT,12,-8.965038117251426
2022-02-08 20:15:00,2022-02-08 20:35:00,short,27490.469,27527.162965639473,27527.162965639473,27330.418211309483,30.57830469955944,-1.0000000000000069,SL,4,-9.965038117251433
2022-02-10 03:10:00,2022-02-10 03:15:00,short,27745.369,27766.194963231683,27766.194963231683,27700.854614035085,17.354969359736113,-1.000000000000032,SL,1,-10.965038117251465
2022-02-10 06:15:00,2022-02-10 06:30:00,short,27740.419,27706.640911111106,27757.02268816599,27706.640911111106,13.836406804990679,2.034372637646075,VWAP,3,-8.930665479605391
2022-02-10 07:50:00,2022-02-10 08:10:00,long,27685.269,27706.554212765957,27671.5793653616,27706.554212765957,11.408028865334517,1.5548415518883891,VWAP,4,-7.375823927717002
2022-02-10 08:30:00,2022-02-10 08:35:00,long,27630.319,27609.924007225818,27609.924007225818,27705.03674509804,16.99582731181914,-0.9999999999999253,SL,1,-8.375823927716928
2022-02-10 09:10:00,2022-02-10 10:10:00,long,27515.269,27694.865848484857,27479.010264358367,27694.865848484857,30.215613034693725,4.953202181673491,VWAP,12,-3.422621746043437
2022-02-10 12:50:00,2022-02-10 13:20:00,long,27575.999,27536.38678179612,27536.38678179612,27682.272376623387,33.01018183656441,-1.0000000000000178,SL,6,-4.422621746043455
2022-02-10 13:25:00,2022-02-10 13:35:00,long,27537.269,27491.71288953835,27491.71288953835,27678.058668737067,37.963425384709176,-0.9999999999999768,SL,2,-5.422621746043432
2022-02-10 14:55:00,2022-02-10 15:35:00,long,27432.519,27388.952294056635,27388.952294056635,27658.61777094973,36.30558828613751,-1.0000000000000084,SL,8,-6.42262174604344
2022-02-11 04:35:00,2022-02-11 05:15:00,long,27195.369,27245.42286904762,27160.747327727848,27245.42286904762,28.85139356012458,1.445738052574805,VWAP,8,-4.9768836934686345
2022-02-11 07:10:00,2022-02-11 07:30:00,short,27295.469,27320.736681436192,27320.736681436192,27247.20712260536,21.056401196826915,-0.9999999999999564,SL,4,-5.976883693468591
2022-02-11 08:20:00,2022-02-11 08:40:00,short,27355.519,27378.006557420886,27378.006557420886,27258.620848184815,18.73963118407078,-1.0000000000000215,SL,4,-6.976883693468612
2022-02-11 13:30:00,2022-02-11 13:35:00,long,27247.369,27208.780060213285,27208.780060213285,27298.496341513288,32.157449822262585,-0.9999999999999724,SL,1,-7.976883693468585
2022-02-11 13:40:00,2022-02-11 13:45:00,long,27110.369,27062.255434571656,27062.255434571656,27296.939,40.094637856951024,-1.0000000000000275,SL,1,-8.976883693468611
2022-02-13 20:40:00,2022-02-13 21:40:00,long,26985.519,27022.999,26923.59183409755,27066.410717171715,51.605971585374164,0.6052271156577725,TIMEOUT,12,-8.371656577810839
2022-02-13 23:50:00,2022-02-14 00:50:00,short,27125.419,27070.519,27155.831255465855,27058.10820187793,25.343546221545946,1.8051933064168668,TIMEOUT,12,-6.566463271393972
2022-02-14 00:55:00,2022-02-14 01:10:00,long,27065.419,27108.91038888889,27040.021089175112,27108.91038888889,21.164925687409053,1.712400251687813,VWAP,3,-4.8540630197061585
2022-02-14 01:45:00,2022-02-14 02:00:00,long,27050.469,27099.8496060606,27022.98587778844,27099.8496060606,22.90260184296887,1.7967611423648564,VWAP,3,-3.057301877341302
2022-02-14 02:05:00,2022-02-14 02:20:00,long,27030.999,27095.86041025641,26998.449250481975,27095.86041025641,27.12479126502063,1.9926853882697948,VWAP,3,-1.0646164890715073
2022-02-14 03:25:00,2022-02-14 04:00:00,long,26932.369,26882.72003670061,26882.72003670061,27081.54265079365,41.37413608282118,-1.000000000000034,SL,7,-2.0646164890715415
2022-02-14 04:05:00,2022-02-14 05:05:00,long,26865.469,26895.319,26814.36593058788,27054.77113333333,42.58589117676815,0.5841136421625205,TIMEOUT,12,-1.4805028469090211
2022-02-14 07:05:00,2022-02-14 07:40:00,long,26925.519,27004.90659689923,26893.001432032408,27004.90659689923,27.09797330632698,2.441375596672789,VWAP,7,0.9608727497637677
2022-02-14 07:45:00,2022-02-14 08:45:00,short,27160.369,27065.469,27208.53406211639,27001.221872340422,40.137551763657044,1.970307850339251,TIMEOUT,12,2.9311806001030187
2022-02-14 12:30:00,2022-02-14 13:30:00,short,27142.519,27055.369,27187.28933022286,27026.639551876382,37.3086085190497,1.9466016794198864,TIMEOUT,12,4.877782279522905
2022-02-14 13:50:00,2022-02-14 13:55:00,long,26975.519,26932.763815501334,26932.763815501334,27032.995467065866,35.62932041555448,-1.0000000000000262,SL,1,3.877782279522879
2022-02-14 14:00:00,2022-02-14 14:10:00,long,26920.369,26872.619131733292,26872.619131733292,27031.839887573962,39.79155688892189,-1.0000000000000042,SL,2,2.877782279522875
2022-02-14 18:50:00,2022-02-14 19:00:00,short,27097.519,27133.823982142792,27133.823982142792,27031.574064724915,30.25415178566041,-0.9999999999999905,SL,2,1.8777822795228845
2022-02-14 20:35:00,2022-02-14 21:35:00,long,26952.469,26992.519,26898.4407545988,27032.962994126283,45.023537834333844,0.7412789310960908,TIMEOUT,12,2.619061210618975
2022-02-14 22:30:00,2022-02-14 22:35:00,long,26957.269,26923.437792140394,26923.437792140394,27029.304133333328,28.19267321634,-0.9999999999999517,SL,1,1.6190612106190234
2022-02-14 23:05:00,2022-02-14 23:30:00,long,26925.369,26891.455225613474,26891.455225613474,27027.409557717252,28.26147865543832,-0.9999999999999677,SL,5,0.6190612106190557
2022-02-14 23:35:00,2022-02-15 00:10:00,long,26865.469,26828.66761005448,26828.66761005448,27024.573359949303,30.667824954602327,-0.9999999999999731,SL,7,-0.3809387893809174
2022-02-15 21:05:00,2022-02-15 22:05:00,short,27422.369,27432.419,27454.482933999083,27245.134497835497,26.761611665903256,-0.3129482672627278,TIMEOUT,12,-0.6938870566436453
2022-02-15 23:55:00,2022-02-16 00:10:00,short,27434.319,27453.331072266712,27453.331072266712,27267.8909245283,15.843393555592868,-1.0000000000000553,SL,3,-1.6938870566437005
2022-02-16 02:55:00,2022-02-16 03:00:00,long,27422.469,27444.29103703704,27406.370439626044,27444.29103703704,13.415466978297502,1.3555272353633547,VWAP,1,-0.3383598212803458
2022-02-16 05:30:00,2022-02-16 06:30:00,long,27397.469,27397.269,27367.608602258126,27454.738054726367,24.883664784895966,-0.00669783442704297,TIMEOUT,12,-0.3450576557073888
2022-02-16 07:35:00,2022-02-16 07:40:00,long,27384.519,27362.493100325817,27362.493100325817,27443.365340579712,18.354916395153023,-0.999999999999979,SL,1,-1.3450576557073677
2022-02-16 08:50:00,2022-02-16 09:15:00,long,27317.419,27289.983665788877,27289.983665788877,27432.815448598125,22.862778509270722,-0.9999999999999841,SL,5,-2.3450576557073517
2022-02-16 11:00:00,2022-02-16 12:00:00,long,27312.519,27332.269,27278.405101128144,27410.30689473684,28.42824905987942,0.5789429133910627,TIMEOUT,12,-1.7661147423162888
2022-02-16 12:35:00,2022-02-16 13:35:00,long,27282.319,27347.369,27254.77326335577,27400.765995614027,22.954780536857893,2.361526970222687,TIMEOUT,12,0.5954122279063983
2022-02-16 14:25:00,2022-02-16 14:35:00,short,27467.369,27507.86635633253,27507.86635633253,27394.93729501916,33.74779694377663,-1.0000000000000246,SL,2,-0.4045877720936264
2022-02-16 20:45:00,2022-02-16 21:45:00,long,27327.469,27372.469,27292.536882732635,27404.75289855073,29.110097722806085,1.2882127829691519,TIMEOUT,12,0.8836250108755255
2022-02-16 22:55:00,2022-02-16 23:00:00,long,27252.519,27215.17850566417,27215.17850566417,27402.77811458335,31.117078613190024,-1.0000000000000298,SL,1,-0.11637498912450428
2022-02-16 23:05:00,2022-02-17 00:05:00,long,27129.999,27192.999,27078.159083965536,27400.75237209304,43.199930028719976,1.215279746173135,TIMEOUT,12,1.0989047570486308
2022-02-17 08:40:00,2022-02-17 08:45:00,long,27177.999,27154.071563269008,27154.071563269008,27217.282206349202,19.9395306091583,-1.000000000000075,SL,1,0.09890475704855572
2022-02-17 08:55:00,2022-02-17 09:55:00,long,27122.269,27094.010417457004,27094.010417457004,27215.19560493827,23.548818785831187,-0.9999999999999499,SL,12,-0.9010952429513942
2022-02-17 10:00:00,2022-02-17 11:00:00,long,27067.469,27087.319,27031.59475093406,27207.75241597796,29.895207554952584,0.5533216866368631,TIMEOUT,12,-0.3477735563145311
2022-02-17 14:10:00,2022-02-17 14:35:00,long,27032.999,27010.3067402754,27010.3067402754,27172.181631578955,18.910216437166206,-1.0000000000000762,SL,5,-1.3477735563146074
2022-02-18 04:15:00,2022-02-18 05:15:00,long,27067.319,27077.369,27037.970632362216,27108.024897435906,24.456973031486424,0.34243812548745267,TIMEOUT,12,-1.0053354308271547
2022-02-18 06:40:00,2022-02-18 06:45:00,long,27074.519,27055.408073558083,27055.408073558083,27098.925543209883,15.925772034931084,-1.000000000000005,SL,1,-2.00533543082716
2022-02-18 06:50:00,2022-02-18 07:50:00,long,27039.999,27082.469,27018.465578731204,27097.878036144586,17.94451772399662,1.9722829674792273,TIMEOUT,12,-0.03305246334793255
2022-02-18 08:10:00,2022-02-18 08:25:00,long,27017.319,26995.032708844716,26995.032708844716,27093.29802356904,18.571909296069627,-1.0000000000000127,SL,3,-1.0330524633479452
2022-02-18 08:30:00,2022-02-18 08:35:00,long,26942.519,26916.162709868648,26916.162709868648,27089.238579288038,21.96357510946086,-0.9999999999999829,SL,1,-2.033052463347928
2022-02-18 09:35:00,2022-02-18 10:35:00,long,26899.319,26927.369,26862.886072923204,27075.660781609204,30.36077256399625,0.7699079445599802,TIMEOUT,12,-1.2631445187879478
2022-02-21 02:00:00,2022-02-21 04:00:00,short,26997.319,26932.564,27031.143820606914,26932.564,28.18735050576195,1.9144225701159834,VWAP,5,0.6512780513280356
2022-02-21 04:05:00,2022-02-21 04:55:00,long,26885.419,26852.781748684538,26852.781748684538,26949.974555555553,27.197709429553555,-0.9999999999999859,SL,2,-0.3487219486719503
2022-02-21 05:00:00,2022-02-21 05:30:00,long,26837.999,26806.982062266736,26806.982062266736,26931.69877777778,25.84744811105297,-1.000000000000016,SL,6,-1.3487219486719662
2022-02-21 06:40:00,2022-02-21 07:40:00,long,26755.319,26745.369,26726.28026811032,26866.778333333343,24.19894324139875,-0.3426458165529379,TIMEOUT,12,-1.691367765224904
2022-02-21 07:45:00,2022-02-21 07:50:00,long,26720.519,26689.719599207165,26689.719599207165,26836.7628888889,25.666167327363368,-0.9999999999999829,SL,1,-2.6913677652248866
2022-02-22 03:35:00,2022-02-22 03:45:00,short,26550.319,26608.632102728017,26608.632102728017,26446.693242424248,48.59425227334947,-0.9999999999999739,SL,2,-3.6913677652248604
2022-02-22 03:50:00,2022-02-22 04:30:00,short,26595.419,26651.67591934893,26651.67591934893,26454.906943262413,46.880766124106806,-1.0000000000000135,SL,8,-4.691367765224874
2022-02-22 13:45:00,2022-02-22 14:05:00,long,26580.519,26537.81170757719,26537.81170757719,26659.76464257029,35.5894103523395,-1.00000000000003,SL,4,-5.691367765224904
2022-02-22 14:10:00,2022-02-22 14:35:00,long,26515.469,26656.452469785585,26475.481882642758,26656.452469785585,33.322597797701725,3.5257222601481297,VWAP,5,-2.1656455050767747
2022-02-22 20:10:00,2022-02-22 21:10:00,short,26790.519,26775.269,26828.46152730764,26672.927176382676,31.61877275636807,0.40192367462376777,TIMEOUT,12,-1.763721830453007
2022-02-22 23:55:00,2022-02-23 00:55:00,short,26782.469,26772.469,26803.368441857754,26685.875194029857,17.416201548128875,0.4784816775520511,TIMEOUT,12,-1.2852401529009558
2022-02-23 02:05:00,2022-02-23 02:35:00,long,26720.419,26776.93323076923,26697.617346194424,26776.93323076923,19.001378171315785,2.4785145521068292,VWAP,6,1.1932743992058734
2022-02-23 03:15:00,2022-02-23 03:55:00,short,26840.319,26874.012931372585,26874.012931372585,26774.902916666662,28.078276143822368,-0.9999999999999517,SL,8,0.1932743992059217
2022-02-23 07:00:00,2022-02-23 07:35:00,long,26755.369,26805.363431372552,26728.205557399036,26805.363431372552,22.636202167469555,1.8405042434047147,VWAP,7,2.0337786426106366
2022-02-23 09:35:00,2022-02-23 09:50:00,long,26750.419,26725.542708142577,26725.542708142577,26804.56770689656,20.73024321452115,-0.9999999999999769,SL,3,1.0337786426106597
2022-02-23 09:55:00,2022-02-23 10:00:00,long,26710.269,26675.15031820752,26675.15031820752,26802.916944444452,29.265568160400424,-0.9999999999999581,SL,1,0.033778642610701515
2022-02-23 10:05:00,2022-02-23 10:10:00,long,26637.419,26597.835218250362,26597.835218250362,26800.784819672135,32.98648479136559,-1.0000000000000189,SL,1,-0.9662213573893174
2022-02-23 10:25:00,2022-02-23 10:30:00,long,26590.999,26545.605689437958,26545.605689437958,26795.08164550265,37.82775880170229,-0.9999999999999778,SL,1,-1.966221357389295
2022-02-24 12:15:00,2022-02-24 13:15:00,long,25692.269,25760.519,25626.088970273377,25778.871432432425,55.15002477218711,1.0312778685945907,TIMEOUT,12,-0.9349434887947043
2022-02-24 14:30:00,2022-02-24 14:35:00,short,26000.319,26070.88709374029,26070.88709374029,25779.996752380936,58.806744783574345,-1.0000000000000162,SL,1,-1.9349434887947206
2022-02-24 14:40:00,2022-02-24 14:55:00,short,26075.369,26147.282121643413,26147.282121643413,25783.256062146877,59.92760136951045,-1.000000000000025,SL,3,-2.9349434887947456
2022-02-25 07:20:00,2022-02-25 07:50:00,short,26499.469,26541.665247379893,26541.665247379893,26428.88517977529,35.16353948324336,-1.0000000000000029,SL,6,-3.9349434887947483
2022-02-25 07:55:00,2022-02-25 08:55:00,short,26664.419,26671.999,26719.485125875577,26435.054381944457,45.88843822964499,-0.1376526835595023,TIMEOUT,12,-4.072596172354251
2022-02-28 00:30:00,2022-02-28 01:30:00,short,26536.269,26554.419,26581.873683076974,26449.939476190473,38.00390256414398,-0.3979854430600343,TIMEOUT,12,-4.470581615414285
2022-02-28 02:40:00,2022-02-28 03:40:00,short,26669.419,26559.519,26726.737466659564,26527.324959595964,47.7653888829679,1.91735764064911,TIMEOUT,12,-2.5532239747651753
2022-02-28 10:35:00,2022-02-28 10:40:00,short,26779.469,26828.291810022205,26828.291810022205,26606.08431250001,40.68567501850473,-0.9999999999999669,SL,1,-3.5532239747651424
2022-02-28 10:45:00,2022-02-28 11:30:00,short,26844.999,26894.458892315066,26894.458892315066,26609.463846153856,41.21657692922084,-1.000000000000022,SL,9,-4.553223974765165
2022-02-28 14:10:00,2022-02-28 15:10:00,long,26529.319,26599.369,26472.585823685535,26641.121612085783,47.27764692872078,1.234727271600674,TIMEOUT,12,-3.3184967031644907
2022-02-28 18:05:00,2022-02-28 18:50:00,short,26741.469,26796.223438357356,26796.223438357356,26636.99994276095,45.62869863112853,-1.0000000000000133,SL,9,-4.318496703164504
2022-03-01 00:20:00,2022-03-01 01:00:00,long,26859.369,26831.134980884955,26831.134980884955,26901.108333333337,23.528349262535077,-1.0000000000000442,SL,8,-5.3184967031645485
2022-03-01 02:10:00,2022-03-01 02:50:00,short,26946.319,26883.58924691358,26975.236731356705,26883.58924691358,24.098109463921624,2.1692487668771756,VWAP,8,-3.149247936287373
2022-03-01 03:25:00,2022-03-01 04:10:00,long,26799.999,26759.712497553,26759.712497553,26890.27288888889,33.57208537250183,-0.999999999999973,SL,9,-4.149247936287346
2022-03-01 04:15:00,2022-03-01 04:25:00,long,26754.369,26713.547390156586,26713.547390156586,26873.700794871787,34.018008202844676,-0.9999999999999892,SL,2,-5.149247936287336
2022-03-01 05:05:00,2022-03-01 05:40:00,long,26674.469,26632.93575823911,26632.93575823911,26847.59195698924,34.611034800741486,-1.0000000000000424,SL,7,-6.149247936287378
2022-03-01 11:20:00,2022-03-01 11:35:00,long,26604.999,26553.195265757644,26553.195265757644,26761.08077615573,43.16977853529563,-1.0000000000000213,SL,3,-7.1492479362873995
2022-03-01 11:50:00,2022-03-01 12:10:00,long,26506.269,26453.309831874554,26453.309831874554,26753.04105128206,44.13264010453915,-0.9999999999999818,SL,4,-8.14924793628738
2022-03-01 18:55:00,2022-03-01 19:55:00,long,26416.319,26479.319,26366.93293402706,26656.59808653847,41.15505497744932,1.275663464154454,TIMEOUT,12,-6.873584472132927
2022-03-01 20:45:00,2022-03-01 20:55:00,long,26421.469,26355.12703905402,26355.12703905402,26640.818956521744,55.28496745498444,-1.0000000000000033,SL,2,-7.87358447213293
2022-03-01 21:00:00,2022-03-01 21:45:00,long,26356.519,26292.755104883992,26292.755104883992,26637.360516452078,53.13657926333858,-1.0000000000000253,SL,9,-8.873584472132956
2022-03-01 22:45:00,2022-03-01 23:45:00,long,26329.999,26359.519,26284.090281740435,26613.08548293963,38.257265216304,0.6430151204199679,TIMEOUT,12,-8.230569351712989
2022-03-02 01:45:00,2022-03-02 02:00:00,long,26341.519,26310.456858244423,26310.456858244423,26389.40763636363,25.88511812964697,-1.0000000000000402,SL,3,-9.23056935171303
2022-03-02 02:05:00,2022-03-02 02:25:00,long,26229.369,26193.82232958452,26193.82232958452,26376.328615384617,29.622225346232145,-1.0000000000000044,SL,4,-10.230569351713033
2022-03-02 03:25:00,2022-03-02 03:55:00,short,26434.269,26344.107333333337,26485.695152928547,26344.107333333337,42.855127440456236,1.7532259664053742,VWAP,6,-8.477343385307659
2022-03-02 04:50:00,2022-03-02 05:50:00,short,26531.319,26454.419,26592.249833643193,26359.972389830516,50.77569470265993,1.2620867859829488,TIMEOUT,12,-7.21525659932471
2022-03-02 07:15:00,2022-03-02 08:15:00,short,26534.369,26476.469,26568.90483198656,26405.087901515162,28.779859988801146,1.6765196223599863,TIMEOUT,12,-5.5387369769647234
2022-03-02 09:05:00,2022-03-02 09:20:00,short,26476.269,26507.7220497031,26507.7220497031,26419.18093939395,26.210874752584566,-0.9999999999999845,SL,3,-6.538736976964708
2022-03-02 09:30:00,2022-03-02 09:45:00,short,26519.519,26550.638859082923,26550.638859082923,26422.32482608697,25.933215902435453,-1.0000000000000029,SL,3,-7.538736976964711
2022-03-02 12:15:00,2022-03-02 13:15:00,short,26634.369,26669.369,26687.251859263764,26451.821725225236,44.06904938647005,-0.6618401593119305,TIMEOUT,12,-8.200577136276642
2022-03-02 13:35:00,2022-03-02 14:35:00,short,26671.319,26624.999,26707.54133261356,26470.145626016267,30.18527717796873,1.2787691089407212,TIMEOUT,12,-6.9218080273359215
2022-03-02 15:45:00,2022-03-02 18:25:00,short,26669.269,26634.519,26709.09004083535,26492.589245614035,33.18420069612368,0.8726542368313249,TIMEOUT,12,-6.0491537905045965
2022-03-02 21:25:00,2022-03-02 21:35:00,short,26589.519,26629.248919802383,26629.248919802383,26519.64294957983,33.10826650198597,-0.9999999999999942,SL,2,-7.04915379050459
2022-03-02 21:40:00,2022-03-02 22:40:00,short,26646.519,26636.519,26685.14714934615,26521.036067773162,32.19012445512492,0.25887856833080997,TIMEOUT,12,-6.79027522217378
2022-03-03 02:45:00,2022-03-03 03:05:00,long,26584.369,26622.809392156865,26557.14607353322,26622.809392156865,22.6857720556504,1.4120595081419471,VWAP,4,-5.378215714031833
2022-03-03 03:35:00,2022-03-03 03:40:00,long,26579.269,26549.153525784062,26549.153525784062,26620.866500000004,25.096228513280344,-1.0000000000000482,SL,1,-6.378215714031881
2022-03-03 03:45:00,2022-03-03 04:45:00,long,26529.269,26569.519,26498.53716764034,26617.491318840584,25.60986029971624,1.3097168931857983,TIMEOUT,12,-5.068498820846083
2022-03-03 05:20:00,2022-03-03 06:20:00,long,26529.269,26544.369,26497.149326320352,26598.284435897436,26.76639473303941,0.4701168558124766,TIMEOUT,12,-4.598381965033606
2022-03-03 10:15:00,2022-03-03 10:25:00,long,26514.519,26477.024549851838,26477.024549851838,26584.41529032258,31.2453751234699,-0.9999999999999576,SL,2,-5.598381965033563
2022-03-03 10:30:00,2022-03-03 10:40:00,long,26474.419,26434.739640315045,26434.739640315045,26581.98319947506,33.06613307079566,-1.000000000000045,SL,2,-6.598381965033608
2022-03-03 10:45:00,2022-03-03 11:10:00,long,26399.519,26356.912866899474,26356.912866899474,26578.78943589743,35.50511091710553,-0.9999999999999795,SL,5,-7.598381965033588
2022-03-03 18:45:00,2022-03-03 19:05:00,long,26396.369,26364.463958549848,26364.463958549848,26509.69131391586,26.587534541790834,-1.0000000000000548,SL,4,-8.598381965033642
2022-03-03 19:10:00,2022-03-03 19:20:00,long,26264.369,26219.570398198757,26219.570398198757,26506.677846761457,37.33216816770027,-1.0000000000000286,SL,2,-9.59838196503367
2022-03-03 19:25:00,2022-03-03 19:35:00,long,26141.269,26087.25779003013,26087.25779003013,26502.47618068536,45.00934164155906,-0.9999999999999993,SL,2,-10.59838196503367
2022-03-03 19:40:00,2022-03-03 19:45:00,long,25941.519,25872.53500863564,25872.53500863564,26496.469337941628,57.48665947030043,-0.9999999999999793,SL,1,-11.59838196503365
2022-03-04 04:10:00,2022-03-04 04:40:00,long,25979.369,25930.292525153964,25930.292525153964,26057.369915032665,40.89706237169697,-0.9999999999999748,SL,6,-12.598381965033624
2022-03-04 05:55:00,2022-03-04 06:20:00,long,25974.319,25929.710357154683,25929.710357154683,26036.768629629616,37.173869037764774,-0.9999999999999692,SL,5,-13.598381965033594
2022-03-04 07:10:00,2022-03-04 07:30:00,long,25904.999,25866.13494412433,25866.13494412433,26021.901298850567,32.38671322972551,-0.9999999999999998,SL,4,-14.598381965033594
2022-03-04 08:50:00,2022-03-04 09:50:00,long,25899.269,25856.777598710494,25856.777598710494,26002.936943925244,35.409501074587446,-1.0000000000000258,SL,12,-15.59838196503362
2022-03-04 09:55:00,2022-03-04 10:15:00,long,25874.319,25828.830977367586,25828.830977367586,25993.54766666668,37.90668552701034,-1.0000000000000142,SL,4,-16.598381965033635
2022-03-04 10:45:00,2022-03-04 11:15:00,long,25806.269,25754.96497076902,25754.96497076902,25983.323307692317,42.75335769248526,-0.999999999999985,SL,6,-17.59838196503362
2022-03-04 11:35:00,2022-03-04 12:35:00,long,25734.419,25859.419,25684.082621122394,25969.63714285715,41.94698239800676,2.483293450725468,TIMEOUT,12,-15.115088514308153
2022-03-04 13:30:00,2022-03-04 13:45:00,long,25874.319,25829.867113849406,25829.867113849406,25952.705748466262,37.043238458827936,-0.9999999999999895,SL,3,-16.115088514308145
2022-03-04 13:50:00,2022-03-04 14:05:00,long,25829.469,25783.532484476596,25783.532484476596,25950.620836327344,38.280429602837124,-0.9999999999999996,SL,3,-17.115088514308145
2022-03-04 14:10:00,2022-03-04 15:00:00,long,25769.999,25724.637509687007,25724.637509687007,25947.23223586745,37.80124192749446,-0.9999999999999886,SL,10,-18.115088514308134
2022-03-06 18:50:00,2022-03-06 18:55:00,long,25501.369,25429.792970916205,25429.792970916205,25607.644454545454,59.646690903161954,-0.9999999999999869,SL,1,-19.11508851430812
2022-03-06 19:00:00,2022-03-06 19:30:00,long,25399.999,25323.82342390224,25323.82342390224,25581.184384615386,63.47964674813451,-0.9999999999999976,SL,6,-20.115088514308116
2022-03-07 02:40:00,2022-03-07 02:50:00,long,25139.469,25082.683598737636,25082.683598737636,25226.75718181818,47.32116771863629,-1.0000000000000213,SL,2,-21.115088514308137
2022-03-07 02:55:00,2022-03-07 03:25:00,long,25069.369,25013.112914514062,25013.112914514062,25215.79557407407,46.88007123828123,-0.9999999999999851,SL,6,-22.115088514308123
2022-03-07 03:30:00,2022-03-07 04:30:00,long,25001.269,25144.369,24934.072936207187,25197.411790697668,55.99671982734313,2.129589025351609,TIMEOUT,12,-19.985499488956513
2022-03-07 06:05:00,2022-03-07 06:55:00,long,25086.269,25170.244045045034,25033.71728108159,25170.244045045034,43.79309909867477,1.5979504909327702,VWAP,10,-18.387548998023743
2022-03-07 07:05:00,2022-03-07 07:20:00,short,25274.369,25323.23801940853,25323.23801940853,25167.288069767434,40.72418284044307,-1.0000000000000073,SL,3,-19.38754899802375
2022-03-07 07:25:00,2022-03-07 08:20:00,short,25354.519,25404.27242053642,25404.27242053642,25173.44151851851,41.46118378034927,-1.0000000000000355,SL,11,-20.387548998023785
2022-03-07 08:25:00,2022-03-07 09:05:00,short,25404.519,25456.65638811721,25456.65638811721,25193.31945751633,43.44782343100952,-0.9999999999999963,SL,8,-21.38754899802378
2022-03-07 12:25:00,2022-03-07 13:25:00,long,25099.999,25114.999,25044.38078587383,25233.949444444435,46.348511771809854,0.2696958224147936,TIMEOUT,12,-21.11785317560899
2022-03-07 14:35:00,2022-03-07 15:20:00,long,25066.469,25012.507698651836,25012.507698651836,25216.58970075758,44.967751123469384,-1.0000000000000295,SL,9,-22.117853175609017
2022-03-07 16:05:00,2022-03-07 18:00:00,long,24971.469,24910.912307284314,24910.912307284314,25200.95319243986,50.46391059640624,-0.9999999999999912,SL,3,-23.11785317560901
2022-03-07 18:05:00,2022-03-07 18:30:00,long,24914.269,24855.907965518203,24855.907965518203,25195.878175084174,48.634195401498054,-0.9999999999999905,SL,5,-24.117853175609
2022-03-07 18:35:00,2022-03-07 19:30:00,long,24771.999,25186.42509477124,24706.35997667027,25186.42509477124,54.69918610810936,6.313715130851508,VWAP,11,-17.804138044757494
2022-03-07 22:50:00,2022-03-07 23:20:00,long,24973.419,24904.95660826273,24904.95660826273,25164.42706535948,57.05199311439099,-1.000000000000013,SL,6,-18.804138044757508
2022-03-07 23:25:00,2022-03-08 00:25:00,long,24863.999,24853.269,24801.392433559984,25158.68612468193,52.1721387000119,-0.17138777304263098,TIMEOUT,12,-18.97552581780014
2022-03-08 07:00:00,2022-03-08 07:10:00,short,24901.999,24951.103353930896,24951.103353930896,24785.170137254892,40.92029494241392,-0.9999999999999805,SL,2,-19.97552581780012
2022-03-08 07:15:00,2022-03-08 08:15:00,short,24983.519,24790.821007575745,25031.75289416406,24790.821007575745,40.1949118033831,3.995074330279539,VWAP,12,-15.980451487520579
2022-03-08 08:55:00,2022-03-08 09:35:00,short,24886.519,24802.842611111104,24932.656698773237,24802.842611111104,38.44808231103124,1.8136229398903925,VWAP,8,-14.166828547630187
2022-03-08 10:10:00,2022-03-08 11:10:00,long,24626.469,24731.419,24550.758514469595,24802.20160162601,63.09207127533954,1.386201650468215,TIMEOUT,12,-12.780626897161973
2022-03-08 11:30:00,2022-03-08 11:55:00,long,24686.369,24789.507225419657,24606.664146603744,24789.507225419657,66.42071116354663,1.2940018207787412,VWAP,5,-11.486625076383232
2022-03-08 12:10:00,2022-03-08 12:20:00,short,24916.319,24991.68529313244,24991.68529313244,24788.190678004532,62.80524427703346,-0.9999999999999947,SL,2,-12.486625076383227
2022-03-08 14:50:00,2022-03-08 15:30:00,short,25026.419,24821.542370577292,25110.891958341133,24821.542370577292,70.39413195094328,2.425351656270222,VWAP,8,-10.061273420113004
2022-03-08 16:05:00,2022-03-08 18:45:00,long,24716.369,24825.24253951889,24630.297917662767,24825.24253951889,71.72590194769374,1.2649258794297285,VWAP,12,-8.796347540683275
2022-03-08 20:35:00,2022-03-08 21:35:00,short,25041.419,24953.469,25114.249399144966,24830.965447368413,60.69199928747127,1.207600137202878,TIMEOUT,12,-7.588747403480397
2022-03-09 00:30:00,2022-03-09 00:40:00,long,24858.369,24812.033703130946,24812.033703130946,24918.35280952381,38.612747390877,-1.0000000000000002,SL,2,-8.588747403480397
2022-03-09 00:50:00,2022-03-09 00:55:00,long,24733.419,24680.392374170216,24680.392374170216,24879.120515151517,44.18885485815368,-1.0000000000000147,SL,1,-9.588747403480411
2022-03-09 04:30:00,2022-03-09 04:40:00,short,24976.419,25029.674781942238,25029.674781942238,24841.749,44.379818285197395,-0.9999999999999902,SL,2,-10.5887474034804
2022-03-09 04:45:00,2022-03-09 05:40:00,short,25043.319,25095.118618413664,25095.118618413664,24850.953137931036,43.16634867805343,-1.0000000000000089,SL,11,-11.58874740348041
2022-03-10 11:00:00,2022-03-10 11:10:00,long,25306.469,25255.889303785483,25255.889303785483,25516.659401002507,42.149746845430315,-1.0000000000000273,SL,2,-12.588747403480436
2022-03-10 11:30:00,2022-03-10 12:30:00,long,25268.269,25311.369,25220.343451323763,25506.602429256596,39.93795723019897,0.8993115611708646,TIMEOUT,12,-11.689435842309571
2022-03-10 12:45:00,2022-03-10 12:55:00,long,25258.469,25220.70877851247,25220.70877851247,25484.93568831169,31.466851239608953,-0.9999999999999707,SL,2,-12.689435842309543
2022-03-10 13:05:00,2022-03-10 14:05:00,long,25206.419,25321.469,25169.874222670103,25478.54277637131,30.453981108248307,3.148192666804805,TIMEOUT,12,-9.541243175504738
2022-03-10 15:10:00,2022-03-10 16:10:00,long,25281.269,25291.519,25221.827634811638,25455.70410018215,49.53447099030164,0.17243883897213802,TIMEOUT,12,-9.3688043365326
2022-03-10 19:40:00,2022-03-10 19:55:00,long,25303.269,25244.112484553163,25244.112484553163,25440.910290322587,49.297096205697954,-0.9999999999999932,SL,3,-10.368804336532593
2022-03-10 20:05:00,2022-03-10 20:35:00,long,25188.469,25123.945167092206,25123.945167092206,25436.8523933934,53.7698607564969,-0.9999999999999758,SL,6,-11.368804336532568
2022-03-10 20:55:00,2022-03-10 21:30:00,long,25083.319,25025.13273962195,25025.13273962195,25424.43914367817,48.48855031504135,-1.0000000000000078,SL,7,-12.368804336532575
2022-03-11 04:15:00,2022-03-11 05:05:00,short,25366.999,25417.079772175315,25417.079772175315,25266.525858974368,41.73397681276237,-1.0000000000000104,SL,10,-13.368804336532586
2022-03-11 06:25:00,2022-03-11 06:30:00,short,25586.369,25638.727167245033,25638.727167245033,25311.105153846158,43.63180603752777,-1.0000000000000238,SL,1,-14.368804336532609
2022-03-11 06:35:00,2022-03-11 07:15:00,short,25633.319,25700.996644206178,25700.996644206178,25319.54729166667,56.39803683848049,-1.0000000000000242,SL,8,-15.368804336532634
2022-03-11 11:15:00,2022-03-11 11:45:00,long,25321.369,25274.80872782379,25274.80872782379,25405.75074019608,38.80022681350598,-1.0000000000000167,SL,6,-16.36880433653265
2022-03-13 23:25:00,2022-03-14 00:25:00,short,25439.319,25411.269,25479.173568335373,25355.112162393165,33.21214027947846,0.7038089025067329,TIMEOUT,12,-15.664995434025919
2022-03-14 00:55:00,2022-03-14 01:00:00,long,25349.319,25315.61466185409,25315.61466185409,25397.020944444448,28.0869484549222,-1.0000000000000395,SL,1,-16.664995434025958
2022-03-14 01:05:00,2022-03-14 02:05:00,long,25246.319,25324.519,25206.981688027252,25380.663523809526,32.781093310621706,1.9879345099680377,TIMEOUT,12,-14.677060924057919
2022-03-14 03:05:00,2022-03-14 03:15:00,long,25279.519,25345.40198245614,25236.988622604495,25345.40198245614,35.44198116292267,1.5490805981679243,VWAP,2,-13.127980325889995
2022-03-14 04:45:00,2022-03-14 04:55:00,short,25426.269,25467.28726072002,25467.28726072002,25343.37963218391,34.181883933349944,-0.9999999999999672,SL,2,-14.127980325889963
2022-03-14 06:55:00,2022-03-14 07:10:00,long,25314.269,25363.989198412695,25274.51565445248,25363.989198412695,33.12778795626649,1.2507173353060614,VWAP,3,-12.877262990583901
2022-03-14 11:15:00,2022-03-14 11:30:00,long,25329.999,25374.72870588236,25294.657818247328,25374.72870588236,29.450984793892715,1.265653938665469,VWAP,3,-11.611609051918432
2022-03-14 11:50:00,2022-03-14 12:15:00,long,25294.269,25256.29496996154,25256.29496996154,25373.452053613066,31.645025032052303,-0.9999999999999781,SL,5,-12.61160905191841
2022-03-14 12:40:00,2022-03-14 13:40:00,long,25204.999,25214.519,25167.762184642725,25366.431875817,31.030679464394552,0.25566096103169833,TIMEOUT,12,-12.355948090886713
2022-03-14 18:35:00,2022-03-14 18:45:00,long,25304.269,25275.544768080967,25275.544768080967,25343.497019802,23.9368599325275,-1.000000000000022,SL,2,-13.355948090886734
2022-03-14 19:00:00,2022-03-14 19:10:00,long,25236.319,25341.642317230293,25202.983819692105,25341.642317230293,27.77931692324639,3.1595244500701534,VWAP,2,-10.196423640816581
2022-03-14 20:55:00,2022-03-14 21:05:00,long,25239.419,25339.728579710165,25181.175522227848,25339.728579710165,48.5362314767962,1.7222457096838815,VWAP,2,-8.4741779311327
2022-03-14 22:30:00,2022-03-14 23:30:00,short,25416.999,25374.269,25457.82892779263,25343.0119451138,34.02493982719357,1.0465362617592027,TIMEOUT,12,-7.427641669373498
2022-03-15 02:05:00,2022-03-15 02:15:00,long,25249.999,25216.324088798665,25216.324088798665,25339.600666666673,28.06242600111278,-0.9999999999999873,SL,2,-8.427641669373486
2022-03-15 03:25:00,2022-03-15 03:50:00,long,25169.469,25121.097434469135,25121.097434469135,25297.92447619049,40.30963794238784,-1.0000000000000138,SL,5,-9.4276416693735
2022-03-15 04:05:00,2022-03-15 05:05:00,long,25104.519,25144.519,25058.10120181226,25272.591533333343,38.68149848978338,0.8617384184880373,TIMEOUT,12,-8.565903250885462
2022-03-15 08:10:00,2022-03-15 08:30:00,short,25309.269,25343.10830808752,25343.10830808752,25236.76613804714,28.19942340626721,-1.0000000000000164,SL,4,-9.565903250885478
2022-03-15 09:35:00,2022-03-15 10:25:00,short,25394.419,25436.854195202064,25436.854195202064,25249.062678160924,35.36266266838576,-0.9999999999999895,SL,10,-10.565903250885468
2022-03-15 13:50:00,2022-03-15 14:20:00,short,25544.419,25585.75149404127,25585.75149404127,25316.15011776447,34.44374503439026,-0.9999999999999837,SL,6,-11.565903250885452
2022-03-15 22:40:00,2022-03-15 23:40:00,short,25737.269,25672.999,25788.54140950682,25428.8903438735,42.72700792234982,1.2535006764496182,TIMEOUT,12,-10.312402574435833
2022-03-16 01:15:00,2022-03-16 01:55:00,short,25837.319,25879.323660484773,25879.323660484773,25756.683791666674,35.003883737313075,-0.9999999999999579,SL,8,-11.31240257443579
2022-03-16 02:00:00,2022-03-16 02:10:00,short,25882.519,25920.174035882166,25920.174035882166,25790.259666666676,31.379196568471418,-1.0000000000000073,SL,2,-12.312402574435797
2022-03-16 03:05:00,2022-03-16 03:10:00,short,25917.999,25955.15771805438,25955.15771805438,25824.187070175445,30.965598378649698,-0.9999999999999905,SL,1,-13.312402574435788
2022-03-16 13:55:00,2022-03-16 14:20:00,short,26157.269,26232.55849751916,26232.55849751916,25998.055091269845,62.74124793263414,-0.9999999999999785,SL,5,-14.312402574435767
2022-03-16 18:30:00,2022-03-16 18:50:00,short,26364.519,26399.150199871816,26399.150199871816,26049.12008374385,28.859333226513513,-0.999999999999983,SL,4,-15.31240257443575
2022-03-16 23:10:00,2022-03-16 23:55:00,short,26597.519,26646.939462058162,26646.939462058162,26155.990981981984,41.18371838180107,-1.000000000000019,SL,9,-16.31240257443577
2022-03-17 01:50:00,2022-03-17 02:10:00,short,26714.469,26746.457456623386,26746.457456623386,26658.15465217391,26.65704718615546,-0.9999999999999513,SL,4,-17.31240257443572
2022-03-17 04:15:00,2022-03-17 05:00:00,long,26597.369,26557.428448290877,26557.428448290877,26676.62502564103,33.28379309093619,-0.9999999999999589,SL,9,-18.312402574435676
2022-03-17 06:40:00,2022-03-17 07:05:00,long,26602.419,26647.203115226337,26569.14369317057,26647.203115226337,27.729422357860997,1.3458663343330095,VWAP,5,-16.966536240102666
2022-03-17 07:50:00,2022-03-17 08:50:00,long,26567.419,26640.523526315792,26534.214807068525,26640.523526315792,27.670160776229476,2.2016655085295582,VWAP,12,-14.764870731573108
2022-03-17 09:50:00,2022-03-17 10:50:00,long,26532.999,26572.469,26489.556654980388,26632.403117647067,36.20195418300869,0.9085605296441505,TIMEOUT,12,-13.856310201928958
2022-03-17 12:55:00,2022-03-17 13:55:00,short,26722.419,26697.319,26753.072271207668,26627.036948717956,25.54439267305505,0.8188359353218047,TIMEOUT,12,-13.037474266607154
2022-03-17 14:40:00,2022-03-17 14:45:00,short,26732.419,26766.165790046252,26766.165790046252,26634.915779661012,28.12232503854162,-1.000000000000022,SL,1,-14.037474266607175
2022-03-17 18:45:00,2022-03-17 19:00:00,long,26599.319,26639.626154471534,26568.614880887057,26639.626154471534,25.586765927451463,1.3127604906452262,VWAP,3,-12.724713775961948
2022-03-17 19:10:00,2022-03-17 20:05:00,short,26754.319,26639.68938095237,26801.480603464704,26639.68938095237,39.301336220587416,2.430570859055185,VWAP,11,-10.294142916906763
2022-03-17 23:10:00,2022-03-18 00:10:00,short,26732.469,26747.999,26764.113771946577,26652.15697157621,26.37064328881437,-0.4907603703454273,TIMEOUT,12,-10.78490328725219
2022-03-18 00:55:00,2022-03-18 01:05:00,short,26847.369,26878.415394707277,26878.415394707277,26785.51122222222,25.871995589397894,-1.000000000000034,SL,2,-11.784903287252224
2022-03-18 01:10:00,2022-03-18 01:15:00,short,26902.519,26936.812937744857,26936.812937744857,26802.553444444442,28.57828145404787,-0.9999999999999732,SL,1,-12.784903287252197
2022-03-18 08:35:00,2022-03-18 08:40:00,short,26977.269,27007.284704883976,27007.284704883976,26905.427910256414,25.013087403312806,-1.0000000000000064,SL,1,-13.784903287252204
2022-03-18 08:45:00,2022-03-18 08:50:00,short,27022.369,27055.74174553771,27055.74174553771,26907.166044025165,27.81062128142795,-0.999999999999955,SL,1,-14.78490328725216
2022-03-18 09:10:00,2022-03-18 10:10:00,short,27157.519,27119.519,27200.61590576273,26914.926807807813,35.914088135608345,0.8817338351205299,TIMEOUT,12,-13.90316945213163
2022-03-20 23:10:00,2022-03-21 00:15:00,long,27192.519,27184.999,27171.113987883797,27260.414644444438,17.83751009683632,-0.35131958623409515,TIMEOUT,12,-14.254489038365724
2022-03-21 03:10:00,2022-03-21 03:40:00,short,27247.469,27277.6866194572,27277.6866194572,27189.991735042735,25.181349547666045,-0.9999999999999736,SL,6,-15.254489038365698
2022-03-21 06:35:00,2022-03-21 07:35:00,short,27307.369,27272.469,27332.110626634414,27221.901250000003,20.61802219534587,1.4105782338277109,TIMEOUT,12,-13.843910804537988
2022-03-21 08:05:00,2022-03-21 08:25:00,short,27289.419,27307.310582867347,27307.310582867347,27232.4326734694,14.909652389454811,-0.9999999999999724,SL,4,-14.843910804537959
2022-03-21 08:35:00,2022-03-21 09:10:00,short,27362.319,27236.573070512837,27384.186132918196,27236.573070512837,18.22261076516402,5.750453429700533,VWAP,7,-9.093457374837426
2022-03-21 09:25:00,2022-03-21 09:50:00,long,27192.319,27239.23344444446,27157.411689771012,27239.23344444446,29.08942519082409,1.3439719112331003,VWAP,5,-7.7494854636043256
2022-03-21 10:00:00,2022-03-21 10:25:00,short,27307.319,27343.714854552298,27343.714854552298,27239.04974380167,30.329878793580676,-1.0000000000000397,SL,5,-8.749485463604366
2022-03-21 12:20:00,2022-03-21 12:40:00,long,27172.999,27249.45629306489,27127.49171540749,27249.45629306489,37.922737160425065,1.6801110800066066,VWAP,4,-7.069374383597759
2022-03-21 13:30:00,2022-03-21 14:00:00,short,27332.999,27249.12171983641,27376.303587196122,27249.12171983641,36.08715599676878,1.936914437810411,VWAP,6,-5.132459945787348
2022-03-21 18:55:00,2022-03-21 19:00:00,long,27212.419,27181.895910455703,27181.895910455703,27257.876932692307,25.43590795358285,-0.9999999999999625,SL,1,-6.132459945787311
2022-03-22 01:05:00,2022-03-22 01:15:00,short,27264.319,27294.61083163078,27294.61083163078,27209.344952380954,25.24319302565008,-1.0000000000000135,SL,2,-7.132459945787324
2022-03-22 01:20:00,2022-03-22 02:20:00,short,27299.999,27319.419,27330.295783561523,27223.52037254902,25.247319634603993,-0.6409921357019627,TIMEOUT,12,-7.773452081489286
2022-03-22 02:55:00,2022-03-22 03:15:00,short,27394.369,27420.947822544127,27420.947822544127,27273.29825925926,22.149018786774658,-0.999999999999953,SL,4,-8.77345208148924
2022-03-22 14:50:00,2022-03-22 17:30:00,short,27704.519,27714.519,27731.28198825753,27520.491439478596,22.302490214607747,-0.37365035263529195,TIMEOUT,12,-9.14710243412453
2022-03-22 17:40:00,2022-03-22 18:40:00,short,27724.469,27669.319,27744.740871286962,27533.144595854934,16.89322607246894,2.7205184572906003,TIMEOUT,12,-6.42658397683393
2022-03-22 19:05:00,2022-03-22 19:25:00,short,27706.369,27732.529388052593,27732.529388052593,27546.494507936524,21.800323377162364,-0.9999999999999871,SL,4,-7.426583976833918
2022-03-23 20:15:00,2022-03-23 20:45:00,long,27646.269,27782.160919642854,27599.471140103637,27782.160919642854,38.99821658030215,2.9038062839582235,VWAP,6,-4.522777692875694
2022-03-23 21:20:00,2022-03-23 21:50:00,long,27704.369,27778.010054852315,27660.567743663727,27778.010054852315,36.501046946891705,1.6812543979780126,VWAP,6,-2.841523294897682
2022-03-23 22:05:00,2022-03-23 22:20:00,long,27729.519,27776.61607317073,27694.29148198728,27776.61607317073,29.35626501060209,1.336939864844351,VWAP,3,-1.504583430053331
2022-03-24 09:25:00,2022-03-24 09:45:00,long,28034.369,28081.052801169582,27998.087701878372,28081.052801169582,30.23441510135409,1.286718049974029,VWAP,4,-0.217865380079302
2022-03-24 10:30:00,2022-03-24 11:30:00,short,28199.269,28169.419,28243.50978212125,28081.599944881887,36.86731843437504,0.6747168239067088,TIMEOUT,12,0.45685144382740683
2022-03-24 12:00:00,2022-03-24 12:45:00,short,28224.269,28259.030525439463,28259.030525439463,28094.200149425284,28.967937866218705,-0.9999999999999951,SL,9,-0.5431485561725883
2022-03-25 03:10:00,2022-03-25 04:10:00,long,28039.999,28034.319,28005.810390337938,28132.324299145304,28.490508051718887,-0.16613720347636993,TIMEOUT,12,-0.7092857596489582
2022-03-25 05:55:00,2022-03-25 06:30:00,short,28174.999,28202.7748150636,28202.7748150636,28107.183490740746,23.146512553001124,-0.9999999999999523,SL,7,-1.7092857596489104
2022-03-25 12:55:00,2022-03-25 13:00:00,short,28214.369,28249.441510597695,28249.441510597695,28143.889021367533,29.22709216474766,-0.9999999999999728,SL,1,-2.7092857596488833
2022-03-25 13:05:00,2022-03-25 14:05:00,short,28239.999,28229.369,28274.802787199034,28145.0514472574,29.003155999195865,0.30542653129127695,TIMEOUT,12,-2.4038592283576063
2022-03-25 15:05:00,2022-03-27 18:45:00,short,28279.369,28221.999,28312.948960767157,28156.446509157522,27.98330063929906,1.7084594111886728,TIMEOUT,12,-0.6953998171689335
2022-03-27 20:00:00,2022-03-27 20:05:00,long,28051.269,28016.81740636242,28016.81740636242,28228.06757142857,28.70966136464854,-1.0000000000000278,SL,1,-1.6953998171689613
2022-03-27 20:40:00,2022-03-27 20:50:00,long,27926.319,27874.788411744925,27874.788411744925,28139.526727272732,42.94215687922835,-1.000000000000013,SL,2,-2.6953998171689744
2022-03-27 20:55:00,2022-03-27 21:05:00,long,27874.369,27823.28218425787,27823.28218425787,28110.424333333336,42.572346451772745,-1.0000000000000184,SL,2,-3.695399817168993
2022-03-28 01:40:00,2022-03-28 02:10:00,long,27949.419,27920.94397435114,27920.94397435114,28006.29058730159,23.7291880407187,-0.9999999999999971,SL,6,-4.69539981716899
2022-03-28 02:15:00,2022-03-28 03:05:00,long,27894.519,27991.438285714285,27860.423112537585,27991.438285714285,28.413239552014563,2.842550610278573,VWAP,10,-1.8528492068904172
2022-03-28 04:20:00,2022-03-28 04:40:00,short,28109.999,28146.78112566431,28146.78112566431,27995.357050314462,30.651771386924473,-1.000000000000045,SL,4,-2.852849206890462
2022-03-28 09:40:00,2022-03-28 10:40:00,short,28134.269,28075.050082621092,28166.027439185862,28075.050082621092,26.465365988217286,1.8646671214646273,VWAP,12,-0.9881820854258347
2022-03-28 11:55:00,2022-03-28 12:15:00,long,27989.419,27946.61569848708,27946.61569848708,28077.20756481482,35.66941792743449,-1.0000000000000187,SL,4,-1.9881820854258534
2022-03-28 14:50:00,2022-03-28 15:00:00,short,28129.999,28155.86690950338,28155.86690950338,28068.974288640595,21.556591252816833,-1.0000000000000062,SL,2,-2.9881820854258594
2022-03-28 15:25:00,2022-03-28 15:35:00,short,28189.999,28215.949181214688,28215.949181214688,28071.95233333333,21.625151012240654,-0.9999999999999776,SL,2,-3.988182085425837
2022-03-28 16:05:00,2022-03-28 18:50:00,short,28264.999,28204.469,28294.086696651662,28077.784996563572,24.23974720971842,2.080948544151573,TIMEOUT,12,-1.9072335412742643
2022-03-28 21:40:00,2022-03-28 22:15:00,short,28216.469,28096.278722222203,28260.1637205326,28096.278722222203,36.41226711049882,2.7506819202134367,VWAP,7,0.8434483789391725
2022-03-29 02:50:00,2022-03-29 03:00:00,short,28199.519,28230.1440689168,28230.1440689168,28147.752047619048,25.520890763999883,-1.0000000000000357,SL,2,-0.1565516210608633
2022-03-29 13:45:00,2022-03-29 13:50:00,short,28409.419,28439.785968983226,28439.785968983226,28334.220586345396,25.305807486020196,-0.9999999999999947,SL,1,-1.156551621060858
2022-03-29 13:55:00,2022-03-29 14:05:00,short,28434.319,28464.63645794982,28464.63645794982,28335.354952380963,25.26454829151739,-0.9999999999999408,SL,2,-2.1565516210607987
2022-03-29 14:15:00,2022-03-29 14:45:00,short,28489.269,28519.257909425887,28519.257909425887,28338.338593023265,24.990757854905027,-1.0000000000000309,SL,6,-3.1565516210608298
2022-03-29 14:50:00,2022-03-29 15:35:00,short,28519.369,28546.900760357967,28546.900760357967,28344.43680260708,22.943133631639952,-0.9999999999999973,SL,9,-4.156551621060827
2022-03-30 08:15:00,2022-03-30 08:45:00,long,27879.419,27915.987566666674,27852.398637470345,27915.987566666674,22.516968774714037,1.3533706894767072,VWAP,6,-2.80318093158412
2022-03-30 09:20:00,2022-03-30 10:20:00,short,27969.369,27959.469,28000.51285115389,27915.21513569323,25.953209294907612,0.3178797622387667,TIMEOUT,12,-2.485301169345353
2022-03-30 10:45:00,2022-03-30 11:15:00,short,27994.469,27921.181230769238,28027.024103062686,27921.181230769238,27.129252552237634,2.2511914365513337,VWAP,6,-0.23410973279401937
2022-03-30 13:25:00,2022-03-30 14:20:00,long,27889.319,27863.932373541862,27863.932373541862,27927.249720164604,21.155522048448947,-0.9999999999999502,SL,11,-1.2341097327939696
2022-03-30 14:45:00,2022-03-30 14:55:00,long,27819.319,27795.07947750939,27795.07947750939,27922.081902621718,20.199602075508924,-0.9999999999999872,SL,2,-2.2341097327939567
2022-03-30 15:00:00,2022-03-30 15:15:00,long,27774.369,27747.186911475263,27747.186911475263,27920.094764272555,22.651740437278928,-1.0000000000000537,SL,3,-3.2341097327940105
2022-03-30 15:20:00,2022-03-30 15:25:00,long,27714.519,27685.463785757107,27685.463785757107,27916.548639639637,24.21267853574333,-1.000000000000044,SL,1,-4.234109732794055
2022-03-31 01:40:00,2022-03-31 02:05:00,long,27821.469,27777.621976512935,27777.621976512935,27910.557888888892,36.53918623922225,-0.9999999999999749,SL,5,-5.23410973279403
2022-03-31 06:55:00,2022-03-31 07:20:00,long,27826.999,27799.435005826203,27799.435005826203,27867.133801587297,22.969995144830616,-1.0000000000000187,SL,5,-6.234109732794049
2022-03-31 07:25:00,2022-03-31 08:25:00,long,27793.419,27828.469,27766.67230417837,27863.556999999993,22.288913184693406,1.3104422405571186,TIMEOUT,12,-4.92366749223693
2022-03-31 08:40:00,2022-03-31 09:15:00,long,27801.269,27777.919451790716,27777.919451790716,27856.28036507936,19.457956841070292,-0.9999999999999836,SL,7,-5.923667492236914
2022-03-31 09:35:00,2022-03-31 10:35:00,long,27746.319,27776.319,27717.21900602245,27851.10414367816,24.24999498129166,1.0309280484093688,TIMEOUT,12,-4.892739443827546
2022-04-01 02:05:00,2022-04-01 02:25:00,long,27653.519,27696.784256410254,27619.841095282685,27696.784256410254,28.06492059776229,1.2846777961222087,VWAP,4,-3.6080616477053375
2022-04-01 08:10:00,2022-04-01 09:05:00,short,27806.269,27738.247787878798,27825.022455035287,27738.247787878798,15.627879196072819,3.6271296138877154,VWAP,11,0.019067966182377827
2022-04-01 09:30:00,2022-04-01 09:35:00,short,27813.469,27837.075105229815,27837.075105229815,27744.668420289858,19.671754358176575,-1.0000000000000764,SL,1,-0.9809320338176986
2022-04-01 11:05:00,2022-04-01 11:35:00,short,27831.319,27754.42631343284,27864.876180482195,27754.42631343284,27.964317068497344,2.291392943693652,VWAP,6,1.3104609098759537
2022-04-01 11:40:00,2022-04-01 11:45:00,long,27706.269,27668.493764637486,27668.493764637486,27756.23774704493,31.479362802094244,-1.0000000000000413,SL,1,0.31046090987591235
2022-04-01 11:50:00,2022-04-01 12:05:00,long,27661.419,27622.310863386407,27622.310863386407,27755.06272960374,32.59011384466285,-0.9999999999999888,SL,3,-0.6895390901240764
2022-04-01 13:20:00,2022-04-01 14:20:00,long,27608.999,27716.369,27575.31961410484,27741.290718426506,28.066154912634875,3.18800349668558,TIMEOUT,12,2.4984644065615034
2022-04-01 15:20:00,2022-04-01 15:45:00,long,27666.369,27631.623129880867,27631.623129880867,27736.170441441434,28.954891765942783,-1.000000000000011,SL,5,1.4984644065614923
2022-04-03 19:25:00,2022-04-03 19:35:00,long,27661.419,27637.38203865666,27637.38203865666,27708.126592592595,20.03080111945323,-0.9999999999999692,SL,2,0.498464406561523
2022-04-03 19:40:00,2022-04-03 19:45:00,long,27643.999,27619.245930003162,27619.245930003162,27700.099793650792,20.62755833069925,-0.9999999999999328,SL,1,-0.5015355934384098
2022-04-03 21:05:00,2022-04-03 21:20:00,long,27588.519,27671.168912280693,27539.527903534574,27671.168912280693,40.82591372118823,1.6870394468313354,VWAP,3,1.1855038533929256
2022-04-04 02:00:00,2022-04-04 02:05:00,short,27747.319,27772.576574842537,27772.576574842537,27690.095933333334,21.047979035447156,-1.0000000000000162,SL,1,0.18550385339290942
2022-04-04 02:10:00,2022-04-04 02:45:00,short,27765.319,27792.37072524688,27792.37072524688,27695.024555555552,22.543104372400887,-1.000000000000023,SL,7,-0.8144961466071137
2022-04-04 03:15:00,2022-04-04 04:05:00,long,27670.369,27640.79472429732,27640.79472429732,27717.360083333333,24.645229752230907,-1.0000000000000402,SL,10,-1.8144961466071539
2022-04-04 04:10:00,2022-04-04 04:40:00,long,27650.419,27709.208281045758,27620.75185950456,27709.208281045758,24.722617079536562,1.9816295087416538,VWAP,6,0.16713336213449992
2022-04-04 05:10:00,2022-04-04 06:10:00,short,27750.999,27760.519,27777.63878204311,27705.99175132276,22.19981836925781,-0.35736028112372914,TIMEOUT,12,-0.19022691898922922
2022-04-04 06:15:00,2022-04-04 07:15:00,short,27770.319,27740.519,27792.619607596203,27712.4019385965,18.583839663502967,1.3362864608707974,TIMEOUT,12,1.1460595418815682
2022-04-04 07:55:00,2022-04-04 08:55:00,short,27755.369,27730.519,27772.644095644915,27719.461291666685,14.395913037430336,1.4384869705373373,TIMEOUT,12,2.5845465124189055
2022-04-04 09:15:00,2022-04-04 09:25:00,short,27765.419,27780.63755338251,27780.63755338251,27723.29530952383,12.682127818754312,-1.0000000000001066,SL,2,1.584546512418799
2022-04-04 09:50:00,2022-04-04 09:55:00,short,27835.519,27859.574478809864,27859.574478809864,27726.994686274535,20.04623234155361,-0.999999999999962,SL,1,0.5845465124188369
2022-04-04 10:00:00,2022-04-04 10:10:00,short,27885.469,27913.272958769732,27913.272958769732,27729.38365564741,23.169965641441635,-1.0000000000000464,SL,2,-0.4154534875812095
2022-04-05 03:10:00,2022-04-05 03:30:00,short,27825.519,27851.343128164564,27851.343128164564,27780.107717948722,21.52010680380437,-0.9999999999999585,SL,4,-1.415453487581168
2022-04-05 05:45:00,2022-04-05 06:25:00,long,27738.419,27713.205507788232,27713.205507788232,27802.52095238096,21.011243509809134,-0.9999999999999356,SL,8,-2.415453487581104
2022-04-05 08:10:00,2022-04-05 08:45:00,long,27725.999,27707.67464127153,27707.67464127153,27782.535835016843,15.270298940391275,-1.0000000000000553,SL,7,-3.415453487581159
2022-04-05 19:50:00,2022-04-05 20:00:00,long,27500.319,27478.385580052178,27478.385580052178,27670.976018348625,18.277849956518796,-0.99999999999996,SL,2,-4.415453487581119
2022-04-05 20:05:00,2022-04-05 20:10:00,long,27445.469,27417.611854363935,27417.611854363935,27668.2251387632,23.214288030055453,-0.9999999999999797,SL,1,-5.4154534875810985
2022-04-06 03:45:00,2022-04-06 04:00:00,long,27320.999,27287.4464697072,27287.4464697072,27376.853057971017,27.96044191066799,-0.9999999999999507,SL,3,-6.415453487581049
2022-04-06 15:30:00,2022-04-06 18:10:00,long,27103.469,27088.419,27044.474864549247,27219.67438324421,49.161779542295996,-0.2551101034875258,TIMEOUT,12,-6.670563591068574
2022-04-06 18:55:00,2022-04-06 19:10:00,long,27098.369,27071.609683239698,27071.609683239698,27208.610201923082,22.29943063358302,-1.0000000000000462,SL,3,-7.67056359106862
2022-04-06 19:40:00,2022-04-06 19:55:00,long,27020.369,26996.7160021976,26996.7160021976,27202.77015207374,19.710831501999014,-0.9999999999999357,SL,3,-8.670563591068555
2022-04-06 20:00:00,2022-04-06 20:05:00,long,26955.999,26924.22768840498,26924.22768840498,27199.107793363506,26.47609299585048,-1.0000000000000122,SL,1,-9.670563591068568
2022-04-06 20:10:00,2022-04-06 20:15:00,long,26885.469,26848.200675206335,26848.200675206335,27196.591974588948,31.0569373280547,-1.0000000000000007,SL,1,-10.670563591068568
2022-04-06 20:20:00,2022-04-06 21:20:00,long,26835.369,26885.369,26793.856515866686,27193.5292962963,34.593736777761514,1.2044569493704413,TIMEOUT,12,-9.466106641698126
2022-04-06 23:30:00,2022-04-07 00:30:00,long,26860.469,26875.319,26828.256583135808,27144.453993662864,26.8436807201611,0.46100235392475347,TIMEOUT,12,-9.005104287773372
2022-04-07 00:50:00,2022-04-07 01:50:00,short,26925.369,26938.519,26955.553016648148,26873.515363636365,25.153347206791317,-0.43566103720684274,TIMEOUT,12,-9.440765324980216
2022-04-07 03:05:00,2022-04-07 03:15:00,short,26968.519,26998.427471389445,26998.427471389445,26911.097596491232,24.92372615787026,-1.0000000000000049,SL,2,-10.440765324980221
2022-04-07 05:40:00,2022-04-07 06:05:00,short,27058.469,27085.065477749828,27085.065477749828,26943.102768115954,22.163731458188682,-1.0000000000000064,SL,5,-11.440765324980228
2022-04-07 12:45:00,2022-04-07 13:15:00,long,26913.419,26979.348610389618,26878.881944219953,26979.348610389618,28.780879816708566,1.9089528305333692,VWAP,6,-9.531812494446859
2022-04-07 13:30:00,2022-04-07 14:05:00,short,27045.369,27082.372924233565,27082.372924233565,26978.440676891616,30.836603527972777,-0.9999999999999658,SL,7,-10.531812494446825
2022-04-07 14:50:00,2022-04-07 15:00:00,short,27123.319,27161.60701228244,27161.60701228244,26985.232780260703,31.906676902030995,-1.0000000000000475,SL,2,-11.531812494446873
2022-04-07 15:05:00,2022-04-07 15:15:00,short,27178.269,27216.93393986316,27216.93393986316,26988.134164835163,32.22078321930118,-0.9999999999999587,SL,2,-12.531812494446832
2022-04-07 19:10:00,2022-04-07 19:30:00,short,27060.469,27082.216530222773,27082.216530222773,27001.83097472354,18.122941852309843,-1.000000000000017,SL,4,-13.53181249444685
2022-04-07 19:35:00,2022-04-07 19:45:00,short,27088.269,27107.77344180811,27107.77344180811,27003.593984567906,16.253701506756475,-1.0000000000000542,SL,2,-14.531812494446903
2022-04-07 21:25:00,2022-04-07 21:35:00,long,26905.269,26852.347867567336,26852.347867567336,27005.140260504206,44.10094369388771,-0.9999999999999822,SL,2,-15.531812494446886
2022-04-07 21:40:00,2022-04-07 22:00:00,long,26823.999,26766.65481196991,26766.65481196991,27003.279152143852,47.78682335840804,-0.999999999999986,SL,4,-16.53181249444687
2022-04-08 02:00:00,2022-04-08 02:15:00,short,26993.269,27025.180281840872,27025.180281840872,26909.674333333332,26.592734867394803,-0.9999999999999482,SL,3,-17.531812494446818
2022-04-08 02:25:00,2022-04-08 03:25:00,short,27058.269,27092.192234508955,27092.192234508955,26928.213,28.269362090795084,-1.000000000000024,SL,12,-18.531812494446843
2022-04-08 03:35:00,2022-04-08 04:05:00,short,27118.519,27151.058517092093,27151.058517092093,26972.663545454547,27.116264243411173,-0.9999999999999835,SL,6,-19.531812494446825
2022-04-08 07:10:00,2022-04-08 08:10:00,short,27123.369,27100.369,27144.9853013714,27042.052524904208,18.01358447616625,1.064011812420013,TIMEOUT,12,-18.467800682026812
2022-04-08 09:40:00,2022-04-08 10:00:00,long,27023.519,27000.507701393475,27000.507701393475,27053.28959829059,19.17608217210399,-1.000000000000013,SL,4,-19.467800682026827
2022-04-08 10:35:00,2022-04-08 11:00:00,short,27113.419,27147.35522799262,27147.35522799262,27052.574104166655,28.280189993847493,-1.0000000000000062,SL,5,-20.467800682026834
2022-04-08 13:50:00,2022-04-08 14:20:00,long,27023.419,27061.595407185625,27001.990115908353,27061.595407185625,17.85740340970799,1.7815396743174245,VWAP,6,-18.68626100770941
2022-04-08 14:30:00,2022-04-08 14:55:00,long,26998.999,27060.526561904757,26973.519446505597,27060.526561904757,21.23296124533629,2.414781794283453,VWAP,5,-16.271479213425955
2022-04-08 15:55:00,2022-04-10 18:40:00,long,26978.519,26988.419,26944.522497441147,27058.07021527777,28.33041879904414,0.2912064258040395,TIMEOUT,12,-15.980272787621915
2022-04-10 19:20:00,2022-04-10 19:35:00,long,26980.369,26961.761907273078,26961.761907273078,27005.70879166667,15.50591060576663,-1.000000000000062,SL,3,-16.980272787621978
2022-04-10 19:40:00,2022-04-10 19:45:00,long,26945.999,26926.526912344503,26926.526912344503,26997.35016666667,16.226739712913687,-1.000000000000008,SL,1,-17.980272787621985
2022-04-10 20:00:00,2022-04-10 20:05:00,long,26853.369,26822.950318421266,26822.950318421266,26983.410666666674,25.348901315611364,-0.9999999999999627,SL,1,-18.98027278762195
2022-04-10 20:10:00,2022-04-10 21:10:00,long,26765.269,26935.319,26726.323402108133,26969.12733333334,32.454664909889495,4.366347140751151,TIMEOUT,12,-14.613925646870797
2022-04-10 21:45:00,2022-04-10 22:00:00,long,26858.369,26807.02233571902,26807.02233571902,26941.343222222225,42.78888690081774,-0.999999999999973,SL,3,-15.61392564687077
2022-04-10 22:20:00,2022-04-10 23:20:00,long,26791.369,26828.419,26742.209005303528,26927.11412820513,40.9666622470594,0.753661594732889,TIMEOUT,12,-14.86026405213788
2022-04-11 03:35:00,2022-04-11 04:20:00,short,26918.999,26799.038242424245,26959.381484867856,26799.038242424245,33.652070723212304,2.9706135709158805,VWAP,9,-11.889650481222
2022-04-11 05:40:00,2022-04-11 05:50:00,short,26876.519,26907.249185021665,26907.249185021665,26817.32842028986,25.608487518052318,-1.0000000000000564,SL,2,-12.889650481222057
2022-04-11 05:55:00,2022-04-11 06:55:00,short,26901.469,26933.036166360274,26933.036166360274,26820.194601851854,26.305971966895566,-0.9999999999999597,SL,12,-13.889650481222017
2022-04-11 07:00:00,2022-04-11 08:00:00,short,26956.319,26916.369,26984.20162990272,26833.507431372556,23.235524918933017,1.432791674938241,TIMEOUT,12,-12.456858806283776
2022-04-11 15:30:00,2022-04-11 15:35:00,long,26796.269,26766.975350204833,26766.975350204833,26859.973242424254,24.411374829305217,-1.0000000000000204,SL,1,-13.456858806283797
2022-04-11 15:45:00,2022-04-11 15:55:00,long,26751.419,26720.162804446074,26720.162804446074,26858.510701754396,26.0468296282738,-0.9999999999999719,SL,2,-14.456858806283769
2022-04-11 18:55:00,2022-04-11 19:15:00,long,26716.269,26695.558860929406,26695.558860929406,26848.9826097561,17.25844922549639,-0.9999999999999132,SL,4,-15.456858806283682
2022-04-11 19:20:00,2022-04-11 19:35:00,long,26681.469,26661.338485597633,26661.338485597633,26845.507587301585,16.775428668639094,-1.0000000000000606,SL,3,-16.456858806283744
2022-04-11 19:40:00,2022-04-11 19:50:00,long,26616.369,26593.30071746548,26593.30071746548,26841.920775700935,19.223568778764356,-1.0000000000000115,SL,2,-17.456858806283755
2022-04-11 19:55:00,2022-04-11 20:00:00,long,26563.519,26533.843327285595,26533.843327285595,26838.45529953917,24.729727262006207,-0.9999999999999399,SL,1,-18.456858806283694
2022-04-12 08:30:00,2022-04-12 08:40:00,short,26546.469,26572.421754783758,26572.421754783758,26396.72586084142,21.62729565313177,-0.9999999999999557,SL,2,-19.456858806283652
2022-04-12 08:45:00,2022-04-12 09:45:00,short,26631.319,26516.419,26664.11635505099,26401.95494339622,27.33112920915829,3.5033312845308147,TIMEOUT,12,-15.953527521752838
2022-04-12 09:55:00,2022-04-12 10:55:00,short,26596.999,26471.269,26642.041269693214,26420.585055555555,37.53522474434439,2.7913779846432543,TIMEOUT,12,-13.162149537109583
2022-04-12 11:35:00,2022-04-12 12:25:00,short,26561.269,26433.495809523807,26603.757553062074,26433.495809523807,35.407127551729886,3.007237979827561,VWAP,10,-10.154911557282022
2022-04-12 13:55:00,2022-04-12 14:15:00,long,26381.519,26341.109073537365,26341.109073537365,26440.434198412702,33.67493871886305,-0.9999999999999778,SL,4,-11.154911557281999
2022-04-12 14:30:00,2022-04-12 15:10:00,long,26311.519,26272.677538368087,26272.677538368087,26437.23452380952,32.367884693260386,-1.0000000000000207,SL,8,-12.15491155728202
2022-04-12 15:15:00,2022-04-12 16:15:00,long,26266.999,26311.419,26228.058764024518,26431.36938043479,32.45019664623624,1.1407224144190709,TIMEOUT,12,-11.01418914286295
2022-04-12 20:25:00,2022-04-12 20:35:00,short,26526.419,26570.168460541227,26570.168460541227,26418.61532132133,36.45788378435521,-0.9999999999999677,SL,2,-12.014189142862918
2022-04-12 20:50:00,2022-04-12 21:35:00,short,26636.469,26683.54949737597,26683.54949737597,26422.045607929525,39.23374781330817,-0.999999999999995,SL,9,-13.014189142862913
2022-04-13 07:25:00,2022-04-13 07:40:00,long,26751.369,26724.72471629191,26724.72471629191,26800.867518518513,22.203569756743438,-0.9999999999999342,SL,3,-14.014189142862847
2022-04-13 07:45:00,2022-04-13 07:55:00,long,26716.269,26690.114035220042,26690.114035220042,26798.191978723396,21.79580398329722,-1.0000000000000662,SL,2,-15.014189142862913
2022-04-13 08:00:00,2022-04-13 08:30:00,long,26681.519,26654.836540225377,26654.836540225377,26794.96374226803,22.23538314551905,-1.0000000000000264,SL,6,-16.01418914286294
2022-04-13 11:20:00,2022-04-13 11:35:00,short,26876.999,26911.458471798906,26911.458471798906,26782.30354987834,28.716226499089522,-0.9999999999999507,SL,3,-17.01418914286289
2022-04-13 12:45:00,2022-04-13 13:45:00,short,26906.419,26876.319,26932.906795866085,26792.91369696969,22.0731632217364,1.1363723939953703,TIMEOUT,12,-15.87781674886752
2022-04-13 14:50:00,2022-04-13 15:25:00,short,26911.269,26932.53865606327,26932.53865606327,26806.673450651757,17.724713386058397,-0.9999999999999252,SL,7,-16.877816748867446
2022-04-13 15:45:00,2022-04-13 18:35:00,short,26971.269,26931.419,26993.537092166247,26813.995649122793,18.556743471871016,1.7895560922998432,TIMEOUT,12,-15.088260656567602
2022-04-13 18:45:00,2022-04-13 19:55:00,short,26958.999,26888.999,26978.35698968625,26822.49172875816,16.131658071876352,3.6160779675234154,TIMEOUT,12,-11.472182689044187
2022-04-13 20:05:00,2022-04-13 20:10:00,short,27016.269,27050.35010211819,27050.35010211819,26828.571492354728,28.400918431824785,-1.0000000000000298,SL,1,-12.472182689044217
2022-04-13 20:15:00,2022-04-13 20:35:00,short,27128.319,27172.168378867213,27172.168378867213,26830.70633333332,36.54114905601223,-0.9999999999999639,SL,4,-13.472182689044182
2022-04-14 04:30:00,2022-04-14 05:30:00,long,27111.369,27131.269,27084.84848127677,27152.83306060605,22.100432269355963,0.7503623970436397,TIMEOUT,12,-12.721820292000542
2022-04-14 09:35:00,2022-04-14 10:10:00,short,27286.469,27151.840206896548,27318.352287442536,27151.840206896548,26.569406202112773,4.222550555556749,VWAP,7,-8.499269736443793
2022-04-14 11:50:00,2022-04-14 11:55:00,long,27076.369,27038.720071721636,27038.720071721636,27149.00263636363,31.374106898633997,-1.0000000000000397,SL,1,-9.499269736443832
2022-04-14 12:00:00,2022-04-14 12:45:00,long,26991.319,26950.261587351823,26950.261587351823,27147.105068965513,34.21451054014878,-0.9999999999999621,SL,9,-10.499269736443795
2022-04-14 14:55:00,2022-04-14 15:40:00,long,26956.369,26924.807735469192,26924.807735469192,27118.51170370371,26.301053775673378,-0.9999999999999512,SL,9,-11.499269736443747
2022-04-14 16:10:00,2022-04-17 18:50:00,long,26898.419,26901.469,26866.839505007374,27104.619239316242,26.31624582719105,0.09658165846892583,TIMEOUT,12,-11.40268807797482
2022-04-18 03:35:00,2022-04-18 03:40:00,long,26691.419,26670.902301587983,26670.902301587983,26734.266196969696,17.097248676683314,-0.9999999999999397,SL,1,-12.40268807797476
2022-04-18 04:05:00,2022-04-18 05:00:00,short,26786.319,26731.82666666667,26811.862850470658,26731.82666666667,21.286542058880237,2.13328579400849,VWAP,11,-10.26940228396627
2022-04-18 07:10:00,2022-04-18 07:15:00,short,26791.419,26806.695108794214,26806.695108794214,26739.085551724136,12.730090661842427,-1.0000000000001126,SL,1,-11.269402283966382
2022-04-18 09:30:00,2022-04-18 09:35:00,short,26803.319,26824.97427854094,26824.97427854094,26750.26172463768,18.04606545078412,-0.9999999999999722,SL,1,-12.269402283966354
2022-04-18 09:40:00,2022-04-18 09:45:00,short,26851.269,26881.245030986833,26881.245030986833,26751.77213390313,24.98002582235968,-1.000000000000029,SL,1,-13.269402283966382
2022-04-18 09:50:00,2022-04-18 10:25:00,short,26861.419,26894.392577738647,26894.392577738647,26753.59110084033,27.477981448871347,-0.9999999999999801,SL,7,-14.269402283966363
2022-04-18 13:35:00,2022-04-18 13:40:00,short,26918.319,26950.360839933597,26950.360839933597,26779.6152804878,26.701533277997697,-1.000000000000013,SL,1,-15.269402283966375
2022-04-18 16:15:00,2022-04-18 19:05:00,short,26936.369,26966.519,26982.248172006082,26803.968999999997,38.23264333840442,-0.657160944317008,TIMEOUT,12,-15.926563228283383
2022-04-18 19:50:00,2022-04-18 20:00:00,short,27053.519,27085.53520006413,27085.53520006413,26818.632840245766,26.68016672010678,-1.0000000000000113,SL,2,-16.926563228283396
2022-04-18 21:40:00,2022-04-18 22:30:00,short,26923.469,26827.397702928858,26974.87809562563,26827.397702928858,42.84091302135887,1.8687606911187398,VWAP,10,-15.057802537164656
2022-04-18 23:20:00,2022-04-18 23:25:00,short,26911.519,26948.71465812741,26948.71465812741,26830.81479150578,30.996381772842113,-0.9999999999999815,SL,1,-16.057802537164637
2022-04-18 23:30:00,2022-04-19 00:10:00,short,26936.419,26973.8835419568,26973.8835419568,26831.599983397184,31.220451630664808,-0.9999999999999767,SL,8,-17.057802537164612
2022-04-19 03:15:00,2022-04-19 04:00:00,long,26928.519,26988.623500000005,26891.914307301864,26988.623500000005,30.50391058177958,1.6419889246349668,VWAP,9,-15.415813612529645
2022-04-19 05:15:00,2022-04-19 05:30:00,long,26913.469,26878.395550777932,26878.395550777932,26982.02217708334,29.227874351723028,-1.00000000000004,SL,3,-16.415813612529686
2022-04-19 07:40:00,2022-04-19 08:05:00,long,26916.319,26961.13437634409,26892.67496496728,26961.13437634409,19.70336252726911,1.8954199772613218,VWAP,5,-14.520393635268364
2022-04-19 08:25:00,2022-04-19 09:10:00,long,26911.519,26889.06585130231,26889.06585130231,26959.20014379085,18.71095724807375,-0.9999999999999977,SL,9,-15.520393635268363
2022-04-19 09:15:00,2022-04-19 09:50:00,long,26896.319,26954.975190476194,26874.30391873592,26954.975190476194,18.345901053398446,2.6643640226712986,VWAP,7,-12.856029612597064
2022-04-19 10:00:00,2022-04-19 10:10:00,short,27033.469,27071.203468496857,27071.203468496857,26953.765473829204,31.44539041404685,-0.999999999999986,SL,2,-13.85602961259705
2022-04-19 10:30:00,2022-04-19 10:45:00,short,27111.999,27149.953267735335,27149.953267735335,26959.499839895016,31.628556446112484,-0.9999999999999932,SL,3,-14.856029612597043
2022-04-19 10:50:00,2022-04-19 11:50:00,short,27151.269,27148.369,27186.58258196556,26964.879788804075,29.427984971299008,0.08212137762829648,TIMEOUT,12,-14.773908234968747
2022-04-20 00:45:00,2022-04-20 01:45:00,short,27235.419,27220.999,27268.32175425519,27180.140333333333,27.418961879323902,0.43826118288343274,TIMEOUT,12,-14.335647052085314
2022-04-20 04:10:00,2022-04-20 04:40:00,long,27160.269,27199.325862745092,27131.89539152704,27199.325862745092,23.64467372746662,1.376520818009922,VWAP,6,-12.959126234075391
2022-04-20 07:50:00,2022-04-20 08:00:00,short,27280.419,27302.169371855296,27302.169371855296,27213.887807017545,18.125309879410825,-1.000000000000063,SL,2,-13.959126234075455
2022-04-20 11:25:00,2022-04-20 11:35:00,long,27190.419,27233.593806763296,27155.987036870334,27233.593806763296,28.693302608055575,1.2539165019636878,VWAP,2,-12.705209732111769
2022-04-20 12:15:00,2022-04-20 12:55:00,long,27180.269,27232.681792792806,27147.744572609186,27232.681792792806,27.103689492344717,1.6114901013633034,VWAP,8,-11.093719630748465
2022-04-20 14:20:00,2022-04-20 14:30:00,long,27185.319,27155.670403276374,27155.670403276374,27231.726052023136,24.70716393635509,-0.9999999999999901,SL,2,-12.093719630748454
2022-04-20 14:35:00,2022-04-20 14:55:00,long,27140.519,27110.813822521206,27110.813822521206,27230.52301515153,24.754314565660454,-1.0000000000000562,SL,4,-13.093719630748511
2022-04-20 19:40:00,2022-04-20 19:45:00,short,27270.419,27290.134466851887,27290.134466851887,27226.52718604653,16.42955570990377,-1.000000000000031,SL,1,-14.093719630748542
2022-04-20 19:50:00,2022-04-20 20:05:00,short,27297.469,27320.630805601882,27320.630805601882,27227.12211827958,19.30150466823326,-1.0000000000000684,SL,3,-15.093719630748609
2022-04-20 20:10:00,2022-04-20 20:20:00,short,27357.369,27388.833489946774,27388.833489946774,27228.552288084476,26.220408288978618,-1.0000000000000162,SL,2,-16.093719630748627
2022-04-20 20:25:00,2022-04-20 21:25:00,short,27445.369,27430.519,27485.193194028085,27230.85545833334,33.18682835673698,0.3728889023975273,TIMEOUT,12,-15.7208307283511
2022-04-22 04:00:00,2022-04-22 05:00:00,short,27210.319,27175.269,27249.712087817254,27093.080564625852,32.82757318104414,0.8897500029091004,TIMEOUT,12,-14.831080725442
2022-04-22 05:15:00,2022-04-22 06:00:00,short,27195.419,27115.982489583337,27228.429448000265,27115.982489583337,27.508706666884315,2.4064050998652315,VWAP,9,-12.424675625576768
2022-04-22 09:40:00,2022-04-22 09:45:00,long,27075.469,27039.55935514043,27039.55935514043,27132.41025356126,29.92470404964091,-1.0000000000000282,SL,1,-13.424675625576796
2022-04-22 10:20:00,2022-04-22 10:45:00,long,27030.369,26975.769223447995,26975.769223447995,27130.852573333334,45.499813793337985,-0.9999999999999745,SL,5,-14.424675625576771
2022-04-22 10:50:00,2022-04-22 11:45:00,long,26985.419,26933.854870223717,26933.854870223717,27125.005055979644,42.9701081469042,-0.9999999999999987,SL,11,-15.42467562557677
2022-04-22 12:10:00,2022-04-22 13:10:00,long,26922.999,26935.519,26879.894952875202,27109.35026984127,35.9200392706639,0.29045996455395473,TIMEOUT,12,-15.134215661022814
2022-04-22 13:25:00,2022-04-22 13:55:00,long,26875.269,26837.298831996126,26837.298831996126,27094.22570781894,31.641806669894287,-1.00000000000003,SL,6,-16.134215661022843
2022-04-25 02:50:00,2022-04-25 02:55:00,long,26533.419,26495.282050083857,26495.282050083857,26603.601095238093,31.780791596787356,-0.9999999999999956,SL,1,-17.13421566102284
2022-04-25 03:00:00,2022-04-25 03:20:00,long,26495.319,26598.0926036036,26456.055711551893,26598.0926036036,32.71940704008726,2.6175495651475766,VWAP,4,-14.516666095875262
2022-04-25 04:40:00,2022-04-25 04:50:00,long,26518.519,26470.391556989904,26470.391556989904,26582.332567251462,40.106202508414334,-0.9999999999999878,SL,2,-15.51666609587525
2022-04-25 05:25:00,2022-04-25 06:25:00,long,26463.469,26513.999,26418.726321998947,26567.939000000006,37.285565000878805,1.1293467949953258,TIMEOUT,12,-14.387319300879923
2022-04-25 06:40:00,2022-04-25 07:25:00,long,26478.419,26556.730069958852,26439.036462334912,26556.730069958852,32.81878138757592,1.9884719117088774,VWAP,9,-12.398847389171046
2022-04-25 11:00:00,2022-04-25 11:50:00,long,26483.469,26419.70145314094,26419.70145314094,26565.33030325813,53.13962238255133,-0.9999999999999832,SL,10,-13.39884738917103
2022-04-25 14:25:00,2022-04-25 14:35:00,short,26663.319,26722.894213992186,26722.894213992186,26556.618042145583,49.64601166015636,-0.9999999999999732,SL,2,-14.398847389171003
2022-04-25 14:55:00,2022-04-25 15:55:00,short,26755.319,26783.999,26812.536921953546,26561.77392592591,47.681601627955054,-0.5012415519613755,TIMEOUT,12,-14.900088941132378
2022-04-25 23:25:00,2022-04-26 00:25:00,short,26779.319,26779.519,26815.72419047425,26619.856217948698,30.337658728542035,-0.005493722114767907,TIMEOUT,12,-14.905582663247145
2022-04-26 01:20:00,2022-04-26 02:00:00,long,26719.269,26690.044688040438,26690.044688040438,26769.83782352941,24.353593299634568,-1.000000000000029,SL,8,-15.905582663247174
2022-04-26 02:05:00,2022-04-26 02:15:00,long,26676.319,26641.847292894014,26641.847292894014,26755.987205128207,28.72642258832006,-1.0000000000000515,SL,2,-16.905582663247223
2022-04-26 02:20:00,2022-04-26 03:10:00,long,26639.469,26604.317483778483,26604.317483778483,26745.543137931036,29.29293018459897,-0.9999999999999855,SL,10,-17.90558266324721
2022-04-26 03:15:00,2022-04-26 03:30:00,long,26559.369,26521.110897424544,26521.110897424544,26713.153416666668,31.881752146212055,-1.000000000000021,SL,3,-18.90558266324723
2022-04-26 22:15:00,2022-04-26 23:15:00,long,26189.469,26276.419,26136.59284303309,26384.272481182794,44.063464139093774,1.644408462861816,TIMEOUT,12,-17.261174200385415
2022-04-26 23:30:00,2022-04-27 00:30:00,long,26264.419,26336.519,26222.056606211114,26376.066794676808,35.30199482407305,1.7019812515625956,TIMEOUT,12,-15.559192948822819
2022-04-27 06:00:00,2022-04-27 07:00:00,short,26544.999,26524.319,26585.189914438735,26394.758178082186,33.492428698946355,0.5145441522989858,TIMEOUT,12,-15.044648796523834
2022-04-27 09:45:00,2022-04-27 09:50:00,short,26499.319,26546.276748407585,26546.276748407585,26415.658463276835,39.131457006321746,-0.9999999999999833,SL,1,-16.044648796523816
2022-04-27 10:15:00,2022-04-27 11:00:00,long,26321.519,26417.87088172043,26258.014285511155,26417.87088172043,52.9205954073702,1.5172398222081172,VWAP,9,-14.5274089743157
2022-04-27 12:30:00,2022-04-27 13:30:00,short,26569.419,26544.369,26629.82278418464,26417.08683664459,50.33648682052959,0.4147091169558662,TIMEOUT,12,-14.112699857359834
2022-04-27 15:20:00,2022-04-27 18:00:00,long,26339.319,26431.690603603605,26284.066310594328,26431.690603603605,46.043907838061024,1.6718028497291797,VWAP,12,-12.440897007630655
2022-04-27 20:05:00,2022-04-27 20:15:00,long,26354.419,26431.669600600606,26309.282511701964,26431.669600600606,37.61374024836488,1.71148894195126,VWAP,2,-10.729408065679396
2022-04-28 00:50:00,2022-04-28 01:40:00,short,26797.519,26834.091369671634,26834.091369671634,26734.887181818183,30.4769747263615,-1.0000000000000075,SL,10,-11.729408065679403
2022-04-28 12:20:00,2022-04-28 12:35:00,short,27107.269,27159.156599061134,27159.156599061134,26984.823250559293,43.23966588427816,-1.000000000000006,SL,3,-12.729408065679408
2022-04-28 12:40:00,2022-04-28 12:45:00,short,27167.469,27215.823125801362,27215.823125801362,26988.978389978223,40.29510483446652,-1.000000000000026,SL,1,-13.729408065679435
2022-04-28 20:25:00,2022-04-28 21:25:00,short,27309.269,27289.369,27343.105417260947,27071.074796460194,28.197014384122053,0.5881237320882009,TIMEOUT,12,-13.141284333591233
2022-04-29 05:35:00,2022-04-29 06:30:00,long,27314.469,27282.19879410892,27282.19879410892,27374.079245098044,26.89183824256796,-0.9999999999999509,SL,11,-14.141284333591184
2022-04-29 06:35:00,2022-04-29 07:00:00,long,27264.469,27235.017757486254,27235.017757486254,27363.676208333338,24.542702094789654,-0.9999999999999895,SL,5,-15.141284333591173
2022-04-29 09:10:00,2022-04-29 09:35:00,long,27242.269,27333.19743843845,27205.967471333755,27333.19743843845,30.25127388853739,2.5048101768507176,VWAP,5,-12.636474156740455
2022-04-29 10:00:00,2022-04-29 10:20:00,short,27432.419,27331.661947658406,27482.606574451405,27331.661947658406,41.8229787095017,2.0076095217385306,VWAP,4,-10.628864635001925
2022-04-29 10:30:00,2022-04-29 10:50:00,long,27247.999,27191.285390257486,27191.285390257486,27333.166611548557,47.261341452093625,-1.000000000000023,SL,4,-11.628864635001948
2022-04-29 10:55:00,2022-04-29 11:55:00,long,27157.269,27212.419,27103.468208488044,27328.696575757574,44.833992926630984,1.025077855736461,TIMEOUT,12,-10.603786779265487
2022-04-29 12:00:00,2022-04-29 12:10:00,long,27164.519,27111.782300662115,27111.782300662115,27316.777551724143,43.94724944823934,-0.9999999999999678,SL,2,-11.603786779265455
2022-04-29 12:20:00,2022-04-29 12:55:00,long,27097.519,27047.835877192072,27047.835877192072,27311.4023557047,41.40260233994088,-0.999999999999982,SL,7,-12.603786779265437
2022-05-01 23:40:00,2022-05-02 00:40:00,short,26804.469,26850.014122923294,26850.014122923294,26711.75257487923,37.9542691027433,-1.0000000000000249,SL,12,-13.603786779265462
2022-05-02 01:10:00,2022-05-02 01:55:00,short,26922.519,26845.64055555556,26955.875364761923,26845.64055555556,27.79697063493722,2.3047608752676076,VWAP,9,-11.299025903997855
2022-05-02 04:00:00,2022-05-02 05:00:00,long,26727.369,26742.469,26671.982742399257,26857.21634693877,46.155214667283026,0.27263080507899373,TIMEOUT,12,-11.026395098918861
2022-05-02 07:10:00,2022-05-02 07:20:00,long,26782.999,26748.72901080624,26748.72901080624,26827.105475095792,28.558324328132844,-0.9999999999999909,SL,2,-12.026395098918853
2022-05-02 07:40:00,2022-05-02 07:55:00,long,26719.269,26687.074285094015,26687.074285094015,26821.98064874552,26.828929088319583,-1.000000000000052,SL,3,-13.026395098918904
2022-05-02 11:05:00,2022-05-02 12:05:00,long,26714.319,26689.519,26650.315160073933,26797.670169154226,53.336533271722686,-0.38747675184249114,TIMEOUT,12,-13.413871850761396
2022-05-02 12:45:00,2022-05-02 13:05:00,long,26692.999,26629.56149293878,26629.56149293878,26787.746965367965,52.86458921768085,-1.0000000000000255,SL,4,-14.41387185076142
2022-05-02 13:50:00,2022-05-02 14:45:00,long,26614.519,26562.434387593843,26562.434387593843,26778.148341317356,43.40384367179773,-0.9999999999999994,SL,11,-15.41387185076142
2022-05-03 02:15:00,2022-05-03 03:05:00,long,26922.319,26900.869513380763,26900.869513380763,26976.23995238095,17.87457218269542,-1.0000000000000824,SL,10,-16.413871850761502
2022-05-03 06:10:00,2022-05-03 06:25:00,long,26929.419,26900.893267070325,26900.893267070325,26971.472511111115,23.77144410806292,-1.0000000000000333,SL,3,-17.413871850761534
2022-05-03 06:30:00,2022-05-03 06:45:00,long,26867.999,26837.492440279973,26837.492440279973,26968.046848101265,25.42213310002063,-1.0000000000000544,SL,3,-18.413871850761588
2022-05-03 06:50:00,2022-05-03 07:50:00,long,26822.999,26882.519,26791.881084439723,26962.265465863453,25.931596300231483,1.9127245166761138,TIMEOUT,12,-16.501147334085474
2022-05-03 09:10:00,2022-05-03 09:30:00,long,26897.419,26871.18485935724,26871.18485935724,26943.252093093095,21.861783868969937,-0.9999999999999348,SL,4,-17.50114733408541
2022-05-03 11:25:00,2022-05-03 12:10:00,short,27032.519,26937.9035652174,27086.144799456884,26937.9035652174,44.68816621406891,1.7643640885703906,VWAP,9,-15.736783245515019
2022-05-03 13:15:00,2022-05-03 14:15:00,short,27069.519,26977.519,27121.405756326058,26946.197166666672,43.23896360504781,1.773092143626598,TIMEOUT,12,-13.96369110188842
2022-05-03 18:30:00,2022-05-03 19:40:00,short,27114.419,27047.369,27153.304078622506,26968.9411182266,32.40423218542002,1.7243118022448578,TIMEOUT,12,-12.239379299643563
2022-05-03 20:20:00,2022-05-03 21:20:00,short,27149.999,27149.319,27182.85238638373,26980.725128550075,27.37782198644054,0.02069801852563594,TIMEOUT,12,-12.218681281117927
2022-05-04 03:25:00,2022-05-04 04:25:00,long,27044.369,27057.999,27015.976390458916,27114.41304761904,23.660507950901753,0.48005450081224027,TIMEOUT,12,-11.738626780305687
2022-05-04 05:05:00,2022-05-04 05:20:00,long,27042.269,27015.27604922287,27015.27604922287,27097.18416129031,22.494125647609643,-0.9999999999999536,SL,3,-12.73862678030564
2022-05-04 15:00:00,2022-05-04 15:10:00,short,27164.319,27241.38224901642,27241.38224901642,27017.967471454875,64.21937418035165,-0.9999999999999839,SL,2,-13.738626780305625
2022-05-04 23:20:00,2022-05-05 00:20:00,short,27399.519,27407.519,27418.570949419573,27132.00076923077,15.876624516310816,-0.4199045370014062,TIMEOUT,12,-14.15853131730703
2022-05-05 00:50:00,2022-05-05 01:20:00,short,27434.999,27447.936961187515,27447.936961187515,27412.27809090909,10.781634322930294,-0.9999999999999427,SL,6,-15.158531317306974
2022-05-05 02:30:00,2022-05-05 03:05:00,long,27399.269,27427.80297849463,27381.088095230607,27427.80297849463,15.15075397449429,1.5694476626194007,VWAP,7,-13.589083654687572
2022-05-05 03:20:00,2022-05-05 03:35:00,long,27374.319,27349.677348698253,27349.677348698253,27422.816886178873,20.53470941812189,-1.0000000000000138,SL,3,-14.589083654687586
2022-05-05 03:40:00,2022-05-05 04:10:00,long,27349.519,27322.369312192077,27322.369312192077,27417.36440740742,22.624739839936048,-1.0000000000000027,SL,6,-15.589083654687588
2022-05-05 04:40:00,2022-05-05 04:45:00,long,27317.999,27288.83023624274,27288.83023624274,27403.577830409373,24.307303131049913,-1.0000000000000493,SL,1,-16.589083654687638
2022-05-05 08:25:00,2022-05-05 08:30:00,long,27349.269,27381.474424836604,27325.190746750635,27381.474424836604,20.06521104113636,1.3375316100828487,VWAP,1,-15.25155204460479
2022-05-05 09:00:00,2022-05-05 09:05:00,long,27339.419,27315.156768515313,27315.156768515313,27380.236889908258,20.21852623723921,-1.0000000000000608,SL,1,-16.25155204460485
2022-05-05 09:25:00,2022-05-05 09:35:00,long,27287.319,27260.322520827176,27260.322520827176,27376.812888888886,22.49706597735208,-1.0000000000000357,SL,2,-17.251552044604885
2022-05-05 09:45:00,2022-05-05 09:55:00,long,27222.999,27187.277666345923,27187.277666345923,27373.256457627114,29.767778045063118,-1.00000000000004,SL,2,-18.251552044604924
2022-05-05 10:00:00,2022-05-05 10:05:00,long,27162.519,27125.18065960714,27125.18065960714,27368.721865013773,31.11528366071559,-1.000000000000038,SL,1,-19.251552044604963
2022-05-05 10:10:00,2022-05-05 10:15:00,long,27072.519,27028.162818742894,27028.162818742894,27364.25057181572,36.96348438092318,-0.9999999999999607,SL,1,-20.251552044604924
2022-05-06 02:10:00,2022-05-06 02:15:00,short,27075.419,27115.829274384185,27115.829274384185,27003.689987654314,33.67522865348522,-1.0000000000000215,SL,1,-21.251552044604946
2022-05-06 02:20:00,2022-05-06 03:05:00,short,27108.469,27009.86785057471,27150.43326719861,27009.86785057471,34.97022266550522,2.349645448558371,VWAP,9,-18.901906596046576
2022-05-06 03:35:00,2022-05-06 03:45:00,long,26948.469,26904.215638404414,26904.215638404414,27023.025590909085,36.8778013296553,-1.0000000000000189,SL,2,-19.901906596046594
2022-05-06 05:25:00,2022-05-06 06:25:00,long,26933.419,26968.369,26886.490011506943,27010.894858585867,39.107490410882214,0.7447422397601133,TIMEOUT,12,-19.15716435628648
2022-05-06 07:00:00,2022-05-06 07:20:00,long,26933.419,26899.97297203967,26899.97297203967,26999.84727450982,27.87168996694218,-0.9999999999999802,SL,4,-20.157164356286458
2022-05-06 08:55:00,2022-05-06 09:05:00,long,26920.269,26879.739336599698,26879.739336599698,26989.49992592594,33.77471950025117,-1.0000000000000275,SL,2,-21.157164356286486
2022-05-06 09:10:00,2022-05-06 09:35:00,long,26893.369,26852.615548655078,26852.615548655078,26987.03170270272,33.96120945410051,-1.000000000000007,SL,5,-22.157164356286494
2022-05-06 09:40:00,2022-05-06 09:45:00,long,26800.469,26752.199483890545,26752.199483890545,26981.763900284917,40.224596757879404,-1.0000000000000182,SL,1,-23.15716435628651
2022-05-06 09:50:00,2022-05-06 09:55:00,long,26760.269,26706.65252947705,26706.65252947705,26978.04283753503,44.68039210245704,-1.0000000000000175,SL,1,-24.15716435628653
2022-05-06 11:40:00,2022-05-06 12:40:00,long,26833.269,26898.369,26763.29528150913,26957.165312056757,58.31143207572415,0.9303492997659341,TIMEOUT,12,-23.226815056520596
2022-05-06 14:05:00,2022-05-06 15:05:00,long,26818.999,26790.469,26754.989785508027,26944.628254901985,53.34101207664387,-0.44571707724325793,TIMEOUT,12,-23.672532133763855
2022-05-06 15:15:00,2022-05-06 15:50:00,long,26778.519,26934.126318840597,26718.423319647194,26934.126318840597,50.07973362733748,2.5893261866255606,VWAP,7,-21.083205947138296
2022-05-08 20:30:00,2022-05-08 20:35:00,long,26588.319,26536.321152288063,26536.321152288063,26710.705129032256,43.331539759945976,-1.000000000000028,SL,1,-22.083205947138325
2022-05-08 20:40:00,2022-05-08 20:50:00,long,26460.999,26403.843182330016,26403.843182330016,26698.473545454544,47.629848058320775,-0.9999999999999779,SL,2,-23.083205947138303
2022-05-09 04:35:00,2022-05-09 05:15:00,long,26261.269,26389.62185714285,26214.606578324183,26389.62185714285,38.8853513965156,2.7506685794099117,VWAP,8,-20.332537367728392
2022-05-09 05:35:00,2022-05-09 06:35:00,long,26321.269,26279.12869550319,26279.12869550319,26382.266892156855,35.116920414009506,-0.9999999999999698,SL,12,-21.332537367728364
2022-05-09 06:40:00,2022-05-09 07:40:00,long,26221.369,26211.419,26182.54691757312,26369.12871193415,32.35173535573295,-0.25629743120394627,TIMEOUT,12,-21.58883479893231
2022-05-09 09:50:00,2022-05-09 10:10:00,long,26246.999,26199.09316394232,26199.09316394232,26331.149448179272,39.921530048065065,-1.0000000000000033,SL,4,-22.588834798932314
2022-05-09 10:35:00,2022-05-09 11:05:00,long,26161.369,26103.451345298196,26103.451345298196,26323.338140624994,48.264712251503234,-0.9999999999999893,SL,6,-23.588834798932304
2022-05-09 13:00:00,2022-05-09 14:00:00,long,26086.519,26078.469,26032.505788726707,26288.324456475577,45.01100939441092,-0.14903761154411505,TIMEOUT,12,-23.73787241047642
2022-05-09 14:40:00,2022-05-09 15:40:00,long,26031.319,26026.269,25981.45314281009,26264.199037664785,41.554880991591276,-0.10127169740142664,TIMEOUT,12,-23.839144107877846
2022-05-09 15:50:00,2022-05-09 18:30:00,long,25956.999,26068.419,25901.550399828255,26249.24802268761,46.20716680978787,2.0094285456240857,TIMEOUT,12,-21.82971556225376
2022-05-09 19:15:00,2022-05-09 20:10:00,long,26043.519,26017.25934395594,26017.25934395594,26230.0911226415,21.883046703384224,-1.0000000000000187,SL,11,-22.829715562253778
2022-05-09 20:15:00,2022-05-09 20:20:00,long,25883.519,25829.62223099457,25829.62223099457,26221.10213988095,44.913974171193026,-0.9999999999999798,SL,1,-23.829715562253757
2022-05-09 23:30:00,2022-05-10 00:30:00,long,25974.419,26086.419,25927.199712228634,26176.831344740174,39.34940647614096,2.371912099612605,TIMEOUT,12,-21.457803462641152
2022-05-10 01:10:00,2022-05-10 01:40:00,short,26189.469,26229.937068630887,26229.937068630887,26105.929888888888,33.72339052573713,-1.000000000000028,SL,6,-22.45780346264118
2022-05-10 01:45:00,2022-05-10 02:25:00,short,26239.269,26277.884079351257,26277.884079351257,26136.9543030303,32.17923279271541,-0.9999999999999616,SL,8,-23.45780346264114
2022-05-10 06:55:00,2022-05-10 07:05:00,long,26169.369,26135.699520283906,26135.699520283906,26212.85796825396,28.05789976341015,-1.0000000000000129,SL,2,-24.457803462641156
2022-05-10 07:25:00,2022-05-10 08:25:00,long,26104.419,26194.999,26071.310951429816,26207.973888888882,27.590040475153703,2.7358906342057927,TIMEOUT,12,-21.721912828435364
2022-05-10 09:00:00,2022-05-10 09:10:00,short,26269.269,26301.2804396528,26301.2804396528,26203.13753211009,26.67619971066812,-0.9999999999999649,SL,2,-22.72191282843533
2022-05-10 10:40:00,2022-05-10 10:50:00,long,26134.469,26081.225046442214,26081.225046442214,26210.1401369509,44.369961298154585,-1.000000000000026,SL,2,-23.721912828435354
2022-05-10 11:15:00,2022-05-10 12:15:00,long,26006.419,26031.369,25946.651379591596,26203.38971078431,49.80635034033748,0.41745011478637406,TIMEOUT,12,-23.30446271364898
2022-05-10 15:30:00,2022-05-10 18:10:00,long,26084.369,26081.469,26017.997106773775,26170.546468805707,55.30991102185301,-0.043693193896298624,TIMEOUT,12,-23.34815590754528
2022-05-10 19:40:00,2022-05-10 19:50:00,long,26039.519,26013.87794080608,26013.87794080608,26159.13681395349,21.367549328266417,-1.0000000000000207,SL,2,-24.3481559075453
2022-05-10 20:40:00,2022-05-10 21:00:00,long,26066.519,26156.346459618213,26007.369481116082,26156.346459618213,49.291265736599584,1.5186507230007817,VWAP,4,-22.82950518454452
2022-05-11 02:55:00,2022-05-11 03:15:00,long,26193.519,26165.58669349203,26165.58669349203,26230.627240740738,23.276922089973755,-1.0000000000000453,SL,4,-23.829505184544566
2022-05-11 04:40:00,2022-05-11 05:05:00,short,26291.519,26325.69933326721,26325.69933326721,26215.29321052632,28.48361105600878,-0.9999999999999781,SL,5,-24.829505184544544
2022-05-11 06:45:00,2022-05-11 07:40:00,short,26318.369,26342.74210502633,26342.74210502633,26239.959772357724,20.310920855274617,-1.0000000000000373,SL,11,-25.82950518454458
2022-05-11 08:30:00,2022-05-11 08:35:00,long,26188.999,26155.2933230569,26155.2933230569,26255.317964401314,28.088064119250227,-0.9999999999999953,SL,1,-26.829505184544576
2022-05-11 08:40:00,2022-05-11 08:55:00,long,26053.469,26008.56663569702,26008.56663569702,26252.749349206366,37.41863691914941,-1.0000000000000058,SL,3,-27.829505184544583
2022-05-11 11:40:00,2022-05-11 12:10:00,short,26356.269,26240.475903073297,26422.484434278264,26240.475903073297,55.179528565220295,1.7487327265738921,VWAP,6,-26.080772457970692
2022-05-11 12:55:00,2022-05-11 13:10:00,long,26066.519,26003.50434319413,26003.50434319413,26237.942846153855,52.51221400489232,-0.9999999999999858,SL,3,-27.080772457970678
2022-05-11 15:40:00,2022-05-11 15:55:00,long,25903.319,25837.563351623496,25837.563351623496,26192.304925925946,54.79637364708701,-0.9999999999999909,SL,3,-28.080772457970667
2022-05-11 22:40:00,2022-05-11 22:55:00,long,25956.269,25911.469655933914,25911.469655933914,26116.248314888016,37.33278672173904,-0.9999999999999952,SL,3,-29.080772457970664
2022-05-11 23:45:00,2022-05-12 00:25:00,long,25891.469,25853.13713450068,25853.13713450068,26107.481568922314,31.943221249433382,-0.9999999999999978,SL,8,-30.08077245797066
2022-05-12 00:45:00,2022-05-12 01:20:00,long,25806.319,25767.240976347137,25767.240976347137,25868.699333333334,32.56501971071904,-0.999999999999994,SL,7,-31.080772457970653
2022-05-12 01:25:00,2022-05-12 02:25:00,long,25748.519,25748.519,25709.67201762344,25840.772703703708,32.37248531379817,0.0,TIMEOUT,12,-31.080772457970653
2022-05-12 03:00:00,2022-05-12 03:05:00,long,25703.269,25661.40584195368,25661.40584195368,25797.29692792793,34.885965038598336,-1.0000000000000204,SL,1,-32.080772457970674
2022-05-12 03:10:00,2022-05-12 03:25:00,long,25651.469,25607.79678719476,25607.79678719476,25790.60788888889,36.39351067103621,-0.999999999999977,SL,3,-33.08077245797065
2022-05-12 07:50:00,2022-05-12 08:50:00,long,25631.269,25616.419,25588.1893571993,25718.804087719305,35.8997023339179,-0.34471037906926977,TIMEOUT,12,-33.42548283703992
2022-05-12 09:00:00,2022-05-12 09:40:00,long,25606.369,25564.219301976387,25564.219301976387,25707.382211009182,35.12474835300975,-0.9999999999999968,SL,8,-34.42548283703992
2022-05-12 11:05:00,2022-05-12 11:55:00,short,25836.319,25704.51937313435,25907.146781357183,25704.51937313435,59.023151130987884,1.8608464692827589,VWAP,10,-32.56463636775716
2022-05-12 13:50:00,2022-05-12 14:45:00,long,25621.469,25559.63062382047,25559.63062382047,25712.63520758485,51.53198014960821,-1.0000000000000075,SL,11,-33.56463636775717
2022-05-12 19:05:00,2022-05-12 19:35:00,short,25806.369,25843.381183627105,25843.381183627105,25710.358585326976,30.843486355922256,-0.9999999999999923,SL,6,-34.56463636775716
2022-05-12 19:45:00,2022-05-12 20:00:00,short,25933.369,25973.775765797225,25973.775765797225,25714.449829493107,33.67230483102329,-0.9999999999999617,SL,3,-35.564636367757124
2022-05-16 05:00:00,2022-05-16 06:00:00,short,26644.369,26543.99189617486,26680.550515380386,26543.99189617486,30.15126281699,2.7742647805058125,VWAP,12,-32.790371587251315
2022-05-16 08:25:00,2022-05-16 08:35:00,short,26599.419,26623.184540975155,26623.184540975155,26552.10301960783,19.80461747929573,-0.9999999999999326,SL,2,-33.79037158725125
2022-05-16 09:15:00,2022-05-16 09:20:00,long,26516.519,26490.33754511398,26490.33754511398,26554.18748214285,21.817879071683656,-0.9999999999999937,SL,1,-34.790371587251244
2022-05-16 10:50:00,2022-05-16 11:50:00,long,26469.999,26511.369,26421.335230740155,26546.49589567429,40.553141049872,0.8501191056348018,TIMEOUT,12,-33.94025248161644
2022-05-16 14:30:00,2022-05-16 15:20:00,short,26654.419,26538.686600000012,26694.10979979782,26538.686600000012,33.07566649818353,2.915849531617293,VWAP,10,-31.024402949999146
2022-05-16 16:10:00,2022-05-16 19:35:00,long,26481.419,26496.999,26440.67177648897,26540.800863247863,33.95601959252751,0.38235734014563116,TIMEOUT,12,-30.642045609853515
2022-05-16 21:40:00,2022-05-16 22:00:00,short,26648.469,26698.51738434715,26698.51738434715,26539.69233333332,41.706986955957596,-0.9999999999999853,SL,4,-31.6420456098535
2022-05-16 23:50:00,2022-05-17 00:50:00,short,26631.269,26636.419,26658.15453453834,26548.102217054253,22.40461211528094,-0.19155282156127004,TIMEOUT,12,-31.83359843141477
2022-05-17 01:10:00,2022-05-17 01:35:00,short,26666.469,26631.55655555556,26686.77833076541,26631.55655555556,16.924442304508187,1.7190347061511297,VWAP,5,-30.11456372526364
2022-05-17 03:35:00,2022-05-17 03:40:00,short,26688.999,26714.775644115336,26714.775644115336,26638.51983333334,21.480536762780446,-0.9999999999999886,SL,1,-31.11456372526363
2022-05-17 03:45:00,2022-05-17 04:10:00,short,26713.269,26740.16602477292,26740.16602477292,26641.578565217398,22.414187310764728,-1.0000000000000642,SL,5,-32.11456372526369
2022-05-17 13:20:00,2022-05-17 14:15:00,short,26821.269,26743.99736438923,26849.528636925697,26743.99736438923,23.549697438080443,2.7343463687782594,VWAP,11,-29.380217356485435
2022-05-17 15:05:00,2022-05-17 16:05:00,short,26851.419,26826.419,26898.715611789747,26749.372058608078,39.413843158121,0.5285790895791076,TIMEOUT,12,-28.851638266906328
2022-05-17 18:05:00,2022-05-17 19:05:00,short,26856.519,26848.269,26890.558190151358,26756.320346801363,28.365991792799427,0.24236769333569314,TIMEOUT,12,-28.609270573570633
2022-05-17 20:15:00,2022-05-17 20:25:00,short,27001.999,27042.53292408924,27042.53292408924,26768.9923482143,33.77827007436721,-0.9999999999999595,SL,2,-29.609270573570594
2022-05-17 22:45:00,2022-05-17 23:40:00,short,26856.369,26784.32621784778,26896.975613457205,26784.32621784778,33.83884454767208,1.7741637634504979,VWAP,11,-27.835106810120095
2022-05-18 01:55:00,2022-05-18 02:05:00,short,26893.999,26919.350110284515,26919.350110284515,26838.78636111111,21.125925237094634,-1.0000000000000575,SL,2,-28.835106810120152
2022-05-18 06:00:00,2022-05-18 06:40:00,short,26926.269,26854.76301826483,26952.706803275334,26854.76301826483,22.031502729445194,2.7046869586884945,VWAP,8,-26.130419851431657
2022-05-18 08:40:00,2022-05-18 08:45:00,long,26811.999,26791.648191140786,26791.648191140786,26853.08449206348,16.959007382678568,-0.9999999999999583,SL,1,-27.130419851431615
2022-05-18 08:50:00,2022-05-18 08:55:00,long,26776.519,26754.359516850986,26754.359516850986,26851.81482554516,18.466235957513707,-0.9999999999999213,SL,1,-28.130419851431537
2022-05-18 09:00:00,2022-05-18 09:10:00,long,26751.469,26728.541629325595,26728.541629325595,26850.079305810385,19.106142228672525,-0.9999999999999604,SL,2,-29.130419851431498
2022-05-18 09:15:00,2022-05-18 09:40:00,long,26716.519,26693.54362486455,26693.54362486455,26846.939624999988,19.146145946207678,-1.0000000000000793,SL,5,-30.130419851431576
2022-05-19 18:30:00,2022-05-19 19:40:00,short,26408.319,26420.519,26447.867269534672,26314.445732348107,32.956891278892925,-0.308483788128963,TIMEOUT,12,-30.43890363956054
2022-05-19 19:45:00,2022-05-19 19:50:00,short,26465.269,26493.98213520415,26493.98213520415,26319.004046296297,23.927612670124198,-1.0000000000000546,SL,1,-31.438903639560593
2022-05-22 23:25:00,2022-05-23 00:15:00,long,26858.319,26917.933141414138,26821.126417565283,26917.933141414138,30.993818695597874,1.602850286580035,VWAP,10,-29.836053352980556
2022-05-23 01:50:00,2022-05-23 02:15:00,short,27015.999,27046.928263404698,27046.928263404698,26912.633492753623,25.774386170580392,-1.0000000000000446,SL,5,-30.836053352980603
2022-05-23 02:20:00,2022-05-23 03:20:00,short,27073.469,27045.369,27109.657165006338,26936.511643678157,30.15680417194809,0.7764969568111832,TIMEOUT,12,-30.05955639616942
2022-05-23 04:15:00,2022-05-23 04:35:00,long,26910.319,26867.987774389752,26867.987774389752,26972.324192307697,35.2760213418726,-1.000000000000002,SL,4,-31.059556396169423
2022-05-23 08:05:00,2022-05-23 08:30:00,short,27003.999,26955.186585034022,27033.247280776457,26955.186585034022,24.373567313713618,1.6688986042991605,VWAP,5,-29.39065779187026
2022-05-23 11:35:00,2022-05-23 12:10:00,short,27088.999,27138.347718328187,27138.347718328187,26961.272166666666,41.12393194015537,-1.0000000000000073,SL,7,-30.390657791870268
2022-05-23 16:10:00,2022-05-23 18:00:00,short,27110.269,26992.758367521383,27149.070593377764,26992.758367521383,32.33466114813593,3.0285001787055967,VWAP,2,-27.362157613164673
2022-05-23 18:05:00,2022-05-23 19:05:00,long,26923.519,26975.269,26874.327859821085,26992.94364646466,40.992616815763384,1.0520187133653938,TIMEOUT,12,-26.310138899799277
2022-05-23 20:30:00,2022-05-23 21:15:00,long,26885.999,26837.862597086725,26837.862597086725,26989.018867841427,40.11366909439526,-1.0000000000000069,SL,9,-27.310138899799284
2022-05-23 22:15:00,2022-05-23 22:45:00,long,26883.469,26840.634300635233,26840.634300635233,26980.891338709687,35.6955828039733,-1.0000000000000082,SL,6,-28.31013889979929
2022-05-23 23:25:00,2022-05-24 00:25:00,long,26838.519,26838.469,26810.386058785847,26974.11626463105,23.44411767846224,-0.0017772759562770357,TIMEOUT,12,-28.311916175755567
2022-05-24 00:50:00,2022-05-24 01:00:00,long,26803.269,26781.796731150895,26781.796731150895,26840.51475757576,17.893557374254115,-1.0000000000000309,SL,2,-29.3119161757556
2022-05-24 01:05:00,2022-05-24 01:15:00,long,26773.519,26751.863860546106,26751.863860546106,26828.29638095238,18.045949544911267,-1.0000000000000528,SL,2,-30.311916175755652
2022-05-24 09:35:00,2022-05-24 09:40:00,long,26713.469,26685.78924579445,26685.78924579445,26763.51994827587,23.066461837959856,-0.9999999999999385,SL,1,-31.31191617575559
2022-05-24 10:00:00,2022-05-24 10:05:00,long,26643.369,26607.80172026863,26607.80172026863,26760.239716253447,29.639399776137974,-1.0000000000000488,SL,1,-32.31191617575564
2022-05-24 10:10:00,2022-05-24 10:20:00,long,26575.269,26535.82929451734,26535.82929451734,26757.64347154472,32.866421235547385,-1.0000000000000444,SL,2,-33.311916175755684
2022-05-24 14:50:00,2022-05-24 15:40:00,long,26558.419,26709.244605214164,26506.024919209838,26709.244605214164,43.66173399180169,2.8786764256484996,VWAP,10,-30.433239750107184
2022-05-24 23:40:00,2022-05-25 00:40:00,short,26776.419,26741.269,26805.70056464931,26709.483616352212,24.401303874422943,1.2004139949820853,TIMEOUT,12,-29.2328257551251
2022-05-25 01:40:00,2022-05-25 01:55:00,long,26698.319,26675.147434969393,26675.147434969393,26742.13280952381,19.30963752550447,-1.000000000000065,SL,3,-30.232825755125162
2022-05-25 03:35:00,2022-05-25 03:40:00,long,26673.469,26643.92696181323,26643.92696181323,26713.772106060598,24.61836515564002,-1.0000000000000597,SL,1,-31.232825755125223
2022-05-25 03:45:00,2022-05-25 04:05:00,long,26646.519,26616.493446665492,26616.493446665492,26711.210956521732,25.02129444542437,-0.9999999999999587,SL,4,-32.232825755125184
2022-05-25 04:10:00,2022-05-25 05:10:00,long,26576.519,26576.999,26541.078051908746,26704.28873856208,29.53412340937734,0.013543655738657635,TIMEOUT,12,-32.219282099386525
2022-05-25 05:15:00,2022-05-25 06:15:00,long,26551.419,26621.519,26519.283192404502,26682.96363541666,26.77983966291538,2.1813673047326207,TIMEOUT,12,-30.037914794653904
2022-05-25 06:50:00,2022-05-25 07:15:00,long,26591.319,26565.5023647602,26565.5023647602,26666.52602811244,21.513862699832558,-1.000000000000045,SL,5,-31.03791479465395
2022-05-25 07:20:00,2022-05-25 07:25:00,long,26556.319,26530.878789688344,26530.878789688344,26660.726752808987,21.200175259712633,-1.000000000000009,SL,1,-32.03791479465396
2022-05-25 07:45:00,2022-05-25 08:45:00,long,26496.369,26551.369,26467.554015054655,26653.106269503547,24.01248745445449,1.9087290902397087,TIMEOUT,12,-30.129185704414247
2022-05-25 10:30:00,2022-05-25 10:35:00,short,26706.419,26749.37648320433,26749.37648320433,26634.29175590551,35.797902670274375,-0.999999999999995,SL,1,-31.129185704414244
2022-05-25 14:30:00,2022-05-25 15:05:00,short,26816.369,26868.40247727328,26868.40247727328,26658.287209523794,43.361231061069816,-0.9999999999999694,SL,7,-32.12918570441421
2022-05-25 15:10:00,2022-05-25 16:10:00,short,26876.519,26773.469,26925.478843547862,26665.518836065556,40.79986962321975,2.1047861376284103,TIMEOUT,12,-30.024399566785803
2022-05-25 18:20:00,2022-05-25 19:20:00,short,26836.469,26806.469,26875.06667485429,26677.663416666655,32.16472904523938,0.7772488916302619,TIMEOUT,12,-29.24715067515554
2022-05-25 22:15:00,2022-05-25 22:35:00,long,26631.269,26698.367502024284,26585.155673730475,26698.367502024284,38.4277718912716,1.4550783353190122,VWAP,4,-27.79207233983653
2022-05-26 00:55:00,2022-05-26 01:55:00,long,26629.469,26609.269,26602.366737132335,26684.078444444443,22.585219056387942,-0.7453252187329503,TIMEOUT,12,-28.53739755856948
2022-05-26 07:15:00,2022-05-26 07:25:00,short,26696.469,26719.404529077023,26719.404529077023,26644.397257575765,19.112940897517365,-1.0000000000000413,SL,2,-29.537397558569523
2022-05-26 07:30:00,2022-05-26 08:30:00,short,26739.999,26686.369,26765.225427617424,26646.744054945062,21.022023014521054,2.1259450927152233,TIMEOUT,12,-27.4114524658543
2022-05-26 09:35:00,2022-05-26 09:40:00,short,26764.319,26794.92983892819,26794.92983892819,26659.715522988517,25.50903244015933,-0.9999999999999867,SL,1,-28.411452465854286
2022-05-26 09:50:00,2022-05-26 10:15:00,short,26819.419,26854.744014987333,26854.744014987333,26663.13286554623,29.437512489442383,-1.0000000000000064,SL,5,-29.411452465854293
2022-05-26 10:20:00,2022-05-26 11:00:00,short,26879.369,26913.031666696854,26913.031666696854,26671.945453333352,28.052222247380662,-0.999999999999947,SL,8,-30.41145246585424
2022-05-26 19:50:00,2022-05-26 20:50:00,short,27006.469,26821.519,27030.025146776723,26789.863577572964,19.630122313936333,7.8514538796622855,TIMEOUT,12,-22.559998586191952
2022-05-27 02:30:00,2022-05-27 02:55:00,short,26814.369,26836.115587122556,26836.115587122556,26776.46297849462,18.122155935463496,-1.0000000000000684,SL,5,-23.55999858619202
2022-05-27 03:00:00,2022-05-27 03:10:00,short,26849.419,26869.328889435743,26869.328889435743,26784.238279279278,16.591574529785117,-0.999999999999953,SL,2,-24.559998586191973
2022-05-27 03:55:00,2022-05-27 04:25:00,short,26869.319,26893.148521251234,26893.148521251234,26799.542124999996,19.857934376029867,-0.9999999999999579,SL,6,-25.55999858619193
2022-05-27 04:30:00,2022-05-27 05:30:00,short,26924.469,26904.519,26949.456697188427,26809.441727272726,20.823080990356004,0.7983928990959746,TIMEOUT,12,-24.761605687095955
2022-05-29 21:00:00,2022-05-29 21:30:00,short,27234.469,27273.710568484243,27273.710568484243,27152.48395495495,32.70130707020032,-1.0000000000000342,SL,6,-25.76160568709599
2022-05-29 21:35:00,2022-05-29 21:45:00,short,27264.419,27301.679598788254,27301.679598788254,27166.79596969697,31.050498990211725,-0.9999999999999588,SL,2,-26.761605687095948
2022-05-30 06:25:00,2022-05-30 07:25:00,long,27344.319,27351.269,27326.218092619678,27374.218102564097,15.084089483602721,0.38395865212568187,TIMEOUT,12,-26.377647034970266
2022-05-30 07:40:00,2022-05-30 08:40:00,long,27336.419,27334.999,27319.09208669631,27370.65369534051,14.43909441974184,-0.08195343135349252,TIMEOUT,12,-26.45960046632376
2022-05-30 09:20:00,2022-05-30 10:05:00,long,27324.319,27366.330238938073,27307.83304035959,27366.330238938073,13.738299700340391,2.5483041238982977,VWAP,9,-23.911296342425462
2022-05-30 11:20:00,2022-05-30 11:35:00,long,27334.999,27363.62870802921,27317.787319630082,27363.62870802921,14.343066974931697,1.6633883161836838,VWAP,3,-22.247908026241777
2022-05-30 12:05:00,2022-05-30 12:35:00,long,27339.519,27362.9380410959,27323.45205506442,27362.9380410959,13.389120779650817,1.4575914207582554,VWAP,6,-20.790316605483522
2022-05-30 12:50:00,2022-05-30 18:10:00,long,27321.319,27304.995271789787,27304.995271789787,27361.91912903227,13.603106841844898,-0.9999999999999293,SL,5,-21.79031660548345
2022-05-30 18:25:00,2022-05-30 18:30:00,long,27289.269,27272.564406888603,27272.564406888603,27359.651147239278,13.92049425949781,-0.9999999999999847,SL,1,-22.790316605483437
2022-05-30 18:35:00,2022-05-30 19:45:00,long,27269.419,27299.319,27251.690325327418,27358.59021212122,14.773895560485222,1.6865332887087572,TIMEOUT,12,-21.10378331677468
2022-05-31 00:40:00,2022-05-31 01:40:00,long,27305.469,27281.05514363282,27281.05514363282,27339.5815925926,20.344880305982453,-1.0000000000000602,SL,12,-22.10378331677474
2022-05-31 01:45:00,2022-05-31 02:20:00,long,27265.369,27242.12283928223,27242.12283928223,27317.10066666667,19.371800598139636,-1.0000000000000344,SL,7,-23.103783316774777
2022-05-31 02:45:00,2022-05-31 03:20:00,long,27232.269,27205.339269743752,27205.339269743752,27301.011745098032,22.441441880208128,-0.9999999999999405,SL,7,-24.103783316774717
2022-05-31 05:25:00,2022-05-31 05:40:00,long,27235.269,27204.71968594503,27204.71968594503,27276.560262626263,25.457761712475808,-0.9999999999999594,SL,3,-25.103783316774678
2022-05-31 07:30:00,2022-05-31 08:30:00,long,27225.369,27232.369,27199.685053460675,27262.90771794873,21.403288782770645,0.2725437848611886,TIMEOUT,12,-24.83123953191349
2022-05-31 09:35:00,2022-05-31 09:40:00,long,27190.519,27160.563840150648,27160.563840150648,27255.39606896552,24.962633207794447,-0.9999999999999768,SL,1,-25.831239531913464
2022-05-31 11:10:00,2022-05-31 11:25:00,long,27200.419,27163.62177489159,27163.62177489159,27247.59492592593,30.664354257007247,-1.0000000000000409,SL,3,-26.831239531913504
2022-05-31 11:30:00,2022-05-31 11:55:00,long,27135.469,27245.376098321343,27097.849981405634,27245.376098321343,31.349182161973964,2.921583348742503,VWAP,5,-23.909656183171002
2022-05-31 14:50:00,2022-05-31 14:55:00,long,27190.419,27154.733424821236,27154.733424821236,27247.812072625697,29.737979315636995,-1.0000000000000493,SL,1,-24.90965618317105
2022-05-31 20:20:00,2022-05-31 20:30:00,short,27392.319,27435.866225962785,27435.866225962785,27245.18892526158,36.28935496898874,-0.9999999999999863,SL,2,-25.909656183171037
2022-06-01 01:05:00,2022-06-01 01:35:00,short,27465.519,27424.575666666664,27486.099583947653,27424.575666666664,17.150486623042287,1.9894155305544665,VWAP,6,-23.92024065261657
2022-06-01 02:05:00,2022-06-01 02:15:00,short,27475.319,27501.063398740273,27501.063398740273,27430.830410256407,21.453665616893737,-1.000000000000021,SL,2,-24.92024065261659
2022-06-01 03:00:00,2022-06-01 03:10:00,short,27522.319,27544.769796067805,27544.769796067805,27448.351792792793,18.708996723172834,-0.9999999999999216,SL,2,-25.920240652616513
2022-06-01 03:15:00,2022-06-01 04:10:00,short,27565.419,27455.12183333333,27592.844823236508,27455.12183333333,22.854852697088404,4.021653815658521,VWAP,11,-21.898586836957993
2022-06-01 06:55:00,2022-06-01 07:10:00,long,27440.519,27473.841976190473,27419.5564234392,27473.841976190473,17.468813800666197,1.5896412396550508,VWAP,3,-20.30894559730294
2022-06-01 08:00:00,2022-06-01 08:25:00,short,27515.369,27537.10743073892,27537.10743073892,27475.397109965634,18.11535894910285,-0.9999999999999364,SL,5,-21.308945597302877
2022-06-01 08:30:00,2022-06-01 09:25:00,short,27550.519,27571.511366209088,27571.511366209088,27478.693142394826,17.4936385075735,-0.9999999999999799,SL,11,-22.308945597302856
2022-06-01 10:35:00,2022-06-01 11:25:00,long,27410.319,27371.65388007627,27371.65388007627,27490.07926041667,32.220933269774676,-1.0000000000000424,SL,10,-23.3089455973029
2022-06-01 11:45:00,2022-06-01 12:05:00,long,27330.319,27288.78160640956,27288.78160640956,27481.100807511735,34.614494658699115,-1.000000000000002,SL,4,-24.308945597302902
2022-06-01 14:35:00,2022-06-01 15:35:00,short,27525.519,27490.999,27563.980302504635,27461.288318181814,32.05108542052971,0.8975255062108161,TIMEOUT,12,-23.411420091092086
2022-06-01 19:10:00,2022-06-01 19:45:00,long,27430.999,27404.99453115869,27404.99453115869,27465.247492063485,21.67039070109257,-0.9999999999999923,SL,7,-24.41142009109208
2022-06-01 19:50:00,2022-06-01 19:55:00,long,27377.369,27351.132297821045,27351.132297821045,27463.55299082568,21.863918482462566,-0.9999999999999645,SL,1,-25.411420091092044
2022-06-01 20:10:00,2022-06-01 21:10:00,long,27287.419,27345.369,27247.781987428854,27461.372888888884,33.03084380928803,1.4620173479517646,TIMEOUT,12,-23.94940274314028
2022-06-01 22:00:00,2022-06-01 23:00:00,long,27382.369,27422.419,27347.313573092328,27450.44565300545,29.212855756392393,1.1424764589370646,TIMEOUT,12,-22.806926284203215
2022-06-01 23:35:00,2022-06-02 00:35:00,long,27414.319,27417.519,27388.802010285814,27447.758936628634,21.264158095154666,0.12540664223498743,TIMEOUT,12,-22.681519641968226
2022-06-02 01:15:00,2022-06-02 01:20:00,long,27389.519,27369.051294441473,27369.051294441473,27423.257958333335,17.05642129877268,-0.9999999999999938,SL,1,-23.68151964196822
2022-06-02 01:25:00,2022-06-02 01:55:00,long,27377.999,27418.398629629628,27357.309804901066,27418.398629629628,17.240995915778434,1.9526921872233451,VWAP,6,-21.728827454744874
2022-06-02 02:10:00,2022-06-02 03:05:00,short,27459.469,27482.63931103563,27482.63931103563,27415.428876543207,19.308592529689953,-1.0000000000000198,SL,11,-22.728827454744895
2022-06-02 03:10:00,2022-06-02 03:30:00,short,27502.419,27522.60748588361,27522.60748588361,27429.36190598291,16.823738236341406,-0.9999999999999781,SL,4,-23.728827454744874
2022-06-02 04:20:00,2022-06-02 05:20:00,short,27527.319,27542.419,27553.930003006473,27445.063465408817,22.17583583872889,-0.5674344554516879,TIMEOUT,12,-24.296261910196563
2022-06-02 05:25:00,2022-06-02 06:25:00,short,27544.999,27512.369,27566.364194701735,27461.215818181827,17.804328918111803,1.5272502991677634,TIMEOUT,12,-22.769011611028798
2022-06-02 06:45:00,2022-06-02 07:45:00,short,27547.469,27522.419,27566.02664659572,27474.253268292698,15.464705496434098,1.3498478845790383,TIMEOUT,12,-21.41916372644976
2022-06-02 09:05:00,2022-06-02 09:35:00,long,27447.419,27422.0223720033,27422.0223720033,27484.333333333354,21.163856663918335,-1.0000000000000233,SL,6,-22.419163726449785
2022-06-02 11:15:00,2022-06-02 11:50:00,short,27562.269,27601.655391544788,27601.655391544788,27481.747823529433,32.821992953988286,-1.000000000000035,SL,7,-23.41916372644982
2022-06-02 12:20:00,2022-06-02 12:35:00,short,27637.319,27669.896872155477,27669.896872155477,27490.97971588369,27.148226796230364,-1.0000000000000469,SL,3,-24.419163726449867
2022-06-02 12:40:00,2022-06-02 13:40:00,short,27677.519,27679.319,27709.30517843171,27495.39270370372,26.488482026424713,-0.05662838657583341,TIMEOUT,12,-24.4757921130257
2022-06-03 00:30:00,2022-06-03 01:30:00,short,27767.269,27757.469,27784.061385307858,27731.14566666667,13.993654423215743,0.583597852260622,TIMEOUT,12,-23.89219426076508
2022-06-03 02:10:00,2022-06-03 03:10:00,short,27782.999,27743.353444444438,27801.78683205904,27743.353444444438,15.656526715866129,2.1101719150447473,VWAP,12,-21.782022345720332
2022-06-03 03:25:00,2022-06-03 03:30:00,long,27722.519,27702.985512284347,27702.985512284347,27753.08558730159,16.277906429710523,-1.000000000000013,SL,1,-22.782022345720346
2022-06-03 04:50:00,2022-06-03 05:20:00,long,27712.999,27691.399400844093,27691.399400844093,27743.80097740113,17.999665963255683,-0.9999999999999907,SL,6,-23.782022345720335
2022-06-03 05:25:00,2022-06-03 06:15:00,long,27682.469,27662.507768215582,27662.507768215582,27739.36475757576,16.6343598203478,-1.0000000000000564,SL,10,-24.782022345720392
2022-06-03 06:55:00,2022-06-03 07:10:00,long,27657.469,27637.504223929584,27637.504223929584,27727.146420634916,16.63731339201466,-0.9999999999999918,SL,3,-25.782022345720385
2022-06-03 08:50:00,2022-06-03 09:30:00,long,27622.999,27594.81418556399,27594.81418556399,27711.2274423676,23.487345363339813,-1.000000000000019,SL,8,-26.782022345720403
2022-06-03 11:10:00,2022-06-03 12:10:00,long,27534.369,27549.369,27495.71903601674,27687.012086419752,32.20830331938089,0.38809867989781077,TIMEOUT,12,-26.39392366582259
2022-06-03 13:20:00,2022-06-03 14:20:00,long,27569.999,27584.519,27535.285259411186,27668.131960662526,28.92811715734336,0.4182781732453264,TIMEOUT,12,-25.975645492577264
2022-06-03 15:15:00,2022-06-03 16:15:00,long,27547.519,27572.999,27516.01272100584,27656.843221014486,26.25523249513081,0.808727682654146,TIMEOUT,12,-25.166917809923117
2022-06-05 21:00:00,2022-06-05 21:50:00,short,27712.319,27750.63563839539,27750.63563839539,27607.621129629624,31.930531996159914,-0.999999999999959,SL,10,-26.166917809923074
2022-06-05 21:55:00,2022-06-05 22:05:00,short,27794.469,27832.383433708725,27832.383433708725,27635.403184397164,31.59536142393607,-1.0000000000000102,SL,2,-27.166917809923085
2022-06-05 22:10:00,2022-06-05 22:40:00,short,27834.369,27870.936038942444,27870.936038942444,27646.215200000006,30.472532452036315,-1.0000000000000369,SL,6,-28.16691780992312
2022-06-06 20:00:00,2022-06-06 20:05:00,long,27939.519,27911.21941748794,27911.21941748794,27996.34919786909,23.582985426717414,-0.9999999999999581,SL,1,-29.166917809923078
2022-06-06 20:10:00,2022-06-06 21:10:00,long,27882.419,27995.48916591251,27848.255033446236,27995.48916591251,28.46997212813907,3.30963226224213,VWAP,12,-25.85728554768095
2022-06-06 21:30:00,2022-06-06 21:45:00,long,27914.519,27991.79184106891,27870.124985915616,27991.79184106891,36.99501173698634,1.7406139693074265,VWAP,3,-24.116671578373523
2022-06-06 23:15:00,2022-06-06 23:55:00,short,28061.269,28093.70830749068,28093.70830749068,27994.071958656325,27.032756242232075,-1.0000000000000535,SL,8,-25.116671578373577
2022-06-07 01:10:00,2022-06-07 01:25:00,long,27991.419,27965.60076723351,27965.60076723351,28045.274555555552,21.515193972074346,-1.0000000000000628,SL,3,-26.11667157837364
2022-06-07 01:30:00,2022-06-07 02:30:00,long,27936.419,28027.978473684205,27908.14249484476,28027.978473684205,23.5637542960333,3.238005304458076,VWAP,12,-22.878666273915563
2022-06-07 05:00:00,2022-06-07 05:05:00,long,27971.269,27943.739007471682,27943.739007471682,28008.242224043708,22.941660440264805,-1.000000000000007,SL,1,-23.87866627391557
2022-06-07 06:20:00,2022-06-07 06:40:00,long,27946.999,28000.382030303022,27921.66413804583,28000.382030303022,21.112384961807503,2.1070977374809883,VWAP,4,-21.771568536434582
2022-06-07 07:10:00,2022-06-07 08:10:00,long,27878.519,27913.369,27844.48463567247,27996.904325670483,28.36197027294046,1.0239650626237866,TIMEOUT,12,-20.747603473810795
2022-06-07 08:40:00,2022-06-07 09:40:00,long,27891.369,27985.279285714274,27862.607745425245,27985.279285714274,23.967712145627512,3.265166527078789,VWAP,12,-17.482436946732005
2022-06-07 10:30:00,2022-06-07 10:35:00,short,28046.319,28081.511959802297,28081.511959802297,27979.380023622034,29.32746650191515,-0.9999999999999948,SL,1,-18.482436946732
2022-06-07 10:40:00,2022-06-07 11:40:00,short,28106.519,28093.419,28142.872950033616,27980.996674418595,30.294958361345216,0.3603459868291006,TIMEOUT,12,-18.122090959902902
2022-06-07 12:40:00,2022-06-07 13:40:00,short,28126.469,28126.999,28155.75039632853,27999.386363834423,24.401163607106692,-0.018100229717613294,TIMEOUT,12,-18.140191189620516
2022-06-07 23:45:00,2022-06-08 00:45:00,short,28186.419,28201.999,28215.162158748786,28068.679490566043,23.95263229065499,-0.5420420259362119,TIMEOUT,12,-18.682233215556728
2022-06-08 03:10:00,2022-06-08 03:20:00,long,28153.519,28196.096264957258,28127.72002462369,28196.096264957258,21.499146146926208,1.6503471295356797,VWAP,2,-17.03188608602105
2022-06-08 06:05:00,2022-06-08 06:45:00,long,28166.999,28196.60625225225,28143.533834450016,28196.60625225225,19.554304624985328,1.261753393096091,VWAP,8,-15.770132692924959
2022-06-08 09:50:00,2022-06-08 10:15:00,short,28266.469,28196.480008403378,28295.313478205673,28196.480008403378,24.03706517139463,2.426425990360151,VWAP,5,-13.343706702564807
2022-06-08 11:40:00,2022-06-08 12:30:00,short,28256.999,28200.45299527189,28286.071290319283,28200.45299527189,24.22690859940221,1.9450137607701141,VWAP,10,-11.398692941794693
2022-06-08 12:40:00,2022-06-08 13:35:00,long,28131.419,28102.498200459442,28102.498200459442,28201.70608061004,24.100666283799836,-0.9999999999999906,SL,11,-12.398692941794684
2022-06-08 14:35:00,2022-06-08 15:35:00,long,28106.999,28171.999,28075.70028794487,28193.321424242444,26.082260045940576,2.0767627717559365,TIMEOUT,12,-10.321930170038748
2022-06-08 15:50:00,2022-06-08 18:30:00,long,28126.319,28158.519,28095.874945432606,28189.407132635268,25.37004547282916,1.057677778389161,TIMEOUT,12,-9.264252391649586
2022-06-08 22:15:00,2022-06-08 22:50:00,short,28270.369,28310.445978424737,28310.445978424737,28194.27250877195,33.39748202061433,-1.0000000000000355,SL,7,-10.264252391649622
2022-06-09 03:35:00,2022-06-09 04:35:00,long,28229.519,28302.768015151516,28197.365591471473,28302.768015151516,26.794507107106092,2.2781104244835326,VWAP,12,-7.986141967166089
2022-06-09 04:50:00,2022-06-09 05:50:00,short,28376.319,28366.319,28407.307544176474,28295.964762711857,25.82378681372885,0.3226998965505336,TIMEOUT,12,-7.663442070615556
2022-06-09 08:15:00,2022-06-09 08:40:00,long,28269.369,28236.10892134789,28236.10892134789,28318.574199999995,27.716732210088015,-1.0000000000000426,SL,5,-8.663442070615599
2022-06-09 08:45:00,2022-06-09 09:10:00,long,28224.519,28190.32689520487,28190.32689520487,28315.082113207543,28.493420662606898,-1.0000000000000249,SL,5,-9.663442070615623
2022-06-09 10:50:00,2022-06-09 11:50:00,long,28219.319,28179.235984808445,28179.235984808445,28297.27431806615,33.40251265962822,-1.0000000000000109,SL,12,-10.663442070615634
2022-06-09 13:25:00,2022-06-09 13:35:00,long,28204.369,28175.111299359673,28175.111299359673,28280.018382716033,24.381417200271652,-1.0000000000000082,SL,2,-11.663442070615643
2022-06-09 13:45:00,2022-06-09 14:40:00,long,28159.269,28130.86454623104,28130.86454623104,28277.432654618453,23.670378140799365,-0.9999999999999838,SL,11,-12.663442070615627
2022-06-09 15:05:00,2022-06-09 15:30:00,long,28064.319,28034.181134869534,28034.181134869534,28265.969421245398,25.114887608720927,-1.0000000000000226,SL,5,-13.66344207061565
2022-06-13 15:15:00,2022-06-13 15:40:00,long,26456.319,26413.16795594071,26413.16795594071,26732.372079710156,35.95920338274239,-0.9999999999999833,SL,5,-14.663442070615634
2022-06-13 18:45:00,2022-06-13 19:05:00,long,26491.369,26460.11878469229,26460.11878469229,26704.226637540458,26.041846089756305,-0.9999999999999996,SL,4,-15.663442070615634
2022-06-13 19:10:00,2022-06-13 19:45:00,long,26459.269,26433.90395325563,26433.90395325563,26698.784576619277,21.137538953642352,-0.9999999999999465,SL,7,-16.66344207061558
2022-06-13 21:15:00,2022-06-13 21:35:00,long,26474.369,26416.441383698046,26416.441383698046,26676.66227683615,48.27301358496061,-1.0000000000000064,SL,4,-17.663442070615588
2022-06-13 21:45:00,2022-06-13 22:45:00,long,26396.369,26449.519,26337.488376004203,26670.95664462809,49.06718666316375,0.902673857596955,TIMEOUT,12,-16.760768213018633
2022-06-14 01:50:00,2022-06-14 02:00:00,short,26611.319,26649.967043241737,26649.967043241737,26532.855231884056,32.20670270144878,-0.9999999999999722,SL,2,-17.760768213018604
2022-06-14 02:15:00,2022-06-14 03:15:00,short,26719.419,26629.469,26765.314579043246,26555.451023809517,38.24631586937179,1.959883759506407,TIMEOUT,12,-15.800884453512197
2022-06-14 04:55:00,2022-06-14 05:55:00,long,26539.419,26519.269,26496.241934452144,26601.191388888878,35.980887956546525,-0.46668294253735143,TIMEOUT,12,-16.267567396049547
2022-06-14 06:00:00,2022-06-14 06:05:00,long,26504.369,26467.248460865387,26467.248460865387,26588.19352054793,30.93378261217678,-0.9999999999999976,SL,1,-17.267567396049543
2022-06-14 06:15:00,2022-06-14 07:15:00,long,26441.269,26489.319,26401.910692245357,26583.739657894723,32.79858979553646,1.2208350089525895,TIMEOUT,12,-16.046732387096952
2022-06-14 07:45:00,2022-06-14 08:40:00,long,26449.999,26562.03910638297,26416.531807462758,26562.03910638297,27.889327114369458,3.3477593394871303,VWAP,11,-12.698973047609822
2022-06-14 09:45:00,2022-06-14 09:55:00,long,26479.369,26552.715299435033,26437.703530098872,26552.715299435033,34.72122491760681,1.7603617482074259,VWAP,2,-10.938611299402396
2022-06-14 10:20:00,2022-06-14 11:20:00,long,26469.999,26439.469,26413.706260232237,26552.136573333333,46.91061647313508,-0.5423434731717012,TIMEOUT,12,-11.480954772574098
2022-06-14 12:05:00,2022-06-14 13:05:00,long,26396.269,26414.369,26348.260504102866,26539.319296803653,40.00707991427903,0.37701660220266886,TIMEOUT,12,-11.103938170371428
2022-06-14 13:40:00,2022-06-14 13:50:00,long,26394.419,26351.204819071656,26351.204819071656,26524.761808080813,36.011817440289065,-0.9999999999999737,SL,2,-12.103938170371402
2022-06-14 15:15:00,2022-06-14 16:15:00,long,26319.999,26449.519,26279.998880476134,26510.88803985508,33.333432936553436,3.2379903245721215,TIMEOUT,12,-8.86594784579928
2022-06-14 19:15:00,2022-06-14 19:30:00,long,26456.519,26504.626835703006,26430.84525493964,26504.626835703006,21.39478755030118,1.8738144976472833,VWAP,3,-6.992133348151997
2022-06-14 19:50:00,2022-06-14 19:55:00,short,26591.419,26625.307473674056,26625.307473674056,26504.6972262997,28.24039472837798,-1.000000000000033,SL,1,-7.99213334815203
2022-06-14 20:50:00,2022-06-14 21:50:00,long,26441.519,26468.319,26397.77263821958,26505.853971014494,36.45530148368358,0.6126223738220498,TIMEOUT,12,-7.37951097432998
2022-06-14 22:30:00,2022-06-14 23:30:00,long,26426.319,26421.319,26386.298472898165,26501.912506666675,33.350439251530126,-0.12493588570877666,TIMEOUT,12,-7.504446860038756
2022-06-14 23:35:00,2022-06-15 00:35:00,long,26411.999,26401.269,26381.016967608146,26498.72550190115,25.818360326545932,-0.34632976508088537,TIMEOUT,12,-7.850776625119642
2022-06-15 01:10:00,2022-06-15 01:15:00,long,26346.369,26321.87078680197,26321.87078680197,26392.83677777778,20.415177665023425,-1.0000000000000233,SL,1,-8.850776625119666
2022-06-15 01:30:00,2022-06-15 01:55:00,long,26321.369,26381.296192982456,26295.477777406577,26381.296192982456,21.576018827851247,2.314575635284355,VWAP,5,-6.5362009898353115
2022-06-15 02:40:00,2022-06-15 03:40:00,long,26318.369,26364.83980808081,26284.983360897102,26364.83980808081,27.82136591908193,1.391940047563085,VWAP,12,-5.1442609422722265
2022-06-15 04:20:00,2022-06-15 04:55:00,short,26421.469,26356.135352201258,26459.88644951152,26356.135352201258,32.0145412595982,1.7006242899897785,VWAP,7,-3.443636652282448
2022-06-15 05:15:00,2022-06-15 05:35:00,long,26316.419,26360.486864583338,26281.62053813413,26360.486864583338,28.998718221558278,1.2663739205828903,VWAP,4,-2.1772627316995576
2022-06-15 07:05:00,2022-06-15 07:20:00,long,26296.519,26353.81919379846,26267.45273952867,26353.81919379846,24.22188372610697,1.9713644916579938,VWAP,3,-0.20589824004156387
2022-06-15 09:45:00,2022-06-15 10:45:00,short,26466.999,26406.999,26507.24061653148,26363.4192824859,33.53468044289877,1.4909937813523402,TIMEOUT,12,1.2850955413107763
2022-06-15 13:50:00,2022-06-15 13:55:00,long,26333.319,26375.485726546925,26307.189951403165,26375.485726546925,21.774207164029608,1.6137872908251514,VWAP,1,2.8988828321359277
2022-06-15 15:35:00,2022-06-15 18:20:00,short,26671.269,26713.319,26762.9633785563,26383.4610567376,76.41198213024775,-0.45858863609814393,TIMEOUT,12,2.440294196037784
2022-06-16 19:20:00,2022-06-16 19:30:00,long,25743.519,25719.390300399886,25719.390300399886,25902.335697965584,20.107249666761884,-1.0000000000000093,SL,2,1.4402941960377746
2022-06-16 20:05:00,2022-06-16 20:10:00,long,25738.469,25897.708414414432,25693.155737775698,25897.708414414432,37.761051853585926,3.5141900317436248,VWAP,1,4.9544842277814
2022-06-16 20:40:00,2022-06-16 21:40:00,long,25791.419,25816.419,25724.773030587705,25896.480659388657,55.53830784358167,0.3751164582113021,TIMEOUT,12,5.329600685992702
2022-06-16 22:45:00,2022-06-16 23:00:00,short,26113.999,25889.798606299228,26180.49298500307,25889.798606299228,55.41165416922583,3.371739469222931,VWAP,3,8.701340155215632
2022-06-17 02:05:00,2022-06-17 03:05:00,long,25860.369,25890.469,25802.96552266784,25988.615153846156,47.83623111013216,0.5243584778990306,TIMEOUT,12,9.225698633114662
2022-06-17 03:10:00,2022-06-17 03:25:00,long,25845.419,25952.684811965817,25797.815300129147,25952.684811965817,39.66974989237826,2.253308298657905,VWAP,3,11.479006931772567
2022-06-17 04:30:00,2022-06-17 04:45:00,short,26068.369,26116.925928758523,26116.925928758523,25951.014818181822,40.464107298771054,-0.9999999999999741,SL,3,10.479006931772593
2022-06-17 05:15:00,2022-06-17 06:15:00,short,26128.999,26088.319,26170.78095826936,25970.898114583335,34.81829855779892,0.9736259784126359,TIMEOUT,12,11.45263291018523
2022-06-17 07:30:00,2022-06-17 08:30:00,short,26113.469,26088.519,26150.785653691004,26004.674311355313,31.097211409169145,0.6686022869734476,TIMEOUT,12,12.121235197158677
2022-06-17 09:10:00,2022-06-17 09:35:00,long,25928.469,26014.67743843845,25893.57260922272,26014.67743843845,29.08032564773585,2.470411309543535,VWAP,5,14.591646506702212
2022-06-17 10:15:00,2022-06-17 10:25:00,long,25950.469,25900.45248005634,25900.45248005634,26013.214107526896,41.680433286383845,-0.999999999999981,SL,2,13.591646506702231
2022-06-17 10:35:00,2022-06-17 11:10:00,long,25860.319,26009.97074479168,25808.38483907458,26009.97074479168,43.278467437848946,2.881566624453453,VWAP,7,16.473213131155685
2022-06-17 11:55:00,2022-06-17 12:40:00,long,25920.269,26002.83615277779,25859.844250084312,26002.83615277779,50.35395826307408,1.3664459164993674,VWAP,9,17.83965904765505
2022-06-17 13:10:00,2022-06-17 14:10:00,short,26093.999,26090.999,26147.501909807594,26000.913926624744,44.58575817299559,0.056071716674634994,TIMEOUT,12,17.895730764329684
2022-06-19 19:35:00,2022-06-19 19:45:00,short,26135.269,26161.019304362708,26161.019304362708,26087.752,21.4585869689243,-0.9999999999999369,SL,2,16.89573076432975
2022-06-19 20:10:00,2022-06-19 20:15:00,long,26013.519,25963.602623388266,25963.602623388266,26099.75628395062,41.59698050977926,-0.9999999999999868,SL,1,15.89573076432976
2022-06-19 20:55:00,2022-06-19 21:00:00,long,25948.369,25891.54337302748,25891.54337302748,26070.276407407408,47.354689143765256,-0.999999999999978,SL,1,14.895730764329782
2022-06-19 21:05:00,2022-06-19 21:15:00,long,25858.269,25795.123393069614,25795.123393069614,26059.978473684212,52.62133910865475,-1.0000000000000022,SL,2,13.89573076432978
2022-06-19 21:20:00,2022-06-19 21:30:00,long,25745.269,25682.405722147938,25682.405722147938,26040.509975609755,52.386064876718216,-1.0000000000000073,SL,2,12.895730764329773
2022-06-19 21:35:00,2022-06-19 21:40:00,long,25663.269,25597.176216676027,25597.176216676027,26016.918393939395,55.07731943664356,-1.0000000000000107,SL,1,11.895730764329763
2022-06-20 04:40:00,2022-06-20 05:40:00,short,25914.369,25854.269,25954.483287434126,25764.12888304093,33.42857286177178,1.4982193089854094,TIMEOUT,12,13.393950073315171
2022-06-20 06:00:00,2022-06-20 07:00:00,short,25904.999,25904.269,25937.151107147743,25786.961557077622,26.793422623120705,0.022704577234862997,TIMEOUT,12,13.416654650550035
2022-06-20 07:35:00,2022-06-20 08:35:00,short,25944.369,25931.269,25967.724752033955,25812.073637681162,19.463126694964735,0.5608896678193891,TIMEOUT,12,13.977544318369423
2022-06-21 09:40:00,2022-06-21 10:00:00,short,26429.419,26454.114470873767,26454.114470873767,26371.975894586903,20.579559061470572,-1.000000000000007,SL,4,12.977544318369416
2022-06-21 10:05:00,2022-06-21 11:05:00,short,26489.269,26484.469,26520.938030357764,26374.75971038252,26.390858631468134,0.15156763392418932,TIMEOUT,12,13.129111952293606
2022-06-21 12:25:00,2022-06-21 12:55:00,short,26459.419,26487.15885398369,26487.15885398369,26391.150066666676,23.11654498640532,-1.000000000000014,SL,6,12.129111952293592
2022-06-21 14:55:00,2022-06-21 15:55:00,short,26509.519,26514.519,26533.064821348915,26404.98518518519,19.621517790763072,-0.21235190422568362,TIMEOUT,12,11.916760048067907
2022-06-21 20:00:00,2022-06-21 20:05:00,long,26381.469,26350.666323933663,26350.666323933663,26422.253764079152,25.668896721949327,-0.9999999999999575,SL,1,10.91676004806795
2022-06-21 20:10:00,2022-06-21 20:15:00,long,26301.519,26264.128325228514,26264.128325228514,26421.584520361997,31.15889564290539,-0.9999999999999976,SL,1,9.916760048067951
2022-06-22 19:10:00,2022-06-22 19:25:00,long,26184.469,26162.31497774119,26162.31497774119,26217.479730158728,18.461685215675477,-1.0000000000000597,SL,3,8.916760048067891
2022-06-22 22:55:00,2022-06-22 23:55:00,long,26111.469,26121.419,26057.436884448023,26217.93550980392,45.026762959980786,0.18414973943467358,TIMEOUT,12,9.100909787502564
2022-06-23 00:40:00,2022-06-23 01:40:00,short,26201.519,26193.369,26249.605260684868,26110.834555555557,40.07188390405746,0.16948708183845065,TIMEOUT,12,9.270396869341015
2022-06-23 03:15:00,2022-06-23 03:20:00,long,26103.369,26066.60318672964,26066.60318672964,26150.65025,30.638177725297062,-1.0000000000000469,SL,1,8.270396869340969
2022-06-23 03:25:00,2022-06-23 04:15:00,long,26053.999,26146.89447619047,26015.78908957811,26146.89447619047,31.84159201824103,2.431188012868376,VWAP,10,10.701584882209344
2022-06-23 06:10:00,2022-06-23 06:30:00,short,26201.469,26231.552506164855,26231.552506164855,26138.104911111106,25.0695884707111,-1.000000000000024,SL,4,9.701584882209321
2022-06-23 06:35:00,2022-06-23 06:50:00,short,26226.369,26253.85248872952,26253.85248872952,26142.830374999998,22.902907274602295,-0.9999999999999698,SL,3,8.701584882209351
2022-06-23 06:55:00,2022-06-23 07:50:00,short,26271.419,26297.757006601518,26297.757006601518,26148.04026984126,21.948338834598033,-0.9999999999999416,SL,11,7.70158488220941
2022-06-23 09:35:00,2022-06-23 09:45:00,long,26126.469,26171.66966091953,26093.20313126026,26171.66966091953,27.72155728311749,1.358769893345116,VWAP,2,9.060354775554526
2022-06-23 12:05:00,2022-06-23 12:55:00,long,26091.419,26048.878431026373,26048.878431026373,26171.37774429222,35.450474144689586,-1.0000000000000346,SL,10,8.06035477555449
2022-06-23 13:00:00,2022-06-23 14:00:00,long,26046.469,26116.319,26006.174010953637,26165.856197452213,33.57915753863678,1.7334661617509783,TIMEOUT,12,9.793820937305469
2022-06-23 15:35:00,2022-06-23 18:15:00,short,26231.369,26201.419,26261.37813824354,26159.765347517703,25.007615202952998,0.9980293254985677,TIMEOUT,12,10.791850262804036
2022-06-23 18:55:00,2022-06-23 19:55:00,short,26251.519,26178.519,26273.578051264158,26165.012011272123,18.382542720131465,3.3092991682109516,TIMEOUT,12,14.101149431014989
2022-06-23 21:35:00,2022-06-23 22:35:00,short,26378.319,26384.319,26423.933415153184,26178.174467224526,38.01201262765515,-0.13153736554223688,TIMEOUT,12,13.969612065472752
2022-06-23 23:55:00,2022-06-24 00:10:00,short,26424.369,26452.89406394837,26452.89406394837,26199.9053171036,23.7708866236412,-1.0000000000000582,SL,3,12.969612065472694
2022-06-24 04:55:00,2022-06-24 05:55:00,short,26554.419,26554.319,26585.339533673625,26493.125611111107,25.767111394686463,0.003234096832147697,TIMEOUT,12,12.972846162304842
2022-06-24 06:15:00,2022-06-24 07:15:00,short,26586.999,26594.999,26612.329579424622,26505.309921052627,21.10881618718627,-0.31582380591828485,TIMEOUT,12,12.657022356386557
2022-06-27 03:30:00,2022-06-27 03:35:00,short,26923.369,26955.429694235816,26955.429694235816,26860.94155813954,26.71724519651513,-0.9999999999999706,SL,1,11.657022356386587
2022-06-27 08:30:00,2022-06-27 09:30:00,long,26848.469,26858.419,26827.710235604834,26890.581200647248,17.298970329304765,0.4793156187233319,TIMEOUT,12,12.13633797510992
2022-06-27 09:35:00,2022-06-27 09:40:00,long,26800.319,26772.93041231518,26772.93041231518,26886.80112643678,22.823823070681,-1.000000000000031,SL,1,11.136337975109889
2022-06-27 09:45:00,2022-06-27 09:50:00,long,26748.999,26717.058330006457,26717.058330006457,26884.88640112994,26.617224994617956,-1.000000000000031,SL,1,10.136337975109857
2022-06-27 12:05:00,2022-06-27 12:35:00,long,26788.419,26754.5960477864,26754.5960477864,26868.058292237445,28.18579351133631,-0.9999999999999698,SL,6,9.136337975109887
2022-06-27 13:35:00,2022-06-27 13:45:00,long,26778.319,26751.101451872888,26751.101451872888,26858.95883739838,22.681290105924813,-1.0000000000000637,SL,2,8.136337975109823
2022-06-27 23:45:00,2022-06-28 00:05:00,short,26911.419,26944.94387951824,26944.94387951824,26845.433532828305,27.937399598530614,-1.0000000000000338,SL,4,7.1363379751097895
2022-06-28 01:50:00,2022-06-28 02:00:00,short,27006.519,27033.41369658488,27033.41369658488,26950.335376811592,22.41224715406619,-1.000000000000054,SL,2,6.136337975109735
2022-06-28 02:05:00,2022-06-28 02:10:00,short,27058.319,27088.676584692777,27088.676584692777,26959.254384615382,25.297987243980856,-1.0000000000000286,SL,1,5.136337975109707
2022-06-29 05:55:00,2022-06-29 06:55:00,long,26679.369,26694.999,26653.594077918973,26727.891222222235,21.479101734186617,0.606403385075921,TIMEOUT,12,5.742741360185628
2022-06-29 07:15:00,2022-06-29 07:40:00,long,26674.369,26720.427181818195,26650.81037346465,26720.427181818195,19.632188779457646,1.955045288785706,VWAP,5,7.697786648971333
2022-06-29 08:00:00,2022-06-29 08:05:00,short,26794.269,26819.901591479294,26819.901591479294,26720.29247079039,21.360492899411707,-1.0000000000000062,SL,1,6.697786648971327
2022-06-29 09:05:00,2022-06-29 09:20:00,short,26799.469,26828.013585143304,26828.013585143304,26728.629030303047,23.787154286085784,-1.0000000000000115,SL,3,5.697786648971316
2022-06-29 14:05:00,2022-06-29 14:45:00,short,26799.419,26745.03572549022,26829.559897528503,26745.03572549022,25.117414607083987,1.804301761696329,VWAP,8,7.502088410667644
2022-06-29 19:30:00,2022-06-29 19:35:00,long,26719.269,26703.673113470104,26703.673113470104,26746.257805031477,12.996572108248163,-0.9999999999998999,SL,1,6.502088410667745
2022-06-29 20:10:00,2022-06-29 20:20:00,long,26679.419,26643.406664304497,26643.406664304497,26744.85981818185,30.010279746253772,-1.0000000000000018,SL,2,5.502088410667743
2022-06-29 20:55:00,2022-06-29 21:10:00,long,26644.319,26602.812582355768,26602.812582355768,26742.603352256214,34.588681370194514,-0.9999999999999656,SL,3,4.502088410667778
2022-06-30 11:25:00,2022-06-30 11:50:00,short,26367.519,26409.864096276528,26409.864096276528,26287.968685990327,35.28758023044051,-0.9999999999999696,SL,5,3.502088410667808
2022-06-30 15:40:00,2022-06-30 18:25:00,short,26407.369,26384.369,26451.479044471824,26320.563162257502,36.75837039318655,0.5214231877433652,TIMEOUT,12,4.023511598411173
2022-06-30 20:00:00,2022-06-30 20:05:00,short,26419.999,26459.35080553776,26459.35080553776,26328.332576864545,32.79317128146778,-0.9999999999999868,SL,1,3.0235115984111864
2022-06-30 21:30:00,2022-06-30 21:40:00,long,26204.269,26148.467480382475,26148.467480382475,26330.366679324903,46.501266347937175,-1.0000000000000182,SL,2,2.0235115984111682
2022-06-30 21:45:00,2022-06-30 22:35:00,long,26182.369,26126.67346115171,26126.67346115171,26328.506430555564,46.412949040239795,-1.0000000000000275,SL,10,1.0235115984111407
2022-07-01 09:00:00,2022-07-01 09:30:00,short,26057.419,26088.931794266882,26088.931794266882,25975.038755351696,26.26066188906729,-0.9999999999999928,SL,6,0.023511598411147916
2022-07-01 11:15:00,2022-07-01 12:15:00,short,26092.419,26102.999,26145.985652254258,25987.60025000001,44.638876878546114,-0.19751094299826497,TIMEOUT,12,-0.17399934458711705
2022-07-01 12:20:00,2022-07-01 13:20:00,short,26137.999,26144.369,26181.639718161907,25997.3828702461,36.367265134922526,-0.14596460068247014,TIMEOUT,12,-0.31996394526958716
2022-07-01 13:40:00,2022-07-01 14:20:00,short,26202.369,26238.366752990965,26238.366752990965,26011.48760606061,29.998127492471205,-1.0000000000000306,SL,8,-1.3199639452696177
2022-07-01 14:25:00,2022-07-01 15:25:00,short,26302.269,26289.269,26341.297182637158,26022.474938697316,32.52348553096488,0.3330926300325087,TIMEOUT,12,-0.9868713152371089
2022-07-03 19:50:00,2022-07-03 20:00:00,long,26139.999,26101.519677193908,26101.519677193908,26296.71957971015,32.06610233841009,-0.9999999999999883,SL,2,-1.9868713152370971
2022-07-03 20:45:00,2022-07-03 20:50:00,long,26129.269,26066.38088613154,26066.38088613154,26256.83684313725,52.40676155705057,-0.9999999999999761,SL,1,-2.986871315237073
2022-07-03 21:25:00,2022-07-03 21:35:00,long,26014.999,25949.400490642598,25949.400490642598,26227.556063492062,54.665424464502685,-0.9999999999999781,SL,2,-3.9868713152370514
2022-07-03 22:35:00,2022-07-03 23:35:00,long,26066.519,26088.999,26006.076847859335,26191.33435714285,50.36846011722109,0.3719258696758927,TIMEOUT,12,-3.6149454455611587
2022-07-04 01:35:00,2022-07-04 02:05:00,short,26138.319,26168.221865108637,26168.221865108637,26079.005833333336,24.919054257198702,-0.9999999999999633,SL,6,-4.614945445561122
2022-07-04 02:15:00,2022-07-04 03:15:00,short,26196.469,26158.369,26228.506631392556,26100.534357142864,26.698026160462856,1.1892264922198794,TIMEOUT,12,-3.425718953341242
2022-07-04 05:35:00,2022-07-04 05:55:00,short,26258.419,26287.433009384196,26287.433009384196,26146.780323529423,24.178341153496795,-0.9999999999999482,SL,4,-4.425718953341191
2022-07-04 09:10:00,2022-07-04 10:10:00,short,26286.519,26241.469,26302.102999382034,26193.940861861873,12.986666151695122,2.8907855355753354,TIMEOUT,12,-1.5349334177658553
2022-07-04 10:55:00,2022-07-04 11:05:00,short,26241.369,26257.98356787599,26257.98356787599,26202.906752525265,13.845473229991894,-0.9999999999999506,SL,2,-2.534933417765806
2022-07-04 11:10:00,2022-07-04 12:10:00,short,26261.369,26256.469,26277.50993353628,26204.122037037043,13.45077794689949,0.30357599757066506,TIMEOUT,12,-2.231357420195141
2022-07-04 18:00:00,2022-07-04 18:05:00,short,26291.519,26305.78321958917,26305.78321958917,26211.96189029537,11.886849657644117,-0.9999999999998823,SL,1,-3.2313574201950233
2022-07-04 18:10:00,2022-07-04 18:15:00,short,26323.369,26339.804393421276,26339.804393421276,26213.284750000013,13.696161184397148,-1.0000000000000682,SL,1,-4.231357420195091
2022-07-04 18:20:00,2022-07-04 18:35:00,short,26336.369,26353.055558613243,26353.055558613243,26214.769082304538,13.90546551103639,-1.0000000000000449,SL,2,-5.2313574201951365
2022-07-04 18:45:00,2022-07-04 19:00:00,short,26353.999,26371.4287388732,26371.4287388732,26217.81518473897,14.524782394333204,-1.0000000000000737,SL,3,-6.23135742019521
2022-07-04 19:05:00,2022-07-04 19:10:00,short,26406.419,26425.663067262536,26425.663067262536,26221.422372549037,16.036722718777327,-1.0000000000000822,SL,1,-7.231357420195293
2022-07-05 01:10:00,2022-07-05 02:10:00,short,26426.419,26358.419,26458.869990070263,26352.321666666667,27.042491725219204,2.0954676529981384,TIMEOUT,12,-5.135889767197154
2022-07-05 03:10:00,2022-07-05 03:55:00,long,26333.369,26307.611038622315,26307.611038622315,26376.293017094013,21.464967814737356,-0.9999999999999442,SL,9,-6.135889767197098
2022-07-05 04:00:00,2022-07-05 04:10:00,long,26306.519,26276.357547060074,26276.357547060074,26368.441040816324,25.134544116606477,-0.9999999999999637,SL,2,-7.135889767197062
2022-07-05 04:15:00,2022-07-05 04:20:00,long,26236.999,26201.861297336363,26201.861297336363,26363.097525641024,29.28141888636455,-0.9999999999999712,SL,1,-8.135889767197034
2022-07-05 04:25:00,2022-07-05 04:40:00,long,26176.999,26139.976735968597,26139.976735968597,26357.161839506167,30.85188669283478,-1.0000000000000153,SL,3,-9.13588976719705
2022-07-05 04:50:00,2022-07-05 05:50:00,long,26101.369,26121.519,26061.356409600518,26338.81707909604,33.34382533290201,0.5035914895493022,TIMEOUT,12,-8.632298277647747
2022-07-06 02:05:00,2022-07-06 03:05:00,long,26027.369,26124.639,25991.918345452203,26124.639,29.542212123162635,2.743813936322654,VWAP,12,-5.888484341325093
2022-07-06 03:25:00,2022-07-06 04:25:00,short,26190.469,26162.519,26233.238097790094,26100.93558730159,35.6409148250774,0.6535092261514837,TIMEOUT,12,-5.234975115173609
2022-07-06 07:50:00,2022-07-06 08:25:00,long,26090.319,26120.80461403509,26067.1801437038,26120.80461403509,19.28238024683192,1.3175073843255662,VWAP,7,-3.917467730848043
2022-07-06 08:45:00,2022-07-06 09:35:00,short,26165.419,26190.60332828264,26190.60332828264,26119.830415094337,20.986940235530625,-1.000000000000033,SL,10,-4.917467730848076
2022-07-06 14:35:00,2022-07-06 15:25:00,short,26280.369,26325.822992680438,26325.822992680438,26140.68697348485,37.87832723369898,-1.0000000000000073,SL,10,-5.917467730848083
2022-07-07 09:20:00,2022-07-07 09:35:00,long,26481.269,26508.875401179946,26460.37128863545,26508.875401179946,17.414759470456424,1.3210250968811652,VWAP,3,-4.596442633966918
2022-07-07 09:40:00,2022-07-07 09:50:00,short,26556.999,26582.671787231437,26582.671787231437,26509.012019943024,21.393989359530117,-1.0000000000000262,SL,2,-5.596442633966944
2022-07-07 09:55:00,2022-07-07 10:50:00,short,26586.469,26613.92127607415,26613.92127607415,26510.628944444452,22.87689672845752,-1.0000000000000089,SL,11,-6.596442633966953
2022-07-07 10:55:00,2022-07-07 11:55:00,short,26631.269,26616.999,26660.56188546863,26516.450363636366,24.410737890522526,0.48714900467158645,TIMEOUT,12,-6.109293629295367
2022-07-07 12:10:00,2022-07-07 12:40:00,short,26646.999,26672.13164600213,26672.13164600213,26526.693217687076,20.943871668443013,-0.999999999999938,SL,6,-7.109293629295305
2022-07-07 13:45:00,2022-07-07 14:05:00,short,26681.519,26700.050336950237,26700.050336950237,26541.659602409643,15.442780791863736,-0.9999999999999976,SL,4,-8.109293629295303
2022-07-07 14:10:00,2022-07-07 15:10:00,short,26696.319,26681.469,26714.10545134145,26545.915198830407,14.822042784541804,0.8349051598275588,TIMEOUT,12,-7.274388469467745
2022-07-07 20:40:00,2022-07-07 21:25:00,short,26728.319,26778.257987504243,26778.257987504243,26571.85043703703,41.615822920202206,-1.0000000000000153,SL,9,-8.27438846946776
2022-07-08 02:35:00,2022-07-08 03:00:00,long,26574.469,26639.631395833338,26530.98924620583,26639.631395833338,36.23312816180766,1.4986836434679898,VWAP,5,-6.775704825999771
2022-07-08 04:30:00,2022-07-08 05:30:00,long,26564.469,26609.369,26528.570180165476,26634.66009090909,29.91568319543845,1.2507374951868107,TIMEOUT,12,-5.52496733081296
2022-07-08 06:05:00,2022-07-08 06:15:00,short,26689.519,26720.059641090476,26720.059641090476,26627.291792792792,25.45053424206294,-1.0000000000000198,SL,2,-6.52496733081298
2022-07-08 06:20:00,2022-07-08 06:30:00,short,26749.319,26780.967011835193,26780.967011835193,26630.81332900433,26.373343195995787,-0.9999999999999625,SL,2,-7.524967330812943
2022-07-08 08:15:00,2022-07-08 08:50:00,short,26744.419,26653.092699999994,26769.097908319633,26653.092699999994,20.565756933026876,3.7005810312669776,VWAP,7,-3.824386299545965
2022-07-08 09:45:00,2022-07-08 10:40:00,short,26796.319,26837.41998987805,26837.41998987805,26663.678265536724,34.25082489837408,-1.0000000000000346,SL,11,-4.824386299545999
2022-07-08 10:45:00,2022-07-08 11:45:00,short,26824.269,26804.999,26868.48705568069,26671.373538461543,36.84837973390697,0.4357948286816317,TIMEOUT,12,-4.388591470864368
2022-07-08 13:30:00,2022-07-08 13:50:00,short,26759.999,26791.333884955668,26791.333884955668,26693.404521472403,26.11240412972322,-0.9999999999999981,SL,4,-5.388591470864366
2022-07-08 14:30:00,2022-07-08 15:30:00,short,26819.469,26814.369,26845.255953747324,26699.677571428587,21.489128122770097,0.19777442694375655,TIMEOUT,12,-5.190817043920609
2022-07-10 19:45:00,2022-07-10 19:50:00,short,26926.419,26957.988678073718,26957.988678073718,26798.2699090909,26.308065061429886,-1.0000000000000109,SL,1,-6.19081704392062
2022-07-11 01:55:00,2022-07-11 02:10:00,long,26794.369,26763.327947778456,26763.327947778456,26834.555944444437,25.86754351795064,-1.0000000000000553,SL,3,-7.190817043920675
2022-07-11 02:15:00,2022-07-11 03:15:00,long,26689.419,26694.519,26648.940946780003,26825.378523809522,33.731711016664605,0.12599420165490993,TIMEOUT,12,-7.064822842265765
2022-07-11 09:20:00,2022-07-11 09:35:00,short,26819.469,26775.783188790567,26840.38709155213,26775.783188790567,17.43174296010654,2.0884224117945567,VWAP,3,-4.976400430471209
2022-07-11 09:45:00,2022-07-11 09:50:00,long,26734.519,26706.87151751007,26706.87151751007,26775.979790960457,23.039568741608615,-1.0000000000000078,SL,1,-5.976400430471217
2022-07-11 11:00:00,2022-07-11 11:25:00,long,26694.369,26657.049621866234,26657.049621866234,26769.86336090226,31.099481778138614,-0.9999999999999638,SL,5,-6.97640043047118
2022-07-11 13:50:00,2022-07-11 14:05:00,long,26679.269,26655.334016566245,26655.334016566245,26751.45662475051,19.945819528129903,-0.9999999999999801,SL,3,-7.976400430471161
2022-07-11 14:10:00,2022-07-11 14:35:00,long,26639.369,26613.98008679062,26613.98008679062,26749.457927875254,21.157427674482427,-1.0000000000000073,SL,5,-8.976400430471168
2022-07-12 06:55:00,2022-07-12 07:15:00,long,26281.519,26318.22963492064,26256.42090787514,26318.22963492064,20.915076770716738,1.4626862766304887,VWAP,4,-7.513714153840679
2022-07-12 08:40:00,2022-07-12 09:30:00,short,26361.269,26384.501942326835,26384.501942326835,26320.833920634934,19.360785272361337,-1.000000000000049,SL,10,-8.513714153840729
2022-07-12 09:35:00,2022-07-12 09:40:00,short,26426.319,26452.813157002805,26452.813157002805,26325.59980459771,22.078464169005482,-0.9999999999999736,SL,1,-9.513714153840702
2022-07-12 20:45:00,2022-07-12 21:10:00,short,26493.419,26538.914630597472,26538.914630597472,26400.912930131017,37.913025497890644,-1.0000000000000304,SL,5,-10.513714153840732
2022-07-12 21:15:00,2022-07-12 21:40:00,short,26533.469,26403.706460992922,26576.904162011117,26403.706460992922,36.19596834259754,2.987499827302744,VWAP,5,-7.526214326537988
2022-07-12 23:45:00,2022-07-13 00:45:00,short,26471.319,26439.469,26501.679549013683,26407.67931446542,25.300457511403067,1.0490587632537067,TIMEOUT,12,-6.477155563284281
2022-07-13 07:15:00,2022-07-13 08:15:00,short,26509.469,26456.131840909096,26528.434288106484,26456.131840909096,15.804406755402905,2.8123569118188474,VWAP,12,-3.664798651465434
2022-07-13 08:30:00,2022-07-13 08:35:00,long,26336.369,26296.100238805375,26296.100238805375,26458.307543689316,33.5573009955196,-1.0000000000000107,SL,1,-4.6647986514654445
2022-07-13 08:40:00,2022-07-13 09:40:00,long,26256.319,26339.369,26208.334894684227,26454.66928571428,39.98675442981023,1.7307814630171068,TIMEOUT,12,-2.9340171884483377
2022-07-13 10:20:00,2022-07-13 10:50:00,long,26289.269,26431.985239999995,26232.85328176565,26431.985239999995,47.01309852862689,2.529724772928487,VWAP,6,-0.40429241551985085
2022-07-13 13:00:00,2022-07-13 13:15:00,short,26499.419,26532.6955167397,26532.6955167397,26434.129148619948,27.730430616414132,-1.0000000000000133,SL,3,-1.4042924155198642
2022-07-13 14:30:00,2022-07-13 15:30:00,short,26534.519,26494.519,26570.03792497222,26441.69989523808,29.599104143517163,1.1261602098397983,TIMEOUT,12,-0.2781322056800659
2022-07-13 19:15:00,2022-07-13 19:35:00,long,26421.469,26399.650015635798,26399.650015635798,26450.52151572326,18.18248697016915,-1.0000000000000038,SL,4,-1.2781322056800697
2022-07-13 19:40:00,2022-07-13 20:00:00,long,26354.519,26329.72522198054,26329.72522198054,26449.410720430096,20.66148168288327,-0.9999999999999563,SL,4,-2.278132205680026
2022-07-13 21:30:00,2022-07-13 21:35:00,short,26531.419,26575.945481587285,26575.945481587285,26447.094299860524,37.105401322737045,-0.9999999999999751,SL,1,-3.2781322056800013
2022-07-13 21:40:00,2022-07-13 21:45:00,short,26616.469,26665.651751980873,26665.651751980873,26448.233619640385,40.985626650727276,-0.9999999999999877,SL,1,-4.278132205679989
2022-07-13 23:10:00,2022-07-14 00:10:00,short,26708.999,26660.519,26743.952180001947,26463.611998713,29.127650001623397,1.386998264458272,TIMEOUT,12,-2.891133941221717
2022-07-14 01:55:00,2022-07-14 02:05:00,long,26630.519,26668.379277777774,26605.04405182367,26668.379277777774,21.22912348027565,1.486176832067153,VWAP,2,-1.404957109154564
2022-07-14 03:30:00,2022-07-14 04:00:00,short,26758.369,26677.186519379848,26794.380954618002,26677.186519379848,30.00996218167061,2.2543203078336314,VWAP,6,0.8493631986790673
2022-07-14 04:45:00,2022-07-14 05:45:00,long,26613.519,26638.419,26574.327314599977,26680.871528735624,32.65973783335246,0.6353388415387432,TIMEOUT,12,1.4847020402178104
2022-07-14 06:50:00,2022-07-14 07:50:00,long,26603.269,26603.419,26573.101777489886,26666.460807228916,25.139352091762788,0.004972284072594314,TIMEOUT,12,1.4896743242904047
2022-07-14 08:05:00,2022-07-14 09:05:00,long,26573.419,26578.519,26544.263922850347,26656.93695918367,24.295897624713874,0.17492665081349668,TIMEOUT,12,1.6646009751039013
2022-07-14 09:40:00,2022-07-14 10:05:00,long,26503.269,26466.533283548542,26466.533283548542,26643.048259259253,30.613097042880064,-1.0000000000000482,SL,5,0.6646009751038531
2022-07-14 12:50:00,2022-07-14 13:50:00,long,26523.369,26616.254204301076,26485.592145738512,26616.254204301076,31.480711884571768,2.4587861037379932,VWAP,12,3.123387078841846
2022-07-14 14:20:00,2022-07-14 14:40:00,short,26678.419,26711.90861875424,26711.90861875424,26612.688595375723,27.908015628533093,-1.0000000000000067,SL,4,2.1233870788418394
2022-07-15 01:40:00,2022-07-15 01:50:00,long,26765.269,26799.109952380953,26741.260846693902,26799.109952380953,20.00679442174751,1.4095608250035263,VWAP,2,3.5329479038453657
2022-07-15 02:40:00,2022-07-15 02:55:00,long,26740.369,26714.411452721262,26714.411452721262,26794.014555555554,21.631289398946603,-1.0000000000000204,SL,3,2.5329479038453453
2022-07-15 03:00:00,2022-07-15 03:05:00,long,26692.419,26665.784595902023,26665.784595902023,26786.293864864863,22.1953367483163,-0.9999999999999567,SL,1,1.5329479038453886
2022-07-15 04:55:00,2022-07-15 05:50:00,short,26820.519,26772.036055555556,26848.311119297327,26772.036055555556,23.160099414437617,1.7444853314626587,VWAP,11,3.277433235308047
2022-07-15 08:50:00,2022-07-15 09:10:00,short,26852.999,26882.81157815767,26882.81157815767,26776.579623052963,24.843815131392553,-0.999999999999996,SL,4,2.277433235308051
2022-07-15 10:30:00,2022-07-15 11:10:00,short,26915.999,26958.80643687882,26958.80643687882,26790.389761154864,35.67286406568309,-0.9999999999999696,SL,8,1.2774332353080815
2022-07-15 11:15:00,2022-07-15 12:15:00,short,26960.419,26925.519,26997.089905515993,26798.67125490197,30.559087929992245,0.9517081596139748,TIMEOUT,12,2.229141394922056
2022-07-15 13:35:00,2022-07-15 14:35:00,short,26960.269,26960.269,26980.709859048264,26822.91491463415,17.03404920688626,0.0,TIMEOUT,12,2.229141394922056
2022-07-18 12:10:00,2022-07-18 13:05:00,short,27220.469,27173.807639455772,27242.38706981713,27173.807639455772,18.265058180940915,2.1288991655534755,VWAP,11,4.358040560475532
2022-07-18 13:35:00,2022-07-18 13:40:00,long,27137.469,27115.46717754433,27115.46717754433,27175.895321138214,18.33485204639159,-0.999999999999993,SL,1,3.358040560475539
2022-07-18 13:45:00,2022-07-18 13:55:00,long,27105.469,27082.621612270366,27082.621612270366,27175.18687148595,19.03948977469489,-1.0000000000000342,SL,2,2.3580405604755046
2022-07-18 14:00:00,2022-07-18 14:30:00,long,27047.369,27022.111882346206,27022.111882346206,27173.355055226828,21.047598044826838,-1.0000000000000355,SL,6,1.358040560475469
2022-07-19 01:00:00,2022-07-19 01:55:00,long,26954.469,26989.05669230769,26929.639600794897,26989.05669230769,20.69116600425299,1.393013661827989,VWAP,11,2.751054222303458
2022-07-19 05:40:00,2022-07-19 06:15:00,short,27027.369,27050.386801104618,27050.386801104618,26971.22875845411,19.181500920515454,-1.0000000000000258,SL,7,1.7510542223034324
2022-07-20 10:00:00,2022-07-20 10:30:00,long,27551.519,27617.474013774103,27517.107281876968,27617.474013774103,28.676431769192654,1.9166440204553452,VWAP,6,3.6676982427587776
2022-07-20 12:05:00,2022-07-20 12:45:00,short,27666.999,27617.8987716895,27693.818492971215,27617.8987716895,22.349577476011387,1.8307664639000403,VWAP,8,5.498464706658818
2022-07-20 12:50:00,2022-07-20 13:00:00,long,27581.369,27620.01768817204,27552.25178244105,27620.01768817204,24.26434796579132,1.3273482637478846,VWAP,2,6.8258129704067025
2022-07-20 13:10:00,2022-07-20 14:10:00,long,27536.319,27566.519,27500.71478751819,27619.145205450735,29.670177068173608,0.8482142391277764,TIMEOUT,12,7.674027209534479
2022-07-20 18:05:00,2022-07-20 18:50:00,long,27568.319,27538.45517538523,27538.45517538523,27614.97728282828,24.886520512310756,-0.9999999999999412,SL,9,6.674027209534538
2022-07-20 18:55:00,2022-07-20 19:50:00,long,27536.999,27611.90124358974,27517.42379303749,27611.90124358974,16.312672468756023,3.8263832271710005,VWAP,11,10.500410436705538
2022-07-20 23:10:00,2022-07-20 23:25:00,short,27716.419,27753.083719087517,27753.083719087517,27612.290930501924,30.553932572930652,-0.9999999999999665,SL,3,9.500410436705572
2022-07-21 04:20:00,2022-07-21 05:00:00,long,27699.419,27750.430132075482,27668.56066705542,27750.430132075482,25.715277453819706,1.6530747842758649,VWAP,8,11.153485220981437
2022-07-21 06:00:00,2022-07-21 07:00:00,short,27799.419,27754.419,27827.626553184462,27749.261922374433,23.5062943203833,1.5953173855856202,TIMEOUT,12,12.748802606567057
2022-07-21 09:20:00,2022-07-21 09:50:00,long,27701.319,27756.19363126844,27666.162848364762,27756.19363126844,29.29679302936537,1.5608827677668369,VWAP,6,14.309685374333894
2022-07-21 10:00:00,2022-07-21 10:05:00,short,27826.999,27755.18007438017,27869.77353782424,27755.18007438017,35.64544818686603,1.6790111424449616,VWAP,1,15.988696516778855
2022-07-21 15:50:00,2022-07-21 15:55:00,short,27861.999,27887.026996583827,27887.026996583827,27763.713136125647,20.856663819857232,-0.9999999999999405,SL,1,14.988696516778916
2022-07-21 16:00:00,2022-07-21 18:40:00,short,27896.469,27859.319,27923.024486850343,27764.95944905008,22.129572375284983,1.3989575943143757,TIMEOUT,12,16.38765411109329
2022-07-21 20:55:00,2022-07-21 21:30:00,short,27839.319,27874.112127967914,27874.112127967914,27775.2223908046,28.994273306596465,-0.9999999999999548,SL,7,15.387654111093335
2022-07-21 21:40:00,2022-07-21 22:40:00,short,27891.519,27844.369,27927.04888604135,27777.93667634855,29.60823836779109,1.3270518218135792,TIMEOUT,12,16.714705932906913
2022-07-21 23:10:00,2022-07-21 23:50:00,short,27891.419,27918.428314629728,27918.428314629728,27784.293234234236,22.507762191439255,-0.9999999999999536,SL,8,15.71470593290696
2022-07-22 03:45:00,2022-07-22 04:15:00,long,27881.419,27919.28986956522,27851.26781752947,27919.28986956522,25.125985392107722,1.2560326482131476,VWAP,6,16.970738581120106
2022-07-22 06:45:00,2022-07-22 07:10:00,short,27959.519,27917.252414634157,27980.602347292224,27917.252414634157,17.569456076851928,2.0047378995381755,VWAP,5,18.97547648065828
2022-07-22 10:00:00,2022-07-22 10:10:00,long,27839.999,27804.223083258308,27804.223083258308,27919.881341597804,29.81326395141074,-0.9999999999999645,SL,2,17.975476480658315
2022-07-22 11:25:00,2022-07-22 11:40:00,long,27769.469,27729.15863258923,27729.15863258923,27908.261028985515,33.591972842308174,-0.999999999999997,SL,3,16.97547648065832
2022-07-25 01:55:00,2022-07-25 02:00:00,long,27670.519,27698.818166666668,27650.65785755009,27698.818166666668,16.550952041591124,1.4248508985844746,VWAP,1,18.400327379242793
2022-07-25 02:40:00,2022-07-25 03:00:00,long,27667.419,27699.917787878792,27644.075488489685,27699.917787878792,19.452926258596513,1.392197907518282,VWAP,4,19.792525286761073
2022-07-25 09:35:00,2022-07-25 09:45:00,long,27715.369,27747.56701724138,27695.570742063846,27747.56701724138,16.49854828012549,1.6263055742187513,VWAP,2,21.418830860979824
2022-07-25 10:30:00,2022-07-25 11:30:00,long,27677.519,27740.319,27643.430718976604,27746.428606299214,28.4069008528297,1.8422753543042567,TIMEOUT,12,23.26110621528408
2022-07-25 14:20:00,2022-07-25 14:45:00,long,27710.999,27743.564163776497,27691.608428155185,27743.564163776497,16.158809870680575,1.6794328726928083,VWAP,5,24.940539087976887
2022-07-25 15:00:00,2022-07-25 15:50:00,long,27705.319,27742.73200184163,27684.87455698077,27742.73200184163,17.03703584935811,1.8299839133029407,VWAP,10,26.770523001279827
2022-07-25 16:00:00,2022-07-25 18:00:00,short,27785.519,27741.568533678772,27809.144373092407,27741.568533678772,19.687810910340108,1.8603078202964558,VWAP,4,28.630830821576282
2022-07-25 19:10:00,2022-07-25 19:30:00,long,27712.269,27697.222253367796,27697.222253367796,27740.733865718816,12.538955526836993,-0.9999999999999942,SL,2,27.63083082157629
2022-07-25 19:35:00,2022-07-25 19:40:00,long,27665.269,27647.637228006213,27647.637228006213,27739.917847352044,14.693143328156099,-0.9999999999999802,SL,1,26.63083082157631
2022-07-25 23:35:00,2022-07-26 00:35:00,long,27690.319,27680.369,27667.50264450317,27722.817511450412,19.013629580692648,-0.4360906807129045,TIMEOUT,12,26.194740140863406
2022-07-26 01:20:00,2022-07-26 02:05:00,long,27645.999,27682.045078431373,27625.401738178476,27682.045078431373,17.164384851270018,1.7500422504560673,VWAP,9,27.944782391319475
2022-07-26 06:20:00,2022-07-26 06:25:00,long,27640.369,27620.026444420913,27620.026444420913,27675.135060606077,16.95212964923753,-1.0000000000000207,SL,1,26.944782391319453
2022-07-26 06:30:00,2022-07-26 06:45:00,long,27620.519,27599.204122995587,27599.204122995587,27673.774569620273,17.76239750367917,-0.9999999999999328,SL,3,25.94478239131952
2022-07-26 08:20:00,2022-07-26 08:55:00,long,27605.519,27586.822734486468,27586.822734486468,27661.713851485172,15.580221261276108,-1.0000000000000426,SL,7,24.944782391319478
2022-07-26 22:00:00,2022-07-26 22:55:00,short,27687.469,27726.344055293033,27726.344055293033,27588.23192517007,32.39587941086131,-0.9999999999999684,SL,11,23.94478239131951
2022-07-27 00:45:00,2022-07-27 00:50:00,short,27752.269,27773.098742462604,27773.098742462604,27711.06033333334,17.35811871883646,-0.999999999999986,SL,1,22.944782391319524
2022-07-27 09:50:00,2022-07-27 10:15:00,short,27822.519,27845.876172060933,27845.876172060933,27778.010708683465,19.464310050776156,-1.0000000000000475,SL,5,21.944782391319478
2022-07-27 14:40:00,2022-07-27 15:30:00,short,27987.319,28026.160159835905,28026.160159835905,27806.03363276836,32.36763319658739,-1.0000000000000104,SL,10,20.944782391319468
2022-07-28 08:00:00,2022-07-28 08:05:00,long,27778.269,27764.185063523393,27764.185063523393,27799.47814089348,11.736613730506647,-0.9999999999999343,SL,1,19.944782391319535
2022-07-28 08:10:00,2022-07-28 08:30:00,long,27758.469,27743.403013956395,27743.403013956395,27798.70095286196,12.554988369671573,-1.0000000000000238,SL,4,18.94478239131951
2022-07-28 09:45:00,2022-07-28 09:55:00,long,27713.519,27682.099961223266,27682.099961223266,27792.95247457628,26.18253231394503,-0.9999999999999971,SL,2,17.944782391319514
2022-07-28 10:15:00,2022-07-28 10:25:00,long,27668.419,27632.111318556832,27632.111318556832,27788.34604301076,30.256401202642493,-0.9999999999999648,SL,2,16.94478239131955
2022-07-28 13:25:00,2022-07-28 13:45:00,short,27823.269,27848.86063925576,27848.86063925576,27778.67332098766,21.32636604646645,-0.9999999999999796,SL,4,15.94478239131957
2022-07-28 14:00:00,2022-07-28 15:00:00,short,27860.369,27858.419,27883.15770209352,27781.317678500985,18.99058507793198,0.08556871698944689,TIMEOUT,12,16.030351108309016
2022-07-28 15:05:00,2022-07-28 16:05:00,short,27878.999,27897.901308519864,27897.901308519864,27785.938798534793,15.751923766554029,-0.9999999999999645,SL,12,15.030351108309052
2022-07-28 22:45:00,2022-07-28 23:35:00,short,27974.469,27823.25829133856,28005.167809082177,27823.25829133856,25.582340901813822,4.925621324810051,VWAP,10,19.955972433119104
2022-07-28 23:50:00,2022-07-28 23:55:00,long,27777.469,27740.846821470226,27740.846821470226,27826.19720224717,30.518482108146667,-0.999999999999968,SL,1,18.955972433119136
2022-07-29 03:20:00,2022-07-29 04:20:00,short,27817.519,27819.319,27844.4163692929,27760.10290243903,22.414474410748255,-0.06692104273835256,TIMEOUT,12,18.889051390380782
2022-07-29 06:40:00,2022-07-29 07:40:00,short,27852.369,27842.999,27870.491369284748,27788.825337448572,15.101974403958524,0.5170405620132535,TIMEOUT,12,19.406091952394036
2022-07-29 08:05:00,2022-07-29 09:05:00,short,27867.319,27827.999,27884.910814289415,27798.35270748301,14.659845241178203,2.235130461993403,TIMEOUT,12,21.64122241438744
2022-07-29 10:05:00,2022-07-29 10:30:00,short,27884.419,27914.005972760977,27914.005972760977,27808.250666666678,24.655810634145766,-1.000000000000009,SL,5,20.64122241438743
2022-07-29 12:50:00,2022-07-29 13:50:00,short,27867.519,27892.907986527003,27892.907986527003,27818.345064516132,21.157488772501473,-1.0000000000000486,SL,12,19.64122241438738
2022-07-29 15:35:00,2022-07-29 15:40:00,short,27962.369,27980.61404888229,27980.61404888229,27833.48392907801,15.204207401907368,-1.000000000000095,SL,1,18.641222414387283
2022-07-29 15:45:00,2022-07-29 16:00:00,short,27972.519,27991.19449623014,27991.19449623014,27834.930894736844,15.562913525114173,-1.0000000000000735,SL,3,17.641222414387208
2022-07-31 19:40:00,2022-07-31 19:50:00,short,27942.519,27897.004873015874,27965.04218670334,27897.004873015874,18.769322252782707,2.020767646408499,VWAP,2,19.661990060795706
2022-07-31 19:55:00,2022-07-31 20:00:00,long,27832.369,27803.10688149153,27803.10688149153,27894.202333333335,24.385098757056824,-0.9999999999999977,SL,1,18.66199006079571
2022-07-31 20:05:00,2022-07-31 21:05:00,long,27759.999,27822.269,27723.965744755453,27886.459897435903,30.027712703788602,1.7281258542253155,TIMEOUT,12,20.390115915021024
2022-07-31 23:40:00,2022-08-01 00:35:00,short,27953.519,27979.802134455207,27979.802134455207,27877.38339613526,21.90261204600508,-1.0000000000000304,SL,11,19.390115915020992
2022-08-01 03:25:00,2022-08-01 03:35:00,short,28018.419,28036.65374655956,28036.65374655956,27974.876222222218,15.195622132965388,-1.0000000000000526,SL,2,18.39011591502094
2022-08-01 07:25:00,2022-08-01 07:45:00,short,28033.419,28046.745466687265,28046.745466687265,28001.941407407412,11.105388906054431,-0.9999999999998822,SL,4,17.390115915021056
2022-08-01 08:25:00,2022-08-01 08:30:00,long,27983.999,27968.537189331484,27968.537189331484,28003.857986928106,12.884842223762845,-1.0000000000000173,SL,1,16.39011591502104
2022-08-01 08:35:00,2022-08-01 08:50:00,long,27968.519,27952.590846923576,27952.590846923576,28003.24883974359,13.273460897019993,-0.999999999999986,SL,3,15.390115915021052
2022-08-01 08:55:00,2022-08-01 09:05:00,long,27883.319,27860.77128935819,27860.77128935819,28000.89998765432,18.78975886817461,-1.0000000000000713,SL,2,14.390115915020981
2022-08-01 12:15:00,2022-08-01 13:15:00,long,27913.469,27933.469,27882.982096431664,27980.82771621622,25.405752973613637,0.6560193938741604,TIMEOUT,12,15.046135308895142
2022-08-01 13:30:00,2022-08-01 13:45:00,long,27888.369,27858.660910496703,27858.660910496703,27975.429327198362,24.756741252745773,-1.0000000000000335,SL,3,14.046135308895108
2022-08-01 18:10:00,2022-08-01 19:10:00,long,27890.369,27913.269,27865.784201465194,27961.93633668342,20.487332112336833,0.9314699068036856,TIMEOUT,12,14.977605215698794
2022-08-01 19:20:00,2022-08-01 19:30:00,long,27883.419,27864.581590347283,27864.581590347283,27957.77873395931,15.697841377264037,-1.000000000000095,SL,2,13.977605215698699
2022-08-01 19:35:00,2022-08-01 19:50:00,long,27860.999,27842.024910711727,27842.024910711727,27956.56458641975,15.811741073560023,-1.0000000000000413,SL,3,12.977605215698658
2022-08-01 19:55:00,2022-08-01 20:05:00,long,27825.369,27801.45252342351,27801.45252342351,27954.6091060606,19.930397147072693,-0.9999999999999981,SL,2,11.97760521569866
2022-08-01 20:10:00,2022-08-01 20:15:00,long,27760.469,27728.993318134642,27728.993318134642,27952.506713004477,26.22973488779845,-1.0000000000000158,SL,1,10.977605215698643
2022-08-02 06:35:00,2022-08-02 07:05:00,long,27598.519,27633.848416666664,27575.95304587815,27633.848416666664,18.804961768210774,1.565607041292823,VWAP,6,12.543212256991467
2022-08-02 09:10:00,2022-08-02 09:35:00,short,27698.519,27718.985892615543,27718.985892615543,27634.1638048048,17.05574384628526,-1.0000000000000213,SL,5,11.543212256991445
2022-08-02 09:40:00,2022-08-02 10:30:00,short,27728.999,27754.893096150245,27754.893096150245,27637.469484330482,21.578413458537586,-0.9999999999999913,SL,10,10.543212256991454
2022-08-02 10:50:00,2022-08-02 11:50:00,short,27813.319,27848.369,27856.8219121222,27648.020501272258,36.25242676850095,-0.805693189033935,TIMEOUT,12,9.73751906795752
2022-08-02 18:50:00,2022-08-02 19:25:00,short,27775.469,27798.395399881185,27798.395399881185,27711.554647249188,19.105333234319133,-1.0000000000000409,SL,7,8.737519067957479
2022-08-02 19:30:00,2022-08-02 20:20:00,short,27808.369,27831.141776607492,27831.141776607492,27714.158781931463,18.977313839578336,-0.9999999999999623,SL,10,7.737519067957516
2022-08-03 04:45:00,2022-08-03 05:20:00,short,27763.469,27784.853012636617,27784.853012636617,27725.00727586207,17.82001053051192,-1.0000000000000704,SL,7,6.737519067957446
2022-08-03 06:30:00,2022-08-03 07:30:00,short,27788.469,27788.269,27803.870099994336,27737.647438818567,12.834249995280073,0.012986085414306747,TIMEOUT,12,6.750505153371752
2022-08-03 08:00:00,2022-08-03 08:15:00,short,27803.999,27818.445281904715,27818.445281904715,27746.063364261165,12.038568253929272,-0.999999999999981,SL,3,5.750505153371771
2022-08-03 08:55:00,2022-08-03 09:55:00,short,27843.369,27823.999,27857.94079054116,27753.770358024696,12.143158784300855,1.329280704748289,TIMEOUT,12,7.07978585812006
2022-08-03 10:10:00,2022-08-03 11:10:00,short,27888.269,27863.369,27914.883951767373,27762.611113821145,22.17912647281023,0.9355643481017611,TIMEOUT,12,8.015350206221822
2022-08-04 03:15:00,2022-08-04 03:30:00,short,27960.369,27981.78010839035,27981.78010839035,27923.74516666667,17.842590325293557,-0.9999999999999748,SL,3,7.0153502062218465
2022-08-04 05:25:00,2022-08-04 05:50:00,short,27975.369,27993.5539071337,27993.5539071337,27936.49182828284,15.154089278084303,-1.000000000000042,SL,5,6.015350206221805
2022-08-04 06:40:00,2022-08-04 07:40:00,short,28070.419,27985.519,28090.364750652094,27951.227600823047,16.62145887674268,4.256545741541199,TIMEOUT,12,10.271895947763003
2022-08-04 08:20:00,2022-08-04 09:20:00,long,27910.319,27905.319,27886.464694264458,27959.626227722772,19.878588112952404,-0.20960576490599794,TIMEOUT,12,10.062290182857005
2022-08-04 10:20:00,2022-08-04 10:35:00,long,27885.269,27853.798394972247,27853.798394972247,27954.011213333328,26.225504189794695,-0.9999999999999721,SL,3,9.062290182857033
2022-08-04 10:40:00,2022-08-04 11:40:00,long,27835.519,27875.469,27800.778457252247,27951.517294573638,28.950452289793986,1.149953248861805,TIMEOUT,12,10.21224343171884
2022-08-04 12:45:00,2022-08-04 12:50:00,long,27900.419,27876.00780840047,27876.00780840047,27942.26092640693,20.34265966627644,-0.9999999999999648,SL,1,9.212243431718875
2022-08-04 12:55:00,2022-08-04 13:55:00,long,27875.999,27905.269,27852.033717447342,27941.503743589743,19.971068793881336,1.2213500898930387,TIMEOUT,12,10.433593521611913
2022-08-04 15:35:00,2022-08-04 15:45:00,long,27885.519,27867.49993846237,27867.49993846237,27934.73689007091,15.015884614692435,-0.9999999999999754,SL,2,9.433593521611938
2022-08-04 15:50:00,2022-08-04 18:30:00,long,27870.419,27882.319,27851.60775430096,27933.82526527049,15.676038082536337,0.6326003174049677,TIMEOUT,12,10.066193839016906
2022-08-04 18:50:00,2022-08-04 19:50:00,long,27860.999,27892.319,27848.0188706664,27929.867534621575,10.816774444665738,2.4129189467263874,TIMEOUT,12,12.479112785743293
2022-08-04 20:20:00,2022-08-04 21:10:00,short,27990.519,28024.84523431068,28024.84523431068,27927.414199999996,28.60519525889988,-1.0000000000000004,SL,10,11.479112785743293
2022-08-04 21:20:00,2022-08-04 21:40:00,short,28035.999,28069.048657557487,28069.048657557487,27930.446721518987,27.541381297904792,-1.0000000000000402,SL,4,10.479112785743252
2022-08-04 21:45:00,2022-08-04 21:50:00,short,28114.319,28149.425952139532,28149.425952139532,27933.187691460058,29.255793449609765,-1.0000000000000353,SL,1,9.479112785743217
2022-08-04 21:55:00,2022-08-04 22:55:00,short,28154.419,28147.369,28191.207382201945,27934.98252459017,30.656985168285942,0.19163658682524332,TIMEOUT,12,9.67074937256846
2022-08-05 06:05:00,2022-08-05 07:05:00,long,28079.269,28082.419,28060.72435215473,28135.27900000001,15.453873204391984,0.16986032985278984,TIMEOUT,12,9.84060970242125
2022-08-05 07:10:00,2022-08-05 08:10:00,long,28077.319,28097.419,28061.957269943476,28127.843712643695,12.801441713769274,1.308446374597438,TIMEOUT,12,11.149056077018688
2022-08-05 08:30:00,2022-08-05 08:35:00,long,28042.269,28023.72692907126,28023.72692907126,28121.729194174768,15.451725773947832,-1.000000000000093,SL,1,10.149056077018596
2022-08-05 08:40:00,2022-08-05 08:55:00,long,28037.269,28014.04782659716,28014.04782659716,28120.162904761917,19.350977835699716,-0.9999999999999613,SL,3,9.149056077018635
2022-08-05 10:15:00,2022-08-05 11:15:00,short,28212.419,28142.269,28250.750179075272,28112.259887096785,31.942649229393563,1.8301028481864712,TIMEOUT,12,10.979158925205105
2022-08-05 11:30:00,2022-08-05 12:20:00,long,28072.519,28119.073412470032,28037.105314297856,28119.073412470032,29.51140475178746,1.314588175362162,VWAP,10,12.293747100567268
2022-08-05 15:45:00,2022-08-05 15:50:00,short,28157.469,28178.8278454005,28178.8278454005,28119.56405263157,17.79903783375,-1.0000000000000135,SL,1,11.293747100567254
2022-08-07 18:35:00,2022-08-07 18:45:00,long,28104.999,28083.491778333784,28083.491778333784,28131.94025,17.92268472184637,-0.9999999999999993,SL,2,10.293747100567254
2022-08-07 18:50:00,2022-08-07 19:30:00,long,28077.999,28058.005163993923,28058.005163993923,28119.984757575756,16.661530005064503,-0.9999999999999745,SL,7,9.293747100567279
2022-08-07 20:10:00,2022-08-07 20:20:00,short,28199.369,28241.328344167498,28241.328344167498,28098.85643589743,34.96612013958269,-0.9999999999999893,SL,2,8.29374710056729
2022-08-07 21:45:00,2022-08-07 22:45:00,short,28214.419,28228.419,28256.574606529233,28130.461370370373,35.129672107692635,-0.33210291946083725,TIMEOUT,12,7.961644181106452
2022-08-07 23:10:00,2022-08-08 00:10:00,short,28258.319,28250.519,28287.392825410065,28156.346903225804,24.228187841722217,0.2682825493372662,TIMEOUT,12,8.229926730443719
2022-08-08 04:15:00,2022-08-08 05:15:00,long,28203.319,28208.999,28178.376580200817,28239.674256410242,20.785349832652507,0.22772449689048777,TIMEOUT,12,8.457651227334207
2022-08-08 09:45:00,2022-08-08 09:50:00,short,28308.369,28332.821957750944,28332.821957750944,28241.18458404557,20.377464792454862,-0.9999999999999921,SL,1,7.457651227334215
2022-08-08 10:40:00,2022-08-08 11:20:00,short,28323.419,28246.572463541648,28350.911278261075,28246.572463541648,22.910231884228054,2.795204374428313,VWAP,8,10.252855601762528
2022-08-08 11:45:00,2022-08-08 12:20:00,long,28188.369,28155.577886322804,28155.577886322804,28249.24027659573,27.325928064329158,-0.9999999999999857,SL,7,9.252855601762542
2022-08-08 19:55:00,2022-08-08 20:10:00,long,28145.519,28123.75007240717,28123.75007240717,28215.170651376142,18.14077299402638,-0.999999999999991,SL,3,8.252855601762551
2022-08-08 20:45:00,2022-08-08 21:20:00,long,28090.519,28058.12304580355,28058.12304580355,28211.988093567245,26.996628497040597,-1.0000000000000544,SL,7,7.252855601762497
2022-08-09 19:45:00,2022-08-09 20:00:00,long,27845.369,27907.900490015356,27831.359041718875,27907.900490015356,11.674965234270964,4.463360187132202,VWAP,3,11.716215788894699
2022-08-09 20:10:00,2022-08-09 21:10:00,long,27750.999,27853.369,27719.229293010216,27906.342948948943,26.474755824820445,3.2222519405959833,TIMEOUT,12,14.938467729490682
2022-08-09 21:45:00,2022-08-09 22:15:00,long,27820.319,27787.36509138805,27787.36509138805,27898.937105117562,27.461590509957876,-1.0000000000000528,SL,6,13.938467729490629
2022-08-09 22:20:00,2022-08-09 23:20:00,long,27773.999,27820.469,27744.27381469553,27896.46554569892,24.770987753724,1.563320784177416,TIMEOUT,12,15.501788513668044
2022-08-09 23:35:00,2022-08-10 00:05:00,long,27798.369,27776.499428632946,27776.499428632946,27891.04655386565,18.224642805878954,-0.9999999999999267,SL,6,14.501788513668117
2022-08-10 02:45:00,2022-08-10 03:10:00,short,27843.519,27802.58738383838,27858.89658038701,27802.58738383838,12.814650322508232,2.661772211979176,VWAP,5,17.163560725647294
2022-08-10 04:55:00,2022-08-10 05:55:00,short,27925.519,27883.369,27947.081881498736,27828.86707909604,17.9690679156136,1.9547480239350956,TIMEOUT,12,19.11830874958239
2022-08-10 06:15:00,2022-08-10 07:15:00,short,27903.999,27898.519,27921.61997351669,27842.36295555554,14.68414459724058,0.3109930330926095,TIMEOUT,12,19.429301782675
2022-08-10 08:30:00,2022-08-10 08:35:00,short,27998.519,28023.34467564024,28023.34467564024,27859.955274509815,20.68806303353451,-0.9999999999999697,SL,1,18.429301782675033
2022-08-10 08:40:00,2022-08-10 08:50:00,short,28048.419,28079.435220322455,28079.435220322455,27863.47986538463,25.846850268710828,-1.0000000000000193,SL,2,17.429301782675015
2022-08-11 03:30:00,2022-08-11 03:45:00,long,28113.269,28090.33417233596,28090.33417233596,28166.32975000001,19.11235638670072,-1.0000000000000155,SL,3,16.429301782675
2022-08-11 10:00:00,2022-08-11 10:15:00,short,28183.519,28210.78329626223,28210.78329626223,28122.957107344635,22.720246885191628,-1.0000000000000144,SL,3,15.429301782674987
2022-08-11 10:20:00,2022-08-11 11:20:00,short,28230.419,28143.419,28258.941133630404,28125.690284153003,23.768444692002024,3.0502626881764767,TIMEOUT,12,18.479564470851464
2022-08-11 13:15:00,2022-08-11 14:15:00,short,28193.419,28134.251462845026,28217.746176863624,28134.251462845026,20.272647386352975,2.432157972405284,VWAP,12,20.91172244325675
2022-08-11 14:50:00,2022-08-11 15:10:00,long,28108.519,28086.079269341924,28086.079269341924,28137.034397727286,18.699775548397703,-0.9999999999999384,SL,4,19.91172244325681
2022-08-11 19:05:00,2022-08-11 19:45:00,short,28163.519,28135.008178743967,28179.880760060394,28135.008178743967,13.63480005032724,1.7425277690662613,VWAP,8,21.65425021232307
2022-08-11 20:05:00,2022-08-11 20:15:00,short,28243.999,28279.030997543243,28279.030997543243,28136.737888888885,29.193331286037164,-0.999999999999956,SL,2,20.654250212323113
2022-08-11 20:20:00,2022-08-11 20:25:00,short,28353.419,28399.1074426394,28399.1074426394,28138.712873873872,38.07370219949821,-1.000000000000025,SL,1,19.654250212323088
2022-08-11 20:30:00,2022-08-11 21:30:00,short,28425.319,28413.519,28473.77393268397,28141.05630654762,40.379110569975495,0.24352525834594418,TIMEOUT,12,19.897775470669032
2022-08-15 05:05:00,2022-08-15 05:20:00,long,28788.269,28771.15701945625,28771.15701945625,28853.41733333333,14.259983786460896,-0.999999999999937,SL,3,18.897775470669096
2022-08-15 07:15:00,2022-08-15 07:35:00,long,28778.519,28762.876020940188,28762.876020940188,28831.332409090897,13.035815883177317,-0.9999999999999633,SL,4,17.89777547066913
2022-08-15 07:40:00,2022-08-15 07:45:00,long,28763.319,28748.814596098247,28748.814596098247,28828.00889247311,12.087003251458864,-1.0000000000001,SL,1,16.897775470669032
2022-08-15 07:50:00,2022-08-15 08:05:00,long,28733.319,28717.94367214594,28717.94367214594,28826.19787719297,12.812773211716927,-1.000000000000028,SL,3,15.897775470669004
2022-08-15 08:35:00,2022-08-15 08:40:00,long,28683.269,28665.082162318176,28665.082162318176,28816.20672435897,15.155698068185272,-1.000000000000082,SL,1,14.897775470668922
2022-08-15 08:45:00,2022-08-15 09:45:00,long,28648.519,28698.319,28629.03183893761,28813.294628930813,16.23930088532309,2.5555287319977342,TIMEOUT,12,17.453304202666658
2022-08-15 10:15:00,2022-08-15 11:15:00,long,28713.999,28743.999,28689.75991331978,28795.318811827954,20.19923890018276,1.237670395579796,TIMEOUT,12,18.690974598246456
2022-08-15 11:50:00,2022-08-15 12:15:00,short,28838.519,28863.932905952337,28863.932905952337,28790.65067832168,21.178254960280565,-1.0000000000000044,SL,5,17.690974598246452
2022-08-15 23:10:00,2022-08-16 00:10:00,short,28898.369,28856.269,28923.756365942692,28822.312242187494,21.156138285578535,1.658305162301161,TIMEOUT,12,19.349279760547613
2022-08-16 02:35:00,2022-08-16 02:55:00,long,28851.999,28871.35858333333,28837.32523781417,28871.35858333333,12.228135154859235,1.3193333167157792,VWAP,4,20.668613077263394
2022-08-16 04:10:00,2022-08-16 05:10:00,short,28896.999,28881.369,28915.064263600343,28866.70017647058,15.054386333618204,0.8651963428701509,TIMEOUT,12,21.533809420133544
2022-08-16 07:30:00,2022-08-16 08:30:00,short,28916.999,28906.999,28931.548589195263,28874.53094139193,12.124657662719374,0.6873046287283212,TIMEOUT,12,22.221114048861864
2022-08-16 10:30:00,2022-08-16 10:35:00,long,28821.469,28795.995028661608,28795.995028661608,28880.532963254584,21.228309448660465,-1.0000000000000298,SL,1,21.221114048861835
2022-08-16 11:30:00,2022-08-16 11:50:00,short,28921.469,28946.855144402554,28946.855144402554,28878.333508393283,21.155120335461785,-0.9999999999999679,SL,4,20.221114048861867
2022-08-16 11:55:00,2022-08-16 12:55:00,short,28966.469,28963.369,28991.048846443555,28880.328166666663,20.48320536962778,0.12611958366465847,TIMEOUT,12,20.347233632526525
2022-08-16 13:50:00,2022-08-16 14:05:00,short,28991.319,29006.012385631362,29006.012385631362,28892.5362255489,12.24448802613638,-0.9999999999999293,SL,3,19.347233632526596
2022-08-16 15:35:00,2022-08-16 15:50:00,short,28941.519,28963.880530557657,28963.880530557657,28898.968361702122,18.634608798047594,-0.9999999999999863,SL,3,18.34723363252661
2022-08-16 19:50:00,2022-08-16 20:00:00,short,28973.999,28990.421640764413,28990.421640764413,28905.06123255814,13.685533970343524,-1.0000000000000342,SL,2,17.347233632526574
2022-08-16 20:05:00,2022-08-16 20:15:00,short,29041.999,29069.623978775297,29069.623978775297,28906.26253211009,23.02081564608041,-1.00000000000001,SL,2,16.347233632526564
2022-08-16 23:40:00,2022-08-17 00:00:00,short,29135.419,29155.502502699448,29155.502502699448,28939.567952745852,16.736252249539078,-0.9999999999999755,SL,4,15.347233632526589
2022-08-17 05:25:00,2022-08-17 05:50:00,long,29102.519,29082.31568670938,29082.31568670938,29161.11460606061,16.83609440885081,-1.000000000000038,SL,5,14.347233632526551
2022-08-17 05:55:00,2022-08-17 06:20:00,long,29070.369,29050.307349767503,29050.307349767503,29155.75714814815,16.718041860413724,-0.9999999999999565,SL,5,13.347233632526596
2022-08-17 06:25:00,2022-08-17 06:30:00,long,29040.269,29021.90754818078,29021.90754818078,29148.463914529915,15.301209849348261,-1.0000000000000553,SL,1,12.34723363252654
2022-08-17 14:00:00,2022-08-17 14:05:00,long,29002.419,29066.717284023656,28977.950400171267,29066.717284023656,20.39049985727874,2.6277876328724963,VWAP,1,14.975021265399036
2022-08-17 15:15:00,2022-08-17 16:15:00,long,29005.319,29010.469,28967.695680972058,29066.739760869546,31.352765856617594,0.13688319194212467,TIMEOUT,12,15.111904457341161
2022-08-17 18:05:00,2022-08-17 19:10:00,long,28990.269,28962.417525174224,28962.417525174224,29062.194757575748,23.209562354814885,-0.9999999999999575,SL,12,14.111904457341204
2022-08-17 19:20:00,2022-08-17 19:45:00,long,28947.319,28931.50838100389,28931.50838100389,29056.70653144653,13.17551583009096,-1.0000000000001081,SL,5,13.111904457341096
2022-08-17 20:05:00,2022-08-17 20:35:00,long,28892.319,28865.03052640099,28865.03052640099,29052.139150829556,22.740394665840107,-1.0000000000000058,SL,6,12.11190445734109
2022-08-17 21:40:00,2022-08-17 22:40:00,long,28921.419,28994.469,28885.759781161905,29041.215763888882,29.716015698412942,2.048558616263303,TIMEOUT,12,14.160463073604394
2022-08-18 02:00:00,2022-08-18 03:00:00,long,28909.469,28904.999,28889.73723179831,28967.87526666667,16.44314016807594,-0.22653823794757835,TIMEOUT,12,13.933924835656816
2022-08-18 05:35:00,2022-08-18 05:40:00,short,29019.469,29041.407784483654,29041.407784483654,28950.48694117647,18.282320403044917,-0.9999999999999523,SL,1,12.933924835656864
2022-08-18 05:45:00,2022-08-18 05:55:00,short,29031.519,29052.92450294764,29052.92450294764,28952.80061904762,17.83791912303374,-0.9999999999999933,SL,2,11.933924835656871
2022-08-18 08:05:00,2022-08-18 09:05:00,short,29059.999,29034.269,29076.153998811355,28979.363693877545,13.46249900946206,1.5926958770133333,TIMEOUT,12,13.526620712670205
2022-08-18 11:30:00,2022-08-18 11:50:00,short,29049.419,29074.43143656697,29074.43143656697,28990.35700959232,20.843697139139962,-1.0000000000000409,SL,4,12.526620712670164
2022-08-18 13:10:00,2022-08-18 13:20:00,short,29049.419,29073.000417859155,29073.000417859155,28997.251767295587,19.65118154929566,-0.9999999999999489,SL,2,11.526620712670216
2022-08-18 15:15:00,2022-08-18 15:30:00,short,29129.469,29145.862911440785,29145.862911440785,29009.317224637656,13.661592867319241,-1.0000000000000553,SL,3,10.52662071267016
2022-08-18 18:40:00,2022-08-18 19:40:00,short,29106.999,29064.469,29120.93357489354,29019.150165845625,11.612145744618504,3.0521203786208653,TIMEOUT,12,13.578741091291025
2022-08-18 21:20:00,2022-08-18 21:30:00,long,28986.369,28957.3087927877,28957.3087927877,29025.36404964536,24.216839343582755,-1.0000000000000293,SL,2,12.578741091290997
2022-08-18 21:35:00,2022-08-18 22:35:00,long,28939.519,28964.519,28908.5125454645,29024.44007843134,25.83871211291937,0.8062837359032556,TIMEOUT,12,13.385024827194252
2022-08-18 23:30:00,2022-08-19 00:00:00,long,28947.269,28925.003605860544,28925.003605860544,29019.024491698572,18.55449511621307,-1.0000000000000355,SL,6,12.385024827194217
2022-08-19 09:50:00,2022-08-19 10:50:00,long,28767.319,28794.419,28741.925381977828,28871.55266946779,21.161348351810908,1.0671972767464297,TIMEOUT,12,13.452222103940647
2022-08-22 02:10:00,2022-08-22 02:15:00,long,28739.419,28720.14533306682,28720.14533306682,28775.962827160492,16.06138911098493,-1.0000000000000324,SL,1,12.452222103940615
2022-08-22 03:30:00,2022-08-22 03:55:00,long,28684.469,28658.01659785762,28658.01659785762,28759.112875968993,22.043668451984676,-1.0000000000000222,SL,5,11.452222103940592
2022-08-22 04:05:00,2022-08-22 05:05:00,long,28649.319,28659.999,28621.909527761964,28747.22953333333,22.841226865029892,0.3896463203395706,TIMEOUT,12,11.841868424280163
2022-08-22 06:40:00,2022-08-22 07:35:00,long,28664.269,28643.172919111403,28643.172919111403,28713.521839506164,17.580067407164776,-0.999999999999989,SL,11,10.841868424280173
2022-08-22 07:40:00,2022-08-22 08:40:00,long,28639.319,28639.269,28620.38492184711,28707.31269175627,15.778398460740473,-0.0026407411861054586,TIMEOUT,12,10.839227683094068
2022-08-23 01:25:00,2022-08-23 01:45:00,long,28431.369,28453.004925925925,28414.995019424445,28453.004925925925,13.64498381296261,1.3213601803233237,VWAP,4,12.16058786341739
2022-08-23 02:15:00,2022-08-23 02:35:00,long,28404.419,28382.907521963898,28382.907521963898,28449.13578571428,17.926231696753035,-1.0000000000000004,SL,4,11.16058786341739
2022-08-23 04:05:00,2022-08-23 04:10:00,short,28529.369,28557.151053971043,28557.151053971043,28444.8466,23.151711642537613,-0.999999999999983,SL,1,10.160587863417408
2022-08-23 05:55:00,2022-08-23 06:55:00,short,28549.369,28514.369,28569.76189297088,28473.077055555557,16.994077475733366,1.7162842000876546,TIMEOUT,12,11.876872063505063
2022-08-23 08:30:00,2022-08-23 08:55:00,short,28529.419,28483.00311003238,28546.81635470822,28483.00311003238,14.49779559018012,2.667985492397971,VWAP,5,14.544857555903034
2022-08-23 09:35:00,2022-08-23 09:45:00,short,28536.269,28484.49043678162,28559.139089745826,28484.49043678162,19.0584081215211,2.264029734637663,VWAP,2,16.808887290540696
2022-08-23 12:20:00,2022-08-23 12:40:00,long,28454.419,28490.594413870258,28427.174182949926,28490.594413870258,22.70401420839632,1.327790669460779,VWAP,4,18.136677960001474
2022-08-23 14:55:00,2022-08-23 15:20:00,long,28454.369,28490.35890740742,28433.550696586197,28490.35890740742,17.348586178169683,1.72876274747523,VWAP,5,19.865440707476704
2022-08-23 15:35:00,2022-08-23 16:00:00,long,28459.269,28489.836092198595,28438.6160248242,28489.836092198595,17.210812646498777,1.4800333578289362,VWAP,5,21.34547406530564
2022-08-23 19:30:00,2022-08-23 19:35:00,long,28469.519,28488.29354545456,28456.727720856856,28488.29354545456,10.659399285954608,1.4677613743281586,VWAP,1,22.8132354396338
2022-08-23 20:45:00,2022-08-23 21:35:00,long,28424.269,28388.709819905453,28388.709819905453,28487.505830357153,29.632650078790157,-0.9999999999999842,SL,10,21.813235439633814
2022-08-23 21:40:00,2022-08-23 21:55:00,long,28329.999,28294.329533269167,28294.329533269167,28483.996347517743,29.724555609026716,-1.0000000000000246,SL,3,20.81323543963379
2022-08-24 04:35:00,2022-08-24 05:35:00,short,28374.319,28323.513404761925,28400.791925068257,28323.513404761925,22.0607708902143,1.9191530632553322,VWAP,12,22.732388502889123
2022-08-24 08:00:00,2022-08-24 09:00:00,short,28374.419,28369.369,28390.31733578172,28330.86501374572,13.248613151434185,0.3176433099248731,TIMEOUT,12,23.050031812813994
2022-08-24 15:10:00,2022-08-24 15:40:00,short,28474.419,28491.28313168184,28491.28313168184,28386.918672131156,14.05344306820095,-0.9999999999998941,SL,6,22.0500318128141
2022-08-24 19:20:00,2022-08-24 20:05:00,short,28479.469,28398.317809523818,28490.25842255816,28398.317809523818,8.99118546513209,7.521365489093733,VWAP,9,29.571397301907833
2022-08-24 20:25:00,2022-08-24 20:35:00,long,28366.319,28400.064366218245,28339.363595948722,28400.064366218245,22.462836709399156,1.251896137562962,VWAP,2,30.823293439470795
2022-08-24 20:55:00,2022-08-24 21:05:00,short,28459.519,28489.33401816066,28489.33401816066,28400.696278020394,24.845848467217397,-1.000000000000023,SL,2,29.823293439470774
2022-08-25 01:05:00,2022-08-25 02:05:00,short,28520.469,28487.71876190477,28536.550464558597,28487.71876190477,13.401220465497838,2.0365208638738763,VWAP,12,31.85981430334465
2022-08-25 02:20:00,2022-08-25 02:25:00,short,28588.469,28612.605543389513,28612.605543389513,28502.3301494253,20.113786157925862,-1.0000000000000253,SL,1,30.859814303344624
2022-08-25 02:45:00,2022-08-25 03:45:00,short,28618.469,28603.519,28645.043525682606,28516.383509803934,22.145438068837827,0.5625688367332325,TIMEOUT,12,31.422383140077855
2022-08-25 05:30:00,2022-08-25 05:45:00,long,28528.419,28508.407908065485,28508.407908065485,28554.983129353233,16.675909945432355,-0.99999999999991,SL,3,30.422383140077944
2022-08-25 05:50:00,2022-08-25 06:50:00,long,28493.369,28523.269,28472.37389158835,28552.711347417844,17.495923676371476,1.424141252989017,TIMEOUT,12,31.84652439306696
2022-08-25 09:35:00,2022-08-25 09:45:00,long,28483.469,28464.04521909231,28464.04521909231,28535.444660919555,16.186484089743807,-0.9999999999999323,SL,2,30.84652439306703
2022-08-25 10:25:00,2022-08-25 10:40:00,short,28605.419,28632.872977794817,28632.872977794817,28535.723074074085,22.878314829013014,-1.000000000000004,SL,3,29.846524393067025
2022-08-25 13:30:00,2022-08-25 14:30:00,short,28583.419,28598.369,28604.88471746469,28543.582578732112,17.88809788723965,-0.6964593671090079,TIMEOUT,12,29.150065025958018
2022-08-25 15:25:00,2022-08-25 15:40:00,short,28628.999,28645.95649449685,28645.95649449685,28549.90045161291,14.1312454140437,-0.9999999999999577,SL,3,28.15006502595806
2022-08-25 15:45:00,2022-08-25 15:55:00,short,28668.999,28686.164963148807,28686.164963148807,28551.911315789475,14.304969290673396,-0.9999999999999578,SL,2,27.150065025958103
2022-08-25 16:05:00,2022-08-25 18:50:00,short,28688.319,28665.269,28705.695851767312,28554.628123711347,14.480709806094321,1.3264773336766096,TIMEOUT,12,28.476542359634713
2022-08-25 19:10:00,2022-08-25 19:50:00,short,28678.469,28689.620564739755,28689.620564739755,28563.315063492068,9.292970616462311,-0.9999999999999007,SL,8,27.476542359634813
2022-08-26 04:05:00,2022-08-26 05:05:00,long,28609.319,28614.269,28587.975385418173,28647.12433333334,17.786345484855048,0.23191948022785322,TIMEOUT,12,27.708461839862665
2022-08-26 05:30:00,2022-08-26 06:30:00,long,28589.519,28614.319,28570.219757685423,28637.92551741294,16.082701928813968,1.2850245411586845,TIMEOUT,12,28.99348638102135
2022-08-29 08:30:00,2022-08-29 08:35:00,short,27993.519,28013.79067908879,28013.79067908879,27935.970391585764,16.893065907324893,-0.9999999999999977,SL,1,27.993486381021352
2022-08-29 09:50:00,2022-08-29 10:00:00,short,28063.269,28090.573301985143,28090.573301985143,27946.527935574235,22.753584987619348,-0.9999999999999905,SL,2,26.993486381021363
2022-08-29 12:05:00,2022-08-29 13:05:00,short,28133.519,28143.269,28172.056430936813,27967.008063926947,32.11452578067675,-0.25300077776296476,TIMEOUT,12,26.7404856032584
2022-08-29 19:35:00,2022-08-29 19:45:00,short,28061.999,28079.259374727782,28079.259374727782,28006.084908372828,14.383645606486859,-0.9999999999999067,SL,2,25.74048560325849
2022-08-29 20:35:00,2022-08-29 20:50:00,long,27944.999,28008.568177877438,27908.07263417424,28008.568177877438,30.771971521465172,1.7215118914598142,VWAP,3,27.461997494718307
2022-08-29 21:10:00,2022-08-29 21:20:00,short,28094.269,28132.826120223246,28132.826120223246,28008.944884057983,32.130933519373045,-0.9999999999999539,SL,2,26.461997494718354
2022-08-29 21:25:00,2022-08-29 22:25:00,short,28171.369,28166.999,28210.94382840032,28010.556224606593,32.97902366693234,0.11042372580354075,TIMEOUT,12,26.572421220521893
2022-08-29 23:45:00,2022-08-30 00:35:00,short,28196.469,28220.74471198328,28220.74471198328,28025.284415070262,20.22975998606491,-1.000000000000029,SL,10,25.572421220521864
2022-08-31 05:00:00,2022-08-31 05:30:00,long,27974.519,27941.62391137292,27941.62391137292,28053.656923497267,27.4125738558995,-1.000000000000004,SL,6,24.57242122052186
2022-08-31 07:45:00,2022-08-31 08:45:00,long,27964.419,27979.999,27937.09644025175,28026.62889361702,22.76879979021115,0.5702247572537223,TIMEOUT,12,25.142645977775583
2022-08-31 11:00:00,2022-08-31 12:00:00,long,27949.369,27969.469,27905.73204343521,28019.509250626572,36.36413047065655,0.46061874113882534,TIMEOUT,12,25.60326471891441
2022-08-31 12:25:00,2022-08-31 12:45:00,long,27929.519,27896.89396876942,27896.89396876942,28011.09253333334,27.187526025485734,-0.9999999999999717,SL,4,24.60326471891444
2022-08-31 13:30:00,2022-08-31 13:50:00,long,27869.999,27841.477250523734,27841.477250523734,28003.16034969325,23.76812456355516,-0.9999999999999772,SL,4,23.60326471891446
2022-08-31 14:45:00,2022-08-31 15:45:00,long,27814.319,27899.999,27786.6598485382,27991.05491760299,23.049292884833235,3.0977089126661435,TIMEOUT,12,26.700973631580602
2022-08-31 16:00:00,2022-08-31 18:25:00,long,27849.319,27816.66147378327,27816.66147378327,27981.901314335046,27.21460518060696,-0.9999999999999893,SL,9,25.700973631580613
2022-08-31 18:30:00,2022-08-31 18:35:00,long,27796.519,27768.774222271233,27768.774222271233,27975.25448440064,23.12064810730484,-1.0000000000000457,SL,1,24.700973631580567
2022-08-31 18:40:00,2022-08-31 19:10:00,long,27774.319,27747.19220695836,27747.19220695836,27973.307601626,22.605660868033276,-0.9999999999999936,SL,6,23.700973631580574
2022-08-31 19:15:00,2022-08-31 19:20:00,long,27751.369,27729.31521895911,27729.31521895911,27966.587380503122,18.378150867406948,-1.0000000000000568,SL,1,22.700973631580517
2022-08-31 19:25:00,2022-08-31 19:30:00,long,27726.469,27703.436729612706,27703.436729612706,27964.409809968827,19.19355865608038,-0.9999999999999492,SL,1,21.700973631580567
2022-08-31 20:20:00,2022-08-31 20:40:00,long,27736.519,27698.86218038918,27698.86218038918,27954.180496296267,31.38068300901583,-1.0000000000000293,SL,4,20.70097363158054
2022-08-31 20:45:00,2022-08-31 21:45:00,long,27634.369,27626.419,27592.97819494898,27948.850260869538,34.492337542516495,-0.1920716446611182,TIMEOUT,12,20.50890198691942
2022-09-01 02:10:00,2022-09-01 02:15:00,long,27599.269,27631.23035802469,27574.238989791073,27631.23035802469,20.85834184077327,1.2769214937551714,VWAP,1,21.78582348067459
2022-09-01 04:55:00,2022-09-01 05:05:00,long,27594.269,27631.92988888889,27564.270661843897,27631.92988888889,24.998615130086826,1.2554325073913453,VWAP,2,23.041255988065934
2022-09-01 07:45:00,2022-09-01 08:45:00,short,27714.269,27674.519,27739.97877390559,27630.524035460996,21.42481158799102,1.5461046116534878,TIMEOUT,12,24.58736059971942
2022-09-01 10:15:00,2022-09-01 10:25:00,long,27554.469,27638.173677419367,27515.95188203444,27638.173677419367,32.097598304636385,2.173181220209734,VWAP,2,26.760541819929156
2022-09-01 10:45:00,2022-09-01 11:40:00,long,27564.319,27636.910923076928,27519.331481192166,27636.910923076928,37.48959900652641,1.6136013943558813,VWAP,11,28.374143214285038
2022-09-01 14:30:00,2022-09-01 15:10:00,short,27704.369,27735.471940209634,27735.471940209634,27628.679742857148,25.919116841363138,-0.9999999999999934,SL,8,27.374143214285045
2022-09-01 15:55:00,2022-09-01 18:05:00,short,27769.369,27805.725069397307,27805.725069397307,27636.386690972224,30.296724497757964,-0.9999999999999738,SL,6,26.37414321428507
2022-09-02 01:25:00,2022-09-02 02:15:00,long,27617.419,27648.645481481482,27598.16014267431,27648.645481481482,16.04904777140757,1.621408838198735,VWAP,10,27.995552052483806
2022-09-02 02:35:00,2022-09-02 03:20:00,short,27684.999,27642.306812499995,27705.262735862372,27642.306812499995,16.88644655197796,2.106827082131325,VWAP,9,30.10237913461513
2022-09-02 04:30:00,2022-09-02 05:30:00,short,27727.419,27702.319,27750.18747904786,27657.52421212121,18.97373253988289,1.1024012604110203,TIMEOUT,12,31.20478039502615
2022-09-02 05:55:00,2022-09-02 06:05:00,short,27722.319,27740.41628467339,27740.41628467339,27669.016546296294,15.081070561159269,-0.999999999999903,SL,2,30.204780395026248
2022-09-02 08:30:00,2022-09-02 08:35:00,short,27759.269,27785.591622334356,27785.591622334356,27677.118935275084,21.93551861196272,-1.0000000000000053,SL,1,29.20478039502624
2022-09-02 08:40:00,2022-09-02 09:20:00,short,27812.999,27844.163383543397,27844.163383543397,27679.22880952382,25.9703196194984,-0.9999999999999647,SL,8,28.204780395026276
2022-09-02 10:40:00,2022-09-02 11:40:00,short,27877.519,27879.419,27920.830503823334,27700.91719121447,36.09291985277766,-0.04386825282612027,TIMEOUT,12,28.160912142200157
2022-09-02 13:00:00,2022-09-02 13:05:00,long,27667.419,27628.739152079488,27628.739152079488,27725.227747346074,32.233206600429426,-0.999999999999955,SL,1,27.160912142200203
2022-09-02 13:10:00,2022-09-02 13:25:00,long,27607.999,27565.225906639964,27565.225906639964,27723.947050314466,35.64424446669709,-0.9999999999999882,SL,3,26.160912142200214
2022-09-05 03:50:00,2022-09-05 04:35:00,long,27601.519,27638.54183687943,27573.57372514152,27638.54183687943,23.28772904873424,1.3248335207622592,VWAP,9,27.485745662962472
2022-09-05 05:55:00,2022-09-05 06:55:00,short,27676.519,27651.999,27698.955753059257,27637.102796296283,18.697294216047943,1.0928497512648492,TIMEOUT,12,28.578595414227323
2022-09-05 09:05:00,2022-09-05 09:25:00,short,27681.469,27698.53641945938,27698.53641945938,27642.170030303023,14.222849549480598,-1.0000000000000495,SL,4,27.578595414227273
2022-09-05 12:10:00,2022-09-05 18:05:00,short,27703.419,27653.2554399093,27718.596197029183,27653.2554399093,12.64766419098568,3.3051926514657572,VWAP,12,30.88378806569303
2022-09-05 18:40:00,2022-09-05 19:40:00,short,27733.519,27728.269,27752.450606322385,27657.64181124498,15.776338601986406,0.277314027695193,TIMEOUT,12,31.161102093388223
2022-09-05 20:05:00,2022-09-05 20:10:00,long,27611.269,27581.643970062625,27581.643970062625,27661.223189435346,24.68752494781257,-0.9999999999999998,SL,1,30.161102093388223
2022-09-05 20:30:00,2022-09-05 20:35:00,short,27738.999,27779.621929003795,27779.621929003795,27660.926393617025,33.852440836497024,-0.9999999999999755,SL,1,29.161102093388248
2022-09-05 21:05:00,2022-09-05 21:45:00,short,27806.419,27665.18595726496,27844.89394190024,27665.18595726496,32.06245158353193,3.6707798832093297,VWAP,8,32.83188197659758
2022-09-05 22:10:00,2022-09-05 23:10:00,long,27594.469,27601.369,27555.71018896842,27667.45536217949,32.29900919298316,0.1780240367635595,TIMEOUT,12,33.00990601336114
2022-09-05 23:15:00,2022-09-06 00:15:00,long,27594.419,27626.469,27567.06268489188,27664.349150829566,22.79692925676668,1.1715759185156502,TIMEOUT,12,34.18148193187679
2022-09-06 02:10:00,2022-09-06 02:30:00,long,27596.519,27623.41072839506,27577.28258631985,27623.41072839506,16.030344733458797,1.3979595595207066,VWAP,4,35.579441491397496
2022-09-06 03:10:00,2022-09-06 03:15:00,short,27689.519,27712.73597493003,27712.73597493003,27624.768829059834,19.34747910835777,-1.0000000000000342,SL,1,34.57944149139746
2022-09-06 09:50:00,2022-09-06 09:55:00,long,27629.999,27601.108265429277,27601.108265429277,27677.27062464987,24.075612142268852,-1.000000000000013,SL,1,33.579441491397446
2022-09-06 10:10:00,2022-09-06 10:25:00,long,27549.469,27513.11937135375,27513.11937135375,27674.58691327915,30.291357205209756,-0.9999999999999666,SL,3,32.57944149139748
2022-09-06 12:25:00,2022-09-06 13:15:00,long,27591.419,27550.31261946422,27550.31261946422,27670.180488888902,34.255317113149545,-1.0000000000000322,SL,10,31.57944149139745
2022-09-06 14:35:00,2022-09-06 15:05:00,long,27589.999,27556.58236598587,27556.58236598587,27658.18373484849,27.847195011777178,-0.9999999999999512,SL,6,30.5794414913975
2022-09-06 15:35:00,2022-09-06 18:15:00,long,27549.319,27586.369,27514.46329360974,27652.965471631218,29.046421991883665,1.0629536405078286,TIMEOUT,12,31.642395131905328
2022-09-06 18:40:00,2022-09-06 19:45:00,long,27556.469,27571.999,27534.03885146588,27646.264539215685,18.69179044510129,0.6923716967979077,TIMEOUT,12,32.33476682870324
2022-09-06 19:50:00,2022-09-06 20:00:00,long,27551.419,27530.778727056117,27530.778727056117,27641.86313210445,17.200227453236067,-1.0000000000000866,SL,2,31.334766828703152
2022-09-06 20:05:00,2022-09-06 20:15:00,long,27521.519,27490.965626946898,27490.965626946898,27640.258833333326,25.461144210918206,-1.0000000000000182,SL,2,30.334766828703135
2022-09-06 20:20:00,2022-09-06 20:30:00,long,27381.519,27340.697053718053,27340.697053718053,27637.912004484297,34.0182885682898,-0.9999999999999821,SL,2,29.334766828703152
2022-09-07 13:45:00,2022-09-07 14:05:00,short,27677.369,27706.167994707026,27706.167994707026,27528.471730923702,23.99916225585607,-1.0000000000000007,SL,4,28.334766828703152
2022-09-08 07:25:00,2022-09-08 07:35:00,long,27948.469,27929.378064329292,27929.378064329292,27980.82211111113,15.909113058924653,-0.999999999999962,SL,2,27.33476682870319
2022-09-08 07:40:00,2022-09-08 07:50:00,long,27928.519,27909.52017431904,27909.52017431904,27979.262835125468,15.832354734131632,-1.0000000000000693,SL,2,26.334766828703124
2022-09-08 07:55:00,2022-09-08 08:45:00,long,27918.419,27898.722669088536,27898.722669088536,27977.3449027778,16.41360909288923,-0.9999999999999118,SL,10,25.334766828703213
2022-09-08 09:00:00,2022-09-08 09:30:00,long,27858.319,27827.3588427614,27827.3588427614,27970.50958103978,25.800131032165332,-0.9999999999999931,SL,6,24.33476682870322
2022-09-08 09:35:00,2022-09-08 10:20:00,long,27813.319,27962.645063218417,27781.383902166832,27962.645063218417,26.612581527638547,4.675923148835152,VWAP,9,29.010689977538373
2022-09-08 10:40:00,2022-09-08 10:45:00,short,28033.419,28078.012933180078,28078.012933180078,27958.687656330774,37.16161098339607,-1.0000000000000253,SL,1,28.010689977538348
2022-09-08 11:00:00,2022-09-08 12:00:00,short,28108.469,28033.269,28152.470974634427,27962.10411278198,36.66831219535559,1.7090142118568696,TIMEOUT,12,29.719704189395216
2022-09-08 12:10:00,2022-09-08 12:25:00,long,27918.419,27875.98490618897,27875.98490618897,27971.579907029503,35.3617448425274,-0.9999999999999947,SL,3,28.719704189395223
2022-09-08 13:50:00,2022-09-08 14:50:00,short,28050.999,28013.419,28089.39700206879,27973.49133532936,31.998335057325,0.9786967543955427,TIMEOUT,12,29.698400943790766
2022-09-08 15:55:00,2022-09-08 16:15:00,short,28073.469,28106.995008373277,28106.995008373277,27980.466656250002,27.93834031106211,-1.0000000000000302,SL,4,28.698400943790737
2022-09-08 19:10:00,2022-09-08 19:20:00,short,28108.269,28124.54011315302,28124.54011315302,27989.868234449757,13.559260960850454,-0.9999999999999384,SL,2,27.698400943790798
2022-09-08 19:25:00,2022-09-08 19:35:00,short,28133.519,28149.43695029052,28149.43695029052,27991.784062893083,13.264958575433097,-1.0000000000000695,SL,2,26.698400943790727
2022-09-08 19:40:00,2022-09-08 19:50:00,short,28175.369,28194.98964022896,28194.98964022896,27993.92199224806,16.350533524134878,-0.9999999999999483,SL,2,25.69840094379078
2022-09-08 22:20:00,2022-09-08 22:30:00,short,28175.999,28218.868675021225,28218.868675021225,28019.122792172737,35.72472918435522,-0.9999999999999869,SL,2,24.698400943790794
2022-09-09 02:45:00,2022-09-09 03:00:00,long,28190.419,28216.926156862744,28171.44206618117,28216.926156862744,15.814111515692147,1.3968092588508676,VWAP,3,26.095210202641663
2022-09-09 03:15:00,2022-09-09 03:40:00,short,28273.519,28218.342333333334,28295.874732254568,28218.342333333334,18.629776878806936,2.4681216449705468,VWAP,5,28.56333184761221
2022-09-09 04:20:00,2022-09-09 04:25:00,short,28268.369,28292.50566805272,28292.50566805272,28222.592333333338,20.113890043934067,-0.9999999999999959,SL,1,27.563331847612215
2022-09-09 04:30:00,2022-09-09 05:30:00,short,28283.469,28263.999,28308.393473984233,28224.743000000006,20.77039498686152,0.7811599158448468,TIMEOUT,12,28.34449176345706
2022-09-12 01:25:00,2022-09-12 01:45:00,long,28481.319,28497.299,28468.68485404582,28497.299,10.528454961815887,1.264826293597928,VWAP,4,29.60931805705499
2022-09-12 02:15:00,2022-09-12 02:40:00,long,28471.469,28495.928761904765,28455.012046412292,28495.928761904765,13.71412798975825,1.486287348044185,VWAP,5,31.095605405099175
2022-09-12 04:40:00,2022-09-12 05:20:00,short,28566.269,28587.407417987713,28587.407417987713,28509.738590643276,17.615348323094434,-0.9999999999999934,SL,8,30.09560540509918
2022-09-12 07:45:00,2022-09-12 08:10:00,short,28556.999,28528.41314893617,28572.04112768242,28528.41314893617,12.535106402016284,1.9003861466511696,VWAP,5,31.99599155175035
2022-09-12 08:25:00,2022-09-12 08:45:00,long,28506.999,28529.3825620915,28491.180143398928,28529.3825620915,13.182380500894764,1.4149924141787984,VWAP,4,33.41098396592915
2022-09-12 09:55:00,2022-09-12 10:00:00,short,28591.519,28612.59606517576,28612.59606517576,28530.18,17.56422097979931,-1.0000000000000082,SL,1,32.41098396592914
2022-09-12 19:30:00,2022-09-12 20:05:00,short,28578.269,28593.51387540271,28593.51387540271,28543.699679304907,12.704062835592808,-0.9999999999999116,SL,7,31.41098396592923
2022-09-12 20:50:00,2022-09-12 21:50:00,short,28633.419,28611.999,28669.42585522797,28546.3492496329,30.005712689974654,0.5948867198866943,TIMEOUT,12,32.00587068581592
2022-09-13 01:55:00,2022-09-13 02:15:00,short,28616.269,28629.973837470876,28629.973837470876,28587.103861111114,11.420697892395848,-1.0000000000000457,SL,4,31.005870685815875
2022-09-13 08:10:00,2022-09-13 08:30:00,short,28636.999,28651.294948027342,28651.294948027342,28603.87054882155,11.913290022786347,-0.9999999999998934,SL,4,30.00587068581598
2022-09-14 04:20:00,2022-09-14 04:35:00,short,27949.319,27980.746424649158,27980.746424649158,27870.3813899371,26.189520540965983,-0.9999999999999828,SL,3,29.005870685816
2022-09-14 07:35:00,2022-09-14 07:55:00,long,27866.419,27840.788400209844,27840.788400209844,27909.350123188407,21.358833158464677,-1.0000000000000213,SL,4,28.005870685815978
2022-09-14 08:00:00,2022-09-14 08:40:00,long,27834.999,27906.724326460488,27808.22352298914,27906.724326460488,22.312897509047442,2.6787693243113706,VWAP,8,30.68464001012735
2022-09-14 09:35:00,2022-09-14 09:45:00,long,27859.269,27902.45862643679,27827.708286768022,27902.45862643679,26.30059435998292,1.3684616731990382,VWAP,2,32.05310168332639
2022-09-14 10:25:00,2022-09-14 10:30:00,long,27829.999,27788.53890535205,27788.53890535205,27901.56918518519,34.550078873293714,-0.9999999999999731,SL,1,31.053101683326418
2022-09-14 15:15:00,2022-09-14 15:50:00,long,27834.319,27898.937768115964,27801.914457080784,27898.937768115964,27.00378576601168,1.994126819719753,VWAP,7,33.04722850304617
2022-09-14 18:10:00,2022-09-14 19:10:00,short,27991.469,27959.319,28020.29610926105,27899.257978224476,24.02259105087357,1.115269648054622,TIMEOUT,12,34.16249815110079
2022-09-14 19:55:00,2022-09-14 20:05:00,long,27871.469,27847.855160933384,27847.855160933384,27904.92938051752,19.67819922218089,-0.9999999999999756,SL,2,33.16249815110081
2022-09-14 20:25:00,2022-09-14 21:25:00,long,27819.999,27831.319,27788.790658072518,27903.55815555557,26.00695160623671,0.3627235316218641,TIMEOUT,12,33.52522168272268
2022-09-15 03:25:00,2022-09-15 04:25:00,short,27935.519,27902.999,27953.402770528966,27888.001619047624,14.903142107470893,1.818408480881037,TIMEOUT,12,35.34363016360372
2022-09-15 06:35:00,2022-09-15 06:45:00,long,27845.519,27828.016041720493,27828.016041720493,27894.3419535865,14.585798566254851,-1.000000000000059,SL,2,34.34363016360366
2022-09-15 06:50:00,2022-09-15 07:50:00,long,27835.369,27855.319,27816.59460665449,27892.19806504065,15.645327787923605,1.0626175574814862,TIMEOUT,12,35.40624772108515
2022-09-15 08:20:00,2022-09-15 09:20:00,long,27825.419,27808.016746225996,27808.016746225996,27884.290800000006,14.501878145005417,-0.9999999999999516,SL,12,34.4062477210852
2022-09-15 10:50:00,2022-09-15 11:00:00,long,27795.369,27757.942869340837,27757.942869340837,27874.748128205138,31.18844221596909,-0.9999999999999644,SL,2,33.406247721085236
2022-09-15 23:50:00,2022-09-16 00:50:00,long,27565.419,27582.519,27543.127488476144,27769.14797243108,18.57625960321392,0.7671081425634989,TIMEOUT,12,34.17335586364874
2022-09-16 03:50:00,2022-09-16 04:10:00,long,27535.999,27578.388432624124,27510.8385167959,27578.388432624124,20.96706933675086,1.6847622631196149,VWAP,4,35.85811812676835
2022-09-16 04:30:00,2022-09-16 04:45:00,long,27530.269,27506.37419777853,27506.37419777853,27574.390151515163,19.912335184558472,-1.0000000000000668,SL,3,34.85811812676829
2022-09-16 04:50:00,2022-09-16 05:50:00,long,27495.999,27517.419,27473.02506668452,27570.25250282487,19.14494442956524,0.9323610243775949,TIMEOUT,12,35.79047915114588
2022-09-16 07:30:00,2022-09-16 08:15:00,long,27535.369,27516.543468549415,27516.543468549415,27559.218780219795,15.68794287548669,-1.0000000000000036,SL,9,34.790479151145874
2022-09-16 08:30:00,2022-09-16 08:55:00,long,27490.519,27472.346039240627,27472.346039240627,27555.786022653734,15.144133966144999,-0.9999999999999661,SL,5,33.79047915114591
2022-09-16 09:00:00,2022-09-16 10:00:00,long,27455.419,27437.65661903815,27437.65661903815,27551.705207951083,14.801984134878456,-0.9999999999999138,SL,12,32.790479151145995
2022-09-16 11:05:00,2022-09-16 12:15:00,long,27490.419,27475.469,27454.812410193033,27539.79840298509,29.672158172472976,-0.4198661000968782,TIMEOUT,12,32.37061305104912
2022-09-16 12:20:00,2022-09-16 13:20:00,long,27465.469,27440.469,27435.31594313062,27535.303603174616,25.127547391150937,-0.8291033346402172,TIMEOUT,12,31.541509716408903
2022-09-16 13:55:00,2022-09-16 14:55:00,long,27440.469,27510.319,27416.369235146,27526.31811646587,20.08313737833259,2.898368528621044,TIMEOUT,12,34.439878245029945
2022-09-16 15:30:00,2022-09-16 15:45:00,long,27480.419,27521.87716216216,27450.415862361046,27521.87716216216,25.002614699130795,1.381794219692802,VWAP,3,35.821672464722745
2022-09-18 19:40:00,2022-09-18 19:50:00,long,27515.319,27558.355491228074,27488.083039580164,27558.355491228074,22.696633683195444,1.5801348865499711,VWAP,2,37.401807351272716
2022-09-18 22:25:00,2022-09-18 22:30:00,long,27532.519,27509.570548154934,27509.570548154934,27578.38098717949,19.123709870887794,-1.0000000000000413,SL,1,36.40180735127267
2022-09-19 01:20:00,2022-09-19 01:35:00,short,27587.419,27562.80754166667,27601.297024804688,27562.80754166667,11.56502067057168,1.7734121879521798,VWAP,3,38.175219539224855
2022-09-19 02:00:00,2022-09-19 02:10:00,long,27522.419,27507.068975003713,27507.068975003713,27562.36330555556,12.791687496906274,-1.0000000000000955,SL,2,37.17521953922476
2022-09-19 03:05:00,2022-09-19 04:05:00,long,27452.269,27427.51656623409,27427.51656623409,27544.44773873874,20.627028138257835,-0.9999999999999754,SL,12,36.175219539224784
2022-09-20 03:10:00,2022-09-20 03:20:00,short,27735.369,27753.821077965065,27753.821077965065,27680.496179487185,15.376731637554226,-1.000000000000081,SL,2,35.175219539224706
2022-09-20 03:45:00,2022-09-20 04:05:00,long,27635.519,27612.01172267568,27612.01172267568,27685.36885507247,19.58939777026586,-1.0000000000000049,SL,4,34.1752195392247
2022-09-20 04:10:00,2022-09-20 05:10:00,long,27590.269,27595.369,27563.87765867723,27679.86252941177,21.99278443564316,0.19324519878032898,TIMEOUT,12,34.36846473800503
2022-09-20 05:20:00,2022-09-20 05:45:00,long,27570.319,27548.759983822103,27548.759983822103,27664.297871794886,17.96584681491355,-1.0000000000000069,SL,5,33.368464738005024
2022-09-20 07:40:00,2022-09-20 08:05:00,long,27555.419,27534.65667545296,27534.65667545296,27633.996598566322,17.30193712253653,-0.9999999999999225,SL,5,32.3684647380051
2022-09-20 08:10:00,2022-09-20 08:25:00,long,27517.319,27497.89050618941,27497.89050618941,27628.475700336712,16.190411508822514,-1.0000000000000715,SL,3,31.36846473800503
2022-09-20 18:15:00,2022-09-20 19:25:00,long,27440.269,27415.519,27414.407364067472,27538.31955276382,21.551363277105512,-0.9570160242210938,TIMEOUT,12,30.411448713783937
2022-09-20 19:30:00,2022-09-20 20:05:00,long,27405.269,27386.910734333505,27386.910734333505,27532.170540880503,15.29855472208016,-0.9999999999999266,SL,7,29.41144871378401
2022-09-20 21:20:00,2022-09-20 21:30:00,long,27375.999,27339.836425095273,27339.836425095273,27522.842005698007,30.135479087271428,-1.000000000000038,SL,2,28.411448713783972
2022-09-20 21:35:00,2022-09-20 22:00:00,long,27325.269,27287.670420894432,27287.670420894432,27520.719295358645,31.33214925464133,-0.9999999999999631,SL,5,27.411448713784008
2022-09-21 02:35:00,2022-09-21 03:00:00,long,27270.269,27236.925202090653,27236.925202090653,27337.051187499997,27.78649825778981,-0.999999999999974,SL,5,26.411448713784033
2022-09-21 05:30:00,2022-09-21 05:40:00,short,27365.369,27387.353022332663,27387.353022332663,27322.01233333333,18.320018610552555,-1.0000000000000702,SL,2,25.41144871378396
2022-09-21 05:45:00,2022-09-21 06:45:00,short,27400.999,27375.999,27423.671552866203,27324.854380952376,18.893794055169167,1.1026548332484618,TIMEOUT,12,26.514103547032423
2022-09-21 07:00:00,2022-09-21 07:55:00,short,27405.519,27426.754473365723,27426.754473365723,27335.10923529412,17.69622780476961,-0.9999999999999754,SL,11,25.514103547032448
2022-09-21 11:00:00,2022-09-21 11:25:00,short,27455.319,27482.327860010482,27482.327860010482,27365.379726817035,22.50738334207017,-0.9999999999999462,SL,5,24.5141035470325
2022-09-21 11:30:00,2022-09-21 11:45:00,short,27480.419,27505.557204060166,27505.557204060166,27369.84319664268,20.948503383469518,-1.0000000000000169,SL,3,23.514103547032484
2022-09-21 12:10:00,2022-09-21 12:35:00,short,27520.519,27543.285393164217,27543.285393164217,27376.840473922894,18.971994303513018,-1.0000000000000353,SL,5,22.514103547032448
2022-09-21 14:05:00,2022-09-21 14:10:00,long,27320.519,27393.496411764703,27278.892571794422,27393.496411764703,34.68869017131561,1.753150940654635,VWAP,1,24.267254487687083
2022-09-21 15:45:00,2022-09-21 18:00:00,long,27250.319,27151.826538990455,27151.826538990455,27398.558052631564,82.0770508412852,-1.0000000000000184,SL,7,23.267254487687065
2022-09-22 00:20:00,2022-09-22 01:20:00,short,27192.369,27164.319,27232.301225220726,27123.610333333334,33.2768543506051,0.7024401932262071,TIMEOUT,12,23.96969468091327
2022-09-22 07:10:00,2022-09-22 07:30:00,long,27152.369,27116.34916392913,27116.34916392913,27213.97037931036,30.01653005905678,-0.9999999999999771,SL,4,22.969694680913292
2022-09-22 07:40:00,2022-09-22 08:30:00,long,27089.319,27053.600550557512,27053.600550557512,27208.161939068123,29.765374535406345,-0.999999999999992,SL,10,21.9696946809133
2022-09-22 09:10:00,2022-09-22 09:15:00,long,27067.999,27035.906402400637,27035.906402400637,27190.356717717747,26.743831332802635,-1.0000000000000018,SL,1,20.9696946809133
2022-09-22 09:20:00,2022-09-22 09:40:00,long,27027.999,26995.355464314835,26995.355464314835,27187.668026548698,27.202946404304388,-1.0,SL,4,19.9696946809133
2022-09-22 09:45:00,2022-09-22 10:05:00,long,26972.269,26936.627977525823,26936.627977525823,27180.166824858785,29.700852061814633,-1.0000000000000009,SL,4,18.9696946809133
2022-09-22 13:10:00,2022-09-22 14:10:00,long,26972.319,26982.269,26936.8670233258,27125.933004192895,29.543313895165152,0.2806613603365677,TIMEOUT,12,19.250356041249866
2022-09-22 14:15:00,2022-09-22 15:15:00,long,26967.419,27072.419,26934.479130980915,27116.487197674443,27.44989084923858,3.187626518464904,TIMEOUT,12,22.43798255971477
2022-09-22 16:00:00,2022-09-22 18:40:00,long,27007.419,27067.419,26965.88631194579,27107.173490500896,34.61057337850974,1.4446452375459864,TIMEOUT,12,23.882627797260756
2022-09-22 18:45:00,2022-09-22 19:45:00,long,27037.999,27062.469,27008.95236886453,27103.880245954726,24.20552594622392,0.8424384874747477,TIMEOUT,12,24.725066284735504
2022-09-22 20:10:00,2022-09-22 21:00:00,long,27014.369,26990.116892788916,26990.116892788916,27099.69916442454,20.210089342569237,-0.999999999999999,SL,10,23.725066284735504
2022-09-22 21:10:00,2022-09-22 21:25:00,long,26987.999,26962.270304523776,26962.270304523776,27095.555085106407,21.440579563521435,-0.999999999999931,SL,3,22.725066284735572
2022-09-22 22:50:00,2022-09-22 23:50:00,long,26947.469,26942.419,26925.317036022923,27085.930712418325,18.459969980897224,-0.22797075714032045,TIMEOUT,12,22.497095527595253
2022-09-23 00:15:00,2022-09-23 00:35:00,long,26912.269,26935.95316666667,26894.496362318878,26935.95316666667,14.810531400934597,1.3326196759093032,VWAP,4,23.829715203504556
2022-09-23 03:00:00,2022-09-23 03:05:00,long,26917.369,26896.24878723457,26896.24878723457,26944.711702702705,17.600177304522546,-1.0000000000000795,SL,1,22.829715203504477
2022-09-23 03:10:00,2022-09-23 04:10:00,long,26897.999,26875.86083695226,26875.86083695226,26942.353188034187,18.448469206450532,-1.0000000000000082,SL,12,21.82971520350447
2022-09-25 19:55:00,2022-09-25 20:20:00,short,26704.319,26622.74427777778,26738.51085510036,26622.74427777778,28.493212583633476,2.3857939846428677,VWAP,5,24.215509188147337
2022-09-25 20:50:00,2022-09-25 21:25:00,long,26557.319,26510.551732638334,26510.551732638334,26625.210714285717,38.97272280138717,-1.0000000000000147,SL,7,23.215509188147323
2022-09-25 22:50:00,2022-09-25 23:05:00,long,26549.999,26513.879352155593,26513.879352155593,26598.970525423727,30.099706537005005,-1.000000000000032,SL,3,22.21550918814729
2022-09-26 00:35:00,2022-09-26 01:10:00,long,26449.369,26419.572067027333,26419.572067027333,26487.665666666668,24.83077747722284,-0.9999999999999418,SL,7,21.215509188147347
2022-09-26 09:40:00,2022-09-26 09:55:00,short,26614.999,26646.91514496081,26646.91514496081,26512.14939886039,26.596787467341912,-1.0000000000000198,SL,3,20.215509188147326
2022-09-26 20:15:00,2022-09-26 20:40:00,short,26646.519,26535.285056547615,26682.704743458216,26535.285056547615,30.154786215180966,3.073971482189521,VWAP,5,23.289480670336847
2022-09-26 21:05:00,2022-09-26 22:05:00,short,26649.269,26622.319,26696.026377518752,26537.60331623931,38.96448126562809,0.5763796309831849,TIMEOUT,12,23.86586030132003
2022-09-27 01:25:00,2022-09-27 01:55:00,long,26534.469,26567.988814814817,26514.62208261747,26567.988814814817,16.539097818778394,1.6889179396853908,VWAP,6,25.554778241005423
2022-09-27 03:30:00,2022-09-27 04:30:00,short,26669.419,26612.369,26699.970093623968,26575.899,25.4592446866378,1.867363594318302,TIMEOUT,12,27.422141835323725
2022-09-27 05:10:00,2022-09-27 06:10:00,long,26539.519,26522.999,26512.195892021075,26589.93005820105,22.769256649104815,-0.6046164299003707,TIMEOUT,12,26.817525405423353
2022-09-27 07:45:00,2022-09-27 08:45:00,short,26632.519,26642.999,26658.59061873282,26580.15290070921,21.726348944015417,-0.4019696708285904,TIMEOUT,12,26.41555573459476
2022-09-27 11:25:00,2022-09-27 11:45:00,long,26507.369,26464.282285886242,26464.282285886242,26585.678106280186,35.90559509479737,-1.0000000000000013,SL,4,25.41555573459476
2022-09-27 11:50:00,2022-09-27 11:55:00,long,26454.519,26412.627831217203,26412.627831217203,26581.935503496494,34.90930731899783,-0.9999999999999842,SL,1,24.415555734594776
2022-09-27 12:00:00,2022-09-27 12:15:00,long,26397.319,26353.545553447486,26353.545553447486,26579.579827586196,36.47787212709519,-0.9999999999999866,SL,3,23.41555573459479
2022-09-27 12:20:00,2022-09-27 13:20:00,long,26302.519,26322.419,26257.418030951,26573.381863534665,37.58414087416606,0.4412322045316011,TIMEOUT,12,23.85678793912639
2022-09-27 19:20:00,2022-09-27 19:35:00,long,26432.519,26512.954712050076,26409.20253414826,26512.954712050076,19.430388209786155,3.4497385908105436,VWAP,3,27.306526529936935
2022-09-27 20:30:00,2022-09-27 20:35:00,long,26422.469,26383.014433556855,26383.014433556855,26511.13506461087,32.878805369288685,-0.9999999999999939,SL,1,26.306526529936942
2022-09-27 20:45:00,2022-09-27 21:25:00,long,26377.999,26333.508866444754,26333.508866444754,26509.88730434783,37.075111296037456,-1.0000000000000202,SL,8,25.30652652993692
2022-09-27 21:30:00,2022-09-27 21:40:00,long,26282.999,26237.42079040544,26237.42079040544,26504.316726638775,37.98184132880247,-0.9999999999999677,SL,2,24.306526529936953
2022-09-27 21:45:00,2022-09-27 21:50:00,long,26142.369,26089.712105510473,26089.712105510473,26501.039454545455,43.880745407937034,-1.0000000000000329,SL,1,23.30652652993692
2022-09-28 04:25:00,2022-09-28 05:20:00,short,26185.469,26074.623753086416,26230.61189384382,26074.623753086416,37.61907820318213,2.4554306885393147,VWAP,11,25.761957218476237
2022-09-28 06:15:00,2022-09-28 06:20:00,short,26225.469,26278.485622725068,26278.485622725068,26088.605885964917,44.180518937556904,-0.9999999999999675,SL,1,24.76195721847627
2022-09-28 08:45:00,2022-09-28 09:45:00,short,26345.369,26350.369,26398.66496044368,26131.358088050314,44.413300369734415,-0.09381574059976987,TIMEOUT,12,24.6681414778765
2022-09-28 10:00:00,2022-09-28 10:45:00,short,26410.369,26465.175091273206,26465.175091273206,26154.633132231407,45.67174272767216,-1.0000000000000098,SL,9,23.66814147787649
2022-09-29 02:10:00,2022-09-29 02:20:00,long,26359.419,26314.774173000453,26314.774173000453,26425.23591358025,37.20402249962446,-0.9999999999999916,SL,2,22.668141477876496
2022-09-29 03:05:00,2022-09-29 03:20:00,long,26259.469,26217.74628806411,26217.74628806411,26399.46443859649,34.76892661324282,-0.9999999999999765,SL,3,21.66814147787652
2022-09-29 03:25:00,2022-09-29 03:45:00,long,26199.519,26158.243111005806,26158.243111005806,26382.878444444443,34.39657416182932,-0.9999999999999772,SL,4,20.668141477876542
2022-09-29 06:05:00,2022-09-29 06:55:00,long,26244.419,26321.18098198198,26203.764474964886,26321.18098198198,33.87877086259524,1.888153456858155,VWAP,10,22.556294934734698
2022-09-29 09:45:00,2022-09-29 10:05:00,long,26199.519,26155.617687715876,26155.617687715876,26311.49069491526,36.58442690343636,-1.000000000000015,SL,4,21.556294934734684
2022-09-29 10:10:00,2022-09-29 10:15:00,long,26116.999,26071.39860619476,26071.39860619476,26305.667428184286,38.00032817103305,-0.9999999999999665,SL,1,20.556294934734716
2022-09-29 12:20:00,2022-09-29 13:10:00,long,26159.469,26113.32023685757,26113.32023685757,26279.65081208054,38.45730261869299,-0.9999999999999993,SL,10,19.556294934734716
2022-09-29 13:50:00,2022-09-29 14:00:00,long,26119.269,26083.66508876557,26083.66508876557,26265.977522954105,29.669926028692203,-0.9999999999999732,SL,2,18.556294934734744
2022-09-29 14:20:00,2022-09-29 15:20:00,long,26054.519,26139.269,26020.962299119954,26259.359539499048,27.96391740003975,2.5255760482220424,TIMEOUT,12,21.081870982956787
2022-09-29 18:30:00,2022-09-29 19:30:00,long,26179.319,26219.469,26148.29409537995,26242.08124958952,25.85408718337257,1.2941216255684505,TIMEOUT,12,22.375992608525237
2022-09-29 20:05:00,2022-09-29 20:20:00,long,26176.269,26133.630017040516,26133.630017040516,26238.53782882885,35.5324857995693,-1.000000000000033,SL,3,21.375992608525205
2022-09-29 20:25:00,2022-09-29 20:40:00,long,26134.319,26085.206037268174,26085.206037268174,26237.098277286157,40.92746894318781,-1.0000000000000122,SL,3,20.375992608525195
2022-09-29 20:45:00,2022-09-29 20:55:00,long,26079.469,26030.369006752822,26030.369006752822,26234.837275362337,40.916661039316466,-0.9999999999999772,SL,2,19.375992608525216
2022-09-29 22:20:00,2022-09-29 23:20:00,long,25949.319,25942.419,25894.894154324134,26219.6840468541,45.354038063220685,-0.12678033192949748,TIMEOUT,12,19.249212276595717
2022-09-29 23:50:00,2022-09-29 23:55:00,long,25912.269,25873.62443236348,25873.62443236348,26201.802632958814,32.203806363768216,-1.0000000000000029,SL,1,18.249212276595713
2022-09-30 10:35:00,2022-09-30 11:00:00,short,26132.369,26188.95345672385,26188.95345672385,26022.49324479166,47.153713936543156,-1.0000000000000175,SL,5,17.249212276595696
2022-09-30 11:05:00,2022-09-30 12:05:00,short,26202.519,26082.269,26256.59850146341,26028.716412935315,45.06625121950835,2.2235781903677623,TIMEOUT,12,19.47279046696346
2022-09-30 14:40:00,2022-09-30 14:45:00,long,25997.519,25964.72668023554,25964.72668023554,26044.270544256116,27.326933137050446,-0.9999999999999695,SL,1,18.47279046696349
2022-09-30 14:50:00,2022-09-30 15:50:00,long,25952.269,25918.126479386767,25918.126479386767,26043.385350093104,28.45210051102823,-0.999999999999989,SL,12,17.472790466963502
2022-09-30 15:55:00,2022-10-02 18:00:00,long,25907.469,25863.330236520316,25863.330236520316,26037.45108333333,36.782302899738326,-0.999999999999971,SL,5,16.47279046696353
2022-10-03 01:45:00,2022-10-03 01:55:00,short,26139.469,26175.168752047568,26175.168752047568,26073.963090909096,29.74979337297287,-0.999999999999988,SL,2,15.472790466963543
2022-10-03 05:25:00,2022-10-03 06:25:00,short,26199.319,26204.469,26236.234665728854,26133.937282828294,30.763054774047013,-0.13950716852373538,TIMEOUT,12,15.333283298439808
2022-10-03 07:35:00,2022-10-03 07:40:00,short,26289.469,26316.825144636834,26316.825144636834,26157.898166666673,22.796787197359933,-1.0000000000000415,SL,1,14.333283298439767
2022-10-03 08:25:00,2022-10-03 08:35:00,short,26354.519,26383.326114873384,26383.326114873384,26174.373901960793,24.005929061153303,-0.9999999999999803,SL,2,13.333283298439786
2022-10-03 08:40:00,2022-10-03 08:50:00,short,26379.369,26407.711380239365,26407.711380239365,26179.955857142864,23.61865019947267,-0.9999999999999689,SL,2,12.333283298439817
2022-10-04 09:40:00,2022-10-04 09:50:00,short,27024.519,27048.17677931433,27048.17677931433,26980.333729344733,19.714816095276106,-0.9999999999999302,SL,2,11.333283298439886
2022-10-04 10:15:00,2022-10-04 11:15:00,short,27104.319,27114.519,27133.9732485672,26985.315021505387,24.71187380600043,-0.3439642038774362,TIMEOUT,12,10.98931909456245
2022-10-04 15:50:00,2022-10-04 16:05:00,short,27159.369,27192.506033484962,27192.506033484962,27030.192996509613,27.614194570802223,-1.0000000000000242,SL,3,9.989319094562426
2022-10-04 19:25:00,2022-10-04 19:50:00,short,27156.369,27174.936486918017,27174.936486918017,27043.491492211844,15.472905765014135,-1.0000000000000777,SL,5,8.989319094562347
2022-10-05 01:45:00,2022-10-05 02:00:00,short,27147.469,27111.318393939397,27165.725017358312,27111.318393939397,15.21334779859197,1.9802022177716727,VWAP,3,10.96952131233402
2022-10-05 02:20:00,2022-10-05 03:20:00,long,27082.319,27087.369,27060.44026047095,27111.423252873567,18.232282940873,0.23081768459716673,TIMEOUT,12,11.200338996931187
2022-10-05 03:25:00,2022-10-05 03:40:00,long,27062.999,27102.4263015873,27039.96265114035,27102.4263015873,19.196957383041564,1.7115256340105498,VWAP,3,12.911864630941736
2022-10-05 04:00:00,2022-10-05 04:10:00,long,27052.419,27026.29149528127,27026.29149528127,27100.757639455784,21.772920598940207,-1.000000000000069,SL,2,11.911864630941666
2022-10-05 04:15:00,2022-10-05 04:20:00,long,27017.269,26990.8229913021,26990.8229913021,27096.877205128207,22.038340581585825,-0.999999999999946,SL,1,10.91186463094172
2022-10-05 04:25:00,2022-10-05 05:25:00,long,26952.519,26982.319,26922.53963535742,27092.34140740741,24.982803868816543,0.9940170632460361,TIMEOUT,12,11.905881694187755
2022-10-05 05:40:00,2022-10-05 06:40:00,long,26957.419,26997.319,26930.25783324266,27066.88808212561,22.63430563111736,1.4690090582803872,TIMEOUT,12,13.374890752468142
2022-10-05 07:15:00,2022-10-05 07:55:00,long,26979.469,26957.981605211426,26957.981605211426,27047.88793939394,17.906162323812715,-1.0000000000000033,SL,8,12.374890752468138
2022-10-05 09:10:00,2022-10-05 10:05:00,long,26932.269,26908.51838907623,26908.51838907623,27031.602813813817,19.79217576980737,-1.0000000000000182,SL,11,11.37489075246812
2022-10-05 10:10:00,2022-10-05 10:35:00,long,26892.419,26854.58937985951,26854.58937985951,27023.113281842827,31.524683450408663,-1.0000000000000397,SL,5,10.374890752468081
2022-10-05 12:50:00,2022-10-05 13:20:00,short,27062.369,27097.187141929073,27097.187141929073,27004.147559139794,29.015118274229025,-0.9999999999999776,SL,6,9.374890752468104
2022-10-05 19:45:00,2022-10-05 20:05:00,short,27154.999,27179.532198511606,27179.532198511606,27029.06372477065,20.44433209300397,-1.0000000000000633,SL,4,8.37489075246804
2022-10-05 20:10:00,2022-10-05 20:15:00,short,27234.519,27269.126036039615,27269.126036039615,27032.395322869972,28.839196699678123,-1.000000000000042,SL,1,7.374890752467999
2022-10-05 20:20:00,2022-10-05 20:50:00,short,27312.319,27351.019760666808,27351.019760666808,27034.657607407422,32.25063388900818,-0.9999999999999658,SL,6,6.374890752468033
2022-10-06 12:05:00,2022-10-06 13:05:00,long,27057.419,27092.269,27015.801453958593,27178.82744748858,34.68128836784089,0.8373871915783578,TIMEOUT,12,7.2122779440463916
2022-10-06 13:10:00,2022-10-06 14:10:00,long,27072.319,27057.519,27038.677215430536,27171.49254297693,28.034820474552024,-0.4399290997610643,TIMEOUT,12,6.772348844285327
2022-10-06 14:15:00,2022-10-06 14:45:00,long,27057.519,27027.369081785295,27027.369081785295,27164.95324418604,25.124931845586854,-1.0000000000000389,SL,6,5.772348844285288
2022-10-06 14:50:00,2022-10-06 15:50:00,long,27002.419,27052.319,26970.550713809305,27160.28307821229,26.55690515891222,1.565820003667731,TIMEOUT,12,7.338168847953019
2022-10-06 18:00:00,2022-10-06 19:00:00,long,26987.469,27007.469,26954.774975602922,27148.851318104913,27.245020330900154,0.6117325832113267,TIMEOUT,12,7.949901431164346
2022-10-06 19:45:00,2022-10-06 19:55:00,long,26972.319,26946.343334986603,26946.343334986603,27135.867073394496,21.646387511163592,-1.0000000000000187,SL,2,6.949901431164327
2022-10-07 00:35:00,2022-10-07 01:35:00,long,27099.469,27112.519,27074.371413520807,27132.579,20.9146553993297,0.5199703170986949,TIMEOUT,12,7.469871748263022
2022-10-07 02:00:00,2022-10-07 02:25:00,long,27092.469,27072.648926690297,27072.648926690297,27118.591266666666,16.516727758086077,-1.000000000000022,SL,5,6.4698717482629995
2022-10-07 05:10:00,2022-10-07 06:10:00,short,27147.419,27142.519,27171.77086448812,27102.91307407407,20.29322040676549,0.2012166256260252,TIMEOUT,12,6.671088373889025
2022-10-07 07:50:00,2022-10-07 08:20:00,short,27147.369,27164.443202937775,27164.443202937775,27114.61833333334,14.228502448148266,-0.9999999999998955,SL,6,5.67108837388913
2022-10-07 08:30:00,2022-10-07 08:35:00,long,27054.269,27019.802548978176,27019.802548978176,27117.036864077672,28.722042518187664,-0.999999999999979,SL,1,4.671088373889151
2022-10-07 08:50:00,2022-10-07 09:50:00,long,26932.999,26883.201950134466,26883.201950134466,27113.26398442368,41.49754155461174,-0.9999999999999994,SL,12,3.6710883738891513
2022-10-10 04:35:00,2022-10-10 05:05:00,long,26532.999,26575.889535714286,26500.471015886782,26575.889535714286,27.106653427682666,1.3185734340314126,VWAP,6,4.989661807920564
2022-10-10 05:50:00,2022-10-10 06:50:00,short,26652.999,26617.369,26681.88433222607,26577.342098591555,24.071110188390882,1.2334980162646316,TIMEOUT,12,6.2231598241851955
2022-10-10 07:20:00,2022-10-10 08:20:00,short,26657.319,26644.469,26684.89431935355,26589.465816479416,22.979432794623808,0.4659964164057786,TIMEOUT,12,6.689156240590974
2022-10-10 09:00:00,2022-10-10 09:55:00,short,26752.319,26601.36569724772,26782.903148479894,26601.36569724772,25.486790399911996,4.93567126289345,VWAP,11,11.624827503484426
2022-10-10 13:50:00,2022-10-10 14:50:00,short,26729.319,26662.319,26770.8626364583,26606.57233333334,34.619697048584705,1.6127620428040652,TIMEOUT,12,13.23758954628849
2022-10-10 21:55:00,2022-10-10 22:15:00,long,26504.319,26448.98048243214,26448.98048243214,26625.64823497267,46.115431306549794,-0.9999999999999959,SL,4,12.237589546288493
2022-10-11 05:00:00,2022-10-11 06:00:00,long,26330.419,26330.269,26290.60031217948,26400.272005464478,33.1822398504366,-0.003767075416386274,TIMEOUT,12,12.233822470872108
2022-10-11 08:15:00,2022-10-11 08:30:00,short,26475.469,26503.046610252168,26503.046610252168,26393.83723333333,22.98134187680505,-1.000000000000026,SL,3,11.23382247087208
2022-10-11 08:35:00,2022-10-11 09:35:00,short,26527.319,26400.519,26555.248878967413,26397.844576923068,23.274899139510325,4.539940905148393,TIMEOUT,12,15.773763376020474
2022-10-11 10:00:00,2022-10-11 10:05:00,long,26335.469,26295.943017225054,26295.943017225054,26404.120487603304,32.93831897912283,-0.9999999999999872,SL,1,14.773763376020487
2022-10-11 11:45:00,2022-10-11 12:40:00,short,26535.519,26584.27059843597,26584.27059843597,26406.214610328643,40.626332029975856,-0.9999999999999926,SL,11,13.773763376020494
2022-10-11 12:45:00,2022-10-11 13:45:00,short,26605.519,26575.369,26649.76145076991,26417.15114285715,36.86870897492427,0.6814721941332317,TIMEOUT,12,14.455235570153725
2022-10-11 15:00:00,2022-10-11 15:10:00,long,26362.419,26317.419894885305,26317.419894885305,26436.242296500917,37.4992542622477,-0.9999999999999981,SL,2,13.455235570153727
2022-10-11 15:15:00,2022-10-11 16:15:00,long,26295.519,26367.319,26250.837366641037,26434.50769565217,37.23469446580123,1.6069242461029876,TIMEOUT,12,15.062159816256715
2022-10-11 18:35:00,2022-10-11 19:35:00,long,26360.999,26355.999,26330.106730776435,26427.86931045751,25.7435576863025,-0.16185279118913876,TIMEOUT,12,14.900307025067576
2022-10-11 23:30:00,2022-10-12 00:05:00,long,26357.519,26418.2318136882,26321.477704474346,26418.2318136882,30.034412938045673,1.6845347205952117,VWAP,7,16.58484174566279
2022-10-12 09:05:00,2022-10-12 09:40:00,long,26327.369,26414.58751515151,26286.876455208698,26414.58751515151,33.74378732608567,2.1539400796129913,VWAP,7,18.73878182527578
2022-10-12 10:45:00,2022-10-12 11:05:00,long,26352.999,26409.19176923076,26308.44032981849,26409.19176923076,37.13222515125655,1.2610961907494749,VWAP,4,19.999878016025253
2022-10-12 16:05:00,2022-10-12 18:45:00,long,26352.519,26384.369,26323.42885930547,26408.39674914088,24.241783912108733,1.09487266955663,TIMEOUT,12,21.094750685581882
2022-10-12 20:10:00,2022-10-12 20:35:00,long,26359.999,26338.024731691512,26338.024731691512,26405.91003139011,18.31189025707286,-1.000000000000017,SL,5,20.094750685581865
2022-10-12 20:40:00,2022-10-12 21:25:00,long,26322.369,26294.90845999915,26294.90845999915,26404.523861717593,22.88378333404013,-0.9999999999999828,SL,9,19.094750685581882
2022-10-12 22:20:00,2022-10-12 23:20:00,long,26248.999,26271.469,26214.012562860044,26396.43763453813,29.155364283298344,0.6422488780470353,TIMEOUT,12,19.736999563628917
2022-10-13 07:40:00,2022-10-13 08:30:00,short,26426.269,26290.24287096773,26452.099088320552,26290.24287096773,21.525073600460164,5.26618907934739,VWAP,10,25.003188642976305
2022-10-14 08:00:00,2022-10-14 08:50:00,long,26888.999,26994.334017182133,26852.24719646468,26994.334017182133,30.626502946099727,2.866118313919007,VWAP,10,27.86930695689531
2022-10-14 08:55:00,2022-10-14 09:00:00,short,27070.319,27115.261409471208,27115.261409471208,26989.58381481482,37.45200789267328,-1.000000000000013,SL,1,26.869306956895297
2022-10-14 09:05:00,2022-10-14 09:45:00,short,27093.369,26991.463030303035,27139.77097551344,26991.463030303035,38.668312927866296,2.1961558439995317,VWAP,8,29.065462800894828
2022-10-14 10:00:00,2022-10-14 10:15:00,long,26865.519,26801.626319142786,26801.626319142786,26994.68924793389,53.24390071434586,-0.9999999999999861,SL,3,28.065462800894842
2022-10-14 10:20:00,2022-10-14 11:20:00,long,26748.469,26770.269,26676.041892077184,26989.309080000006,60.355923269014,0.3009922752021359,TIMEOUT,12,28.36645507609698
2022-10-14 11:55:00,2022-10-14 12:55:00,long,26698.999,26705.319,26636.19513597824,26961.416708333345,52.33655335146654,0.10063075096478138,TIMEOUT,12,28.467085827061762
2022-10-14 14:15:00,2022-10-14 14:40:00,long,26693.269,26656.100557280224,26656.100557280224,26920.92134496125,30.973702266478817,-1.00000000000004,SL,5,27.467085827061723
2022-10-16 20:00:00,2022-10-16 20:05:00,short,26770.269,26807.57716300883,26807.57716300883,26643.70659999999,31.090135840691183,-1.0000000000000395,SL,1,26.467085827061684
2022-10-16 22:50:00,2022-10-16 23:50:00,short,26766.469,26731.519,26806.45731170708,26685.92318079095,33.323593089231885,0.8740053907755823,TIMEOUT,12,27.341091217837267
2022-10-17 06:10:00,2022-10-17 07:10:00,short,26866.519,26851.519,26894.77194499805,26764.779088888896,23.544120831709975,0.5309181043262656,TIMEOUT,12,27.87200932216353
2022-10-17 07:15:00,2022-10-17 08:05:00,short,26856.269,26880.10810809342,26880.10810809342,26776.877143939408,19.865923411183896,-0.9999999999999626,SL,10,26.87200932216357
2022-10-18 04:45:00,2022-10-18 05:00:00,long,27105.269,27075.966697241078,27075.966697241078,27171.47526436782,24.418585632435242,-1.0000000000000056,SL,3,25.872009322163564
2022-10-18 05:05:00,2022-10-18 06:05:00,long,27045.519,27135.419,27013.364292349605,27166.194430107527,26.79558970866252,2.7958581050540836,TIMEOUT,12,28.667867427217647
2022-10-18 07:40:00,2022-10-18 08:10:00,short,27200.419,27226.59467747334,27226.59467747334,27150.621365591407,21.813064561113244,-1.0000000000000306,SL,6,27.667867427217615
2022-10-18 08:15:00,2022-10-18 08:40:00,short,27255.269,27280.25122121737,27280.25122121737,27155.387366666677,20.818517681141834,-1.0000000000000424,SL,5,26.667867427217573
2022-10-18 10:40:00,2022-10-18 11:10:00,long,27097.519,27056.538308115087,27056.538308115087,27173.184633074943,34.1505765707621,-0.9999999999999762,SL,6,25.667867427217598
2022-10-18 11:25:00,2022-10-18 12:25:00,long,26990.419,27040.269,26942.46915011034,27167.020449275366,39.95820824138412,1.0396278635847682,TIMEOUT,12,26.707495290802367
2022-10-18 14:40:00,2022-10-18 14:45:00,long,27030.519,26986.364573254315,26986.364573254315,27145.396551789094,36.79535562140293,-1.0000000000000282,SL,1,25.70749529080234
2022-10-18 14:50:00,2022-10-18 15:50:00,long,26985.519,27100.519,26940.068478979487,27143.75246368717,37.87543418376065,2.5302240198324255,TIMEOUT,12,28.237719310634763
2022-10-18 18:55:00,2022-10-18 19:10:00,short,27187.999,27213.48018086845,27213.48018086845,27138.8050897436,21.23431739037419,-1.0000000000000335,SL,3,27.23771931063473
2022-10-18 19:15:00,2022-10-18 20:15:00,short,27260.319,27187.999,27287.565116794663,27140.36461320756,22.705097328885792,2.654323203010198,TIMEOUT,12,29.892042513644927
2022-10-19 01:25:00,2022-10-19 02:00:00,long,27270.469,27247.582926301686,27247.582926301686,27300.444740740742,19.071728081929226,-1.0000000000000038,SL,7,28.892042513644924
2022-10-19 02:25:00,2022-10-19 03:05:00,long,27197.419,27168.570212420527,27168.570212420527,27280.823111111113,24.040656316227754,-1.0000000000000397,SL,8,27.892042513644885
2022-10-19 03:35:00,2022-10-19 04:25:00,long,27120.269,27083.246235291947,27083.246235291947,27250.403848484857,30.85230392337669,-1.000000000000046,SL,10,26.89204251364484
2022-10-19 06:40:00,2022-10-19 06:45:00,long,27170.269,27142.571400816636,27142.571400816636,27208.46665432099,23.081332652804054,-0.9999999999999767,SL,1,25.892042513644864
2022-10-19 07:20:00,2022-10-19 07:35:00,long,27122.419,27091.070746576297,27091.070746576297,27204.396715355808,26.123544519754645,-0.9999999999999687,SL,3,24.892042513644896
2022-10-19 10:45:00,2022-10-19 10:55:00,long,27120.269,27079.004648161423,27079.004648161423,27174.02061538462,34.38695986548257,-0.9999999999999634,SL,2,23.89204251364493
2022-10-19 11:30:00,2022-10-19 12:25:00,long,27050.419,27013.040028637235,27013.040028637235,27168.044539568356,31.149142802305093,-1.0000000000000133,SL,11,22.892042513644917
2022-10-19 12:45:00,2022-10-19 13:05:00,long,26970.999,26936.866699895516,26936.866699895516,27155.277549783565,28.443583420402472,-1.0000000000000266,SL,4,21.89204251364489
2022-10-19 18:40:00,2022-10-19 18:55:00,long,27032.469,27006.5608529567,27006.5608529567,27115.41774796749,21.590122536085254,-0.9999999999999551,SL,3,20.892042513644935
2022-10-19 19:30:00,2022-10-19 20:30:00,long,26950.319,27002.369,26925.222292750248,27109.827744186055,20.913922708127338,2.0739772545464885,TIMEOUT,12,22.966019768191423
2022-10-19 20:45:00,2022-10-19 21:35:00,long,26922.419,26881.85655526419,26881.85655526419,27100.75982608697,33.80203727984412,-1.000000000000006,SL,10,21.966019768191416
2022-10-19 23:10:00,2022-10-19 23:30:00,long,26964.319,26932.646534913438,26932.646534913438,27082.643247104268,26.3937209054691,-0.9999999999999621,SL,4,20.966019768191455
2022-10-19 23:35:00,2022-10-20 00:35:00,long,26889.269,26934.519,26859.09892404321,27079.879580808098,25.14172996399263,1.4998304964430962,TIMEOUT,12,22.46585026463455
2022-10-20 01:15:00,2022-10-20 02:15:00,short,27064.419,27006.519,27108.9285660688,26949.930875,37.09130505733327,1.3008439558926161,TIMEOUT,12,23.766694220527167
2022-10-20 06:40:00,2022-10-20 06:55:00,short,27064.369,27086.373694454407,27086.373694454407,26994.396860082306,18.33724537867316,-1.0000000000000235,SL,3,22.766694220527143
2022-10-20 07:00:00,2022-10-20 07:15:00,short,27089.319,27114.55647205103,27114.55647205103,26998.324019607848,21.031226709190967,-1.0000000000000584,SL,3,21.766694220527086
2022-10-20 09:45:00,2022-10-20 09:55:00,short,27129.519,27171.353525972205,27171.353525972205,27021.21498870057,34.86210497683651,-1.0000000000000182,SL,2,20.766694220527068
2022-10-20 18:35:00,2022-10-20 19:10:00,long,26981.999,26950.763827665607,26950.763827665607,27058.674506535954,26.029310278660287,-1.0000000000000115,SL,7,19.766694220527057
2022-10-20 23:40:00,2022-10-20 23:50:00,long,26943.419,26916.85858504974,26916.85858504974,27031.506974842767,22.13367912521799,-0.9999999999999957,SL,2,18.76669422052706
2022-10-21 02:00:00,2022-10-21 02:10:00,long,26881.999,26906.446200000006,26864.91960572923,26906.446200000006,14.232828558977564,1.4313856576190749,VWAP,2,20.198079878146135
2022-10-21 04:00:00,2022-10-21 04:10:00,long,26846.369,26818.011000266364,26818.011000266364,26899.324170068026,23.63166644469621,-0.9999999999999715,SL,2,19.198079878146164
2022-10-21 04:15:00,2022-10-21 05:15:00,long,26821.269,26821.269,26793.310538843005,26895.331499999997,23.29871763082989,0.0,TIMEOUT,12,19.198079878146164
2022-10-21 05:25:00,2022-10-21 06:25:00,long,26796.419,26821.369,26770.337350744972,26879.055464646462,21.73470771252323,0.9566112846635788,TIMEOUT,12,20.154691162809744
2022-10-21 08:15:00,2022-10-21 08:20:00,long,26821.369,26797.834046181226,26797.834046181226,26869.492000000017,19.61246151564376,-1.0000000000000173,SL,1,19.154691162809726
2022-10-21 09:05:00,2022-10-21 09:10:00,short,26941.999,26976.956073916186,26976.956073916186,26866.12121212123,29.13089493015472,-1.0000000000000195,SL,1,18.154691162809705
2022-10-21 13:45:00,2022-10-21 14:00:00,short,27046.319,27083.94165709842,27083.94165709842,26900.351028112465,31.352214248684188,-1.0000000000000198,SL,3,17.154691162809684
2022-10-21 14:05:00,2022-10-21 15:05:00,short,27091.519,27036.519,27125.559833230633,26904.41509803923,28.367361025527718,1.6157066317197442,TIMEOUT,12,18.770397794529426
2022-10-21 15:25:00,2022-10-21 16:00:00,short,27081.999,27112.520512187937,27112.520512187937,26917.231544802886,25.434593489946426,-1.0000000000000533,SL,7,17.770397794529373
2022-10-24 10:25:00,2022-10-24 10:40:00,long,26939.469,27016.582915343934,26887.616619174132,27016.582915343934,43.21031735489154,1.4871817670802001,VWAP,3,19.257579561609575
2022-10-24 14:15:00,2022-10-24 14:50:00,short,27099.519,27125.94508338647,27125.94508338647,27029.673496124047,22.021736155389828,-1.0000000000000169,SL,7,18.257579561609557
2022-10-24 14:55:00,2022-10-24 15:05:00,short,27119.999,27143.39771016218,27143.39771016218,27032.88979629631,19.49892513515003,-0.9999999999999454,SL,2,17.25757956160961
2022-10-24 15:10:00,2022-10-24 15:20:00,short,27139.419,27162.60592500959,27162.60592500959,27034.600256830618,19.322437507990145,-0.9999999999999868,SL,2,16.257579561609624
2022-10-24 15:25:00,2022-10-24 18:05:00,short,27159.369,27146.419,27181.64556350075,27036.56692114697,18.563802917294026,0.5813284441094089,TIMEOUT,12,16.838908005719034
2022-10-24 18:45:00,2022-10-24 19:15:00,short,27184.319,27203.16089062791,27203.16089062791,27047.815165048552,15.701575523258835,-1.0000000000000318,SL,6,15.838908005719002
2022-10-24 20:50:00,2022-10-24 21:35:00,short,27206.469,27242.714319161278,27242.714319161278,27061.313747474764,30.204432634396873,-1.0000000000000127,SL,9,14.83890800571899
2022-10-24 23:00:00,2022-10-24 23:15:00,short,27220.519,27256.284938924404,27256.284938924404,27075.142644617394,29.804949103668704,-1.0000000000000324,SL,3,13.838908005718958
2022-10-24 23:20:00,2022-10-24 23:30:00,short,27287.319,27320.96372578144,27320.96372578144,27077.768859514697,28.037271484534557,-0.9999999999999497,SL,2,12.838908005719007
2022-10-25 01:50:00,2022-10-25 02:50:00,long,27245.519,27265.519,27223.356879193114,27281.17885507247,18.468434005737553,0.9024407083723972,TIMEOUT,12,13.741348714091405
2022-10-25 02:55:00,2022-10-25 03:30:00,long,27240.419,27219.273354915476,27219.273354915476,27273.170944444446,17.621370903772068,-0.9999999999999447,SL,7,12.74134871409146
2022-10-25 05:35:00,2022-10-25 06:35:00,long,27175.369,27195.419,27152.240476369352,27251.381794117657,19.27376969220612,0.8668949354568781,TIMEOUT,12,13.608243649548339
2022-10-25 08:05:00,2022-10-25 09:05:00,long,27200.269,27238.815360544224,27180.111711332152,27238.815360544224,16.79774055654062,1.912279036103992,VWAP,12,15.520522685652331
2022-10-25 09:15:00,2022-10-25 09:30:00,short,27275.269,27295.58607372313,27295.58607372313,27236.394565476196,16.93089476927428,-1.0000000000000577,SL,3,14.520522685652274
2022-10-25 09:35:00,2022-10-25 09:45:00,short,27305.369,27328.64700818946,27328.64700818946,27238.09299425288,19.398340157883162,-1.0000000000000002,SL,2,13.520522685652274
2022-10-25 09:50:00,2022-10-25 09:55:00,short,27385.269,27414.17833527414,27414.17833527414,27240.555526610653,24.091112728451023,-0.9999999999999636,SL,1,12.52052268565231
2022-10-25 21:50:00,2022-10-25 22:20:00,short,27545.319,27576.505706640193,27576.505706640193,27364.664294924554,25.9889222001627,-0.9999999999999517,SL,6,11.520522685652358
2022-10-26 01:10:00,2022-10-26 01:15:00,long,27500.319,27482.13573751885,27482.13573751885,27533.452333333335,15.152718734291092,-1.0000000000000626,SL,1,10.520522685652296
2022-10-26 01:35:00,2022-10-26 01:55:00,long,27455.319,27435.51841422396,27435.51841422396,27519.513166666664,16.50048814670056,-0.9999999999999636,SL,4,9.520522685652331
2022-10-26 02:00:00,2022-10-26 02:45:00,long,27432.469,27412.65002657646,27412.65002657646,27505.7558,16.51581118628558,-0.9999999999999674,SL,9,8.520522685652363
2022-10-26 08:35:00,2022-10-26 08:45:00,long,27435.469,27416.7233046392,27416.7233046392,27466.35839102565,15.621412800667617,-1.0000000000000255,SL,2,7.520522685652337
2022-10-26 10:45:00,2022-10-26 11:15:00,short,27585.269,27623.773551343722,27623.773551343722,27468.840820512818,32.087126119769586,-0.9999999999999529,SL,6,6.520522685652384
2022-10-26 19:30:00,2022-10-26 19:35:00,long,27445.369,27476.791232558142,27427.707468895806,27476.791232558142,14.717942586829006,1.7791341176915305,VWAP,1,8.299656803343915
2022-10-26 19:50:00,2022-10-26 20:00:00,long,27400.269,27376.805295661525,27376.805295661525,27476.121846270926,19.553086948730332,-0.9999999999999621,SL,2,7.299656803343953
2022-10-27 09:55:00,2022-10-27 10:15:00,long,27214.519,27307.63458333333,27171.26721524419,27307.63458333333,36.043153963177645,2.1528726238473586,VWAP,4,9.452529427191312
2022-10-27 11:30:00,2022-10-27 11:45:00,long,27249.999,27206.55429282408,27206.55429282408,27307.251086330925,36.2039226465989,-1.0000000000000417,SL,3,8.45252942719127
2022-10-28 01:10:00,2022-10-28 01:40:00,long,27149.419,27124.068465116827,27124.068465116827,27189.82922222222,21.125445735979973,-0.9999999999999614,SL,6,7.452529427191308
2022-10-28 09:40:00,2022-10-28 10:40:00,short,27314.269,27301.269,27353.25264511584,27133.917774928777,32.4863709298663,0.33347317731245024,TIMEOUT,12,7.786002604503759
2022-10-31 03:05:00,2022-10-31 03:30:00,long,27488.319,27468.096703680796,27468.096703680796,27534.663561403515,16.851913599336534,-0.9999999999999809,SL,5,6.7860026045037785
2022-10-31 04:00:00,2022-10-31 05:00:00,long,27463.319,27495.419,27442.882753154347,27521.204374149664,17.030205704710212,1.5707385138984733,TIMEOUT,12,8.356741118402251
2022-10-31 05:20:00,2022-10-31 05:50:00,long,27493.999,27514.635666666672,27478.696465008914,27514.635666666672,12.752112492572609,1.3485783027905105,VWAP,6,9.705319421192762
2022-10-31 10:50:00,2022-10-31 11:45:00,short,27578.469,27519.716353689568,27604.140843779227,27519.716353689568,21.393203149355212,2.288602517828347,VWAP,11,11.993921939021108
2022-10-31 13:40:00,2022-10-31 14:05:00,short,27563.469,27524.768050505052,27584.429499150123,27524.768050505052,17.467082625102208,1.8463753757849999,VWAP,5,13.840297314806108
2022-10-31 17:15:00,2022-10-31 18:05:00,short,27565.469,27584.913469090265,27584.913469090265,27526.39382269502,16.203724241886896,-0.9999999999999724,SL,10,12.840297314806136
2022-10-31 18:10:00,2022-10-31 18:35:00,short,27600.519,27615.32619953774,27615.32619953774,27528.898162479043,12.339332948116999,-0.9999999999999398,SL,5,11.840297314806197
2022-10-31 18:45:00,2022-10-31 18:50:00,short,27650.319,27667.82115184184,27667.82115184184,27531.602689320374,14.58512653486596,-1.0000000000000373,SL,1,10.84029731480616
2022-10-31 20:30:00,2022-10-31 21:30:00,short,27630.469,27642.999,27667.00577056738,27536.996694566802,30.447308806148033,-0.34294218688245043,TIMEOUT,12,10.49735512792371
2022-10-31 22:10:00,2022-10-31 22:40:00,short,27642.469,27664.242625443254,27664.242625443254,27544.45013360322,18.144687869378703,-0.9999999999999323,SL,6,9.497355127923777
2022-11-01 01:05:00,2022-11-01 01:15:00,short,27697.369,27715.249786086104,27715.249786086104,27648.232333333337,14.90065507175545,-0.9999999999999261,SL,2,8.497355127923852
2022-11-01 03:05:00,2022-11-01 03:10:00,short,27727.269,27750.894714834983,27750.894714834983,27661.42017117118,19.68809569582067,-0.9999999999999333,SL,1,7.497355127923918
2022-11-01 09:10:00,2022-11-01 09:15:00,long,27634.519,27604.926527617296,27604.926527617296,27703.35984848486,24.660393652253457,-1.0000000000000195,SL,1,6.497355127923899
2022-11-01 15:10:00,2022-11-01 17:50:00,long,27572.369,27589.269,27551.440198691707,27655.550318681304,17.440667756909356,0.8074996628357446,TIMEOUT,12,7.304854790759643
2022-11-01 18:45:00,2022-11-01 18:50:00,long,27587.469,27571.103135409237,27571.103135409237,27648.92244715445,13.638220492303612,-0.9999999999999505,SL,1,6.304854790759693
2022-11-01 18:55:00,2022-11-01 19:05:00,long,27569.419,27648.22176972623,27551.206800429394,27648.22176972623,15.17683297550683,4.326922150216586,VWAP,2,10.63177694097628
2022-11-01 23:10:00,2022-11-01 23:20:00,long,27623.419,27649.5289870801,27603.984193509135,27649.5289870801,16.195672075723085,1.3434652458395264,VWAP,2,11.975242186815807
2022-11-02 02:15:00,2022-11-02 02:45:00,long,27623.419,27646.199952380954,27608.893293291665,27646.199952380954,12.10475559027937,1.568319727113835,VWAP,6,13.543561913929642
2022-11-02 03:25:00,2022-11-02 04:25:00,short,27675.999,27644.619,27693.725343735343,27644.619,14.771953112785756,1.7702466153488472,VWAP,12,15.31380852927849
2022-11-02 05:50:00,2022-11-02 06:30:00,long,27618.419,27646.692990610332,27601.098687247708,27646.692990610332,14.43359396024414,1.6324180177743948,VWAP,8,16.946226547052884
2022-11-02 06:50:00,2022-11-02 07:05:00,short,27673.369,27688.28423475616,27688.28423475616,27645.874220883536,12.42936229680252,-0.9999999999998794,SL,3,15.946226547053005
2022-11-02 07:50:00,2022-11-02 08:35:00,long,27613.319,27588.894573323443,27588.894573323443,27646.619421052634,20.353688897130322,-0.9999999999999973,SL,9,14.946226547053008
2022-11-02 09:20:00,2022-11-02 10:20:00,long,27558.419,27555.519,27532.34856134792,27639.198321533917,21.725365543399697,-0.11123710033049723,TIMEOUT,12,14.834989446722512
2022-11-02 14:15:00,2022-11-02 14:25:00,long,27478.469,27402.642615289078,27402.642615289078,27620.360182170523,63.188653925767944,-1.0000000000000175,SL,2,13.834989446722494
2022-11-03 00:25:00,2022-11-03 00:35:00,short,27393.319,27406.983816657674,27406.983816657674,27369.680666666667,11.387347214728171,-1.0000000000000315,SL,2,12.834989446722462
2022-11-03 01:10:00,2022-11-03 01:15:00,long,27343.419,27327.909203737338,27327.909203737338,27379.897666666664,12.924830218886296,-1.0000000000000395,SL,1,11.834989446722423
2022-11-03 01:20:00,2022-11-03 02:20:00,long,27333.999,27340.419,27318.060389957194,27374.693117647053,13.28217503567236,0.40279547480987954,TIMEOUT,12,12.237784921532302
2022-11-03 02:25:00,2022-11-03 03:10:00,long,27308.519,27364.100888888883,27291.132191538243,27364.100888888883,14.489007051463286,3.1967850230328674,VWAP,9,15.434569944565169
2022-11-03 05:45:00,2022-11-03 06:45:00,long,27303.519,27281.60537226043,27281.60537226043,27351.079952380947,18.261356449641895,-0.9999999999999909,SL,12,14.434569944565178
2022-11-03 06:50:00,2022-11-03 07:40:00,long,27278.419,27260.776475047966,27260.776475047966,27342.94249397589,14.702104126696238,-1.0000000000000397,SL,10,13.434569944565139
2022-11-03 15:00:00,2022-11-03 17:40:00,long,27260.269,27255.319,27234.438826892463,27326.69038121546,21.525144256281813,-0.19163634635325533,TIMEOUT,12,13.242933598211884
2022-11-03 17:55:00,2022-11-03 18:50:00,long,27245.369,27228.018581337754,27228.018581337754,27321.804799319714,14.458682218538705,-0.9999999999999122,SL,11,12.242933598211971
2022-11-04 01:35:00,2022-11-04 02:35:00,short,27228.319,27218.269,27253.976845853907,27176.518833333343,21.381538211589262,0.3916930539384655,TIMEOUT,12,12.634626652150438
2022-11-04 04:20:00,2022-11-04 05:20:00,short,27298.319,27298.419,27324.291946527912,27204.28849685535,21.644122106594555,-0.0038501600076337695,TIMEOUT,12,12.630776492142804
2022-11-04 13:35:00,2022-11-04 13:45:00,short,27415.419,27450.183748617535,27450.183748617535,27308.717130081295,28.970623847943717,-1.0000000000000375,SL,2,11.630776492142767
2022-11-04 14:10:00,2022-11-04 14:50:00,short,27483.999,27517.055294569658,27517.055294569658,27314.342664717347,27.546912141382716,-0.9999999999999725,SL,8,10.630776492142793
2022-11-06 20:45:00,2022-11-06 21:45:00,short,27545.319,27553.269,27587.565934575352,27415.381450980396,35.205778812794826,-0.18817933371759082,TIMEOUT,12,10.442597158425203
2022-11-07 02:25:00,2022-11-07 02:40:00,long,27518.419,27502.840409262622,27502.840409262622,27544.49022222222,12.982158947816906,-0.9999999999999349,SL,3,9.442597158425269
2022-11-07 03:40:00,2022-11-07 04:05:00,short,27588.419,27609.721012406637,27609.721012406637,27538.052925925924,17.751677005530684,-0.9999999999999233,SL,5,8.442597158425345
2022-11-07 05:25:00,2022-11-07 06:10:00,short,27595.519,27614.457903045633,27614.457903045633,27553.355818181823,15.782419204694873,-0.9999999999999657,SL,9,7.44259715842538
2022-11-07 11:05:00,2022-11-07 12:00:00,short,27633.319,27577.52646268657,27661.086438651077,27577.52646268657,23.139532209230985,2.0092792142089375,VWAP,11,9.451876372634317
2022-11-07 14:00:00,2022-11-07 14:10:00,short,27648.319,27668.12316542421,27668.12316542421,27585.798506903357,16.50347118684381,-0.9999999999999475,SL,2,8.45187637263437
2022-11-07 14:15:00,2022-11-07 14:35:00,short,27683.319,27703.714214080537,27703.714214080537,27587.201344961242,16.996011733781348,-1.000000000000004,SL,4,7.451876372634366
2022-11-07 14:40:00,2022-11-07 15:40:00,short,27713.519,27703.419,27732.123815124658,27590.287210922786,15.504012603882982,0.5428702157116087,TIMEOUT,12,7.994746588345975
2022-11-07 18:45:00,2022-11-07 18:50:00,short,27680.519,27698.91030558171,27698.91030558171,27602.017025889963,15.326087984759114,-0.999999999999959,SL,1,6.994746588346016
2022-11-07 18:55:00,2022-11-07 19:05:00,short,27708.269,27728.05313593525,27728.05313593525,27602.90775,16.48677994604235,-0.9999999999999409,SL,2,5.994746588346075
2022-11-07 19:10:00,2022-11-07 19:25:00,short,27735.269,27757.603057816963,27757.603057816963,27604.637941548182,18.61171484746892,-1.0000000000000016,SL,3,4.994746588346073
2022-11-07 19:30:00,2022-11-07 19:35:00,short,27843.999,27872.009383624278,27872.009383624278,27607.76258139535,23.341986353565204,-0.9999999999999875,SL,1,3.9947465883460858
2022-11-07 19:40:00,2022-11-07 20:25:00,short,27883.519,27913.330708329097,27913.330708329097,27610.244099846394,24.84309027424761,-0.9999999999999718,SL,9,2.994746588346114
2022-11-08 04:35:00,2022-11-08 05:10:00,short,27887.319,27905.388892069466,27905.388892069466,27856.256023809525,15.058243391221241,-1.0000000000000688,SL,7,1.9947465883460453
2022-11-08 06:50:00,2022-11-08 07:50:00,short,27912.369,27912.269,27925.743685651858,27868.192413654615,11.145571376547808,0.007476811238898733,TIMEOUT,12,2.002223399584944
2022-11-08 07:55:00,2022-11-08 08:00:00,short,27912.419,27924.896950613274,27924.896950613274,27873.045006944452,10.398292177728539,-0.9999999999998758,SL,1,1.0022233995850685
2022-11-08 10:45:00,2022-11-08 10:50:00,short,27937.369,27958.854016529822,27958.854016529822,27882.616666666676,17.904180441519497,-0.9999999999999837,SL,1,0.002223399585084773
2022-11-08 10:55:00,2022-11-08 11:25:00,short,27952.999,27974.862121395614,27974.862121395614,27883.67644949496,18.2192678296775,-1.0000000000000524,SL,6,-0.9977766004149676
2022-11-08 11:35:00,2022-11-08 12:35:00,short,27997.319,27982.369,28019.18430520566,27888.076285714294,18.221087671384332,0.6837315948432308,TIMEOUT,12,-0.31404500557173687
2022-11-08 19:50:00,2022-11-08 20:25:00,long,27842.419,27806.603555427242,27806.603555427242,27894.945971080666,29.8462038106318,-1.00000000000004,SL,7,-1.314045005571777
2022-11-08 21:55:00,2022-11-08 22:15:00,long,27776.319,27748.338949988964,27748.338949988964,27886.236267759567,23.31670834252943,-1.0000000000000218,SL,4,-2.3140450055717987
2022-11-08 22:40:00,2022-11-08 23:05:00,long,27746.469,27720.28288609337,27720.28288609337,27882.0385256917,21.821761588858273,-1.0000000000000548,SL,5,-3.3140450055718533
2022-11-09 07:25:00,2022-11-09 07:45:00,long,27651.369,27677.491555555556,27633.749529232708,27677.491555555556,14.682892306077017,1.4825959247339942,VWAP,4,-1.8314490808378592
2022-11-09 09:45:00,2022-11-09 10:15:00,short,27739.519,27765.660983974863,27765.660983974863,27678.438180790967,21.784986645718128,-1.0000000000000573,SL,6,-2.8314490808379165
2022-11-09 10:20:00,2022-11-09 10:35:00,short,27764.469,27681.998386666673,27793.71536419319,27681.998386666673,24.37197016099205,2.8198586596459547,VWAP,3,-0.011590421191961742
2022-11-09 13:10:00,2022-11-09 13:30:00,long,27624.469,27597.878915533885,27597.878915533885,27679.906987421386,22.158403721763374,-0.9999999999999798,SL,4,-1.0115904211919415
2022-11-09 13:35:00,2022-11-09 14:35:00,long,27569.469,27554.269,27542.358273160593,27677.749447154467,22.59227236617316,-0.5606636845274916,TIMEOUT,12,-1.5722541057194332
2022-11-09 14:40:00,2022-11-09 14:50:00,long,27549.269,27524.54695071395,27524.54695071395,27669.949847457625,20.60170773837418,-1.0000000000000642,SL,2,-2.572254105719497
2022-11-09 16:00:00,2022-11-09 18:30:00,long,27529.269,27505.456221776145,27505.456221776145,27659.525891191708,19.843981853211652,-1.0000000000000544,SL,9,-3.5722541057195514
2022-11-10 01:05:00,2022-11-10 01:30:00,long,27415.269,27398.595476978182,27398.595476978182,27441.64233333333,13.89460251818095,-1.0000000000000668,SL,5,-4.572254105719618
2022-11-10 01:35:00,2022-11-10 02:35:00,long,27375.519,27395.469,27355.089886098238,27433.845999999998,17.024261584801234,0.9765474947144213,TIMEOUT,12,-3.5957066110051965
2022-11-10 05:25:00,2022-11-10 06:00:00,long,27390.369,27419.55268686868,27373.798365141905,27419.55268686868,13.808862381745321,1.7611689062368632,VWAP,7,-1.8345377047683333
2022-11-10 07:30:00,2022-11-10 08:00:00,long,27385.269,27414.678084249088,27369.026075674985,27414.678084249088,13.535770270846779,1.8105781730321855,VWAP,6,-0.023959531736147843
2022-11-10 08:30:00,2022-11-10 08:35:00,short,27642.519,27679.4287927606,27679.4287927606,27415.264889967642,30.75816063383229,-0.9999999999999816,SL,1,-1.0239595317361294
2022-11-10 08:40:00,2022-11-10 09:25:00,short,27780.419,27825.188239676234,27825.188239676234,27421.744047619053,37.307699730192205,-1.0000000000000357,SL,9,-2.023959531736165
2022-11-11 13:45:00,2022-11-11 14:45:00,long,28074.419,28132.999,28048.686824097163,28133.49397991968,21.443479919031233,2.276527263811317,TIMEOUT,12,0.25256773207515204
2022-11-11 15:10:00,2022-11-11 15:50:00,long,28082.319,28131.078617486346,28061.342230101687,28131.078617486346,17.48064158192725,2.324457851361977,VWAP,8,2.577025583437129
2022-11-11 16:10:00,2022-11-13 18:00:00,long,28092.999,28072.23756242542,28072.23756242542,28129.53787179487,17.301197978816276,-1.0000000000000109,SL,2,1.5770255834371183
2022-11-13 18:55:00,2022-11-13 19:05:00,short,28154.469,28183.820667831114,28183.820667831114,28083.15427777778,24.459723192593376,-1.0000000000000475,SL,2,0.5770255834370708
2022-11-13 21:20:00,2022-11-13 22:10:00,long,28062.999,28028.516977754418,28028.516977754418,28111.256317073174,28.735018537984388,-1.0000000000000187,SL,10,-0.4229744165629479
2022-11-14 00:55:00,2022-11-14 01:00:00,long,27999.999,27983.084594531825,27983.084594531825,28026.009000000002,14.095337890145426,-1.000000000000009,SL,1,-1.422974416562957
2022-11-14 01:05:00,2022-11-14 02:05:00,long,27954.469,27974.999,27933.662027938157,28016.999952380953,17.339143384870237,0.98668849744104,TIMEOUT,12,-0.43628591912191694
2022-11-14 03:15:00,2022-11-14 03:45:00,short,28027.319,28045.278724068048,28045.278724068048,27996.45641666667,14.966436723374931,-0.9999999999999307,SL,6,-1.4362859191218478
2022-11-14 06:35:00,2022-11-14 07:20:00,short,28047.999,28061.372620607453,28061.372620607453,28013.627583333342,11.144683839544031,-1.0000000000000593,SL,8,-2.4362859191219073
2022-11-14 07:25:00,2022-11-14 08:15:00,short,28062.419,28074.508825401026,28074.508825401026,28017.309973782776,10.074854500854375,-0.9999999999999319,SL,10,-3.4362859191218393
2022-11-14 08:20:00,2022-11-14 09:20:00,short,28092.319,28072.269,28105.23021685956,28022.48370000001,10.759347382967167,1.5529132705375086,TIMEOUT,12,-1.8833726485843307
2022-11-14 13:20:00,2022-11-14 14:20:00,short,28122.469,28107.999,28145.184759597076,28046.304208333353,18.929799664230025,0.6370026913765957,TIMEOUT,12,-1.246369957207735
2022-11-14 15:50:00,2022-11-14 15:55:00,long,28022.269,27998.937323534985,27998.937323534985,28054.772210526324,19.443063720845974,-1.000000000000007,SL,1,-2.246369957207742
2022-11-14 16:00:00,2022-11-14 18:40:00,long,27977.269,27992.519,27950.58689121129,28053.969225694455,22.23509065726014,0.5715440305247348,TIMEOUT,12,-1.6748259266830072
2022-11-14 18:50:00,2022-11-14 18:55:00,long,27962.319,27941.20761904177,27941.20761904177,28050.22044012946,17.592817465193477,-0.9999999999999524,SL,1,-2.6748259266829595
2022-11-15 01:30:00,2022-11-15 02:10:00,short,28038.519,28053.661930401875,28053.661930401875,28006.640754385968,12.619108668230433,-0.9999999999998841,SL,8,-3.6748259266828436
2022-11-15 04:40:00,2022-11-15 05:05:00,long,28001.999,28027.00350292398,27986.409171001695,28027.00350292398,12.991524165254251,1.6038984729530614,VWAP,5,-2.070927453729782
2022-11-15 07:25:00,2022-11-15 07:40:00,short,28061.269,28074.339226000302,28074.339226000302,28027.858555555562,10.891855000250791,-1.000000000000063,SL,3,-3.070927453729845
2022-11-15 07:45:00,2022-11-15 08:10:00,short,28071.369,28083.512324677075,28083.512324677075,28029.678893617023,10.119437230897512,-0.9999999999998938,SL,5,-4.070927453729738
2022-11-15 08:35:00,2022-11-15 09:35:00,short,28166.369,28143.269,28186.821225657448,28035.9175897436,17.043521381208663,1.1294614281543296,TIMEOUT,12,-2.9414660255754086
2022-11-16 02:05:00,2022-11-16 03:00:00,short,28076.419,28095.027127653626,28095.027127653626,28044.069769230766,15.50677304468702,-0.9999999999999908,SL,11,-3.9414660255753993
2022-11-16 03:05:00,2022-11-16 04:05:00,short,28104.469,28089.419,28123.77287538299,28053.236719298246,16.086562819158527,0.7796361974684474,TIMEOUT,12,-3.161829828106952
2022-11-16 06:10:00,2022-11-16 07:10:00,long,28034.369,28029.419,28017.198750672604,28067.314555555557,14.308541106162872,-0.2882893489554211,TIMEOUT,12,-3.450119177062373
2022-11-16 09:25:00,2022-11-16 09:50:00,long,27974.419,27950.675414858866,27950.675414858866,28056.00756725146,19.78632095094592,-1.000000000000019,SL,5,-4.450119177062392
2022-11-16 14:00:00,2022-11-16 15:00:00,long,27901.369,27949.469,27878.063131798957,28019.011130177525,19.421556834202306,2.0638578912863697,TIMEOUT,12,-2.3862612857760226
2022-11-16 18:30:00,2022-11-16 18:35:00,long,27949.269,27929.654844693083,27929.654844693083,28006.87183828384,16.34512942243201,-0.9999999999999477,SL,1,-3.38626128577597
2022-11-16 18:40:00,2022-11-16 19:40:00,long,27921.369,27934.319,27901.026080373114,28006.089457516347,16.952433022403067,0.6365851233510738,TIMEOUT,12,-2.7496761624248967
2022-11-16 21:15:00,2022-11-16 22:15:00,long,27930.269,27925.419,27897.00823954708,28000.59037588653,27.717300377432917,-0.14581747181829186,TIMEOUT,12,-2.8954936342431887
2022-11-16 23:50:00,2022-11-17 00:50:00,long,27930.369,27930.519,27914.66661054799,27993.0103836478,13.085324543341025,0.009552686262170223,TIMEOUT,12,-2.8859409479810183
2022-11-17 01:10:00,2022-11-17 01:30:00,short,27975.419,27991.645752759166,27991.645752759166,27940.157,13.522293965970537,-1.0000000000000102,SL,4,-3.8859409479810285
2022-11-17 04:30:00,2022-11-17 04:35:00,long,27960.519,27944.79677412546,27944.79677412546,27983.583,13.101854895448751,-1.0000000000000133,SL,1,-4.885940947981042
2022-11-17 04:50:00,2022-11-17 05:50:00,long,27925.269,27907.87146654512,27907.87146654512,27980.167870056495,14.497944545733848,-1.0000000000000417,SL,12,-5.885940947981084
2022-11-17 05:55:00,2022-11-17 06:40:00,long,27875.469,27856.844716771564,27856.844716771564,27971.50446296296,15.52023602369821,-0.9999999999999533,SL,9,-6.8859409479810365
2022-11-17 12:00:00,2022-11-17 13:00:00,short,27965.269,27982.999,27992.250426153772,27916.43819540231,22.484521794809854,-0.6571187119225359,TIMEOUT,12,-7.543059659903572
2022-11-17 15:15:00,2022-11-17 15:40:00,long,27890.369,27923.93941666667,27866.90841279899,27923.93941666667,19.550489334172813,1.4309282363244236,VWAP,5,-6.112131423579148
2022-11-17 15:50:00,2022-11-17 18:30:00,short,27970.269,27965.269,27994.587254918995,27923.725143106465,20.265212432494963,0.20560685857827377,TIMEOUT,12,-5.906524565000875
2022-11-17 19:20:00,2022-11-17 19:30:00,short,27995.319,27928.25868701097,28022.36788797349,27928.25868701097,22.540739977909237,2.47922624600136,VWAP,2,-3.4272983189995148
2022-11-17 20:00:00,2022-11-17 21:00:00,short,28035.419,27990.419,28068.750820669517,27929.607853695336,27.776517224595413,1.3500612656648936,TIMEOUT,12,-2.0772370533346214
2022-11-17 23:30:00,2022-11-18 00:30:00,long,27895.419,27890.319,27872.538506753972,27937.34782129279,19.067077705023607,-0.2228972926922132,TIMEOUT,12,-2.3001343460268346
2022-11-18 01:45:00,2022-11-18 02:10:00,long,27867.419,27893.015515151517,27848.49418669559,27893.015515151517,15.770677753678564,1.3525372609908475,VWAP,5,-0.9475970850359872
2022-11-18 04:00:00,2022-11-18 04:05:00,short,27925.519,27942.474403576445,27942.474403576445,27892.037911564636,14.129502980371798,-0.9999999999999287,SL,1,-1.9475970850359159
2022-11-18 04:30:00,2022-11-18 05:30:00,short,27965.269,27960.519,27983.563477709307,27898.62651515152,15.245398091089138,0.2596411920294138,TIMEOUT,12,-1.6879558930065022
2022-11-18 07:05:00,2022-11-18 08:05:00,short,27990.469,28005.824801947776,28005.824801947776,27922.162062015508,12.796501623144826,-1.000000000000081,SL,11,-2.687955893006583
2022-11-18 08:10:00,2022-11-18 09:10:00,short,28010.269,28000.319,28024.54384768419,27930.970836734694,11.895706403490625,0.697030204463873,TIMEOUT,12,-1.99092568854271
2022-11-18 15:05:00,2022-11-18 15:45:00,short,27970.369,27989.19828108453,27989.19828108453,27938.37763720072,15.691067570442925,-0.9999999999999476,SL,8,-2.9909256885426574
2022-11-18 15:50:00,2022-11-20 18:25:00,short,27995.469,27940.125789473663,28012.92104538973,27940.125789473663,14.543371158107162,3.1711589839727607,VWAP,11,0.18023329543010336
2022-11-20 18:30:00,2022-11-20 18:45:00,long,27925.319,27959.68614285714,27905.038197141508,27959.68614285714,16.9006690487429,1.6945652051812305,VWAP,3,1.874798500611334
2022-11-20 20:00:00,2022-11-20 20:30:00,long,27890.469,27860.27489683837,27860.27489683837,27956.404200000004,25.16175263469257,-0.9999999999999561,SL,6,0.8747985006113778
2022-11-21 01:00:00,2022-11-21 01:05:00,short,27944.419,27958.79944828148,27958.79944828148,27905.0431025641,11.983706901230303,-1.0000000000000848,SL,1,-0.12520149938870706
2022-11-21 05:55:00,2022-11-21 06:55:00,short,27964.999,27954.999,27978.773695158347,27940.583259259252,11.478912631954843,0.7259688788060911,TIMEOUT,12,0.600767379417384
2022-11-21 07:25:00,2022-11-21 08:10:00,short,27969.419,27980.090263159193,27980.090263159193,27944.40366666666,8.892719299326725,-0.9999999999998864,SL,9,-0.3992326205825024
2022-11-21 08:15:00,2022-11-21 08:25:00,short,27989.999,28000.33488723844,28000.33488723844,27947.731466666657,8.613239365366445,-1.000000000000171,SL,2,-1.3992326205826733
2022-11-21 09:30:00,2022-11-21 09:50:00,short,27999.999,28011.098834121818,28011.098834121818,27953.82157971013,9.249861768180796,-1.000000000000119,SL,4,-2.3992326205827923
2022-11-21 09:55:00,2022-11-21 10:55:00,short,28059.519,27979.999,28078.219516657107,27956.37413888888,15.583763880922595,4.252288931802264,TIMEOUT,12,1.8530563112194716
2022-11-21 11:15:00,2022-11-21 11:55:00,short,28014.469,28035.195487755045,28035.195487755045,27962.482259803906,17.2720731292041,-0.9999999999999662,SL,8,0.8530563112195053
2022-11-21 19:05:00,2022-11-21 19:25:00,short,28151.319,28176.063990871047,28176.063990871047,27993.733253968232,20.62082572587368,-0.9999999999999741,SL,4,-0.14694368878046882
2022-11-21 22:30:00,2022-11-21 23:30:00,short,28159.319,28139.469,28178.710326684904,28020.16557370516,16.159438904087743,1.0236535293611602,TIMEOUT,12,0.8767098405806913
2022-11-21 23:35:00,2022-11-22 00:35:00,short,28141.369,28126.269,28156.238385252112,28026.036436868664,12.391154376760213,1.0155093666601671,TIMEOUT,12,1.8922192072408586
2022-11-22 01:30:00,2022-11-22 01:55:00,long,28106.369,28090.74143629561,28090.74143629561,28127.10619298246,13.022969753655392,-1.0000000000000522,SL,4,0.8922192072408064
2022-11-22 02:00:00,2022-11-22 02:20:00,long,28086.269,28072.818386567924,28072.818386567924,28120.615527777783,11.208844526729962,-1.0000000000000295,SL,4,-0.10778079275922314
2022-11-22 03:30:00,2022-11-22 03:35:00,long,28079.999,28061.573015981034,28061.573015981034,28108.720825396827,15.354986682472541,-0.9999999999999495,SL,1,-1.1077807927591725
2022-11-22 03:40:00,2022-11-22 04:05:00,long,28059.369,28106.856727272734,28039.791289289766,28106.856727272734,16.31475892519322,2.4256016433993444,VWAP,5,1.3178208506401718
2022-11-22 04:30:00,2022-11-22 04:40:00,short,28144.469,28164.648237858546,28164.648237858546,28105.42177777779,16.816031548787034,-1.0000000000000324,SL,2,0.31782085064013943
2022-11-22 04:45:00,2022-11-22 05:45:00,short,28169.269,28129.269,28189.812965588637,28108.351339181292,17.119971323864814,1.94704375975604,TIMEOUT,12,2.264864610396179
2022-11-22 06:40:00,2022-11-22 07:15:00,long,28094.269,28114.556166666665,28078.25986813831,28114.556166666665,13.340943218075164,1.2672246591467131,VWAP,7,3.532089269542892
2022-11-22 08:20:00,2022-11-22 08:50:00,short,28144.319,28156.18153163769,28156.18153163769,28115.707466666667,9.885443031408368,-0.9999999999999327,SL,6,2.5320892695429595
2022-11-22 08:55:00,2022-11-22 09:00:00,short,28166.999,28179.356550953,28179.356550953,28117.86772274143,10.297959127502606,-0.9999999999999023,SL,1,1.5320892695430572
2022-11-22 10:05:00,2022-11-22 10:15:00,short,28199.269,28218.662830445544,28218.662830445544,28122.79192011019,16.161525371288008,-0.9999999999999251,SL,2,0.5320892695431322
2022-11-22 10:20:00,2022-11-22 10:35:00,short,28234.369,28255.537346023637,28255.537346023637,28125.061876344083,17.640288353031952,-0.9999999999999909,SL,3,-0.4679107304568587
2022-11-23 03:30:00,2022-11-23 03:35:00,long,28344.319,28334.07439150404,28334.07439150404,28369.426286821697,8.537173746631774,-1.00000000000011,SL,1,-1.4679107304569685
2022-11-23 08:45:00,2022-11-23 09:35:00,long,28339.419,28374.44868553458,28326.7532362293,28374.44868553458,10.55480314225353,2.765698632055661,VWAP,10,1.2977879015986926
2022-11-23 11:55:00,2022-11-23 12:55:00,long,28334.999,28315.571273010883,28315.571273010883,28375.801847222217,16.18977249093225,-0.9999999999999237,SL,12,0.2977879015987689
2022-11-23 13:00:00,2022-11-23 14:00:00,long,28299.419,28331.519,28279.828561164893,28373.07156900212,16.32536569592243,1.6385544127002383,TIMEOUT,12,1.936342314299007
2022-11-23 19:00:00,2022-11-23 19:05:00,short,28414.469,28436.27942912845,28436.27942912845,28368.92879266347,18.175357607041267,-1.0000000000000577,SL,1,0.9363423142989493
2022-11-23 19:10:00,2022-11-23 19:15:00,short,28464.319,28489.696829197488,28489.696829197488,28369.638210110577,21.148190997907975,-0.9999999999999623,SL,1,-0.06365768570101293
2022-11-24 00:45:00,2022-11-24 01:00:00,long,28399.469,28387.965953134382,28387.965953134382,28416.563000000002,9.585872388017002,-0.9999999999998496,SL,3,-1.0636576857008624
2022-11-24 01:10:00,2022-11-24 01:15:00,long,28386.319,28372.649368856957,28372.649368856957,28410.339666666663,11.391359285870134,-0.9999999999998677,SL,1,-2.06365768570073
2022-11-24 01:20:00,2022-11-24 02:20:00,long,28364.469,28384.369,28349.785777228702,28405.80939215686,12.236018976081914,1.3552882980769658,TIMEOUT,12,-0.7083693876237642
2022-11-24 03:00:00,2022-11-24 03:20:00,long,28369.369,28357.262617761942,28357.262617761942,28388.589450450443,10.088651865045946,-1.0000000000001161,SL,4,-1.7083693876238804
2022-11-24 07:55:00,2022-11-24 08:10:00,long,28379.519,28371.67239389767,28371.67239389767,28389.37342105263,6.538838418610424,-0.9999999999999176,SL,3,-2.708369387623798
2022-11-24 08:15:00,2022-11-24 08:35:00,long,28359.269,28350.52765241335,28350.52765241335,28388.643915824923,7.2844563222075545,-0.9999999999999665,SL,4,-3.7083693876237644
2022-11-24 08:40:00,2022-11-24 09:20:00,long,28344.999,28334.935931982414,28334.935931982414,28387.276339743596,8.385890014654143,-1.000000000000049,SL,8,-4.708369387623813
2022-11-24 19:05:00,2022-11-24 19:10:00,long,28354.269,28338.461913139967,28338.461913139967,28381.781015968063,13.172572383360087,-1.0000000000000853,SL,1,-5.708369387623899
2022-11-24 19:15:00,2022-11-24 19:20:00,long,28296.419,28276.126052656404,28276.126052656404,28381.128013806705,16.910789452999254,-0.9999999999999415,SL,1,-6.70836938762384
2022-11-24 20:25:00,2022-11-24 21:15:00,long,28334.419,28312.304140454387,28312.304140454387,28377.426905282337,18.429049621346756,-0.9999999999999187,SL,10,-7.708369387623758
2022-11-24 21:20:00,2022-11-24 21:30:00,long,28301.519,28280.09487591966,28280.09487591966,28374.58767697594,17.853436733616014,-0.9999999999999674,SL,2,-8.708369387623726
2022-11-24 21:35:00,2022-11-24 22:35:00,long,28266.319,28269.319,28244.332734473577,28373.203602368863,18.321887938686107,0.13644882057821817,TIMEOUT,12,-8.571920567045508
2022-11-25 01:10:00,2022-11-25 01:15:00,short,28314.369,28327.61385870471,28327.61385870471,28289.105000000003,11.037382253925056,-1.0000000000000764,SL,1,-9.571920567045584
2022-11-25 01:20:00,2022-11-25 02:25:00,short,28329.419,28342.85114857702,28342.85114857702,28293.59096078432,11.193457147517119,-0.9999999999999364,SL,12,-10.57192056704552
2022-11-25 05:05:00,2022-11-25 05:25:00,long,28299.469,28317.2702568306,28285.359259016168,28317.2702568306,11.758117486528755,1.2616288882265931,VWAP,4,-9.310291678818928
2022-11-25 05:35:00,2022-11-25 05:45:00,short,28339.319,28351.909011003125,28351.909011003125,28317.462134328358,10.491675835938981,-0.9999999999998791,SL,2,-10.310291678818807
2022-11-25 05:50:00,2022-11-25 05:55:00,short,28359.999,28373.235324407386,28373.235324407386,28318.828,11.030270339488903,-0.9999999999999362,SL,1,-11.310291678818743
2022-11-25 07:20:00,2022-11-25 07:30:00,short,28369.269,28380.93726888412,28380.93726888412,28327.029454545467,9.723557403435278,-0.9999999999998912,SL,2,-12.310291678818635
2022-11-25 11:20:00,2022-11-25 11:50:00,short,28369.519,28382.85863541457,28382.85863541457,28335.72424509805,11.116362845476026,-0.9999999999998916,SL,6,-13.310291678818526
2022-11-27 18:40:00,2022-11-27 18:50:00,long,28246.419,28229.763964289185,28229.763964289185,28268.064185185187,13.879196425680007,-1.00000000000007,SL,2,-14.310291678818595
2022-11-28 03:20:00,2022-11-28 03:35:00,short,28190.469,28156.231601626016,28206.0085590182,28156.231601626016,12.949632515164474,2.2032413103803106,VWAP,3,-12.107050368438285
2022-11-28 04:30:00,2022-11-28 04:55:00,long,28100.369,28079.37664670018,28079.37664670018,28153.14093939394,17.49362774984958,-0.9999999999999386,SL,5,-13.107050368438223
2022-11-28 05:00:00,2022-11-28 06:00:00,long,28070.519,28115.999,28049.80378917177,28147.282169398906,17.262675690191905,2.1954881549175598,TIMEOUT,12,-10.911562213520664
2022-11-28 06:30:00,2022-11-28 07:00:00,long,28115.369,28138.699464135025,28100.331135873967,28138.699464135025,12.531553438361426,1.5514479941759833,VWAP,6,-9.36011421934468
2022-11-28 08:35:00,2022-11-28 09:30:00,short,28170.469,28182.775421961956,28182.775421961956,28139.681524271837,10.25535163496205,-1.000000000000084,SL,11,-10.360114219344764
2022-11-28 09:35:00,2022-11-28 09:45:00,short,28225.419,28243.141038355097,28243.141038355097,28143.044710144928,14.768365295911842,-1.0000000000000853,SL,2,-11.36011421934485
2022-11-28 10:15:00,2022-11-28 11:15:00,short,28285.419,28250.419,28307.609761405478,28149.970056910566,18.492301171228732,1.57723294665164,TIMEOUT,12,-9.78288127269321
2022-11-28 14:10:00,2022-11-28 14:30:00,long,28137.469,28117.243861368104,28117.243861368104,28172.172549019608,16.85428219324765,-0.9999999999999762,SL,4,-10.782881272693187
2022-11-29 02:05:00,2022-11-29 03:05:00,short,28105.319,28075.269,28123.106641406903,28045.23553846154,14.823034505752352,1.6893751854215937,TIMEOUT,12,-9.093506087271592
2022-11-29 04:30:00,2022-11-29 04:35:00,long,28035.999,28018.00210116554,28018.00210116554,28062.028575757577,14.997415695383795,-0.9999999999999132,SL,1,-10.093506087271505
2022-11-29 04:40:00,2022-11-29 05:40:00,long,28010.519,28030.469,27992.06114335192,28060.472918128657,15.381547206733956,1.0808405537202574,TIMEOUT,12,-9.012665533551248
2022-11-29 06:10:00,2022-11-29 07:10:00,long,28020.269,28050.319,28004.822011211683,28052.34593333333,12.872490656931475,1.9453629708545819,TIMEOUT,12,-7.067302562696666
2022-11-29 08:10:00,2022-11-29 08:15:00,long,28020.319,28008.329520985513,28008.329520985513,28049.455531986532,9.991232512070635,-1.0000000000001266,SL,1,-8.067302562696792
2022-11-29 11:05:00,2022-11-29 11:10:00,long,27977.469,27952.281405145262,27952.281405145262,28040.905641791043,20.989662378948342,-1.000000000000022,SL,1,-9.067302562696813
2022-11-29 11:15:00,2022-11-29 11:20:00,long,27940.269,27912.748451375253,27912.748451375253,28039.588142156863,22.933790520623845,-0.999999999999937,SL,1,-10.067302562696751
2022-11-29 11:25:00,2022-11-29 12:25:00,long,27910.999,27935.999,27882.304914706212,28037.768275362316,23.91173774482375,0.8712596949522496,TIMEOUT,12,-9.196042867744502
2022-11-29 14:30:00,2022-11-29 15:30:00,long,27970.319,27985.319,27950.50632536181,28020.024257142846,16.51056219848992,0.7570911183837985,TIMEOUT,12,-8.438951749360704
2022-11-29 18:05:00,2022-11-29 18:30:00,long,27972.369,27953.699766871385,27953.699766871385,28015.47211447811,15.557694273845675,-0.9999999999999564,SL,5,-9.43895174936066
2022-11-29 18:35:00,2022-11-29 18:50:00,long,27935.419,27919.1348323227,27919.1348323227,28013.89764379085,13.570139731086753,-0.9999999999998905,SL,3,-10.43895174936055
2022-11-29 18:55:00,2022-11-29 19:00:00,long,27910.519,27892.35071790318,27892.35071790318,28012.184849358975,15.140235080684327,-0.9999999999999286,SL,1,-11.438951749360479
2022-11-29 19:15:00,2022-11-29 20:15:00,long,27850.419,27840.469,27821.209568592065,28009.784204402516,24.34119283994786,-0.34064339908023317,TIMEOUT,12,-11.779595148440713
2022-11-29 20:20:00,2022-11-29 21:20:00,long,27830.319,27841.319,27795.6404678836,28002.18677777777,28.898776763666042,0.3171991237425581,TIMEOUT,12,-11.462396024698155
2022-11-29 22:45:00,2022-11-29 23:45:00,long,27894.369,27924.519,27874.08236287076,27986.954971128605,16.905530941034076,1.486199994997872,TIMEOUT,12,-9.976196029700283
2022-11-30 00:55:00,2022-11-30 01:00:00,short,27959.419,27976.216647902012,27976.216647902012,27926.981499999998,13.998039918343508,-0.9999999999999158,SL,1,-10.9761960297002
2022-11-30 01:05:00,2022-11-30 01:15:00,short,27999.419,28019.4546453849,28019.4546453849,27934.104238095235,16.69637115408207,-0.9999999999999803,SL,2,-11.97619602970018
2022-11-30 01:20:00,2022-11-30 02:15:00,short,28039.319,28061.37561111903,28061.37561111903,27949.86782352941,18.3805092658592,-0.9999999999999983,SL,10,-12.976196029700178
2022-11-30 12:10:00,2022-11-30 12:20:00,long,28019.419,28000.62357240318,28000.62357240318,28050.28495402298,15.66285633068417,-1.000000000000067,SL,2,-13.976196029700246
2022-11-30 12:25:00,2022-11-30 13:25:00,long,27961.999,28009.319,27941.115446636217,28049.026545045035,17.40296113648448,2.265897913813241,TIMEOUT,12,-11.710298115887005
2022-11-30 13:40:00,2022-11-30 14:00:00,short,28109.419,28141.001805206386,28141.001805206386,28045.086055214706,26.319004338654157,-0.9999999999999803,SL,4,-12.710298115886985
2022-11-30 14:05:00,2022-11-30 14:20:00,short,28184.269,28222.893062506497,28222.893062506497,28047.33780952379,32.18671875541441,-0.999999999999981,SL,3,-13.710298115886966
2022-11-30 14:25:00,2022-11-30 15:20:00,short,28261.999,28302.55087196085,28302.55087196085,28051.479310077502,33.79322663404292,-1.0000000000000053,SL,11,-14.710298115886971
2022-12-01 00:50:00,2022-12-01 01:00:00,long,28244.519,28227.21508432849,28227.21508432849,28269.186878787878,14.419929726256663,-1.0000000000000846,SL,2,-15.710298115887056
2022-12-01 01:25:00,2022-12-01 02:00:00,long,28229.519,28209.959883285996,28209.959883285996,28258.522148148146,16.299263928337215,-0.9999999999999988,SL,7,-16.710298115887056
2022-12-01 02:05:00,2022-12-01 02:35:00,long,28194.469,28178.248359667905,28178.248359667905,28247.140410256405,13.517200276746305,-1.0000000000000318,SL,6,-17.71029811588709
2022-12-01 03:25:00,2022-12-01 04:25:00,long,28139.999,28179.369,28120.38351170184,28224.797492063495,16.34624024846861,2.0070874301756403,TIMEOUT,12,-15.703210685711447
2022-12-01 09:40:00,2022-12-01 09:50:00,long,28164.469,28202.1764074074,28141.579942470464,28202.1764074074,19.074214607948985,1.6473988655381986,VWAP,2,-14.055811820173249
2022-12-01 10:05:00,2022-12-01 10:15:00,long,28139.419,28108.440701654603,28108.440701654603,28201.348890710375,25.8152486211646,-1.0000000000000413,SL,2,-15.05581182017329
2022-12-02 03:50:00,2022-12-02 04:50:00,long,27685.369,27700.419,27663.536872278786,27741.97410638298,18.193439767676022,0.6893510422889717,TIMEOUT,12,-14.366460777884317
2022-12-02 05:35:00,2022-12-02 06:25:00,long,27695.999,27677.1027355328,27677.1027355328,27728.859049019607,15.746887056000144,-0.9999999999999494,SL,10,-15.366460777884267
2022-12-02 08:10:00,2022-12-02 08:30:00,short,27760.369,27722.326272727267,27775.185579613928,27722.326272727267,12.34714967827443,2.5675782308737034,VWAP,4,-12.798882547010564
2022-12-02 11:35:00,2022-12-02 12:35:00,short,27770.419,27730.519,27805.398546055032,27711.684547619054,29.14962171252513,1.1406666037698259,TIMEOUT,12,-11.658215943240737
2022-12-02 13:05:00,2022-12-02 13:35:00,long,27675.419,27715.474864978903,27649.66272082555,27715.474864978903,21.46356597870963,1.555188337088474,VWAP,6,-10.103027606152263
2022-12-02 14:10:00,2022-12-02 14:55:00,long,27670.369,27714.20299610136,27649.966479299117,27714.20299610136,17.00210058406669,2.148459827293393,VWAP,9,-7.954567778858871
2022-12-02 15:05:00,2022-12-02 15:20:00,short,27760.999,27782.900125294225,27782.900125294225,27713.183395604403,18.250937745189056,-0.9999999999999374,SL,3,-8.954567778858808
2022-12-02 16:15:00,2022-12-04 18:10:00,long,27680.469,27658.72541034181,27658.72541034181,27714.488370748302,18.119658048493143,-1.000000000000007,SL,3,-9.954567778858815
2022-12-04 18:15:00,2022-12-04 18:30:00,long,27627.999,27656.468166666666,27605.85391357175,27656.468166666666,18.454238690207497,1.2855748727333773,VWAP,3,-8.668992906125437
2022-12-04 18:35:00,2022-12-04 18:45:00,short,27727.469,27754.69512800597,27754.69512800597,27654.69483333333,22.6884400049723,-1.0000000000000584,SL,2,-9.668992906125496
2022-12-04 18:50:00,2022-12-04 19:25:00,short,27797.419,27827.52483208058,27827.52483208058,27680.95596969697,25.088193400482844,-0.9999999999999761,SL,7,-10.668992906125473
2022-12-05 01:05:00,2022-12-05 01:15:00,short,27829.469,27848.519259495468,27848.519259495468,27785.65495238095,15.875216246222543,-0.9999999999999916,SL,2,-11.668992906125464
2022-12-05 03:55:00,2022-12-05 04:10:00,short,27862.469,27820.05698611111,27884.931684120627,27820.05698611111,18.7189034338551,1.8881097940537674,VWAP,3,-9.780883112071697
2022-12-05 07:15:00,2022-12-05 07:35:00,long,27797.519,27782.363404338757,27782.363404338757,27821.827143939398,12.629663051035982,-0.9999999999999778,SL,4,-10.780883112071674
2022-12-05 08:10:00,2022-12-05 08:55:00,long,27777.419,27762.531493102597,27762.531493102597,27818.074892255896,12.406255747836628,-1.0000000000000582,SL,9,-11.780883112071733
2022-12-05 10:00:00,2022-12-05 10:50:00,long,27767.369,27814.642608815426,27741.14082304934,27814.642608815426,21.856814125549498,1.802397814547248,VWAP,10,-9.978485297524484
2022-12-05 12:00:00,2022-12-05 12:40:00,long,27767.419,27741.172115682934,27741.172115682934,27813.146747126437,21.872403597556616,-1.000000000000009,SL,8,-10.978485297524493
2022-12-05 13:20:00,2022-12-05 14:00:00,long,27727.319,27705.65813849462,27705.65813849462,27807.405149068323,18.050717921151744,-0.9999999999999513,SL,8,-11.978485297524445
2022-12-05 14:05:00,2022-12-05 14:50:00,long,27649.369,27626.393572638874,27626.393572638874,27802.359568627453,19.146189467605257,-0.9999999999999512,SL,9,-12.978485297524397
2022-12-05 19:35:00,2022-12-05 20:35:00,short,27857.269,27837.419,27893.89029546832,27777.43296604938,30.517746223602636,0.5420343476698818,TIMEOUT,12,-12.436450949854516
2022-12-06 01:55:00,2022-12-06 02:55:00,long,27840.999,27857.269,27824.926478349546,27882.757750000004,13.39376804204491,1.0122867060839187,TIMEOUT,12,-11.424164243770598
2022-12-06 03:35:00,2022-12-06 03:45:00,long,27825.369,27871.85596969698,27805.35570746967,27871.85596969698,16.677743775274223,2.322804687261301,VWAP,2,-9.101359556509298
2022-12-06 05:30:00,2022-12-06 06:30:00,long,27785.519,27790.999,27763.44362357184,27863.151338308468,18.396147023468863,0.24824038755726313,TIMEOUT,12,-8.853119168952034
2022-12-06 23:30:00,2022-12-06 23:40:00,long,27713.519,27697.109766821446,27697.109766821446,27740.294539440205,13.674360982128272,-1.0000000000000127,SL,2,-9.853119168952047
2022-12-07 00:50:00,2022-12-07 01:00:00,long,27688.419,27671.427137164545,27671.427137164545,27713.30021212121,14.159885696215524,-0.9999999999999126,SL,2,-10.85311916895196
2022-12-07 01:05:00,2022-12-07 01:10:00,long,27663.419,27644.665633145225,27644.665633145225,27706.240904761897,15.627805712312638,-1.000000000000081,SL,1,-11.853119168952041
2022-12-07 02:15:00,2022-12-07 03:15:00,long,27628.419,27678.369,27607.383500033564,27688.67344444444,17.52958330536479,2.374557299788101,TIMEOUT,12,-9.47856186916394
2022-12-07 03:45:00,2022-12-07 03:55:00,long,27643.369,27678.291857142856,27619.261499869805,27678.291857142856,20.089583441829063,1.4486303828374276,VWAP,2,-8.029931486326513
2022-12-07 11:30:00,2022-12-07 12:30:00,long,27598.469,27598.469,27556.863895744176,27651.948777777776,34.6709202131864,0.0,TIMEOUT,12,-8.029931486326513
2022-12-07 13:05:00,2022-12-07 13:20:00,long,27600.269,27647.54897835497,27570.22186638891,27647.54897835497,25.039278009240668,1.5735270780545363,VWAP,3,-6.456404408271976
2022-12-07 13:45:00,2022-12-07 14:05:00,long,27603.269,27575.46802451496,27575.46802451496,27646.351489711928,23.167479570865854,-1.0000000000000022,SL,4,-7.456404408271979
2022-12-07 19:20:00,2022-12-07 20:05:00,long,27458.519,27420.469606705345,27420.469606705345,27632.706208931402,31.707827745547704,-0.9999999999999568,SL,9,-8.456404408271936
2022-12-07 20:45:00,2022-12-07 21:45:00,long,27426.319,27498.999,27389.58034494631,27619.698188790542,30.6155458780753,1.978297787270241,TIMEOUT,12,-6.478106621001695
2022-12-08 02:25:00,2022-12-08 02:35:00,short,27596.419,27610.475243700468,27610.475243700468,27553.21444444445,11.713536417054176,-1.0000000000001017,SL,2,-7.478106621001796
2022-12-08 05:50:00,2022-12-08 06:45:00,long,27541.369,27573.79796713616,27525.12664773618,27573.79796713616,13.535293553183129,1.9965683916607593,VWAP,11,-5.481538229341037
2022-12-08 08:20:00,2022-12-08 08:30:00,short,27611.999,27625.29216001371,27625.29216001371,27575.131607260733,11.077633344757961,-0.9999999999999573,SL,2,-6.481538229340995
2022-12-08 08:35:00,2022-12-08 08:40:00,short,27631.999,27647.982265506602,27647.982265506602,27576.36143589744,13.319387922169618,-0.999999999999906,SL,1,-7.4815382293409005
2022-12-08 10:05:00,2022-12-08 10:30:00,short,27706.269,27734.217655283137,27734.217655283137,27585.04599453553,23.290546069280115,-1.0000000000000222,SL,5,-8.481538229340924
2022-12-08 13:05:00,2022-12-08 13:30:00,short,27706.469,27728.864253534408,27728.864253534408,27610.56332489453,18.66271127867352,-0.999999999999943,SL,5,-9.481538229340867
2022-12-08 13:35:00,2022-12-08 13:50:00,short,27741.519,27762.965211627008,27762.965211627008,27614.459914634164,17.87184302250534,-1.0000000000000682,SL,3,-10.481538229340934
2022-12-08 18:55:00,2022-12-08 19:15:00,short,27751.369,27775.26629990337,27775.26629990337,27637.94597115387,19.91441658614239,-1.000000000000055,SL,4,-11.48153822934099
2022-12-08 19:20:00,2022-12-08 19:50:00,short,27863.999,27905.070436761882,27905.070436761882,27641.06730985918,34.22619730156797,-1.0000000000000122,SL,6,-12.481538229341002
2022-12-08 21:20:00,2022-12-08 22:20:00,short,27945.999,27928.519,27977.15474548448,27666.5886061885,25.96312123706759,0.5610522145492065,TIMEOUT,12,-11.920486014791795
2022-12-09 01:30:00,2022-12-09 02:30:00,long,27888.369,27916.44356140351,27873.415736684394,27916.44356140351,12.461052763004927,1.8774872622092746,VWAP,9,-10.04299875258252
2022-12-09 03:05:00,2022-12-09 03:15:00,long,27888.419,27873.30690890857,27873.30690890857,27908.563571428578,12.593409242860885,-0.9999999999999546,SL,2,-11.042998752582474
2022-12-09 03:20:00,2022-12-09 03:30:00,long,27870.369,27854.622542227447,27854.622542227447,27905.895403508777,13.122048143792151,-1.00000000000005,SL,2,-12.042998752582523
2022-12-09 04:05:00,2022-12-09 05:05:00,long,27843.269,27873.369,27827.15878725241,27896.80467375887,13.425177289656698,1.8683800438641016,TIMEOUT,12,-10.174618708718421
2022-12-09 06:05:00,2022-12-09 06:40:00,short,27918.469,27887.861394366195,27933.120388946565,27887.861394366195,12.209490788802574,2.0890582964822593,VWAP,7,-8.085560412236163
2022-12-09 07:15:00,2022-12-09 07:30:00,long,27863.519,27887.82703921568,27852.210185206313,27887.82703921568,9.424012328073122,2.1494771697250545,VWAP,3,-5.936083242511108
2022-12-09 08:30:00,2022-12-09 09:30:00,long,27785.469,27838.519,27760.670783095888,27888.05143333333,20.6651807534279,2.139266714422497,TIMEOUT,12,-3.7968165280886113
2022-12-09 15:40:00,2022-12-09 15:50:00,long,27873.319,27853.08903390287,27853.08903390287,27898.791921146963,16.858305080941747,-0.9999999999999638,SL,2,-4.796816528088575
2022-12-09 15:55:00,2022-12-09 16:15:00,long,27815.519,27792.78960221742,27792.78960221742,27897.987553791896,18.941164818815356,-1.0000000000000395,SL,4,-5.796816528088614
2022-12-12 02:35:00,2022-12-12 03:05:00,long,27824.519,27813.401841096802,27813.401841096802,27841.298777777774,9.264299085997868,-1.0000000000000762,SL,6,-6.796816528088691
2022-12-12 03:10:00,2022-12-12 04:10:00,long,27814.469,27819.419,27802.430408916254,27837.958189189183,10.032159236456236,0.41117768396364923,TIMEOUT,12,-6.385638844125041
2022-12-12 08:05:00,2022-12-12 08:15:00,short,27864.999,27874.68617142573,27874.68617142573,27835.837070175447,8.072642854775243,-0.9999999999998247,SL,2,-7.385638844124866
2022-12-12 08:50:00,2022-12-12 09:50:00,short,27879.269,27869.419,27888.88920163533,27838.931500000006,8.016834696110488,1.023887063221416,TIMEOUT,12,-6.36175178090345
2022-12-12 11:05:00,2022-12-12 11:10:00,short,27899.999,27919.32532712683,27919.32532712683,27845.507320610694,16.105272605691688,-0.9999999999999837,SL,1,-7.361751780903434
2022-12-12 11:55:00,2022-12-12 12:40:00,short,27919.999,27936.93591152265,27936.93591152265,27850.231836879437,14.114092935542041,-1.0000000000000278,SL,9,-8.361751780903463
2022-12-12 13:00:00,2022-12-12 13:40:00,short,27949.319,27964.83778251937,27964.83778251937,27856.763307359317,12.932318766141515,-1.0000000000001148,SL,8,-9.361751780903578
2022-12-12 13:45:00,2022-12-12 14:45:00,short,27969.369,27986.580055776696,27986.580055776696,27861.618959100208,14.342546480580392,-1.0000000000000495,SL,12,-10.361751780903628
2022-12-13 02:05:00,2022-12-13 02:35:00,short,27992.269,27961.192333333336,28004.237686835782,27961.192333333336,9.973905696484088,2.596497601872167,VWAP,6,-7.76525417903146
2022-12-13 04:35:00,2022-12-13 05:35:00,short,28027.419,28029.269,28045.782632123235,27971.046321428566,15.303026769361464,-0.10074259752012325,TIMEOUT,12,-7.865996776551584
2022-12-13 05:40:00,2022-12-13 06:25:00,short,28029.419,28046.76667981543,28046.76667981543,27978.44759903381,14.456399846191447,-0.9999999999999996,SL,9,-8.865996776551583
2022-12-13 14:45:00,2022-12-13 14:55:00,short,28117.999,28051.001247191005,28154.834835419995,28051.001247191005,30.69652951666177,1.8188199628188464,VWAP,2,-7.047176813732737
2022-12-13 15:00:00,2022-12-13 15:35:00,long,27997.369,28051.002388581946,27956.613770255928,28051.002388581946,33.962691453391436,1.3159878847143986,VWAP,7,-5.731188929018338
2022-12-13 20:45:00,2022-12-13 21:45:00,short,28149.269,28139.269,28180.115804660185,28051.019318840572,25.7056705501545,0.3241826863482948,TIMEOUT,12,-5.407006242670043
2022-12-13 22:45:00,2022-12-13 23:45:00,short,28189.469,28174.419,28207.332240216547,28060.924433070857,14.886033513788384,0.8425123223758147,TIMEOUT,12,-4.564493920294228
2022-12-14 01:15:00,2022-12-14 01:30:00,long,28139.469,28124.3315973454,28124.3315973454,28167.673791666668,12.614502212165174,-1.000000000000119,SL,3,-5.564493920294347
2022-12-14 02:00:00,2022-12-14 02:20:00,long,28127.999,28114.787746485537,28114.787746485537,28156.45508695652,11.009377928719505,-0.999999999999927,SL,4,-6.564493920294274
2022-12-14 02:25:00,2022-12-14 03:05:00,long,28112.419,28099.8687977793,28099.8687977793,28149.937095238096,10.458501850583218,-1.0000000000000235,SL,8,-7.564493920294298
2022-12-14 03:40:00,2022-12-14 04:40:00,long,28082.319,28082.469,28065.990878859775,28133.976364341084,13.6067676168539,0.009186605042507123,TIMEOUT,12,-7.555307315251791
2022-12-14 04:50:00,2022-12-14 05:50:00,long,28072.469,28067.999,28056.016009587314,28121.364087719292,13.710825343904865,-0.2716831340614309,TIMEOUT,12,-7.826990449313222
2022-12-14 13:05:00,2022-12-14 13:40:00,short,28137.419,28153.19626855782,28153.19626855782,28104.215346153833,13.14772379817946,-1.0000000000000773,SL,7,-8.8269904493133
2022-12-14 13:45:00,2022-12-14 14:00:00,short,28172.469,28105.958512195113,28190.15220081403,28105.958512195113,14.73600067835724,3.761224481040942,VWAP,3,-5.065765968272357
2022-12-14 14:05:00,2022-12-14 14:10:00,long,28014.269,27978.245042314415,27978.245042314415,28105.980904761902,30.019964737988182,-0.9999999999999947,SL,1,-6.065765968272352
2022-12-14 14:35:00,2022-12-14 15:15:00,long,27902.519,28102.397409961686,27852.393427105148,28102.397409961686,41.7713107457092,3.987553626189432,VWAP,8,-2.07821234208292
2022-12-14 15:30:00,2022-12-14 18:10:00,long,27937.999,27994.519,27868.95613122037,28095.75247747748,57.535723983025285,0.8186218359552795,TIMEOUT,12,-1.2595905061276405
2022-12-14 19:40:00,2022-12-14 20:40:00,short,28159.419,28112.319,28194.023632103555,28083.962785046733,28.837193419627745,1.3610894593260487,TIMEOUT,12,0.10149895319840829
2022-12-14 21:40:00,2022-12-14 22:40:00,long,28050.369,28075.999,28028.140835965554,28086.780582633062,18.523470028702988,1.153041697923685,TIMEOUT,12,1.2545406511220933
2022-12-14 23:05:00,2022-12-14 23:50:00,long,28055.999,28040.175563247576,28040.175563247576,28085.429603674547,13.186197293687627,-0.9999999999999102,SL,9,0.25454065112218316
2022-12-14 23:55:00,2022-12-15 01:00:00,long,28040.269,28027.85581727412,28027.85581727412,28084.136398989907,10.344318938232474,-0.999999999999992,SL,12,-0.7454593488778088
2022-12-15 01:50:00,2022-12-15 02:05:00,long,28012.269,27999.965853142698,27999.965853142698,28035.468841269838,10.252622381084747,-1.0000000000000764,SL,3,-1.7454593488778851
2022-12-15 02:45:00,2022-12-15 03:20:00,long,27960.519,27945.220538832364,27945.220538832364,28022.54722916667,12.748717639697652,-0.9999999999999594,SL,7,-2.7454593488778443
2022-12-15 03:35:00,2022-12-15 04:05:00,long,27920.419,27898.170974185487,27898.170974185487,28006.13534920636,18.540021512095237,-1.0000000000000382,SL,6,-3.7454593488778825
2022-12-15 07:05:00,2022-12-15 07:35:00,long,27925.269,27910.261441109615,27910.261441109615,27967.61900000001,12.506299075321479,-0.9999999999999853,SL,6,-4.745459348877867
2022-12-18 18:35:00,2022-12-18 18:45:00,long,27279.369,27249.497884633707,27249.497884633707,27320.54316666667,24.8925961385758,-1.0000000000000226,SL,2,-5.7454593488778904
2022-12-18 19:20:00,2022-12-18 19:50:00,long,27234.419,27192.44211418682,27192.44211418682,27290.944882352946,34.980738177652086,-1.0000000000000093,SL,6,-6.745459348877899
2022-12-18 20:45:00,2022-12-18 21:45:00,long,27217.419,27197.269,27176.82210010527,27269.622137254904,33.83074991227797,-0.49634331814128035,TIMEOUT,12,-7.241802667019179
2022-12-18 23:10:00,2022-12-19 00:10:00,long,27212.519,27227.269,27192.82353222778,27246.957677248683,16.412889810183394,0.7489032588910874,TIMEOUT,12,-6.492899408128092
2022-12-19 03:00:00,2022-12-19 03:05:00,short,27317.319,27332.562286685272,27332.562286685272,27268.772423423423,12.702738904392179,-1.0000000000001121,SL,1,-7.492899408128204
2022-12-19 03:10:00,2022-12-19 04:10:00,short,27369.269,27347.519,27388.29673188679,27272.820111111112,15.856443238991265,1.143068450270759,TIMEOUT,12,-6.349830957857445
2022-12-19 08:45:00,2022-12-19 09:05:00,long,27292.519,27313.03909433962,27278.470973597443,27313.03909433962,11.706688668797062,1.460710120525195,VWAP,4,-4.88912083733225
2022-12-19 09:35:00,2022-12-19 09:40:00,long,27287.519,27311.99667241379,27270.543265043027,27311.99667241379,14.146445797477512,1.4419212173039793,VWAP,1,-3.447199620028271
2022-12-19 11:35:00,2022-12-19 12:35:00,long,27257.999,27252.999,27231.79556183491,27309.23538095238,21.836198470905458,-0.19081465449301221,TIMEOUT,12,-3.638014274521283
2022-12-19 12:40:00,2022-12-19 13:40:00,long,27252.269,27232.419,27231.281108223688,27305.140677559913,17.48990981359281,-0.9457834170082227,TIMEOUT,12,-4.583797691529506
2022-12-19 13:45:00,2022-12-19 14:00:00,long,27222.319,27200.82161077282,27200.82161077282,27300.841269076307,17.91449102265026,-1.0000000000000309,SL,3,-5.583797691529537
2022-12-19 14:05:00,2022-12-19 14:50:00,long,27182.469,27159.800287543796,27159.800287543796,27298.47984313726,18.89059371350265,-1.0000000000000786,SL,9,-6.583797691529616
2022-12-19 22:05:00,2022-12-19 22:10:00,long,26525.999,26407.8540502104,26407.8540502104,27280.65607317074,98.4541248246653,-1.000000000000007,SL,1,-7.5837976915296235
2022-12-20 19:10:00,2022-12-20 19:15:00,long,26358.999,26316.42938682438,26316.42938682438,26512.735050552918,35.474677646348624,-1.000000000000026,SL,1,-8.58379769152965
2022-12-20 22:30:00,2022-12-20 22:35:00,long,26433.369,26398.45806230322,26398.45806230322,26504.352346613552,29.092448080649138,-1.000000000000001,SL,1,-9.583797691529652
2022-12-20 22:40:00,2022-12-20 23:40:00,long,26380.319,26385.999,26343.29303841451,26503.516114624512,30.854967987906754,0.15340587406179618,TIMEOUT,12,-9.430391817467855
2022-12-21 01:05:00,2022-12-21 01:15:00,long,26343.269,26386.103047619046,26311.79153288946,26386.103047619046,26.231222592117593,1.360784445223099,VWAP,2,-8.069607372244757
2022-12-21 03:10:00,2022-12-21 04:05:00,long,26318.419,26384.760929824562,26290.970597964653,26384.760929824562,22.87366836278896,2.4169687451797306,VWAP,11,-5.652638627065027
2022-12-21 05:50:00,2022-12-21 06:50:00,long,26348.269,26363.369,26327.71192824619,26378.36866666667,17.13089312817659,0.7345404141617857,TIMEOUT,12,-4.918098212903241
2022-12-21 08:20:00,2022-12-21 08:55:00,short,26403.369,26420.002309257037,26420.002309257037,26372.697266666655,13.861091047532364,-0.9999999999999792,SL,7,-5.918098212903221
2022-12-21 09:00:00,2022-12-21 09:05:00,short,26433.469,26451.14831089836,26451.14831089836,26374.79362962962,14.732759081966195,-0.9999999999999405,SL,1,-6.918098212903161
2022-12-21 09:10:00,2022-12-21 10:10:00,short,26438.519,26443.519,26457.395222152158,26375.937212121204,15.730185126797414,-0.2648835111017526,TIMEOUT,12,-7.182981724004914
2022-12-21 10:35:00,2022-12-21 11:05:00,short,26488.469,26515.285372843784,26515.285372843784,26383.945666666656,22.34697736981838,-1.0000000000000362,SL,6,-8.18298172400495
2022-12-21 11:10:00,2022-12-21 12:10:00,short,26538.419,26448.419,26565.533796459993,26389.893452736305,22.595663716659008,3.319220932851159,TIMEOUT,12,-4.863760791153791
2022-12-21 14:00:00,2022-12-21 14:10:00,short,26483.369,26504.291054325182,26504.291054325182,26406.387452380954,17.43504527098516,-1.0000000000000446,SL,2,-5.863760791153835
2022-12-21 14:15:00,2022-12-21 15:15:00,short,26518.469,26503.319,26539.38890719841,26408.12744054581,17.433255998671605,0.7241905930230832,TIMEOUT,12,-5.139570198130752
2022-12-21 21:10:00,2022-12-21 22:10:00,short,26505.369,26485.999,26545.59900830304,26432.73059544159,33.52500691920196,0.48148138210884106,TIMEOUT,12,-4.658088816021911
2022-12-21 22:55:00,2022-12-21 23:55:00,short,26528.269,26518.319,26553.180559798984,26437.626333333334,20.75963316581911,0.3994129665219501,TIMEOUT,12,-4.25867584949996
2022-12-22 01:00:00,2022-12-22 01:15:00,long,26478.999,26511.95874358974,26461.5585956261,26511.95874358974,14.533670311585983,1.889849735311203,VWAP,3,-2.3688261141887574
2022-12-22 04:20:00,2022-12-22 05:00:00,long,26453.519,26431.518678009743,26431.518678009743,26497.220509433966,18.333601658546577,-1.0000000000000668,SL,8,-3.368826114188824
2022-12-22 05:15:00,2022-12-22 06:15:00,long,26398.469,26413.369,26377.790837312372,26487.477125,17.231802239689948,0.7205669200442415,TIMEOUT,12,-2.6482591941445826
2022-12-23 01:00:00,2022-12-23 01:05:00,long,26205.469,26184.88407696475,26184.88407696475,26240.933102564104,17.154102529375006,-1.000000000000026,SL,1,-3.6482591941446083
2022-12-23 05:35:00,2022-12-23 06:35:00,short,26260.519,26240.269,26277.851880424434,26221.16811764705,14.444067020361016,1.1682997576937457,TIMEOUT,12,-2.4799594364508626
2022-12-23 07:20:00,2022-12-23 07:35:00,short,26250.269,26263.817670524906,26263.817670524906,26227.46922471909,11.29055877075528,-0.9999999999999679,SL,3,-3.4799594364508306
2022-12-23 08:05:00,2022-12-23 08:25:00,short,26265.519,26278.58091941652,26278.58091941652,26230.1277755102,10.884932847100355,-0.9999999999999085,SL,4,-4.47995943645074
2022-12-23 09:35:00,2022-12-23 10:00:00,long,26160.999,26231.7387413793,26120.130837173336,26231.7387413793,34.05680235555457,1.7309254071275402,VWAP,5,-2.7490340293231994
2022-12-23 15:55:00,2022-12-26 18:00:00,short,26290.999,26310.780478150038,26310.780478150038,26236.76099652777,16.484565125031715,-1.0000000000000127,SL,5,-3.7490340293232123
2022-12-26 18:50:00,2022-12-26 19:05:00,short,26560.999,26595.090424367383,26595.090424367383,26464.605060606063,28.40952030615405,-0.9999999999999541,SL,3,-4.749034029323166
2022-12-27 00:55:00,2022-12-27 01:00:00,long,26452.319,26439.24774650102,26439.24774650102,26470.00038888889,10.892711249149569,-1.0000000000000233,SL,1,-5.749034029323189
2022-12-27 01:05:00,2022-12-27 02:05:00,long,26429.319,26429.469,26413.27286815649,26465.78876190476,13.371776536256165,0.009348047334046327,TIMEOUT,12,-5.739685981989143
2022-12-27 02:25:00,2022-12-27 03:05:00,long,26422.999,26447.41533333333,26412.083193005637,26447.41533333333,9.096505828636236,2.236786830871829,VWAP,8,-3.502899151117314
2022-12-27 04:00:00,2022-12-27 05:00:00,long,26422.419,26417.369,26405.772049376905,26444.72063265306,13.87245885258158,-0.30335886219281255,TIMEOUT,12,-3.8062580133101265
2022-12-27 06:10:00,2022-12-27 06:40:00,long,26412.519,26399.42110698558,26399.42110698558,26438.20873333333,10.914910845350247,-0.9999999999999194,SL,6,-4.806258013310046
2022-12-27 07:15:00,2022-12-27 07:30:00,long,26387.519,26374.094803216754,26374.094803216754,26433.030363636368,11.186830652705838,-0.9999999999999147,SL,3,-5.806258013309961
2022-12-27 07:35:00,2022-12-27 08:35:00,long,26367.469,26372.369,26353.39842491862,26430.652804347832,11.725479234483696,0.3482444727139815,TIMEOUT,12,-5.45801354059598
2022-12-27 18:50:00,2022-12-27 18:55:00,long,26294.469,26274.006406605004,26274.006406605004,26360.26785113269,17.05216116249891,-0.9999999999999363,SL,1,-6.458013540595916
2022-12-27 20:05:00,2022-12-27 20:15:00,long,26237.369,26205.108409354078,26205.108409354078,26354.16726546003,26.883825538268137,-0.9999999999999819,SL,2,-7.458013540595898
2022-12-27 21:40:00,2022-12-27 22:40:00,long,26267.419,26285.999,26243.719104013544,26347.598236111113,19.749913322047185,0.7839696853781851,TIMEOUT,12,-6.674043855217713
2022-12-28 02:30:00,2022-12-28 02:35:00,short,26335.419,26350.327652304295,26350.327652304295,26308.536011494245,12.423876920244773,-0.9999999999999751,SL,1,-7.674043855217688
2022-12-28 03:05:00,2022-12-28 04:05:00,short,26360.269,26325.269,26376.23025333034,26315.70899999999,13.30104444195199,2.1928102559129803,TIMEOUT,12,-5.481233599304708
2022-12-28 05:55:00,2022-12-28 06:55:00,short,26355.519,26365.519,26372.032321829913,26327.698285714283,13.761101524925792,-0.6055716774008956,TIMEOUT,12,-6.086805276705603
2022-12-28 09:25:00,2022-12-28 09:35:00,long,26315.369,26302.752057676207,26302.752057676207,26338.131083333315,10.514118603159202,-1.0000000000000435,SL,2,-7.086805276705647
2022-12-28 10:25:00,2022-12-28 10:30:00,long,26290.369,26261.58038748214,26261.58038748214,26336.773274193532,23.990510431548703,-1.0000000000000295,SL,1,-8.086805276705677
2022-12-28 10:50:00,2022-12-28 11:00:00,long,26255.999,26227.326409569687,26227.326409569687,26334.0324108527,23.893825358594903,-0.999999999999969,SL,2,-9.086805276705647
2022-12-28 11:15:00,2022-12-28 11:50:00,long,26200.269,26170.05708591167,26170.05708591167,26329.9404925373,25.176595073609217,-0.9999999999999534,SL,7,-10.0868052767056
2022-12-29 06:00:00,2022-12-29 06:05:00,short,26097.419,26111.524810437015,26111.524810437015,26049.234324074074,11.754842030842912,-1.0000000000001161,SL,1,-11.086805276705716
2022-12-29 06:10:00,2022-12-29 07:10:00,short,26112.469,26117.319,26126.605295733956,26050.84228828829,11.780246444961533,-0.3430884647064488,TIMEOUT,12,-11.429893741412165
2022-12-29 08:20:00,2022-12-29 08:40:00,short,26107.469,26118.887690623567,26118.887690623567,26064.38353333334,9.515575519639256,-0.9999999999999348,SL,4,-12.4298937414121
2023-01-02 23:55:00,2023-01-03 00:40:00,long,25694.519,25750.610574074075,25671.959064281018,25750.610574074075,18.79994643248467,2.486335722440916,VWAP,9,-9.943558018971183
2023-01-03 00:45:00,2023-01-03 01:45:00,short,25767.269,25737.519,25789.31012170435,25726.257666666672,18.36760142029252,1.3497498175933218,TIMEOUT,12,-8.593808201377861
2023-01-03 03:00:00,2023-01-03 03:20:00,short,25857.419,25882.667417819142,25882.667417819142,25756.582243243247,21.04034818261717,-1.0000000000000056,SL,4,-9.593808201377866
2023-01-03 03:30:00,2023-01-03 04:05:00,short,25912.519,25940.327403300973,25940.327403300973,25772.8601627907,23.173669417476642,-1.0000000000000266,SL,7,-10.593808201377893
2023-01-03 08:55:00,2023-01-03 09:10:00,short,25889.469,25911.031757734112,25911.031757734112,25848.62761111111,17.968964778425647,-1.0000000000000138,SL,3,-11.593808201377907
2023-01-03 10:20:00,2023-01-03 10:45:00,long,25797.269,25852.683133333336,25761.07286234629,25852.683133333336,30.163448044760027,1.5309405070640898,VWAP,5,-10.062867694313818
2023-01-03 12:30:00,2023-01-03 12:50:00,long,25772.369,25739.505614975362,25739.505614975362,25846.465048565122,27.386154187197384,-1.0000000000000029,SL,4,-11.062867694313821
2023-01-03 14:25:00,2023-01-03 14:45:00,long,25752.419,25836.15032183908,25721.77371858012,25836.15032183908,25.537734516569053,2.7322745283961347,VWAP,4,-8.330593165917687
2023-01-03 18:35:00,2023-01-03 18:45:00,long,25767.269,25740.63797327602,25740.63797327602,25832.28445155994,22.19252226998327,-0.9999999999999548,SL,2,-9.330593165917643
2023-01-03 19:10:00,2023-01-03 20:10:00,long,25679.419,25714.369,25634.743573082545,25830.0493968254,37.22952243121443,0.7823092561503889,TIMEOUT,12,-8.548283909767253
2023-01-03 20:55:00,2023-01-03 21:55:00,long,25714.519,25714.369,25670.77630124154,25821.571308802308,36.45224896538127,-0.0034291437030380552,TIMEOUT,12,-8.55171305347029
2023-01-04 00:35:00,2023-01-04 01:00:00,long,25724.319,25710.05893388437,25710.05893388437,25748.282333333333,11.883388429691626,-0.9999999999998935,SL,5,-9.551713053470184
2023-01-04 01:05:00,2023-01-04 01:15:00,long,25682.269,25664.182718717922,25664.182718717922,25735.761857142854,15.07190106839668,-1.0000000000001006,SL,2,-10.551713053470285
2023-01-04 01:20:00,2023-01-04 01:40:00,long,25654.319,25632.52858018341,25632.52858018341,25723.23331372549,18.158683180491188,-0.9999999999999731,SL,3,-11.551713053470259
2023-01-04 02:05:00,2023-01-04 03:05:00,long,25627.369,25669.469,25608.02963285022,25696.533666666666,16.116139291483208,2.176906807443357,TIMEOUT,12,-9.374806246026901
2023-01-04 03:45:00,2023-01-04 04:10:00,short,25717.999,25685.889518518514,25736.41445805342,25685.889518518514,15.34621504451567,1.7436156835384782,VWAP,5,-7.631190562488423
2023-01-04 05:40:00,2023-01-04 06:35:00,long,25659.469,25684.45605882353,25643.289921133084,25684.45605882353,13.48256572243075,1.5444055269810064,VWAP,11,-6.0867850355074165
2023-01-04 08:15:00,2023-01-04 08:25:00,short,25722.369,25737.937903304402,25737.937903304402,25685.325767676768,12.974086087004311,-0.9999999999999021,SL,2,-7.086785035507319
2023-01-04 09:40:00,2023-01-04 10:00:00,short,25772.519,25691.962936781616,25793.100172359504,25691.962936781616,17.150976966254344,3.9140658175956724,VWAP,4,-3.1727192179116463
2023-01-04 11:00:00,2023-01-04 11:15:00,short,25812.469,25849.866594227722,25849.866594227722,25698.163722222227,31.16466185643532,-0.9999999999999666,SL,3,-4.172719217911613
2023-01-04 11:35:00,2023-01-04 12:35:00,short,25902.469,25892.469,25938.001913327626,25705.591230215832,29.610761106354882,0.2814292176888653,TIMEOUT,12,-3.8912900002227477
2023-01-04 16:05:00,2023-01-04 18:45:00,short,25872.469,25907.652901029243,25907.652901029243,25753.82238514681,29.319917524369405,-0.9999999999999749,SL,12,-4.891290000222723
2023-01-04 23:30:00,2023-01-05 00:30:00,short,25817.419,25810.999,25841.90904700102,25775.6922951654,20.40837250084789,0.26214731232386634,TIMEOUT,12,-4.629142687898857
2023-01-05 01:05:00,2023-01-05 01:10:00,long,25790.319,25814.686857142857,25771.115244597037,25814.686857142857,16.00312950246971,1.2689110349268786,VWAP,1,-3.3602316529719785
2023-01-05 01:35:00,2023-01-05 02:00:00,long,25785.269,25766.58808624903,25766.58808624903,25810.751666666667,15.567428125808217,-1.0000000000000033,SL,5,-4.360231652971982
2023-01-05 02:05:00,2023-01-05 02:50:00,long,25755.999,25737.463870715354,25737.463870715354,25803.460025641023,15.445941070539359,-0.9999999999999469,SL,9,-5.360231652971929
2023-01-05 02:55:00,2023-01-05 03:30:00,long,25735.469,25792.63622222222,25716.740406175577,25792.63622222222,15.607161520353548,3.0524033335415717,VWAP,7,-2.307828319430357
2023-01-05 05:25:00,2023-01-05 06:25:00,short,25825.419,25815.469,25843.121029556012,25787.805767676768,14.75169129667614,0.5620824419323062,TIMEOUT,12,-1.745745877498051
2023-01-05 09:05:00,2023-01-05 09:40:00,long,25750.369,25727.338525735293,25727.338525735293,25797.88118181818,19.19206188725357,-1.000000000000068,SL,7,-2.745745877498119
2023-01-05 11:25:00,2023-01-05 12:25:00,long,25740.319,25735.319,25708.819267865725,25791.953565217387,26.24977677856288,-0.15873150853112827,TIMEOUT,12,-2.904477386029247
2023-01-05 13:15:00,2023-01-05 13:30:00,long,25705.319,25784.72064583333,25681.92770107022,25784.72064583333,19.4927491081485,3.394494938981339,VWAP,3,0.4900175529520916
2023-01-05 15:10:00,2023-01-05 15:30:00,long,25740.419,25716.313815178964,25716.313815178964,25782.625083788706,20.08765401753027,-1.0000000000000389,SL,4,-0.5099824470479473
2023-01-05 19:55:00,2023-01-05 20:10:00,short,25827.419,25855.98888974439,25855.98888974439,25777.670339421606,23.80824145365525,-1.0000000000000309,SL,3,-1.5099824470479781
2023-01-05 20:15:00,2023-01-05 20:35:00,short,25880.269,25909.179639030335,25909.179639030335,25778.98300597907,24.09219919194713,-0.9999999999999464,SL,4,-2.5099824470479244
2023-01-05 20:40:00,2023-01-05 21:20:00,short,25935.419,25964.037745822967,25964.037745822967,25781.564467836248,23.848954852471298,-0.9999999999999853,SL,8,-3.5099824470479097
2023-01-06 03:10:00,2023-01-06 03:35:00,long,25910.419,25940.80951282051,25891.950189979725,25940.80951282051,15.39067501689592,1.6455046528252273,VWAP,5,-1.8644777942226824
2023-01-06 04:35:00,2023-01-06 04:55:00,long,25910.419,25939.323880952383,25891.964234183164,25939.323880952383,15.378971514031088,1.566255634954172,VWAP,4,-0.29822215926851037
2023-01-06 07:35:00,2023-01-06 08:10:00,short,25960.319,25937.29083150185,25972.12337001283,25937.29083150185,9.836975010691948,1.950817237439993,VWAP,7,1.6525950781714827
2023-01-06 08:20:00,2023-01-06 08:30:00,long,25920.469,25937.83363333335,25908.578289643865,25937.83363333335,9.908925296780962,1.46035289846133,VWAP,2,3.112947976632813
2023-01-06 08:45:00,2023-01-06 08:55:00,short,26050.999,26090.544015499978,26090.544015499978,25940.446619047638,32.95417958331643,-0.9999999999999574,SL,2,2.1129479766328556
2023-01-09 02:05:00,2023-01-09 02:30:00,long,26207.519,26230.46436231884,26192.282455898137,26230.46436231884,12.69712008488577,1.505942697073469,VWAP,5,3.618890673706325
2023-01-09 03:00:00,2023-01-09 03:55:00,long,26205.369,26190.059360575528,26190.059360575528,26226.56498039215,12.758032853725103,-1.000000000000073,SL,11,2.618890673706252
2023-01-09 05:30:00,2023-01-09 06:30:00,short,26275.419,26245.369,26291.73465774788,26225.54077083334,13.596381456563003,1.8417890632644338,TIMEOUT,12,4.460679736970686
2023-01-09 09:25:00,2023-01-09 09:35:00,short,26270.269,26286.892511726703,26286.892511726703,26237.04353453454,13.852926438917883,-1.0000000000000577,SL,2,3.4606797369706284
2023-01-09 09:50:00,2023-01-09 09:55:00,short,26310.419,26333.954395541186,26333.954395541186,26238.89825287357,19.61282961765412,-0.9999999999999896,SL,1,2.460679736970639
2023-01-09 10:00:00,2023-01-09 10:20:00,short,26357.999,26382.893417583982,26382.893417583982,26240.627587570627,20.74534798665062,-1.0000000000000677,SL,4,1.4606797369705713
2023-01-09 21:30:00,2023-01-09 21:35:00,long,26185.419,26154.790412536302,26154.790412536302,26271.62802542373,25.523822886417143,-0.9999999999999704,SL,1,0.46067973697060094
2023-01-09 21:40:00,2023-01-09 22:40:00,long,26125.319,26160.419,26091.51949346242,26270.494490196084,28.166255447982024,1.0384766996813357,TIMEOUT,12,1.4991564366519365
2023-01-10 04:05:00,2023-01-10 04:40:00,long,26153.269,26179.189476190477,26133.38392759023,26179.189476190477,16.57089367480873,1.303514297375184,VWAP,7,2.802670734027121
2023-01-10 06:15:00,2023-01-10 07:15:00,long,26143.269,26140.419,26127.08940762479,26177.423533333327,13.482993646008499,-0.17614782461177542,TIMEOUT,12,2.6265229094153453
2023-01-10 10:35:00,2023-01-10 10:55:00,long,26120.269,26164.785745406825,26086.898100563325,26164.785745406825,27.809082863897334,1.333998967912092,VWAP,4,3.9605218773274373
2023-01-10 13:35:00,2023-01-10 14:20:00,short,26273.369,26296.328174130576,26296.328174130576,26174.840738241302,19.132645108814657,-1.0000000000000002,SL,9,2.9605218773274373
2023-01-10 15:50:00,2023-01-10 18:30:00,short,26283.319,26300.296226268503,26300.296226268503,26189.34135087719,14.147688557085,-1.0000000000001017,SL,12,1.9605218773273356
2023-01-10 18:40:00,2023-01-10 18:45:00,short,26308.419,26322.347990465973,26322.347990465973,26196.50123856209,11.60749205497493,-1.0000000000000675,SL,1,0.9605218773272681
2023-01-10 18:50:00,2023-01-10 19:05:00,short,26353.369,26371.586262187495,26371.586262187495,26197.84689644013,15.181051822911964,-1.0000000000000953,SL,3,-0.03947812267282713
2023-01-11 04:05:00,2023-01-11 04:20:00,short,26452.269,26468.4755934624,26468.4755934624,26413.541800000003,13.505494552000847,-0.9999999999999764,SL,3,-1.0394781226728034
2023-01-11 06:35:00,2023-01-11 06:45:00,short,26460.369,26472.15930490347,26472.15930490347,26428.31891666667,9.825254086227632,-0.9999999999999131,SL,2,-2.0394781226727163
2023-01-11 08:00:00,2023-01-11 08:15:00,short,26470.269,26481.664154257618,26481.664154257618,26433.472505154634,9.49596188134769,-1.000000000000053,SL,3,-3.0394781226727696
2023-01-11 08:20:00,2023-01-11 08:45:00,short,26485.469,26497.158094147017,26497.158094147017,26435.30368646864,9.740911789180966,-0.9999999999998637,SL,5,-4.039478122672634
2023-01-11 13:10:00,2023-01-11 14:10:00,short,26505.369,26475.269,26520.678130956505,26454.453842767296,12.757609130422761,1.9661468757117277,TIMEOUT,12,-2.073331246960906
2023-01-11 14:35:00,2023-01-11 14:55:00,short,26500.469,26515.788216275883,26515.788216275883,26457.144643939388,12.76601356323573,-0.999999999999966,SL,4,-3.073331246960872
2023-01-11 15:05:00,2023-01-11 15:20:00,short,26520.519,26534.155959021296,26534.155959021296,26458.888175824166,11.364132517747228,-0.9999999999999657,SL,3,-4.073331246960837
2023-01-11 15:55:00,2023-01-11 18:35:00,short,26555.999,26505.319,26570.85804147568,26462.59160416666,12.382534563066873,3.410717984935173,TIMEOUT,12,-0.6626132620256642
2023-01-11 23:45:00,2023-01-11 23:55:00,long,26440.369,26462.41581761004,26426.59453858513,26462.41581761004,11.478717845724114,1.6005575060990567,VWAP,2,0.9379442440733925
2023-01-12 01:05:00,2023-01-12 01:15:00,long,26425.999,26411.288360071452,26411.288360071452,26452.164128205135,12.258866607122897,-1.0000000000000089,SL,2,-0.062055755926616385
2023-01-12 01:20:00,2023-01-12 02:05:00,long,26400.369,26384.327265334174,26384.327265334174,26444.01358333334,13.368112221519544,-1.0000000000001004,SL,8,-1.0620557559267167
2023-01-13 00:35:00,2023-01-13 00:40:00,long,26112.519,26094.7695682828,26094.7695682828,26148.606083333336,14.791193097665207,-1.00000000000002,SL,1,-2.0620557559267367
2023-01-15 22:30:00,2023-01-15 22:35:00,long,25810.419,25788.48035820299,25788.48035820299,25843.312030303026,18.282201497509384,-1.0000000000000646,SL,1,-3.062055755926801
2023-01-15 22:40:00,2023-01-15 23:40:00,long,25780.999,25802.999,25757.972518042374,25841.459233918125,19.188734964689118,0.9554216766800998,TIMEOUT,12,-2.1066340792467013
2023-01-16 05:25:00,2023-01-16 05:45:00,short,25865.369,25882.852747406083,25882.852747406083,25832.803358974365,14.569789505071348,-0.9999999999999161,SL,4,-3.1066340792466174
2023-01-16 07:35:00,2023-01-16 08:10:00,short,25865.519,25877.105879597722,25877.105879597722,25841.498816849817,9.655732998100403,-1.0000000000001434,SL,6,-4.106634079246761
2023-01-16 08:20:00,2023-01-16 08:55:00,short,25885.469,25895.41802841804,25895.41802841804,25844.17987542087,8.290857015031268,-1.000000000000172,SL,7,-5.106634079246933
2023-01-16 09:10:00,2023-01-16 10:15:00,short,25905.999,25880.519,25915.48902517309,25848.299458715584,7.908354310909828,2.684924384842104,TIMEOUT,12,-2.421709694404829
2023-01-16 10:35:00,2023-01-16 11:10:00,short,25895.319,25905.166911534816,25905.166911534816,25853.39294666666,8.206592945681741,-0.9999999999998259,SL,7,-3.421709694404655
2023-01-16 18:40:00,2023-01-16 18:45:00,short,25920.319,25934.750376828713,25934.750376828713,25861.769864197526,12.026147357260937,-1.0000000000000495,SL,1,-4.421709694404704
2023-01-16 19:10:00,2023-01-16 19:15:00,short,26025.469,26056.789936746067,26056.789936746067,25864.071380952373,26.100780621721547,-1.0,SL,1,-5.421709694404704
2023-01-16 19:20:00,2023-01-16 19:45:00,short,26065.469,26099.034603622884,26099.034603622884,25866.351450980383,27.971336352402663,-0.9999999999999918,SL,5,-6.421709694404696
2023-01-17 19:00:00,2023-01-17 19:05:00,short,26279.269,26302.07582037121,26302.07582037121,26216.916149758432,19.005683642674324,-1.0000000000000377,SL,1,-7.4217096944047345
2023-01-17 20:00:00,2023-01-17 20:15:00,short,26284.999,26313.443163633874,26313.443163633874,26219.082713850814,23.70346969489422,-1.0000000000000424,SL,3,-8.421709694404777
2023-01-17 20:20:00,2023-01-17 21:20:00,short,26329.369,26299.519,26358.014506495914,26220.676264573965,23.871255413262254,1.0420482529871,TIMEOUT,12,-7.379661441417677
2023-01-17 21:40:00,2023-01-17 21:45:00,short,26711.319,26788.437084477217,26788.437084477217,26227.559251046005,64.26507039768083,-1.0000000000000007,SL,1,-8.379661441417678
2023-01-18 05:35:00,2023-01-18 06:35:00,long,26654.419,26691.269,26630.566386091326,26730.934735294126,19.877178257228508,1.544904057102007,TIMEOUT,12,-6.834757384315671
2023-01-18 06:55:00,2023-01-18 07:40:00,long,26669.519,26721.434476190472,26648.92400626062,26721.434476190472,17.162494782818122,2.520781353344099,VWAP,8,-4.313976030971572
2023-01-18 09:25:00,2023-01-18 09:50:00,long,26659.319,26630.217188615363,26630.217188615363,26718.148764011796,24.251509487196884,-1.0000000000000142,SL,5,-5.313976030971586
2023-01-18 09:55:00,2023-01-18 10:20:00,long,26634.419,26603.40639495187,26603.40639495187,26714.79513445378,25.84383754010732,-1.0000000000000506,SL,5,-6.313976030971637
2023-01-18 11:30:00,2023-01-18 11:55:00,long,26574.369,26537.69905635316,26537.69905635316,26703.432405797103,30.55828637236571,-0.9999999999999509,SL,5,-7.313976030971588
2023-01-18 12:20:00,2023-01-18 13:05:00,long,26539.469,26508.702025915973,26508.702025915973,26693.606612612617,25.639145070024014,-0.9999999999999843,SL,9,-8.313976030971572
2023-01-19 11:35:00,2023-01-19 12:15:00,long,26301.469,26347.097285714288,26271.83577428018,26347.097285714288,24.69435476651522,1.5397677642556267,VWAP,8,-6.774208266715945
2023-01-19 12:35:00,2023-01-19 13:00:00,long,26311.519,26344.912596491224,26285.883268734295,26344.912596491224,21.363109388087153,1.3026192288065255,VWAP,5,-5.471589037909419
2023-01-19 14:15:00,2023-01-19 14:35:00,short,26396.999,26425.089138735097,26425.089138735097,26346.31431007751,23.408448945913833,-1.0000000000000087,SL,4,-6.471589037909428
2023-01-19 19:00:00,2023-01-19 19:05:00,long,26303.469,26351.795491228066,26280.38434734751,26351.795491228066,19.237210543741117,2.093446756837097,VWAP,1,-4.378142281072331
2023-01-19 21:00:00,2023-01-19 22:00:00,short,26444.419,26404.469,26474.812801233176,26355.795366237475,25.32816769431264,1.3144127545453204,TIMEOUT,12,-3.063729526527011
2023-01-19 22:40:00,2023-01-19 22:45:00,short,26441.269,26461.924934836123,26461.924934836123,26360.800343873514,17.213279030103497,-0.9999999999999164,SL,1,-4.063729526526927
2023-01-19 22:50:00,2023-01-19 23:35:00,short,26474.419,26497.40355605768,26497.40355605768,26361.63120915032,19.15379671473215,-1.0000000000000437,SL,9,-5.063729526526971
2023-01-22 21:45:00,2023-01-22 22:35:00,long,26841.269,26867.264289855077,26821.74560454968,26867.264289855077,16.269496208599076,1.3314943049341248,VWAP,10,-3.732235221592846
2023-01-22 23:25:00,2023-01-23 00:25:00,short,26906.369,26893.469,26922.441403322253,26867.507585858588,13.393669435211216,0.8026179869526291,TIMEOUT,12,-2.929617234640217
2023-01-23 03:05:00,2023-01-23 03:10:00,short,26986.519,27005.40757123076,27005.40757123076,26922.70794736842,15.740476025634013,-0.999999999999964,SL,1,-3.929617234640181
2023-01-23 05:50:00,2023-01-23 06:50:00,short,26961.519,26951.319,26977.81498360991,26932.78214553991,13.579986341591614,0.6259211008163932,TIMEOUT,12,-3.303696133823788
2023-01-23 07:05:00,2023-01-23 07:35:00,short,26976.269,26991.18648006454,26991.18648006454,26937.204038759697,12.431233387117436,-1.0000000000000355,SL,6,-4.3036961338238235
2023-01-24 15:45:00,2023-01-24 15:55:00,long,27178.319,27204.472511586464,27157.571892191754,27204.472511586464,17.28925650687225,1.260585900848733,VWAP,2,-3.0431102329750903
2023-01-24 16:10:00,2023-01-24 18:05:00,short,27256.419,27204.883965277793,27282.307515052227,27204.883965277793,21.573762543520214,1.9906524039037397,VWAP,3,-1.0524578290713507
2023-01-24 18:30:00,2023-01-24 19:00:00,long,27161.419,27204.802633333347,27137.015382500853,27204.802633333347,20.336347915957422,1.7777541929944887,VWAP,6,0.725296363923138
2023-01-24 19:05:00,2023-01-24 20:00:00,short,27291.319,27326.032898845395,27326.032898845395,27204.149177133662,28.92824903783088,-0.9999999999999496,SL,11,-0.2747036360768116
2023-01-25 03:15:00,2023-01-25 03:30:00,long,27316.519,27294.546057597647,27294.546057597647,27385.949583333335,18.310785335296018,-0.9999999999999223,SL,3,-1.2747036360767339
2023-01-25 04:05:00,2023-01-25 04:35:00,long,27296.269,27274.265300503124,27274.265300503124,27370.94153333334,18.336416247396503,-1.0000000000000056,SL,6,-2.2747036360767394
2023-01-25 04:40:00,2023-01-25 04:45:00,long,27281.269,27262.504048475283,27262.504048475283,27360.561982456144,15.637459603931175,-1.0000000000000109,SL,1,-3.27470363607675
2023-01-25 04:50:00,2023-01-25 04:55:00,long,27253.419,27233.983404042465,27233.983404042465,27357.2758361582,16.196329964614126,-0.9999999999999954,SL,1,-4.274703636076746
2023-01-25 23:20:00,2023-01-26 00:05:00,long,27288.269,27326.287212005085,27269.787576639075,27326.287212005085,15.401186134103444,2.0571041127420986,VWAP,9,-2.217599523334647
2023-01-26 01:05:00,2023-01-26 02:05:00,short,27393.469,27388.469,27414.51628182955,27341.22661904762,17.53940152462306,0.23756036720051157,TIMEOUT,12,-1.9800391561341355
2023-01-26 03:20:00,2023-01-26 04:20:00,short,27443.999,27443.369,27463.92797478585,27376.199325203255,16.60747898820845,0.03161226338889885,TIMEOUT,12,-1.9484268927452366
2023-01-26 05:40:00,2023-01-26 06:40:00,short,27423.319,27403.519,27442.219519871225,27391.15677777778,15.750433226020675,1.0475902321683692,TIMEOUT,12,-0.9008366605768674
2023-01-26 07:05:00,2023-01-26 07:45:00,short,27418.419,27432.173096881485,27432.173096881485,27395.376286821698,11.461747401235282,-1.0000000000000362,SL,8,-1.9008366605769036
2023-01-26 07:50:00,2023-01-26 08:00:00,short,27438.319,27453.35393406492,27453.35393406492,27397.33247368421,12.529111720765302,-1.000000000000047,SL,2,-2.9008366605769504
2023-01-26 08:40:00,2023-01-26 09:20:00,short,27478.269,27499.803002964672,27499.803002964672,27401.73401587302,17.945002470559086,-1.0000000000000628,SL,8,-3.9008366605770135
2023-01-26 14:40:00,2023-01-26 15:20:00,short,27468.369,27488.560090670093,27488.560090670093,27414.402879472695,16.825908891745996,-0.999999999999947,SL,8,-4.90083666057696
2023-01-26 18:50:00,2023-01-26 19:00:00,long,27390.369,27423.423122383258,27366.80145123801,27423.423122383258,19.63962396832347,1.4025269542062613,VWAP,2,-3.4983097063706987
2023-01-26 19:55:00,2023-01-26 20:05:00,long,27380.319,27347.786127349766,27347.786127349766,27422.366757575764,27.110727208528107,-1.0000000000000058,SL,2,-4.498309706370705
2023-01-26 20:10:00,2023-01-26 21:10:00,long,27340.519,27390.319,27306.792607429823,27421.545128550082,28.10532714181323,1.476588398725965,TIMEOUT,12,-3.0217213076447402
2023-01-26 22:10:00,2023-01-26 22:40:00,long,27388.369,27370.099374957557,27370.099374957557,27416.917164642382,15.22468753536659,-1.000000000000086,SL,6,-4.021721307644826
2023-01-26 23:50:00,2023-01-27 00:50:00,long,27363.269,27383.469,27348.00351332961,27413.94733957554,12.721238891989762,1.323246381603089,TIMEOUT,12,-2.6984749260417376
2023-01-27 03:05:00,2023-01-27 03:40:00,long,27328.469,27382.22189473684,27312.154063503567,27382.22189473684,13.595780413694435,3.2947045027474355,VWAP,7,0.596229576705698
2023-01-27 04:25:00,2023-01-27 04:50:00,long,27338.269,27372.914987654316,27321.42592582526,27372.914987654316,14.035895145615383,2.056987180302186,VWAP,5,2.653216757007884
2023-01-27 06:10:00,2023-01-27 07:10:00,short,27393.519,27388.519,27406.778061612487,27370.57562162162,11.049218010407358,0.37710059324940876,TIMEOUT,12,3.0303173502572927
2023-01-27 08:10:00,2023-01-27 08:30:00,long,27353.999,27339.502875843446,27339.502875843446,27374.323625850346,12.08010346379439,-1.0000000000000704,SL,4,2.0303173502572225
2023-01-27 09:00:00,2023-01-27 09:40:00,long,27313.319,27371.562580246922,27292.4107986358,27371.562580246922,17.42350113683278,2.7856810460344943,VWAP,8,4.815998396291716
2023-01-27 10:55:00,2023-01-27 11:25:00,long,27313.419,27371.749992366418,27281.322465041976,27371.749992366418,26.747112465022653,1.81736104668919,VWAP,6,6.633359442980907
2023-01-27 11:45:00,2023-01-27 12:45:00,short,27423.269,27430.519,27454.023803039818,27371.64942553192,25.62900253317992,-0.23573553667744113,TIMEOUT,12,6.3976239063034654
2023-01-29 18:30:00,2023-01-29 18:35:00,long,27402.519,27382.011644787097,27382.011644787097,27436.637095238093,17.08946267741923,-1.0000000000000133,SL,1,5.397623906303452
2023-01-29 18:40:00,2023-01-29 19:05:00,long,27372.519,27351.495800862343,27351.495800862343,27424.38603703704,17.519332614713434,-1.000000000000031,SL,5,4.397623906303421
2023-01-29 23:00:00,2023-01-30 00:00:00,long,27343.519,27368.319,27318.377636207948,27422.81359016394,20.951136493376595,0.986422224550899,TIMEOUT,12,5.38404613085432
2023-01-30 00:45:00,2023-01-30 01:05:00,short,27403.999,27424.493991624357,27424.493991624357,27369.327999999998,17.07915968696279,-1.0000000000000695,SL,4,4.384046130854251
2023-01-30 01:10:00,2023-01-30 02:05:00,short,27428.419,27383.069888888884,27448.381819430117,27383.069888888884,16.635682858428538,2.271678670935032,VWAP,11,6.655724801789283
2023-01-30 03:30:00,2023-01-30 03:35:00,long,27358.419,27383.29403875969,27339.488833356758,27383.29403875969,15.775138869368782,1.3140422495207096,VWAP,1,7.969767051309993
2023-01-30 07:25:00,2023-01-30 08:15:00,short,27418.319,27432.532036532135,27432.532036532135,27392.318775280906,11.84419711011141,-1.0000000000001237,SL,10,6.969767051309869
2023-01-30 08:25:00,2023-01-30 09:20:00,short,27438.269,27451.04073950398,27451.04073950398,27395.835963696383,10.643116253315362,-1.000000000000116,SL,11,5.969767051309754
2023-01-30 09:30:00,2023-01-30 09:35:00,short,27463.519,27478.948568813168,27478.948568813168,27400.58356140352,12.857974010973074,-1.0000000000000113,SL,1,4.969767051309742
2023-01-30 09:40:00,2023-01-30 09:45:00,short,27485.999,27503.68759759911,27503.68759759911,27401.896270114958,14.740497999257467,-1.0000000000000546,SL,1,3.9697670513096877
2023-01-30 09:50:00,2023-01-30 10:00:00,short,27518.419,27538.6712295625,27538.6712295625,27403.70323728815,16.87685796874748,-1.0000000000000773,SL,2,2.9697670513096104
2023-01-30 13:20:00,2023-01-30 14:20:00,short,27513.419,27478.319,27536.135793531583,27433.197854166683,18.93066127631674,1.5451124275619004,TIMEOUT,12,4.514879478871511
2023-01-30 18:25:00,2023-01-30 18:45:00,long,27418.519,27439.39265000002,27401.942849445935,27439.39265000002,13.813458795053391,1.2592579882729071,VWAP,4,5.774137467144418
2023-01-30 18:50:00,2023-01-30 19:05:00,short,27473.999,27492.71251461383,27492.71251461383,27439.262674796766,15.594595511527507,-0.9999999999999275,SL,3,4.774137467144491
2023-01-30 20:20:00,2023-01-30 21:20:00,long,27388.369,27416.519,27359.334952319936,27440.19879073246,24.19503973338556,0.9695513457233771,TIMEOUT,12,5.743688812867868
2023-01-30 22:30:00,2023-01-30 23:05:00,long,27394.269,27374.139998820294,27374.139998820294,27437.919255376357,16.774167649755565,-0.9999999999999859,SL,7,4.743688812867882
2023-02-01 09:00:00,2023-02-01 09:55:00,long,27269.469,27307.97716199379,27256.318211577593,27307.97716199379,10.958990352006124,2.9282017744407627,VWAP,11,7.671890587308645
2023-02-01 10:10:00,2023-02-01 10:40:00,long,27264.999,27242.653575778302,27242.653575778302,27304.97795316807,18.62118685141614,-0.9999999999999215,SL,6,6.671890587308723
2023-02-01 10:45:00,2023-02-01 10:50:00,long,27224.469,27199.642274340036,27199.642274340036,27302.166369791692,20.68893804997015,-1.000000000000022,SL,1,5.671890587308701
2023-02-01 10:55:00,2023-02-01 11:55:00,long,27179.319,27249.469,27153.730711038093,27300.53494871797,21.323574134923216,2.7414885029800398,TIMEOUT,12,8.41337909028874
2023-02-01 12:00:00,2023-02-01 12:20:00,long,27224.999,27203.273082857446,27203.273082857446,27295.087181818202,18.10493095212966,-0.9999999999999246,SL,4,7.413379090288816
2023-02-01 12:50:00,2023-02-01 13:50:00,long,27189.999,27214.319,27169.57763851789,27289.657496732052,17.017801235092502,1.1909098235836966,TIMEOUT,12,8.604288913872512
2023-02-01 14:35:00,2023-02-01 14:40:00,long,27224.519,27282.2222758621,27183.806212029212,27282.2222758621,33.927323308990815,1.4173255809329615,VWAP,1,10.021614494805474
2023-02-01 14:50:00,2023-02-01 15:10:00,short,27419.999,27475.170884537838,27475.170884537838,27283.383161958598,45.97657044819716,-1.000000000000029,SL,4,9.021614494805446
2023-02-01 23:45:00,2023-02-02 00:00:00,short,27407.319,27423.853404221845,27423.853404221845,27328.80869696972,13.778670184870437,-1.0000000000000748,SL,3,8.021614494805371
2023-02-02 02:45:00,2023-02-02 03:20:00,long,27392.319,27412.062232323227,27379.59654272049,27412.062232323227,10.602047732925419,1.5518411175979583,VWAP,7,9.573455612403329
2023-02-02 03:30:00,2023-02-02 03:55:00,short,27477.369,27496.774489911688,27496.774489911688,27409.894079365076,16.171241593072867,-1.0000000000000842,SL,5,8.573455612403245
2023-02-02 06:30:00,2023-02-02 06:55:00,short,27447.419,27425.922461538456,27459.986581592,27425.922461538456,10.47298465999806,1.7104753451717345,VWAP,4,10.28393095757498
2023-02-02 07:00:00,2023-02-02 07:25:00,long,27407.269,27393.747141689404,27393.747141689404,27426.218236947785,11.268215258829374,-1.0000000000000664,SL,5,9.283930957574915
2023-02-02 07:30:00,2023-02-02 07:45:00,long,27387.419,27372.968133003375,27372.968133003375,27424.586565543064,12.04238916385465,-1.000000000000109,SL,3,8.283930957574807
2023-02-02 08:55:00,2023-02-02 09:45:00,short,27477.469,27423.705415094333,27499.90510898939,27423.705415094333,18.69675749115854,2.396297189102261,VWAP,10,10.680228146677068
2023-02-02 10:35:00,2023-02-02 10:55:00,short,27492.419,27526.74749555145,27526.74749555145,27428.482386243373,28.60707962620747,-1.0000000000000313,SL,4,9.680228146677036
2023-02-02 13:35:00,2023-02-02 13:40:00,short,27542.469,27562.560667418675,27562.560667418675,27446.26934979423,16.743056182226777,-1.0000000000000806,SL,1,8.680228146676956
2023-02-02 13:45:00,2023-02-02 13:50:00,short,27557.469,27577.30430507018,27577.30430507018,27447.604772357718,16.529420891817907,-0.9999999999999637,SL,1,7.680228146676993
2023-02-02 14:00:00,2023-02-02 14:50:00,short,27587.419,27449.892473053886,27607.761631646936,27449.892473053886,16.95219303911206,6.7605081453087505,VWAP,10,14.440736291985743
2023-02-02 15:35:00,2023-02-02 16:00:00,short,27512.519,27543.88080843622,27543.88080843622,27454.498139784937,26.134840363517444,-0.9999999999999893,SL,5,13.440736291985754
2023-02-02 19:35:00,2023-02-02 19:40:00,short,27524.369,27554.758236261616,27554.758236261616,27460.353735202487,25.324363551346664,-1.0000000000000344,SL,1,12.44073629198572
2023-02-02 20:40:00,2023-02-02 21:40:00,short,27607.999,27502.469,27635.020608090123,27466.996356828193,22.518006741769756,3.905393033901992,TIMEOUT,12,16.346129325887713
2023-02-02 22:40:00,2023-02-02 23:45:00,short,27534.999,27502.319,27554.61797199112,27472.523039999993,16.349143325932307,1.6657345764494729,TIMEOUT,12,18.011863902337186
2023-02-03 01:05:00,2023-02-03 02:05:00,short,27527.269,27496.915190476193,27541.436915008137,27496.915190476193,11.806595840113081,2.1424330613486244,VWAP,12,20.15429696368581
2023-02-03 03:05:00,2023-02-03 03:10:00,long,27482.519,27469.89748880845,27469.89748880845,27498.440052631577,10.517925992959034,-1.0000000000000673,SL,1,19.15429696368574
2023-02-03 03:15:00,2023-02-03 03:25:00,long,27467.319,27454.31461535014,27454.31461535014,27497.142583333334,10.836987208214548,-1.0000000000001397,SL,2,18.154296963685603
2023-02-03 03:30:00,2023-02-03 03:50:00,long,27457.319,27444.262662873272,27444.262662873272,27494.580317829466,10.88028093893861,-1.0000000000000633,SL,4,17.15429696368554
2023-02-03 05:25:00,2023-02-03 05:55:00,long,27472.269,27487.817333333332,27460.418447774962,27487.817333333332,9.875460187530306,1.3120344974712392,VWAP,6,18.466331461156777
2023-02-03 06:10:00,2023-02-03 06:25:00,long,27472.369,27486.753266666663,27461.608806133678,27486.753266666663,8.966828221935465,1.3368036715104472,VWAP,3,19.803135132667226
2023-02-03 06:40:00,2023-02-03 07:40:00,short,27507.469,27507.999,27519.095466694856,27486.772827160486,9.688722245712233,-0.04558564643146388,TIMEOUT,12,19.757549486235764
2023-02-03 07:45:00,2023-02-03 07:55:00,short,27517.999,27529.883038794414,27529.883038794414,27488.801801418438,9.903365662010822,-1.0000000000001412,SL,2,18.75754948623562
2023-02-03 08:00:00,2023-02-03 08:15:00,short,27532.519,27544.438399865645,27544.438399865645,27490.049687285227,9.932833221369807,-1.0000000000000753,SL,3,17.757549486235547
2023-02-03 08:20:00,2023-02-03 08:30:00,short,27542.469,27492.08249834984,27554.32014544884,27492.08249834984,9.87595454070046,4.251614484665005,VWAP,2,22.009163970900552
2023-02-03 09:40:00,2023-02-03 09:50:00,short,27567.319,27602.440751645907,27602.440751645907,27489.793358974366,29.268126371590967,-0.9999999999999486,SL,2,21.0091639709006
2023-02-03 10:20:00,2023-02-03 10:35:00,short,27637.469,27682.02907535753,27682.02907535753,27495.109666666674,37.13339613127394,-0.9999999999999667,SL,3,20.009163970900634
2023-02-03 15:20:00,2023-02-03 16:00:00,short,27622.999,27653.731963045164,27653.731963045164,27544.093558558576,25.610802537637475,-0.9999999999999708,SL,8,19.009163970900662
2023-02-05 18:45:00,2023-02-05 19:40:00,short,27799.519,27694.953666666668,27841.089184512515,27694.953666666668,34.64182042709489,2.5153925718529058,VWAP,11,21.52455654275357
2023-02-05 22:55:00,2023-02-05 23:05:00,long,27718.419,27691.774779756393,27691.774779756393,27755.89283333333,22.203516869672853,-1.0000000000000324,SL,2,20.524556542753537
2023-02-06 00:25:00,2023-02-06 01:15:00,long,27658.419,27694.00177777778,27636.657546721268,27694.00177777778,18.134544398945316,1.635128744482782,VWAP,10,22.159685287236318
2023-02-06 02:05:00,2023-02-06 03:05:00,long,27651.519,27661.999,27636.835300276798,27676.12669230769,12.236416436002635,0.7137165835282699,TIMEOUT,12,22.87340187076459
2023-02-06 03:25:00,2023-02-06 03:30:00,long,27631.999,27613.161404854432,27613.161404854432,27669.85876190477,15.697995954640428,-0.9999999999999366,SL,1,21.873401870764653
2023-02-06 04:00:00,2023-02-06 04:15:00,long,27606.369,27587.073872577435,27587.073872577435,27663.60607482994,16.07927285213555,-1.0000000000000375,SL,3,20.873401870764614
2023-02-06 09:30:00,2023-02-06 09:35:00,short,27671.999,27689.21608110385,27689.21608110385,27626.470855072468,14.347567586539242,-1.0000000000000886,SL,1,19.873401870764525
2023-02-06 10:50:00,2023-02-06 11:00:00,short,27676.519,27704.249863824632,27704.249863824632,27629.459508905853,23.10905318719227,-1.000000000000055,SL,2,18.873401870764468
2023-02-06 11:05:00,2023-02-06 12:05:00,short,27701.469,27681.369,27728.814603433933,27630.98755721393,22.788002861611496,0.7350358915488268,TIMEOUT,12,19.608437762313294
2023-02-06 18:20:00,2023-02-06 18:45:00,short,27701.419,27719.12591169531,27719.12591169531,27649.853726368157,14.755759746092432,-0.9999999999999384,SL,5,18.608437762313354
2023-02-06 20:00:00,2023-02-06 21:00:00,short,27781.319,27748.269,27808.682476284546,27658.317929110093,22.8028969037902,1.207814374764296,TIMEOUT,12,19.81625213707765
2023-02-06 21:05:00,2023-02-06 22:05:00,short,27761.519,27748.519,27784.879026358074,27663.181293447284,19.466688631728218,0.5565062213856127,TIMEOUT,12,20.372758358463265
2023-02-07 01:15:00,2023-02-07 01:30:00,long,27623.319,27607.25612937014,27607.25612937014,27669.407541666667,13.385725524882385,-1.0000000000000329,SL,3,19.372758358463233
2023-02-08 01:00:00,2023-02-08 01:15:00,short,27608.319,27623.25353767642,27623.25353767642,27573.830666666665,12.445448063684761,-0.9999999999999734,SL,3,18.37275835846326
2023-02-08 03:15:00,2023-02-08 03:35:00,long,27548.999,27531.0986559078,27531.0986559078,27592.077888888885,14.916953410164655,-1.0000000000000675,SL,4,17.37275835846319
2023-02-08 04:25:00,2023-02-08 04:45:00,long,27538.469,27520.207578348334,27520.207578348334,27580.34679874213,15.217851376387786,-1.000000000000077,SL,4,16.372758358463113
2023-02-08 04:55:00,2023-02-08 05:55:00,long,27508.369,27515.469,27491.457529426905,27574.605101694906,14.092892144245164,0.4198333887827672,TIMEOUT,12,16.79259174724588
2023-02-08 06:15:00,2023-02-08 06:25:00,long,27503.369,27489.93057963913,27489.93057963913,27561.02615555555,11.198683634058026,-0.9999999999998708,SL,2,15.792591747246009
2023-02-08 06:50:00,2023-02-08 07:50:00,long,27483.999,27488.999,27470.38405892927,27554.969121951213,11.345784225608384,0.36724360201229206,TIMEOUT,12,16.1598353492583
2023-02-08 07:55:00,2023-02-08 08:55:00,long,27483.369,27488.469,27470.930479621584,27546.941140350867,10.365433648678039,0.4100166132985517,TIMEOUT,12,16.569851962556854
2023-02-08 10:30:00,2023-02-08 10:35:00,long,27493.519,27469.52586592494,27469.52586592494,27537.22492592591,19.994278395883523,-0.9999999999999515,SL,1,15.569851962556902
2023-02-08 11:30:00,2023-02-08 11:45:00,long,27425.519,27399.761562301195,27399.761562301195,27530.56187439612,21.464531415671757,-0.9999999999999573,SL,3,14.569851962556944
2023-02-08 13:30:00,2023-02-08 14:30:00,long,27423.319,27413.519,27397.094029858636,27515.801469135793,21.85414178446959,-0.37368965330268034,TIMEOUT,12,14.196162309254264
2023-02-08 14:45:00,2023-02-08 15:45:00,long,27403.369,27413.519,27381.845593282967,27507.671693032004,17.936172264191995,0.47157962182493485,TIMEOUT,12,14.667741931079199
2023-02-08 23:05:00,2023-02-08 23:30:00,short,27515.999,27529.361238770136,27529.361238770136,27492.550861979154,11.135198975114788,-0.9999999999998823,SL,5,13.667741931079316
2023-02-09 14:15:00,2023-02-09 15:00:00,long,27593.419,27570.93474460153,27570.93474460153,27640.53352941176,18.736879498726385,-0.999999999999964,SL,9,12.667741931079352
2023-02-09 15:05:00,2023-02-09 15:30:00,long,27558.269,27536.768765472367,27536.768765472367,27637.256666666668,17.916862106359993,-1.0000000000000673,SL,5,11.667741931079284
2023-02-09 15:35:00,2023-02-09 18:15:00,long,27523.319,27555.269,27502.393496473076,27634.37792473119,17.43791960576849,1.5268449793284413,TIMEOUT,12,13.194586910407725
2023-02-09 19:20:00,2023-02-09 19:55:00,short,27733.419,27770.91297237873,27770.91297237873,27627.305887835708,31.24497698227384,-0.9999999999999933,SL,7,12.194586910407732
2023-02-10 02:20:00,2023-02-10 02:25:00,long,27480.369,27453.27668901179,27453.27668901179,27651.949459770116,22.576925823508763,-0.999999999999968,SL,1,11.194586910407764
2023-02-10 10:50:00,2023-02-10 11:10:00,long,27540.469,27586.349432569972,27513.133884313484,27586.349432569972,22.779263072097198,1.6784429631151045,VWAP,4,12.873029873522869
2023-02-10 12:05:00,2023-02-10 13:00:00,long,27550.319,27584.29315525114,27526.03535234777,27584.29315525114,20.23637304352433,1.3990548593724843,VWAP,11,14.272084732895353
2023-02-10 15:45:00,2023-02-12 18:05:00,short,27615.319,27584.64270175439,27632.960795116393,27584.64270175439,14.701495930327441,1.7388422234370382,VWAP,8,16.01092695633239
2023-02-12 18:35:00,2023-02-12 18:50:00,long,27550.319,27532.658782954273,27532.658782954273,27583.56775,14.716847538106142,-0.99999999999994,SL,3,15.010926956332451
2023-02-12 19:10:00,2023-02-12 19:30:00,long,27485.369,27456.578209379193,27456.578209379193,27561.03455555555,23.992325517338237,-0.9999999999999915,SL,4,14.01092695633246
2023-02-12 20:05:00,2023-02-12 20:10:00,long,27410.369,27377.635133731426,27377.635133731426,27523.57271794872,27.278221890475983,-1.000000000000039,SL,1,13.01092695633242
2023-02-13 03:00:00,2023-02-13 03:15:00,short,27487.269,27502.62611890931,27502.62611890931,27439.6699009009,12.79759909109174,-0.9999999999999334,SL,3,12.010926956332487
2023-02-13 03:20:00,2023-02-13 03:30:00,short,27502.269,27517.697815003354,27517.697815003354,27445.00347154471,12.857345836127404,-1.0000000000000413,SL,2,11.010926956332446
2023-02-13 04:00:00,2023-02-13 05:00:00,short,27534.369,27527.999,27549.387389501095,27456.36784353741,12.515324584247644,0.4241466769478591,TIMEOUT,12,11.435073633280306
2023-02-13 06:00:00,2023-02-13 06:40:00,short,27517.419,27530.099217797266,27530.099217797266,27477.79078082192,10.56684816438542,-1.0000000000001221,SL,8,10.435073633280183
2023-02-13 06:45:00,2023-02-13 07:00:00,short,27532.519,27543.25888292917,27543.25888292917,27482.444691056913,8.949902440974707,-1.0000000000000853,SL,2,9.435073633280098
2023-02-13 07:05:00,2023-02-13 07:20:00,short,27557.369,27568.69962200998,27568.69962200998,27484.59245098039,9.442185008316782,-1.0000000000000133,SL,3,8.435073633280084
2023-02-13 07:25:00,2023-02-13 08:30:00,short,27577.319,27567.469,27589.169999459264,27488.26188389514,9.875832882718854,0.8311535270807798,TIMEOUT,12,9.266227160360863
2023-02-13 09:25:00,2023-02-13 09:30:00,short,27557.319,27568.129189438445,27568.129189438445,27502.606470238097,9.008491198704979,-0.9999999999999448,SL,1,8.266227160360918
2023-02-13 09:35:00,2023-02-13 09:40:00,short,27557.319,27570.01270415866,27570.01270415866,27503.626368421053,10.578086798883296,-1.0000000000000582,SL,1,7.2662271603608595
2023-02-13 09:45:00,2023-02-13 10:00:00,short,27582.319,27598.660836749048,27598.660836749048,27504.914545977015,13.618197290873983,-0.9999999999999846,SL,3,6.266227160360875
2023-02-14 01:15:00,2023-02-14 01:25:00,short,27629.269,27642.902872220584,27642.902872220584,27601.524416666667,11.361560183820465,-0.9999999999999389,SL,2,5.266227160360936
2023-02-14 01:30:00,2023-02-14 01:45:00,short,27644.469,27657.911622911306,27657.911622911306,27607.746368421052,11.202185759421894,-0.9999999999999112,SL,3,4.266227160361025
2023-02-14 03:00:00,2023-02-14 03:10:00,short,27649.269,27623.54638738738,27661.343446799146,27623.54638738738,10.0620389992886,2.1303346679565855,VWAP,2,6.39656182831761
2023-02-14 03:15:00,2023-02-14 03:25:00,long,27604.319,27589.27054095564,27589.27054095564,27624.03633333333,12.54038253696682,-0.9999999999999435,SL,2,5.396561828317667
2023-02-14 05:30:00,2023-02-14 06:05:00,short,27664.319,27678.534599087456,27678.534599087456,27622.315169154233,11.846332572879799,-1.000000000000032,SL,7,4.396561828317635
2023-02-14 13:05:00,2023-02-14 13:20:00,short,27714.369,27746.99697394002,27746.99697394002,27641.20064556963,27.189978283349625,-1.0000000000000056,SL,3,3.3965618283176298
2023-02-14 14:50:00,2023-02-14 15:50:00,short,27769.469,27769.369,27795.253863412167,27651.22482867784,21.487386176804772,0.0038782443173618337,TIMEOUT,12,3.4004400726349915
2023-02-14 15:55:00,2023-02-14 18:35:00,short,27769.519,27741.369,27791.094275701405,27658.151795138885,17.979396417836835,1.3047341961970547,TIMEOUT,12,4.705174268832046
2023-02-14 19:55:00,2023-02-14 20:40:00,long,27621.469,27593.40730806258,27593.40730806258,27663.66816666667,23.38474328118537,-0.9999999999999999,SL,9,3.705174268832046
2023-02-14 21:00:00,2023-02-14 21:15:00,long,27556.469,27530.71897603168,27530.71897603168,27660.538413447775,21.458353306935766,-0.9999999999999384,SL,3,2.7051742688321077
2023-02-15 07:00:00,2023-02-15 07:15:00,short,27534.419,27546.30651848486,27546.30651848486,27492.868552845535,9.90626540405012,-0.9999999999998571,SL,3,1.7051742688322507
2023-02-15 09:45:00,2023-02-15 10:10:00,short,27554.269,27503.845666666668,27577.9440550305,27503.845666666668,19.72921252541732,2.12980849541306,VWAP,5,3.8349827642453107
2023-02-15 13:25:00,2023-02-15 13:45:00,short,27586.519,27607.27865749434,27607.27865749434,27518.269901467494,17.29971457861532,-0.9999999999999899,SL,4,2.834982764245321
2023-02-15 15:40:00,2023-02-15 16:05:00,short,27629.419,27646.491898503962,27646.491898503962,27532.03084587811,14.227415419966722,-1.000000000000023,SL,5,1.8349827642452978
2023-02-15 16:10:00,2023-02-15 18:50:00,short,27669.269,27654.999,27687.13158958467,27535.39853124997,14.885491320558826,0.7988763293451437,TIMEOUT,12,2.6338590935904413
2023-02-15 20:50:00,2023-02-15 21:50:00,short,27712.419,27722.469,27743.52501850297,27554.348137426878,25.921682085805323,-0.3230886009741448,TIMEOUT,12,2.3107704926162964
2023-02-15 23:50:00,2023-02-16 00:05:00,short,27692.419,27704.17924000997,27704.17924000997,27573.828520201994,9.800200008306886,-0.99999999999995,SL,2,1.3107704926163464
2023-02-16 01:15:00,2023-02-16 01:40:00,long,27684.469,27671.868603085913,27671.868603085913,27705.88941666667,10.500330761739594,-0.9999999999999964,SL,5,0.3107704926163499
2023-02-16 05:05:00,2023-02-16 05:30:00,long,27657.519,27677.356759562852,27644.055506697507,27677.356759562852,11.219577752078266,1.4734481695903587,VWAP,5,1.7842186622067087
2023-02-16 07:10:00,2023-02-16 07:20:00,long,27647.999,27637.72936018469,27637.72936018469,27673.153302325587,8.558033179424028,-1.00000000000005,SL,2,0.7842186622066587
2023-02-16 07:25:00,2023-02-16 08:20:00,long,27637.319,27626.66681389423,27626.66681389423,27672.209823970046,8.876821754808672,-0.9999999999999565,SL,11,-0.21578133779329778
2023-02-16 08:25:00,2023-02-16 08:30:00,long,27612.999,27601.565572153722,27601.565572153722,27667.63200330034,9.527856538563707,-1.0000000000000904,SL,1,-1.2157813377933882
2023-02-16 08:35:00,2023-02-16 08:40:00,long,27577.469,27560.449156601935,27560.449156601935,27666.31492233011,14.183202831720845,-1.0000000000000497,SL,1,-2.215781337793438
2023-02-16 08:45:00,2023-02-16 08:50:00,long,27557.419,27538.15807380473,27538.15807380473,27664.401126984143,16.05077182939198,-1.000000000000041,SL,1,-3.215781337793479
2023-02-16 08:55:00,2023-02-16 09:20:00,long,27557.469,27537.935078943876,27537.935078943876,27662.328127725872,16.2782675467716,-0.9999999999999587,SL,5,-4.2157813377934374
2023-02-16 15:05:00,2023-02-16 15:20:00,long,27599.999,27578.94882220488,27578.94882220488,27636.60590607735,17.541814829269235,-0.9999999999999141,SL,3,-5.215781337793351
2023-02-16 15:40:00,2023-02-16 18:05:00,long,27524.519,27498.958406456364,27498.958406456364,27634.12545390071,21.300494619695396,-1.000000000000062,SL,9,-6.2157813377934135
2023-02-16 22:05:00,2023-02-16 23:05:00,long,27496.269,27499.999,27472.549338978886,27608.962292517015,19.766384184262694,0.15725351204130275,TIMEOUT,12,-6.058527825752111
2023-02-17 07:55:00,2023-02-17 09:00:00,short,27494.419,27489.369,27508.970798601433,27463.712541666682,12.126498834525913,0.34703613885270984,TIMEOUT,12,-5.711491686899401
2023-02-17 09:05:00,2023-02-17 09:35:00,short,27494.369,27507.3193497372,27507.3193497372,27465.78065137616,10.791958114336909,-0.9999999999998608,SL,6,-6.711491686899262
2023-02-17 09:55:00,2023-02-17 10:05:00,long,27434.999,27466.99373389357,27414.794733091974,27466.99373389357,16.83688909002073,1.5835632165828752,VWAP,2,-5.1279284703163865
2023-02-17 10:20:00,2023-02-17 10:50:00,short,27514.519,27467.237172043024,27540.3936992791,27467.237172043024,21.56224939924771,1.827338259933822,VWAP,6,-3.3005902103825644
2023-02-17 12:55:00,2023-02-17 13:55:00,long,27439.999,27444.999,27421.28384493263,27466.94930107528,15.595962556141576,0.2671631617264857,TIMEOUT,12,-3.033427048656079
2023-02-17 14:25:00,2023-02-17 14:55:00,short,27504.419,27521.593243823685,27521.593243823685,27465.983855491337,14.311869853069183,-1.0000000000000198,SL,6,-4.033427048656098
2023-02-19 19:00:00,2023-02-19 19:05:00,long,27459.319,27441.016415413178,27441.016415413178,27485.272589743585,15.252153822352081,-0.9999999999999437,SL,1,-5.033427048656042
2023-02-19 19:20:00,2023-02-19 19:40:00,long,27421.369,27474.61194117647,27399.296613536437,27474.61194117647,18.39365538630267,2.412196853492224,VWAP,4,-2.6212301951638186
2023-02-20 01:25:00,2023-02-20 02:30:00,short,27534.319,27524.469,27543.619895935153,27518.654555555553,7.750746612628431,1.059037760305328,TIMEOUT,12,-1.5621924348584906
2023-02-20 03:10:00,2023-02-20 03:20:00,long,27499.269,27489.421805881848,27489.421805881848,27523.57057894737,8.205995098458915,-1.000000000000173,SL,2,-2.5621924348586633
2023-02-20 04:25:00,2023-02-20 04:45:00,long,27494.469,27483.70589740284,27483.70589740284,27519.247427672966,8.969252164299766,-1.0000000000000697,SL,4,-3.562192434858733
2023-02-20 04:50:00,2023-02-20 05:50:00,long,27479.469,27499.419,27469.176020897903,27516.485034482765,8.577482585082324,1.938214369436816,TIMEOUT,12,-1.6239780654219171
2023-02-20 09:45:00,2023-02-20 11:00:00,long,27494.519,27486.70558250238,27486.70558250238,27510.457851851857,6.511181248014562,-1.0000000000001315,SL,3,-2.6239780654220484
2023-02-20 11:05:00,2023-02-20 11:35:00,long,27484.369,27476.67282837491,27476.67282837491,27509.56580851064,6.413476354241427,-0.9999999999997812,SL,5,-3.6239780654218294
2023-02-20 11:40:00,2023-02-20 12:00:00,long,27479.469,27471.10628232317,27471.10628232317,27507.9353,6.968931397358374,-1.0000000000001592,SL,2,-4.623978065421989
2023-02-20 19:35:00,2023-02-20 19:40:00,short,27539.419,27506.111272727274,27558.70490967051,27506.111272727274,16.071591392088397,1.727049843216121,VWAP,1,-2.896928222205868
2023-02-20 19:55:00,2023-02-20 20:05:00,long,27386.419,27357.994412585922,27357.994412585922,27505.040754385966,23.68715617840069,-0.9999999999999611,SL,2,-3.896928222205829
2023-02-21 00:50:00,2023-02-21 01:30:00,long,27459.269,27476.59657575758,27448.62215991267,27476.59657575758,8.872366739443134,1.62748530225383,VWAP,8,-2.2694429199519988
2023-02-21 02:05:00,2023-02-21 02:10:00,long,27454.999,27444.24692791165,27444.24692791165,27470.705487179486,8.960060073626497,-0.9999999999999509,SL,1,-3.26944291995195
2023-02-21 02:15:00,2023-02-21 03:05:00,long,27449.369,27469.189547619048,27438.36352967892,27469.189547619048,9.171225267565749,1.800972338373057,VWAP,10,-1.468470581578893
2023-02-21 11:00:00,2023-02-21 11:20:00,long,27394.519,27369.152269514165,27369.152269514165,27446.600400673404,21.13894207153095,-0.9999999999999327,SL,4,-2.468470581578826
2023-02-21 11:25:00,2023-02-21 13:20:00,long,27349.269,27344.419,27325.845324934777,27442.990942307693,19.51972922101837,-0.20705546787572676,TIMEOUT,12,-2.6755260494545525
2023-02-22 09:35:00,2023-02-22 09:45:00,long,27081.269,27104.0244945055,27063.80928428072,27104.0244945055,14.549763099399286,1.3033141473415448,VWAP,2,-1.3722119021130077
2023-02-22 11:00:00,2023-02-22 12:00:00,long,27046.519,27086.319,27022.646918265447,27102.877728522344,19.89340144546076,1.6672194927345605,TIMEOUT,12,0.2950075906215528
2023-02-22 15:00:00,2023-02-22 16:00:00,long,27031.469,27051.319,27006.274145480784,27102.009948509483,20.995712099346722,0.7878592823331839,TIMEOUT,12,1.0828668729547366
2023-02-22 20:50:00,2023-02-22 21:55:00,short,27131.319,27126.269,27149.696484591805,27099.47918987342,15.314570493169837,0.274792775625644,TIMEOUT,12,1.3576596485803807
2023-02-22 22:25:00,2023-02-22 22:40:00,short,27136.519,27147.59900091521,27147.59900091521,27102.48646666667,9.233334096005246,-1.0000000000001605,SL,3,0.35765964858022015
2023-02-22 23:10:00,2023-02-22 23:15:00,short,27161.519,27170.780022275314,27170.780022275314,27104.74762318841,7.7175185627610725,-1.0000000000000484,SL,1,-0.6423403514198283
2023-02-22 23:20:00,2023-02-23 00:25:00,short,27176.469,27161.269,27186.16561614555,27105.451401433696,8.08051345462564,1.5675571531183228,TIMEOUT,12,0.9252168016984945
2023-02-23 00:55:00,2023-02-23 02:00:00,long,27141.519,27141.369,27132.970631743963,27157.216222222214,7.123640213363861,-0.017547208485728157,TIMEOUT,12,0.9076695932127664
2023-02-23 02:05:00,2023-02-23 02:35:00,long,27136.469,27150.694199999994,27128.847540387982,27150.694199999994,6.351216343348251,1.8664666250494173,VWAP,6,2.774136218262184
2023-02-23 08:10:00,2023-02-23 08:20:00,short,27186.319,27197.3214068682,27197.3214068682,27158.817078431377,9.168672390166858,-0.9999999999999442,SL,2,1.7741362182622398
2023-02-23 11:10:00,2023-02-23 11:20:00,long,27133.319,27111.293858106186,27111.293858106186,27160.912945578242,18.354284911510945,-1.0000000000000062,SL,2,0.7741362182622336
2023-02-23 11:40:00,2023-02-23 13:35:00,long,27071.269,27086.419,27047.67387868106,27157.714865384627,19.66260109911748,0.6420818861329524,TIMEOUT,12,1.416218104395186
2023-02-24 07:05:00,2023-02-24 07:20:00,long,27391.419,27415.118288888894,27376.84409191649,27415.118288888894,12.14575673625884,1.6260335058788418,VWAP,3,3.042251610274028
2023-02-24 09:00:00,2023-02-24 09:25:00,long,27343.419,27326.203060053846,27326.203060053846,27413.47865517241,14.346616621795288,-1.0000000000001041,SL,5,2.042251610273924
2023-02-24 12:10:00,2023-02-24 13:05:00,long,27331.369,27306.18291142233,27306.18291142233,27403.86579738562,20.988407148059085,-0.9999999999999475,SL,11,1.0422516102739765
2023-02-24 13:10:00,2023-02-24 15:05:00,long,27286.269,27366.999,27263.72021026418,27395.296076023387,18.790658113183646,3.580236498092585,TIMEOUT,12,4.622488108366562
2023-02-24 15:45:00,2023-02-26 18:45:00,long,27331.469,27311.15817296319,27311.15817296319,27386.283800995017,16.92568919734302,-0.9999999999999313,SL,12,3.6224881083666305
2023-02-26 20:45:00,2023-02-26 20:50:00,short,27422.419,27451.21507220142,27451.21507220142,27348.437181818183,23.996726834514675,-1.000000000000003,SL,1,2.6224881083666274
2023-02-27 00:50:00,2023-02-27 01:05:00,short,27442.999,27419.449303030302,27456.626519144185,27419.449303030302,11.356265953487398,1.7280986157885487,VWAP,3,4.3505867241551766
2023-02-27 13:00:00,2023-02-27 14:00:00,short,27527.519,27544.99174667731,27544.99174667731,27481.59782882884,14.5606222310933,-0.9999999999999496,SL,12,3.350586724155227
2023-02-27 19:45:00,2023-02-27 20:45:00,short,27582.469,27549.419,27605.70418325292,27497.7869375,19.36265271076803,1.422411850177403,TIMEOUT,12,4.772998574332631
2023-02-27 23:00:00,2023-02-27 23:35:00,long,27474.999,27460.57764468111,27460.57764468111,27503.6470234506,12.017796099075206,-0.9999999999999313,SL,7,3.7729985743326995
2023-02-27 23:40:00,2023-02-28 00:10:00,long,27449.519,27435.71714452774,27435.71714452774,27502.24399194849,11.501546226881395,-1.0000000000000575,SL,5,2.772998574332642
2023-02-28 00:20:00,2023-02-28 00:25:00,long,27424.419,27410.489360369764,27410.489360369764,27442.401,11.608033025196942,-1.0000000000001157,SL,1,1.7729985743325265
2023-02-28 00:30:00,2023-02-28 01:05:00,long,27404.369,27434.649,27389.004667869845,27434.649,12.803610108460685,1.9707983232526811,VWAP,7,3.7437968975852076
2023-02-28 04:00:00,2023-02-28 04:05:00,short,27466.469,27484.54977613763,27484.54977613763,27436.159816326523,15.067313448023643,-0.9999999999999382,SL,1,2.7437968975852693
2023-02-28 04:55:00,2023-02-28 06:00:00,short,27489.419,27505.785415685354,27505.785415685354,27442.2461111111,13.638679737794671,-0.9999999999999,SL,2,1.7437968975853693
2023-02-28 06:05:00,2023-02-28 08:05:00,short,27534.469,27541.319,27552.362504103763,27445.79407936507,14.911253419801264,-0.3828204895070586,TIMEOUT,12,1.3609764080783107
2023-02-28 11:50:00,2023-02-28 14:00:00,long,27444.269,27472.479581039748,27423.551224176514,27472.479581039748,17.264813186238843,1.3616606956315807,VWAP,3,2.722637103709891
2023-02-28 14:35:00,2023-02-28 16:00:00,long,27444.519,27425.26004036151,27425.26004036151,27471.29320903954,16.049133032073957,-1.000000000000045,SL,6,1.722637103709846
2023-02-28 16:05:00,2023-02-28 18:45:00,long,27394.419,27374.04241839947,27374.04241839947,27469.33123999999,16.980484667109984,-1.0000000000000264,SL,12,0.7226371037098196
2023-02-28 18:50:00,2023-02-28 19:20:00,long,27364.319,27345.242933839014,27345.242933839014,27462.00663285023,15.896721800821688,-0.9999999999999802,SL,6,-0.27736289629016064
2023-03-01 07:00:00,2023-03-01 08:00:00,long,27477.419,27479.419,27464.692990226245,27517.821072072078,10.605008144797686,0.157158452300129,TIMEOUT,12,-0.12020444399003163
2023-03-01 09:00:00,2023-03-01 09:55:00,long,27432.319,27511.393865900387,27418.907759093854,27511.393865900387,11.176034088454724,5.896163259892801,VWAP,11,5.7759588159027695
2023-03-01 11:05:00,2023-03-01 11:10:00,long,27457.519,27435.421071666344,27435.421071666344,27505.020848184824,18.414940278046156,-1.0000000000000484,SL,1,4.775958815902721
2023-03-01 11:15:00,2023-03-01 13:10:00,long,27412.369,27472.319,27389.161276079652,27503.449550161815,19.3397699336214,2.5831917083193123,TIMEOUT,12,7.3591505242220325
2023-03-01 13:30:00,2023-03-01 15:00:00,long,27462.319,27442.606623074393,27442.606623074393,27498.115862745104,16.426980771339952,-0.9999999999999424,SL,7,6.35915052422209
2023-03-01 19:00:00,2023-03-01 19:05:00,short,27534.369,27552.326248530335,27552.326248530335,27493.92142222222,14.964373775279565,-1.0000000000000333,SL,1,5.359150524222057
2023-03-01 20:40:00,2023-03-01 21:40:00,long,27436.319,27479.469,27399.286325068962,27500.082333333343,30.860562442529954,1.1651872320959125,TIMEOUT,12,6.52433775631797
2023-03-02 03:00:00,2023-03-02 03:05:00,long,27494.419,27481.4779143504,27481.4779143504,27515.58215315315,10.784238041336387,-0.9999999999999748,SL,1,5.524337756317995
2023-03-02 03:10:00,2023-03-02 04:05:00,long,27466.419,27513.55805982906,27451.691472067436,27513.55805982906,12.272939943805238,3.2007448938408474,VWAP,11,8.725082650158843
2023-03-02 07:00:00,2023-03-02 08:00:00,short,27546.319,27561.890205360083,27561.890205360083,27508.046162162165,12.976004466735901,-1.0000000000000395,SL,12,7.725082650158804
2023-03-02 09:30:00,2023-03-02 09:35:00,short,27564.369,27578.41401636616,27578.41401636616,27517.44828315412,11.704180305136665,-0.9999999999999004,SL,1,6.725082650158903
2023-03-02 09:40:00,2023-03-02 09:55:00,short,27579.269,27596.87481513205,27596.87481513205,27518.597526315792,14.671512610041146,-1.0000000000000546,SL,3,5.725082650158848
2023-03-03 05:20:00,2023-03-03 06:20:00,short,27924.419,27924.269,27939.01698557615,27898.8643125,12.164987980121024,0.010275390341977888,TIMEOUT,12,5.735358040500826
2023-03-03 06:25:00,2023-03-03 06:45:00,short,27924.519,27901.84722510822,27937.310932573506,27901.84722510822,10.65994381125392,1.7723494680341623,VWAP,4,7.507707508534988
2023-03-03 09:05:00,2023-03-03 09:15:00,short,27934.269,27948.42548158283,27948.42548158283,27903.01000775194,11.797067985692728,-1.0000000000000142,SL,2,6.507707508534974
2023-03-03 09:20:00,2023-03-03 09:50:00,short,27944.469,27958.413069255643,27958.413069255643,27904.327838951307,11.620057713034699,-1.0000000000000122,SL,6,5.507707508534962
2023-03-06 02:05:00,2023-03-06 02:25:00,long,28220.519,28243.692599999995,28207.539184551297,28243.692599999995,10.816512873920887,1.7853566633188567,VWAP,4,7.2930641718538185
2023-03-06 05:05:00,2023-03-06 08:05:00,long,28192.319,28200.419,28174.425299034072,28232.721721088434,14.911417471607182,0.4526732628104933,TIMEOUT,12,7.745737434664312
2023-03-06 10:40:00,2023-03-06 11:20:00,short,28265.369,28282.7505321877,28282.7505321877,28225.89817695473,14.48461015641596,-1.000000000000103,SL,8,6.745737434664209
2023-03-06 11:55:00,2023-03-06 13:00:00,short,28285.469,28232.83559722222,28304.089049411014,28232.83559722222,15.516707842509929,2.826705859687661,VWAP,2,9.57244329435187
2023-03-06 13:50:00,2023-03-06 15:15:00,long,28200.319,28181.694333979056,28181.694333979056,28231.793228395054,15.520555017451882,-1.0000000000000695,SL,6,8.572443294351801
2023-03-06 15:20:00,2023-03-06 18:15:00,long,28180.269,28212.519,28163.943858382525,28229.480362318838,13.60428468123055,1.9754805658454566,TIMEOUT,12,10.547923860197258
2023-03-06 19:30:00,2023-03-06 19:40:00,short,28275.999,28302.545747535394,28302.545747535394,28225.71993896713,22.122289612827906,-1.000000000000034,SL,2,9.547923860197224
2023-03-06 19:45:00,2023-03-06 20:05:00,short,28325.419,28356.089364553667,28356.089364553667,28227.302126436778,25.558637128055082,-0.999999999999978,SL,4,8.547923860197246
2023-03-07 04:25:00,2023-03-07 05:25:00,short,28361.269,28356.999,28377.16916952245,28322.74432051281,13.250141268708143,0.26855059588965624,TIMEOUT,12,8.816474456086903
2023-03-07 07:50:00,2023-03-07 10:05:00,short,28399.999,28339.752415637853,28411.462566210907,28339.752415637853,9.552971842422888,5.255483612492478,VWAP,4,14.07195806857938
2023-03-07 10:10:00,2023-03-07 10:20:00,long,28269.999,28340.864891472862,28248.60147928477,28340.864891472862,17.831267262689565,3.311873951005485,VWAP,2,17.383832019584865
2023-03-07 22:50:00,2023-03-07 23:30:00,short,28394.519,28417.01205663527,28417.01205663527,28331.630182170546,18.74421386272655,-0.9999999999999386,SL,8,16.383832019584926
2023-03-07 23:45:00,2023-03-08 00:00:00,short,28429.519,28447.846703493015,28447.846703493015,28336.112825136617,15.273086244179499,-0.9999999999999384,SL,3,15.383832019584988
2023-03-08 03:15:00,2023-03-08 03:40:00,long,28392.519,28428.070025641024,28377.431609120027,28428.070025641024,12.57282573331129,2.356340199829553,VWAP,5,17.74017221941454
2023-03-08 04:40:00,2023-03-08 04:55:00,short,28477.369,28495.927596147587,28495.927596147587,28429.814000000002,15.465496789655727,-1.0000000000000664,SL,3,16.74017221941447
2023-03-08 06:00:00,2023-03-08 06:10:00,short,28587.469,28610.950709636287,28610.950709636287,28436.19402732241,19.56809136357206,-0.999999999999972,SL,2,15.7401722194145
2023-03-08 16:00:00,2023-03-08 19:00:00,short,28612.419,28638.19075775624,28638.19075775624,28501.177440860207,21.47646479686632,-1.0000000000000093,SL,4,14.740172219414491
2023-03-08 19:05:00,2023-03-08 20:05:00,short,28717.519,28614.469,28748.65614613068,28506.514193798444,25.947621775567576,3.309551863472119,TIMEOUT,12,18.04972408288661
2023-03-09 00:35:00,2023-03-09 00:50:00,short,28614.469,28629.007980957605,28629.007980957605,28589.192333333336,12.115817464668966,-1.0000000000001203,SL,3,17.049724082886488
2023-03-09 02:25:00,2023-03-09 02:35:00,long,28579.519,28566.566370345183,28566.566370345183,28601.707222222227,10.79385804568092,-1.000000000000025,SL,2,16.049724082886463
2023-03-09 02:40:00,2023-03-09 02:50:00,long,28569.469,28555.847479828124,28555.847479828124,28599.026272727275,11.351266809898338,-0.9999999999999195,SL,2,15.049724082886543
2023-03-09 02:55:00,2023-03-09 03:10:00,long,28526.369,28510.965428637894,28510.965428637894,28594.70816666667,12.836309468420987,-0.9999999999999971,SL,3,14.049724082886547
2023-03-09 03:15:00,2023-03-09 03:25:00,long,28489.999,28469.80191374237,28469.80191374237,28587.29483333334,16.830905214691057,-1.0000000000000793,SL,2,13.049724082886467
2023-03-09 14:00:00,2023-03-09 14:35:00,long,28404.319,28376.05088993089,28376.05088993089,28528.393285714305,23.55675839092442,-0.9999999999999516,SL,7,12.049724082886515
2023-03-09 14:50:00,2023-03-09 16:00:00,long,28361.369,28333.058675640004,28333.058675640004,28516.998808743185,23.59193696666301,-0.9999999999999576,SL,3,11.049724082886557
2023-03-09 22:45:00,2023-03-09 22:55:00,long,28253.469,28200.788051861913,28200.788051861913,28442.78238709678,43.90079011507332,-0.9999999999999973,SL,2,10.04972408288656
2023-03-09 23:00:00,2023-03-10 00:00:00,long,28153.319,28138.469,28096.61333853521,28438.838100529105,47.2547178873237,-0.261878613464719,TIMEOUT,12,9.78784546942184
2023-03-10 06:35:00,2023-03-10 06:55:00,short,28203.999,28230.951483936766,28230.951483936766,28141.424000000006,22.460403280636886,-1.0000000000000617,SL,4,8.787845469421779
2023-03-10 11:00:00,2023-03-10 12:00:00,long,28018.269,28003.519,27964.386275944322,28152.7861043771,44.902270046400034,-0.27374265608320025,TIMEOUT,12,8.514102813338578
2023-03-10 12:05:00,2023-03-10 12:25:00,long,27983.269,27937.907350793346,27937.907350793346,28140.090071428567,37.801374338877636,-1.0000000000000178,SL,4,7.51410281333856
2023-03-10 12:55:00,2023-03-10 16:00:00,long,27923.519,27881.05781412326,27881.05781412326,28124.791841530052,35.38432156394946,-0.9999999999999788,SL,2,6.514102813338582
2023-03-13 03:35:00,2023-03-13 03:40:00,long,27756.369,27718.58539635461,27718.58539635461,27821.262560606065,31.48633637115713,-0.999999999999991,SL,1,5.5141028133385905
2023-03-13 03:45:00,2023-03-13 03:55:00,long,27681.269,27639.973015224128,27639.973015224128,27816.61124637682,34.41332064655903,-1.0000000000000295,SL,2,4.514102813338561
2023-03-13 04:00:00,2023-03-13 04:05:00,long,27606.469,27561.245292072672,27561.245292072672,27805.720156462594,37.686423272773325,-1.0000000000000244,SL,1,3.514102813338537
2023-03-13 04:10:00,2023-03-13 04:25:00,long,27564.319,27514.822088572866,27514.822088572866,27797.089261437915,41.24742618927901,-0.9999999999999726,SL,3,2.5141028133385643
2023-03-14 06:20:00,2023-03-14 06:35:00,short,27234.369,27264.546891030473,27264.546891030473,27183.582686868685,25.148242525396313,-0.9999999999999714,SL,3,1.514102813338593
2023-03-14 14:50:00,2023-03-14 14:55:00,short,27379.999,27419.874667189586,27419.874667189586,27259.957482384816,33.22972265798871,-0.9999999999999947,SL,1,0.5141028133385983
2023-03-14 15:00:00,2023-03-14 17:40:00,short,27449.519,27419.419,27490.839304872654,27262.700733333328,34.43358739387809,0.7284554190189216,TIMEOUT,12,1.24255823235752
2023-03-14 20:00:00,2023-03-14 20:30:00,long,27216.269,27281.829497835497,27173.05199256198,27281.829497835497,36.01417286501664,1.5170068850676652,VWAP,6,2.7595651174251854
2023-03-15 00:25:00,2023-03-15 00:35:00,long,27168.999,27146.0625957789,27146.0625957789,27220.95511111111,19.113670184247983,-1.000000000000027,SL,2,1.7595651174251583
2023-03-15 04:00:00,2023-03-15 04:10:00,long,27218.999,27185.90713589222,27185.90713589222,27264.259884353738,27.576553423150592,-0.9999999999999957,SL,2,0.7595651174251626
2023-03-15 04:15:00,2023-03-15 04:30:00,long,27168.319,27132.302137957435,27132.302137957435,27259.990410256407,30.014051702136214,-1.0000000000000362,SL,3,-0.24043488257487355
2023-03-15 04:40:00,2023-03-15 05:00:00,long,27043.319,26999.88772578693,26999.88772578693,27248.80736257309,36.192728510890525,-0.9999999999999812,SL,4,-1.2404348825748548
2023-03-15 06:00:00,2023-03-15 07:00:00,long,26778.469,26733.369,26710.533134853795,27229.201365591383,56.613220955171506,-0.6638614214000483,TIMEOUT,12,-1.904296303974903
2023-03-15 23:55:00,2023-03-16 00:55:00,short,26985.369,26978.319,27017.37123666305,26923.312420138882,26.668530552541956,0.22029710217533557,TIMEOUT,12,-1.6839992017995675
2023-03-16 01:55:00,2023-03-16 02:45:00,long,26933.469,26974.098166666674,26903.52808785263,26974.098166666674,24.950760122809992,1.356978253257362,VWAP,10,-0.32702094854220554
2023-03-16 03:00:00,2023-03-16 03:15:00,short,27033.469,26968.426747747755,27066.78942424329,26968.426747747755,27.76702020273899,1.9520235329941864,VWAP,3,1.6250025844519809
2023-03-16 03:20:00,2023-03-16 03:40:00,long,26858.369,26967.701276422773,26810.42047748822,26967.701276422773,39.95710209314925,2.280201155226742,VWAP,4,3.905203739678723
2023-03-16 04:05:00,2023-03-16 04:20:00,long,26883.469,26832.705673081306,26832.705673081306,26959.78093333334,42.30277243224549,-1.0000000000000158,SL,3,2.905203739678707
2023-03-16 05:50:00,2023-03-16 07:45:00,long,26860.369,26818.01662229758,26818.01662229758,26939.327779342722,35.29364808535149,-0.9999999999999625,SL,12,1.9052037396787445
2023-03-16 10:40:00,2023-03-16 10:55:00,short,27048.369,27101.533253799484,27101.533253799484,26931.302017543872,44.303544832903825,-1.000000000000005,SL,3,0.9052037396787393
2023-03-16 11:55:00,2023-03-16 14:15:00,short,27188.319,27236.286444193505,27236.286444193505,26953.360575757586,39.97287016125392,-1.0000000000000229,SL,5,-0.09479626032128352
2023-03-16 14:55:00,2023-03-16 15:10:00,short,27258.319,27294.026294918367,27294.026294918367,26982.289000000004,29.756079098638224,-1.000000000000047,SL,3,-1.0947962603213306
2023-03-16 21:05:00,2023-03-16 22:05:00,short,27208.999,27208.519,27255.313385273952,27031.812561076604,38.59532106162821,0.010363950577349117,TIMEOUT,12,-1.0844323097439814
2023-03-16 23:15:00,2023-03-16 23:20:00,short,27258.519,27282.497365373,27282.497365373,27055.394169340474,19.981971144166863,-1.0000000000000318,SL,1,-2.084432309744013
2023-03-16 23:25:00,2023-03-17 00:25:00,short,27345.369,27325.369,27374.269059938964,27058.000040564384,24.083383282470333,0.6920400871914828,TIMEOUT,12,-1.3923922225525303
2023-03-17 01:05:00,2023-03-17 01:45:00,long,27275.369,27312.459,27249.06545031061,27312.459,21.919624741157985,1.410075842917948,VWAP,8,0.017683620365417818
2023-03-17 03:15:00,2023-03-17 04:15:00,short,27380.369,27328.369,27411.375158245035,27313.223499999993,25.838465204197572,1.6770861965243062,TIMEOUT,12,1.694769816889724
2023-03-17 08:00:00,2023-03-17 09:00:00,long,27073.319,27118.419,27025.51493791468,27323.80188288289,39.83671840443251,0.9434344704746908,TIMEOUT,12,2.638204287364415
2023-03-19 20:55:00,2023-03-19 21:55:00,long,27120.369,27093.419,27061.42324359491,27199.0608018018,49.12146367090822,-0.4572000029109815,TIMEOUT,12,2.1810042844534334
2023-03-19 22:25:00,2023-03-19 22:30:00,long,27060.369,27023.832459305,27023.832459305,27169.808696969692,30.447117245832818,-1.0000000000000289,SL,1,1.1810042844534046
2023-03-19 23:05:00,2023-03-19 23:40:00,long,27033.519,26996.52138442282,26996.52138442282,27153.844661375664,30.83134631431697,-0.9999999999999932,SL,7,0.18100428445341132
2023-03-20 07:35:00,2023-03-20 07:50:00,short,27018.999,27063.153280391678,27063.153280391678,26880.572456790123,36.795233659733086,-0.9999999999999657,SL,3,-0.8189957155465544
2023-03-21 02:20:00,2023-03-21 02:30:00,short,27165.999,27180.19059104075,27180.19059104075,27118.996241379307,11.826325867294063,-0.9999999999999044,SL,2,-1.8189957155464587
2023-03-21 03:10:00,2023-03-21 03:25:00,short,27213.419,27233.592629439674,27233.592629439674,27135.279512820514,16.81135786639422,-0.9999999999999655,SL,3,-2.818995715546424
2023-03-21 20:50:00,2023-03-21 21:50:00,short,27461.369,27416.419,27505.432467931238,27260.418668874172,36.71955660936424,1.0201194347694893,TIMEOUT,12,-1.7988762807769347
2023-03-21 23:00:00,2023-03-21 23:10:00,short,27466.419,27489.771012803234,27489.771012803234,27285.65615630884,19.460010669359296,-1.0000000000000515,SL,2,-2.7988762807769865
2023-03-22 01:40:00,2023-03-22 02:35:00,long,27456.469,27433.81124380596,27433.81124380596,27487.281222222224,18.881463495034254,-0.9999999999999246,SL,11,-3.798876280776911
2023-03-22 04:35:00,2023-03-22 05:20:00,short,27524.519,27551.030132670436,27551.030132670436,27474.26072619048,22.092610558695075,-1.0000000000000522,SL,9,-4.798876280776963
2023-03-22 05:30:00,2023-03-22 07:25:00,short,27564.369,27564.519,27588.35755719375,27484.439746268657,19.99046432812592,-0.006252981318965254,TIMEOUT,12,-4.805129262095929
2023-03-22 07:55:00,2023-03-22 09:50:00,short,27579.269,27559.269,27596.73202057104,27502.176490196078,14.55251714253183,1.145277239904836,TIMEOUT,12,-3.659852022191093
2023-03-22 13:05:00,2023-03-22 13:10:00,short,27589.319,27616.614172350324,27616.614172350324,27513.268356725144,22.745976958602714,-1.0000000000000537,SL,1,-4.659852022191147
2023-03-22 15:00:00,2023-03-22 17:50:00,long,27269.319,27254.269,27199.634984159948,27513.903444444444,58.070013200044514,-0.21597492364021792,TIMEOUT,12,-4.875826945831364
2023-03-22 23:10:00,2023-03-23 00:10:00,long,27372.999,27410.319,27351.033058776888,27450.209314136133,18.3049510192615,1.698993893361123,TIMEOUT,12,-3.1768330524702413
2023-03-23 01:10:00,2023-03-23 02:05:00,long,27380.419,27420.87077777777,27356.77634466915,27420.87077777777,19.702212775710628,1.7109659305053253,VWAP,11,-1.465867121964916
2023-03-23 03:55:00,2023-03-23 04:25:00,short,27495.369,27425.48129166666,27520.142890094387,27425.48129166666,20.644908411989903,2.8210227811243507,VWAP,6,1.3551556591594347
2023-03-23 07:40:00,2023-03-23 10:00:00,short,27485.519,27505.600253154735,27505.600253154735,27431.753349593484,16.734377628945587,-0.9999999999999869,SL,5,0.3551556591594478
2023-03-23 22:50:00,2023-03-23 23:00:00,long,27335.369,27311.857624537963,27311.857624537963,27408.44577536231,19.592812885029478,-1.0000000000000304,SL,2,-0.6448443408405826
2023-03-24 00:30:00,2023-03-24 01:10:00,short,27370.519,27390.08761391894,27390.08761391894,27334.03566666667,16.30717826578225,-0.9999999999999822,SL,8,-1.6448443408405649
2023-03-24 02:00:00,2023-03-24 02:30:00,short,27440.269,27460.1381354819,27460.1381354819,27381.27246666666,16.557612901582687,-0.999999999999959,SL,6,-2.6448443408405238
2023-03-24 02:35:00,2023-03-24 02:50:00,short,27465.519,27484.03081850061,27484.03081850061,27394.65754166666,15.426515417174487,-1.0000000000000544,SL,3,-3.644844340840578
2023-03-24 03:10:00,2023-03-24 03:40:00,long,27340.999,27312.38314310282,27312.38314310282,27403.010880341873,23.846547414317328,-0.9999999999999895,SL,6,-4.644844340840567
2023-03-24 03:45:00,2023-03-24 04:40:00,long,27260.369,27223.032940731555,27223.032940731555,27393.126898550716,31.113382723703072,-1.0000000000000067,SL,11,-5.644844340840574
2023-03-24 04:45:00,2023-03-24 05:10:00,long,27215.519,27171.751483838114,27171.751483838114,27368.79451724138,36.472930134906605,-0.999999999999963,SL,5,-6.644844340840537
2023-03-24 14:30:00,2023-03-26 18:00:00,short,27360.469,27393.71434646309,27393.71434646309,27297.715442577028,27.70445538590619,-1.0000000000000453,SL,10,-7.644844340840582
2023-03-26 20:20:00,2023-03-26 20:30:00,long,27395.319,27364.385276676207,27364.385276676207,27440.54056862745,25.77810276982624,-1.0000000000000473,SL,2,-8.64484434084063
2023-03-26 23:35:00,2023-03-26 23:40:00,short,27495.469,27517.651205559087,27517.651205559087,27443.52179761905,18.48517129923938,-0.9999999999999236,SL,1,-9.644844340840553
2023-03-26 23:45:00,2023-03-27 00:45:00,short,27533.469,27500.269,27556.918248670845,27446.299172413794,19.54104055903789,1.4158236140537162,TIMEOUT,12,-8.229020726786837
2023-03-27 05:45:00,2023-03-27 06:45:00,short,27563.319,27565.319,27590.288413972576,27504.839761904765,22.474511643814242,-0.07415808152278097,TIMEOUT,12,-8.303178808309617
2023-03-27 06:50:00,2023-03-27 08:45:00,short,27575.999,27583.999,27598.582769015076,27513.1268313253,18.819807512563518,-0.3542367084369066,TIMEOUT,12,-8.657415516746523
2023-03-27 13:30:00,2023-03-27 19:00:00,short,27588.369,27610.338874255667,27610.338874255667,27527.525384615376,18.3082285463903,-1.000000000000002,SL,7,-9.657415516746525
2023-03-27 21:50:00,2023-03-27 22:50:00,long,27493.519,27469.369,27463.736350991167,27536.180520467835,24.8188741740289,-0.8108748148238136,TIMEOUT,12,-10.468290331570339
2023-03-27 23:00:00,2023-03-27 23:40:00,long,27464.419,27441.875809106146,27441.875809106146,27532.267162162156,18.785992411545575,-1.0000000000000295,SL,8,-11.468290331570369
2023-03-27 23:45:00,2023-03-28 00:45:00,long,27444.269,27431.519,27423.839370295667,27528.863570446723,17.024691420277506,-0.6240935437657883,TIMEOUT,12,-12.092383875336157
2023-03-28 01:15:00,2023-03-28 01:35:00,short,27489.319,27507.002888596475,27507.002888596475,27450.63816666667,14.73657383039686,-0.9999999999999472,SL,4,-13.092383875336104
2023-03-28 01:40:00,2023-03-28 01:55:00,short,27509.319,27527.63857456092,27527.63857456092,27460.896777777783,15.266312134098708,-1.0000000000000375,SL,3,-14.092383875336141
2023-03-28 02:15:00,2023-03-28 03:05:00,short,27554.469,27572.85535295972,27572.85535295972,27476.880071428575,15.32196079976458,-1.0000000000000466,SL,10,-15.092383875336187
2023-03-28 09:00:00,2023-03-28 09:50:00,long,27476.419,27510.61846360153,27457.766632710845,27510.61846360153,15.543639407630105,1.833518666631241,VWAP,10,-13.258865208704947
2023-03-28 10:35:00,2023-03-28 13:30:00,long,27469.319,27459.319,27443.53755366814,27508.293308176097,21.484538609885384,-0.3878758340893126,TIMEOUT,12,-13.64674104279426
2023-03-28 13:40:00,2023-03-28 14:00:00,long,27421.369,27398.659026809077,27398.659026809077,27503.240499999996,18.92497765910029,-1.000000000000074,SL,4,-14.646741042794334
2023-03-28 20:05:00,2023-03-28 20:10:00,short,27541.319,27559.58382898342,27559.58382898342,27498.001960526308,15.220690819519305,-0.9999999999999071,SL,1,-15.646741042794241
2023-03-28 20:15:00,2023-03-28 20:45:00,short,27576.999,27598.812163766317,27598.812163766317,27498.8904069264,18.177636471932576,-0.9999999999999181,SL,6,-16.646741042794158
2023-03-28 21:10:00,2023-03-28 21:20:00,short,27621.369,27645.798345641088,27645.798345641088,27504.799343434344,20.35778803423981,-1.0000000000000393,SL,2,-17.646741042794197
2023-03-30 18:55:00,2023-03-30 20:00:00,short,27960.519,27974.52324660359,27974.52324660359,27848.564306122444,11.6702055029895,-1.0000000000000715,SL,2,-18.646741042794268
2023-03-30 20:05:00,2023-03-30 20:10:00,short,28022.519,28043.084442342595,28043.084442342595,27851.502088888883,17.137868618829557,-0.9999999999999727,SL,1,-19.64674104279424
2023-03-30 23:45:00,2023-03-31 00:15:00,short,28044.469,28068.629003875703,28068.629003875703,27894.464412371133,20.13333656308592,-0.9999999999999705,SL,6,-20.64674104279421
2023-03-31 01:45:00,2023-03-31 01:50:00,long,28002.999,27979.70382714706,27979.70382714706,28058.768090909092,19.412644044115797,-1.0000000000000704,SL,1,-21.646741042794282
2023-03-31 03:50:00,2023-03-31 04:25:00,long,28009.469,28054.603609929076,27985.64776731119,28054.603609929076,19.851027240673748,1.894721844108417,VWAP,7,-19.752019198685865
2023-03-31 15:05:00,2023-03-31 15:25:00,short,28192.469,28208.59529144971,28208.59529144971,28092.90084,13.438576208092252,-0.9999999999999094,SL,4,-20.752019198685772
2023-04-02 20:00:00,2023-04-02 20:05:00,long,28174.519,28150.18254501375,28150.18254501375,28230.969714285715,20.280379155207584,-0.9999999999999963,SL,1,-21.75201919868577
2023-04-02 20:10:00,2023-04-02 20:35:00,long,28154.519,28221.421708333335,28125.668587282264,28221.421708333335,24.042010598112505,2.3189515168428865,VWAP,5,-19.433067681842882
2023-04-03 02:10:00,2023-04-03 03:05:00,short,28237.519,28259.637977217455,28259.637977217455,28192.826777777784,18.432481014544507,-1.0000000000000635,SL,10,-20.433067681842946
2023-04-03 03:10:00,2023-04-03 04:10:00,short,28267.999,28237.419,28290.721563383602,28206.943824561404,18.935469486334732,1.3457988644919767,TIMEOUT,12,-19.08726881735097
2023-04-03 08:35:00,2023-04-03 09:00:00,long,28192.369,28218.230884057983,28176.06342312925,28218.230884057983,13.587980725622852,1.5860759949180734,VWAP,5,-17.5011928224329
2023-04-03 10:05:00,2023-04-03 10:20:00,long,28182.269,28163.788248454573,28163.788248454573,28217.67017845119,15.400626287855939,-0.99999999999998,SL,3,-18.501192822432877
2023-04-03 10:40:00,2023-04-03 10:50:00,long,28147.319,28121.38142544165,28121.38142544165,28215.395194968565,21.61464546529231,-0.9999999999999432,SL,2,-19.50119282243282
2023-04-03 10:55:00,2023-04-03 12:50:00,long,28092.469,28122.419,28064.068740778173,28212.77429051989,23.66688268485695,1.0545678391900473,TIMEOUT,12,-18.446624983242774
2023-04-03 22:40:00,2023-04-03 23:20:00,short,28267.369,28292.24324173854,28292.24324173854,28200.779055865925,20.728534782116782,-1.0000000000000004,SL,8,-19.446624983242774
2023-04-03 23:25:00,2023-04-04 00:25:00,short,28302.269,28262.319,28321.36608540854,28204.414833333343,15.914237840447964,2.0919422595314283,TIMEOUT,12,-17.354682723711345
2023-04-04 03:05:00,2023-04-04 03:15:00,short,28292.999,28267.788298245618,28307.951324089314,28267.788298245618,12.460270074427491,1.6860724529373496,VWAP,2,-15.668610270773996
2023-04-04 03:45:00,2023-04-04 04:20:00,long,28244.519,28266.98066666667,28227.19668606651,28266.98066666667,14.435261611241781,1.2966897351538846,VWAP,7,-14.371920535620111
2023-04-04 05:20:00,2023-04-04 06:25:00,short,28297.999,28292.419,28315.971847587305,28265.495358974364,14.977372989420052,0.3104683313477712,TIMEOUT,12,-14.06145220427234
2023-04-04 10:00:00,2023-04-04 10:05:00,long,28239.269,28223.09802210302,28223.09802210302,28276.39825170068,13.475814914150495,-1.0000000000000646,SL,1,-15.061452204272404
2023-04-04 10:10:00,2023-04-04 10:20:00,long,28187.269,28164.655656813316,28164.655656813316,28274.9675,18.84445265556859,-1.0000000000000653,SL,2,-16.06145220427247
2023-04-04 10:25:00,2023-04-04 13:00:00,long,28132.469,28102.81051349084,28102.81051349084,28271.584954692556,24.71540542430209,-0.9999999999999447,SL,8,-17.061452204272413
2023-04-06 07:00:00,2023-04-06 07:35:00,short,27579.269,27596.104859959374,27596.104859959374,27519.7244117647,14.029883299479392,-0.9999999999999198,SL,7,-18.06145220427233
2023-04-06 07:40:00,2023-04-06 08:05:00,short,27594.369,27609.867539789313,27609.867539789313,27525.067494623654,12.915449824429386,-0.9999999999999337,SL,5,-19.061452204272264
2023-04-06 10:10:00,2023-04-06 11:10:00,short,27594.369,27589.519,27618.4705316294,27534.999840108416,20.084609691165415,0.20123202436158147,TIMEOUT,12,-18.860220179910684
2023-04-06 12:00:00,2023-04-06 12:15:00,short,27621.999,27644.322720617623,27644.322720617623,27543.282241379322,18.603100514685682,-1.000000000000036,SL,3,-19.86022017991072
2023-04-06 14:15:00,2023-04-06 15:15:00,short,27659.469,27634.999,27677.463897157973,27559.4769263566,14.995747631643416,1.359829944299541,TIMEOUT,12,-18.500390235611178
2023-04-06 18:25:00,2023-04-06 19:35:00,short,27649.269,27591.519,27663.53175245746,27571.714874587466,11.885627047882819,4.049008083975887,TIMEOUT,12,-14.45138215163529
2023-04-06 20:00:00,2023-04-09 19:00:00,long,27531.519,27575.00362709284,27513.981371814847,27575.00362709284,14.614690154295348,2.479504448021592,VWAP,1,-11.971877703613698
2023-04-09 20:05:00,2023-04-09 20:25:00,short,27734.319,27655.2459047619,27759.722319318782,27655.2459047619,21.169432765652104,3.112707211440423,VWAP,4,-8.859170492173275
2023-04-09 20:35:00,2023-04-09 20:50:00,long,27622.999,27662.197333333334,27592.07734060827,27662.197333333334,25.76804949310897,1.2676659048840164,VWAP,3,-7.591504587289259
2023-04-09 21:15:00,2023-04-09 22:15:00,long,27617.469,27642.369,27587.316258920317,27656.80233333333,25.12728423307137,0.8257955697690557,TIMEOUT,12,-6.765709017520203
2023-04-09 23:30:00,2023-04-10 00:20:00,long,27622.999,27643.064987654314,27607.173733191637,27643.064987654314,13.187722340301319,1.267971522837886,VWAP,10,-5.497737494682317
2023-04-10 01:05:00,2023-04-10 01:55:00,long,27622.519,27641.880190476186,27611.1425804075,27641.880190476186,9.48034966041505,1.7018702869356996,VWAP,9,-3.7958672077466176
2023-04-10 05:30:00,2023-04-10 05:35:00,short,27672.519,27681.19902951998,27681.19902951998,27645.608897435897,7.233357933316399,-0.9999999999999384,SL,1,-4.795867207746556
2023-04-10 05:40:00,2023-04-10 06:15:00,short,27687.519,27696.6649438208,27696.6649438208,27646.709199004978,7.621619850665567,-1.0000000000001785,SL,7,-5.795867207746735
2023-04-10 06:20:00,2023-04-10 06:25:00,short,27697.469,27706.48019528537,27706.48019528537,27651.28842222222,7.50932940447371,-1.0000000000001128,SL,1,-6.795867207746848
2023-04-10 10:00:00,2023-04-10 10:05:00,short,27712.469,27727.831200245753,27727.831200245753,27659.067178694153,12.801833538125615,-1.0000000000001028,SL,1,-7.795867207746951
2023-04-10 10:10:00,2023-04-10 10:35:00,short,27749.269,27768.272223681284,27768.272223681284,27660.789942760937,15.836019734404335,-0.9999999999999366,SL,5,-8.795867207746888
2023-04-10 12:40:00,2023-04-10 14:15:00,short,27802.369,27821.472911502628,27821.472911502628,27677.119903954797,15.919926252190026,-1.0000000000000384,SL,8,-9.795867207746927
2023-04-11 08:05:00,2023-04-11 10:00:00,long,27911.519,27896.98681384394,27896.98681384394,27946.965434108526,12.110155130047582,-1.0000000000001132,SL,12,-10.79586720774704
2023-04-11 12:10:00,2023-04-11 12:20:00,short,28001.269,28025.35519656032,28025.35519656032,27942.860681415936,20.07183046693033,-1.000000000000069,SL,2,-11.79586720774711
2023-04-11 21:05:00,2023-04-11 22:05:00,short,28058.999,28066.369,28082.119473861294,27972.265830265842,19.267061551078903,-0.3187650929740192,TIMEOUT,12,-12.114632300721128
2023-04-11 22:10:00,2023-04-11 22:15:00,short,28076.419,28095.128811502207,28095.128811502207,27978.219378787875,15.591509585172403,-0.9999999999999214,SL,1,-13.11463230072105
2023-04-11 22:20:00,2023-04-11 23:25:00,short,28101.319,28081.469,28119.90929665241,27979.538906367034,15.491913877010811,1.0677613365261744,TIMEOUT,12,-12.046870964194875
2023-04-12 00:55:00,2023-04-12 01:10:00,long,28071.999,28088.74427777778,28060.465899675568,28088.74427777778,9.610916937025708,1.4519320310001913,VWAP,3,-10.594938933194683
2023-04-12 01:45:00,2023-04-12 02:00:00,short,28116.469,28090.02112121213,28129.457313852658,28090.02112121213,10.823594877213415,2.0362826990405614,VWAP,3,-8.558656234154121
2023-04-12 02:30:00,2023-04-12 03:10:00,long,28071.369,28090.862333333338,28057.034439340812,28090.862333333338,11.945467215988902,1.3598835567273861,VWAP,8,-7.198772677426735
2023-04-12 05:20:00,2023-04-12 05:55:00,long,28066.469,28088.67464102564,28051.427494407362,28088.67464102564,12.53458799386464,1.4762911125403828,VWAP,7,-5.722481564886352
2023-04-12 08:00:00,2023-04-12 08:30:00,short,28128.999,28142.441969601485,28142.441969601485,28089.750960784317,11.202474667904495,-0.9999999999999668,SL,6,-6.722481564886319
2023-04-12 08:35:00,2023-04-12 10:00:00,short,28226.269,28093.26392753623,28250.055320595824,28093.26392753623,19.8219338298541,5.591662313973651,VWAP,6,-1.1308192509126682
2023-04-12 10:40:00,2023-04-12 11:00:00,long,28016.319,27979.935407304412,27979.935407304412,28093.431295597482,30.31966057965561,-1.000000000000011,SL,4,-2.1308192509126793
2023-04-12 14:30:00,2023-04-12 16:00:00,long,28001.419,27969.421632382666,27969.421632382666,28083.79951282052,26.664473014447978,-0.9999999999999458,SL,7,-3.130819250912625
2023-04-12 16:05:00,2023-04-12 18:00:00,long,27936.319,27906.67565303128,27906.67565303128,28077.839628019326,24.702789140598423,-1.0,SL,2,-4.130819250912625
2023-04-12 18:05:00,2023-04-12 20:00:00,long,27881.999,27958.269,27852.843566585176,28074.14786524823,24.29619451235232,2.61597894686842,TIMEOUT,12,-1.5148403040442049
2023-04-12 22:50:00,2023-04-12 23:50:00,short,28122.999,28107.469,28143.935776261947,28058.45873262033,17.447313551621725,0.7417569832957334,TIMEOUT,12,-0.7730833207484715
2023-04-14 04:15:00,2023-04-14 04:20:00,long,28431.369,28414.641423953362,28414.641423953362,28455.525666666676,13.939646705529528,-1.0000000000000568,SL,1,-1.7730833207485284
2023-04-14 04:25:00,2023-04-14 05:25:00,long,28411.469,28451.999,28394.105916572036,28453.990296296306,14.469236189971863,2.334262815020418,TIMEOUT,12,0.5611794942718897
2023-04-14 06:10:00,2023-04-14 06:15:00,long,28426.319,28412.574278409258,28412.574278409258,28447.067533333353,11.453934658951543,-0.9999999999999667,SL,1,-0.43882050572807696
2023-04-14 08:10:00,2023-04-14 08:50:00,short,28476.269,28445.60884848486,28491.710135234476,28445.60884848486,12.867612695396174,1.9856151150523305,VWAP,8,1.5467946093242535
2023-04-14 12:10:00,2023-04-14 12:50:00,long,28408.419,28373.798869653005,28373.798869653005,28452.188385964906,28.850108622497224,-1.0000000000000104,SL,8,0.5467946093242431
2023-04-14 16:00:00,2023-04-16 18:00:00,short,28508.369,28533.602136358902,28533.602136358902,28446.864531400963,21.02761363241898,-1.0000000000000375,SL,4,-0.45320539067579446
2023-04-16 20:40:00,2023-04-16 20:55:00,long,28491.269,28463.22118890997,28463.22118890997,28547.219208333325,23.373175908358157,-0.9999999999999872,SL,3,-1.4532053906757816
2023-04-16 21:00:00,2023-04-16 21:10:00,long,28448.999,28418.80609765352,28418.80609765352,28538.748259259253,25.160751955399412,-1.0000000000000224,SL,2,-2.4532053906758042
2023-04-16 23:05:00,2023-04-17 00:05:00,long,28467.469,28472.999,28447.73714329708,28510.38807103825,16.443213919101066,0.28025745794008966,TIMEOUT,12,-2.1729479327357146
2023-04-17 01:10:00,2023-04-17 01:40:00,short,28512.419,28526.670263398384,28526.670263398384,28487.34122222222,11.876052831986279,-0.9999999999999228,SL,6,-3.1729479327356374
2023-04-17 01:45:00,2023-04-17 02:45:00,short,28537.469,28527.999,28552.611540869573,28496.874303030305,12.618784057978,0.6253904203771735,TIMEOUT,12,-2.547557512358464
2023-04-17 03:30:00,2023-04-17 04:10:00,short,28552.519,28511.74241085271,28566.95856349186,28511.74241085271,12.032969576547519,2.8239488797765366,VWAP,8,0.2763913674180727
2023-04-17 04:30:00,2023-04-17 04:35:00,long,28492.419,28477.047683649536,28477.047683649536,28514.027242424236,12.809430292053431,-1.0000000000000802,SL,1,-0.7236086325820075
2023-04-17 05:45:00,2023-04-17 06:45:00,long,28462.999,28477.419,28447.35220744988,28506.24880952381,13.038993791766064,0.9215946305808195,TIMEOUT,12,0.197985997998812
2023-04-17 14:45:00,2023-04-17 18:00:00,short,28527.419,28542.93188896856,28542.93188896856,28499.73599494949,12.92740747379993,-0.9999999999999023,SL,4,-0.8020140020010903
2023-04-17 20:30:00,2023-04-17 21:00:00,short,28592.519,28617.914337107133,28617.914337107133,28506.4785111111,21.1627809226107,-1.0000000000000042,SL,6,-1.8020140020010946
2023-04-17 21:20:00,2023-04-17 21:30:00,short,28647.319,28675.986175616286,28675.986175616286,28512.34891666665,23.88931301357344,-0.9999999999999551,SL,2,-2.8020140020010498
2023-04-18 04:15:00,2023-04-18 04:45:00,long,28635.519,28655.423743589745,28620.89979061962,28655.423743589745,12.182674483649636,1.3615471994305495,VWAP,6,-1.4404668025705003
2023-04-18 05:25:00,2023-04-18 05:35:00,short,28683.269,28697.262475418323,28697.262475418323,28655.344858585864,11.661229515268746,-1.0000000000000515,SL,2,-2.440466802570552
2023-04-18 05:40:00,2023-04-18 07:00:00,short,28703.319,28717.636150690254,28717.636150690254,28657.0615120773,11.930958908544422,-1.0000000000000828,SL,5,-3.4404668025706346
2023-04-18 08:15:00,2023-04-18 08:35:00,short,28703.469,28718.02959551453,28718.02959551453,28665.8910599251,12.13382959544106,-0.9999999999999998,SL,4,-4.440466802570635
2023-04-18 10:25:00,2023-04-18 10:30:00,long,28643.369,28622.232824385035,28622.232824385035,28670.446788461544,17.613479679135615,-1.0000000000000397,SL,1,-5.440466802570675
2023-04-18 14:05:00,2023-04-18 14:50:00,long,28618.999,28599.995552647488,28599.995552647488,28661.887906666674,15.83620612709311,-1.0000000000000149,SL,9,-6.44046680257069
2023-04-18 20:40:00,2023-04-18 20:50:00,long,28610.269,28587.789946685745,28587.789946685745,28657.49113080169,18.732544428544816,-1.0000000000000542,SL,2,-7.440466802570744
2023-04-18 20:55:00,2023-04-18 21:30:00,long,28555.369,28530.916747765517,28530.916747765517,28656.127737060044,20.376876862067697,-1.0000000000000075,SL,7,-8.440466802570752
2023-04-19 03:10:00,2023-04-19 04:00:00,long,28539.519,28564.524726495732,28523.032332393086,28564.524726495732,13.738889672427709,1.5167241247252865,VWAP,10,-6.923742677845466
2023-04-19 04:15:00,2023-04-19 05:05:00,long,28519.419,28501.439430743678,28501.439430743678,28560.535538461543,14.982974380268992,-1.0000000000000608,SL,10,-7.923742677845526
2023-04-19 05:10:00,2023-04-19 05:55:00,long,28484.369,28464.406017451227,28464.406017451227,28553.39016402117,16.635818790642407,-1.0000000000000473,SL,9,-8.923742677845574
2023-04-19 20:00:00,2023-04-19 20:05:00,long,28481.269,28466.111083319247,28466.111083319247,28522.32343693695,12.631597233960292,-1.00000000000006,SL,1,-9.923742677845635
2023-04-19 21:35:00,2023-04-19 21:55:00,short,28624.319,28652.428831474394,28652.428831474394,28523.567083832346,23.42485956199408,-1.0000000000000397,SL,4,-10.923742677845674
2023-04-19 22:00:00,2023-04-19 23:00:00,short,28652.369,28635.419,28679.044205624185,28526.82971705427,22.229338020154138,0.6354215310951321,TIMEOUT,12,-10.288321146750542
2023-04-19 23:45:00,2023-04-20 00:00:00,short,28662.419,28680.065095065907,28680.065095065907,28539.360122625214,14.705079221587019,-1.0000000000000715,SL,3,-11.288321146750613
2023-04-20 03:00:00,2023-04-20 03:15:00,long,28625.519,28612.712293111563,28612.712293111563,28660.54161261261,10.672255740365465,-0.9999999999999155,SL,3,-12.288321146750528
2023-04-20 03:30:00,2023-04-20 03:35:00,long,28585.419,28570.804362125706,28570.804362125706,28653.890627906978,12.178864895247198,-0.9999999999999579,SL,1,-13.288321146750485
2023-04-20 03:40:00,2023-04-20 03:45:00,long,28560.369,28543.267603057364,28543.267603057364,28649.85751851852,14.251164118861107,-1.0000000000000915,SL,1,-14.288321146750576
2023-04-20 04:05:00,2023-04-20 04:35:00,long,28537.999,28518.151520298423,28518.151520298423,28639.90686666667,16.539566417980964,-0.99999999999999,SL,6,-15.288321146750565
2023-04-20 13:25:00,2023-04-20 15:00:00,short,28670.319,28594.873000000025,28692.605308628434,28594.873000000025,18.57192385702819,3.38530715237952,VWAP,8,-11.903013994371046
2023-04-20 15:10:00,2023-04-20 15:20:00,long,28560.999,28537.11842176937,28537.11842176937,28598.76188000002,19.90048185885693,-1.0000000000000666,SL,2,-12.903013994371111
2023-04-20 20:40:00,2023-04-20 20:55:00,short,28660.319,28689.33039733272,28689.33039733272,28595.644448717954,24.176164443935335,-0.9999999999999402,SL,3,-13.903013994371051
2023-04-20 21:00:00,2023-04-20 21:35:00,short,28755.469,28598.098937500006,28791.328372428674,28598.098937500006,29.882810357226923,4.388533648016809,VWAP,7,-9.514480346354242
2023-04-21 00:30:00,2023-04-21 00:40:00,long,28549.519,28531.010633338577,28531.010633338577,28577.12519047619,15.42363888451865,-1.000000000000021,SL,2,-10.514480346354263
2023-04-21 02:40:00,2023-04-21 03:15:00,long,28546.469,28530.637444520624,28530.637444520624,28567.713747474747,13.192962899480227,-1.0000000000000542,SL,7,-11.514480346354318
2023-04-21 03:30:00,2023-04-21 04:05:00,long,28524.469,28562.516286821705,28508.105051495935,28562.516286821705,13.636623753386706,2.3250676211951355,VWAP,7,-9.189412725159183
2023-04-21 04:35:00,2023-04-21 04:45:00,long,28529.469,28558.324535714284,28510.377455098736,28558.324535714284,15.909620751053978,1.5114301049765524,VWAP,2,-7.677982620182631
2023-04-21 06:30:00,2023-04-21 06:45:00,long,28524.269,28506.59910881214,28506.59910881214,28558.23689029536,14.724909323215408,-1.000000000000047,SL,3,-8.677982620182679
2023-04-21 06:50:00,2023-04-21 08:10:00,long,28494.999,28555.949441767072,28477.063879992285,28555.949441767072,14.945933339763524,3.398384941993676,VWAP,5,-5.279597678189003
2023-04-21 10:00:00,2023-04-21 10:05:00,short,28599.469,28616.838529965273,28616.838529965273,28556.083747474753,14.474608304393922,-0.9999999999999476,SL,1,-6.27959767818895
2023-04-21 10:10:00,2023-04-21 10:20:00,short,28619.369,28638.844564102706,28638.844564102706,28557.20540264027,16.229636752257928,-0.9999999999999081,SL,2,-7.279597678188859
2023-04-21 10:25:00,2023-04-21 10:30:00,short,28654.999,28676.330024174073,28676.330024174073,28559.61313461539,17.775853478393103,-1.000000000000051,SL,1,-8.27959767818891
2023-04-23 20:05:00,2023-04-23 20:15:00,long,28574.319,28621.80657575758,28554.372024711363,28621.80657575758,16.622479407195375,2.3806905593670153,VWAP,2,-5.898907118821895
2023-04-24 01:05:00,2023-04-24 01:20:00,long,28599.999,28587.601532700108,28587.601532700108,28620.892809523804,10.331222749910953,-0.9999999999999089,SL,3,-6.898907118821803
2023-04-24 04:00:00,2023-04-24 04:10:00,short,28624.469,28638.485547804587,28638.485547804587,28600.49382993197,11.68045650382041,-1.0000000000000768,SL,2,-7.89890711882188
2023-04-24 05:10:00,2023-04-24 05:20:00,short,28629.369,28643.006987154477,28643.006987154477,28604.59608994708,11.36498929539787,-1.000000000000022,SL,2,-8.898907118821901
2023-04-24 05:25:00,2023-04-24 06:15:00,short,28649.319,28663.165413184543,28663.165413184543,28606.20753535353,11.53867765378592,-0.9999999999999964,SL,10,-9.898907118821898
2023-04-24 08:05:00,2023-04-24 10:00:00,short,28681.469,28693.52417146949,28693.52417146949,28617.247392156863,10.04597622457495,-0.9999999999998734,SL,12,-10.898907118821771
2023-04-24 12:50:00,2023-04-24 14:05:00,short,28684.269,28701.966218388086,28701.966218388086,28635.020166666673,14.747681990072385,-0.9999999999999618,SL,4,-11.898907118821732
2023-04-24 16:05:00,2023-04-24 18:50:00,short,28709.369,28681.519,28725.205028656026,28641.368313725496,13.196690546690443,1.7586479921780442,TIMEOUT,12,-10.140259126643688
2023-04-24 20:00:00,2023-04-24 20:05:00,short,28741.369,28757.281595192835,28757.281595192835,28645.893194260494,13.26049599402879,-1.0000000000001106,SL,1,-11.140259126643798
2023-04-24 20:10:00,2023-04-24 21:10:00,short,28781.469,28719.369,28802.896247895864,28647.501614379093,17.856039913218694,2.8981790056199235,TIMEOUT,12,-8.242080121023875
2023-04-24 21:40:00,2023-04-24 22:40:00,short,28744.519,28689.469,28772.3829366842,28654.518142300196,23.219947236833054,1.9756720173433193,TIMEOUT,12,-6.266408103680556
2023-04-24 23:10:00,2023-04-24 23:40:00,short,28694.319,28659.58575485009,28713.39847235336,28659.58575485009,15.899560294467815,1.8204510327451697,VWAP,6,-4.445957070935386
2023-04-25 01:35:00,2023-04-25 02:35:00,long,28616.419,28624.419,28600.198917053935,28642.500499999995,13.516735788388385,0.4932157268616361,TIMEOUT,12,-3.9527413440737504
2023-04-25 03:05:00,2023-04-25 03:25:00,long,28594.369,28577.441762507908,28577.441762507908,28633.764526315786,14.106031243408212,-1.0000000000000724,SL,4,-4.952741344073823
2023-04-25 03:30:00,2023-04-25 03:40:00,long,28574.519,28555.188898386554,28555.188898386554,28628.90923255813,16.1084180112059,-0.999999999999968,SL,2,-5.952741344073791
2023-04-25 04:20:00,2023-04-25 04:25:00,long,28564.519,28544.01210425896,28544.01210425896,28618.3234654088,17.089079784199956,-1.0000000000000198,SL,1,-6.952741344073811
2023-04-25 11:00:00,2023-04-25 11:20:00,long,28584.519,28611.6343872054,28568.8025905069,28611.6343872054,13.09700791091607,1.7252914679592715,VWAP,4,-5.227449876114539
2023-04-25 11:35:00,2023-04-25 12:10:00,long,28574.999,28555.616829089937,28555.616829089937,28610.68613836479,16.151809091719933,-0.9999999999999524,SL,7,-6.227449876114491
2023-04-25 12:15:00,2023-04-25 12:55:00,long,28544.269,28526.62395056893,28526.62395056893,28607.583298245623,14.704207859224837,-1.0000000000000235,SL,8,-7.227449876114514
2023-04-25 15:00:00,2023-04-25 16:00:00,long,28389.469,28384.469,28359.557795106404,28601.072467741946,24.9260040779974,-0.16716143725358099,TIMEOUT,12,-7.394611313368095
2023-04-25 21:30:00,2023-04-25 22:30:00,long,28479.319,28467.319,28445.866403626118,28561.33430571992,27.87716364490179,-0.3587165512022531,TIMEOUT,12,-7.753327864570348
2023-04-25 23:15:00,2023-04-25 23:35:00,long,28452.469,28431.211178772384,28431.211178772384,28552.450105263146,17.714851023014603,-0.9999999999999594,SL,4,-8.753327864570307
2023-04-25 23:50:00,2023-04-25 23:55:00,long,28415.319,28396.86813206695,28396.86813206695,28548.478543147197,15.375723277542315,-0.9999999999999675,SL,1,-9.753327864570275
2023-04-26 01:05:00,2023-04-26 01:10:00,short,28400.369,28420.97214722518,28420.97214722518,28356.446619047616,17.169289354318032,-0.9999999999999982,SL,1,-10.753327864570274
2023-04-26 03:40:00,2023-04-26 03:45:00,long,28360.999,28339.087590175714,28339.087590175714,28390.934833333336,18.25950818690433,-1.0000000000000475,SL,1,-11.753327864570322
2023-04-26 03:50:00,2023-04-26 04:50:00,long,28305.269,28380.369,28279.67075377396,28388.17363768116,21.331871855034777,2.9337947348751356,TIMEOUT,12,-8.819533129695186
2023-04-26 15:00:00,2023-04-26 16:00:00,long,28280.369,28310.519,28251.70383233717,28361.73115053765,23.887639719024577,1.0517991855005742,TIMEOUT,12,-7.767733944194612
2023-04-26 19:40:00,2023-04-26 20:15:00,long,28295.419,28274.810681586932,28274.810681586932,28352.494977011513,17.173598677556566,-1.0000000000000717,SL,7,-8.767733944194683
2023-04-27 00:55:00,2023-04-27 01:40:00,short,28415.999,28433.24123282618,28433.24123282618,28386.119000000002,14.368527355151379,-1.0000000000000122,SL,9,-9.767733944194696
2023-04-27 01:50:00,2023-04-27 02:50:00,short,28450.999,28442.269,28468.091886510352,28401.611608695657,14.244072091959499,0.5107387798259061,TIMEOUT,12,-9.256995164368789
2023-04-27 08:50:00,2023-04-27 08:55:00,short,28515.319,28531.277404080443,28531.277404080443,28457.580770833334,13.298670067037026,-0.9999999999999648,SL,1,-10.256995164368753
2023-04-28 01:30:00,2023-04-28 01:40:00,short,28772.369,28811.56315244358,28811.56315244358,28705.24584210526,32.66179370298541,-0.9999999999999982,SL,2,-11.256995164368751
2023-04-28 01:45:00,2023-04-28 02:15:00,short,28830.319,28869.506727739998,28869.506727739998,28719.24036363636,32.65643978333068,-1.0000000000000322,SL,6,-12.256995164368783
2023-04-28 02:40:00,2023-04-28 02:45:00,short,28917.319,28951.85198463291,28951.85198463291,28763.409937499997,28.77748719409426,-0.9999999999999503,SL,1,-13.256995164368734
2023-04-28 04:15:00,2023-04-28 05:15:00,long,28760.419,28755.369,28722.753285358227,28810.193509803918,31.388095534811107,-0.13407418518490516,TIMEOUT,12,-13.39106934955364
2023-04-28 08:10:00,2023-04-28 08:35:00,short,28850.319,28872.99440651044,28872.99440651044,28806.170264367807,18.896172092032312,-1.0000000000000384,SL,5,-14.391069349553678
2023-04-28 10:05:00,2023-04-28 10:25:00,short,28975.419,29004.196684299655,29004.196684299655,28815.03428619528,23.981403583044205,-1.0000000000000202,SL,4,-15.391069349553698
2023-04-28 15:00:00,2023-04-28 16:00:00,short,29050.519,29070.469,29084.711069266017,28847.784403225804,28.493391055014722,-0.583468635512749,TIMEOUT,12,-15.974537985066448
2023-04-28 16:05:00,2023-04-30 18:45:00,short,29070.419,29042.519,29098.874420371063,28864.7991459854,23.712850309216275,0.9804810344104787,TIMEOUT,12,-14.994056950655969
2023-04-30 20:00:00,2023-04-30 20:05:00,short,29090.269,29110.298092966852,29110.298092966852,29056.832095238096,16.690910805711223,-0.9999999999999143,SL,1,-15.994056950655883
2023-05-02 01:25:00,2023-05-02 02:05:00,long,29148.419,29127.247348699933,29127.247348699933,29181.15585185185,17.643042750056104,-1.0000000000000477,SL,8,-16.99405695065593
2023-05-02 02:30:00,2023-05-02 03:10:00,long,29103.419,29163.635451612903,29082.592191939322,29163.635451612903,17.355673383898612,2.8912952689371534,VWAP,8,-14.102761681718778
2023-05-02 03:30:00,2023-05-02 03:55:00,long,29108.999,29086.362134349638,29086.362134349638,29153.498612403102,18.864054708636296,-0.9999999999999256,SL,5,-15.102761681718704
2023-05-02 04:00:00,2023-05-02 04:05:00,long,29073.369,29050.349577554185,29050.349577554185,29147.190632653055,19.18285203817849,-0.9999999999999784,SL,1,-16.102761681718682
2023-05-02 04:10:00,2023-05-02 05:10:00,long,29053.319,29029.16623268703,29029.16623268703,29143.752529411762,20.127306094144046,-0.999999999999934,SL,12,-17.102761681718615
2023-05-02 07:10:00,2023-05-02 07:50:00,long,29028.469,29009.10999379929,29009.10999379929,29112.2565877193,16.1325051672588,-0.9999999999999558,SL,8,-18.102761681718572
2023-05-02 07:55:00,2023-05-02 09:00:00,long,29003.419,28986.574543631174,28986.574543631174,29102.357352941188,14.037046974021916,-1.0000000000001072,SL,2,-19.10276168171868
2023-05-02 09:05:00,2023-05-02 09:35:00,long,28963.369,28944.679396996242,28944.679396996242,29098.397636363643,15.574669169798272,-0.9999999999999468,SL,6,-20.102761681718626
2023-05-02 23:15:00,2023-05-02 23:25:00,long,28833.419,28818.667651317017,28818.667651317017,28951.570241134752,12.292790569153603,-1.0000000000000342,SL,2,-21.10276168171866
2023-05-03 00:50:00,2023-05-03 01:05:00,short,28853.469,28863.747891491006,28863.747891491006,28835.089909090908,8.56574290917096,-1.0000000000000044,SL,3,-22.102761681718665
2023-05-03 03:10:00,2023-05-03 03:15:00,long,28823.319,28809.264154522727,28809.264154522727,28842.686777777777,11.712371231060871,-0.9999999999999588,SL,1,-23.102761681718622
2023-05-03 04:15:00,2023-05-03 04:25:00,long,28793.369,28772.091916229365,28772.091916229365,28841.334448717942,17.730903142196173,-0.9999999999999295,SL,2,-24.10276168171855
2023-05-03 05:35:00,2023-05-03 06:35:00,long,28783.269,28803.319,28763.486093399253,28830.559294117636,16.48575550062154,1.013501221263581,TIMEOUT,12,-23.08926046045497
2023-05-03 06:50:00,2023-05-03 07:50:00,long,28778.999,28788.319,28762.362347742375,28824.795907630516,13.863876881353967,0.5602088602728503,TIMEOUT,12,-22.529051600182118
2023-05-03 09:35:00,2023-05-03 09:55:00,long,28755.999,28817.837031746032,28734.210514549937,28817.837031746032,18.15707120838559,2.8381060210797893,VWAP,4,-19.69094557910233
2023-05-03 15:00:00,2023-05-03 15:05:00,short,28883.269,28908.886499697586,28908.886499697586,28817.336392473117,21.347916414653834,-1.0000000000000555,SL,1,-20.690945579102387
2023-05-03 16:00:00,2023-05-03 19:00:00,long,28708.369,28661.705676082536,28661.705676082536,28813.77424509803,38.886103264551544,-1.0000000000000149,SL,1,-21.6909455791024
2023-05-03 19:05:00,2023-05-03 20:10:00,long,28575.999,28643.369,28524.749623765045,28810.441463768107,42.70781352912851,1.3145525848185804,TIMEOUT,12,-20.37639299428382
2023-05-03 23:45:00,2023-05-04 00:10:00,long,28748.369,28729.42814340299,28729.42814340299,28774.614906735744,15.784047164174778,-0.9999999999999059,SL,5,-21.376392994283727
2023-05-04 01:50:00,2023-05-04 01:55:00,long,28728.999,28715.1322410917,28715.1322410917,28746.396272727266,11.55563242358533,-0.9999999999999399,SL,1,-22.376392994283666
2023-05-04 02:45:00,2023-05-04 03:15:00,long,28683.999,28668.144799606256,28668.144799606256,28736.444353535353,13.211833661452468,-1.0000000000000446,SL,6,-23.376392994283712
2023-05-04 03:20:00,2023-05-04 03:40:00,long,28663.319,28729.563333333335,28643.175791160036,28729.563333333335,16.786007366634987,3.2886683477120147,VWAP,4,-20.087724646571697
2023-05-04 04:10:00,2023-05-04 04:20:00,long,28683.319,28724.150466666662,28658.791748223342,28724.150466666662,20.439376480546837,1.6647387582788307,VWAP,2,-18.422985888292867
2023-05-04 05:15:00,2023-05-04 07:00:00,long,28673.419,28649.702736994917,28649.702736994917,28718.079211640204,19.763552504237804,-0.9999999999999564,SL,10,-19.422985888292825
2023-05-04 07:05:00,2023-05-04 07:25:00,long,28643.369,28622.50344673234,28622.50344673234,28710.831432432427,17.387961056383205,-1.0000000000000213,SL,4,-20.422985888292846
2023-05-04 09:45:00,2023-05-04 11:40:00,long,28610.269,28633.999,28582.877580887034,28696.859842105256,22.82618259413845,0.8663297035518182,TIMEOUT,12,-19.556656184741026
2023-05-04 13:50:00,2023-05-04 15:45:00,long,28623.319,28620.469,28590.922739672624,28682.918153005463,26.99688360614558,-0.08797311699555357,TIMEOUT,12,-19.64462930173658
2023-05-04 22:50:00,2023-05-05 00:05:00,short,28743.469,28743.269,28758.14532108042,28686.91843223443,12.23026756701563,0.013627393330033431,TIMEOUT,12,-19.631001908406546
2023-05-05 01:05:00,2023-05-05 01:45:00,long,28718.319,28708.87322439777,28708.87322439777,28733.517484848482,7.871479668525224,-1.0000000000000935,SL,6,-20.63100190840664
2023-05-05 02:20:00,2023-05-05 02:50:00,short,28753.519,28766.588446397855,28766.588446397855,28728.69441666666,10.891205331546587,-0.99999999999988,SL,5,-21.631001908406517
2023-05-05 03:00:00,2023-05-05 03:25:00,short,28778.269,28789.868586965826,28789.868586965826,28736.404053763443,9.666322471521529,-0.9999999999999658,SL,5,-22.631001908406482
2023-05-05 07:00:00,2023-05-05 07:25:00,short,28808.519,28827.2898851201,28827.2898851201,28746.666745098035,15.642404266750065,-0.9999999999999258,SL,5,-23.631001908406407
2023-05-05 07:30:00,2023-05-05 09:00:00,short,28838.269,28854.988551123424,28854.988551123424,28752.65913513513,13.93295926952011,-0.9999999999999937,SL,7,-24.6310019084064
2023-05-07 23:30:00,2023-05-07 23:50:00,long,28972.419,28948.04305912573,28948.04305912573,29013.74536363636,20.313284061890908,-1.0000000000000322,SL,4,-25.631001908406432
2023-05-08 03:10:00,2023-05-08 03:15:00,short,28997.519,29012.522727256895,29012.522727256895,28964.01404273504,12.50310604741195,-1.0000000000000584,SL,1,-26.63100190840649
2023-05-08 03:20:00,2023-05-08 04:20:00,short,29017.419,29002.419,29034.67282605314,28966.10493495935,14.37818837761551,0.8693723904369245,TIMEOUT,12,-25.761629517969563
2023-05-08 05:20:00,2023-05-08 07:00:00,short,29007.419,29021.760076438903,29021.760076438903,28977.857512820516,11.950897032416655,-1.0000000000000657,SL,8,-26.76162951796963
2023-05-08 07:05:00,2023-05-08 07:20:00,short,29027.469,29040.383505914568,29040.383505914568,28981.936792792796,10.762088262138455,-1.0000000000000422,SL,3,-27.761629517969673
2023-05-08 09:45:00,2023-05-08 09:50:00,long,28967.369,28951.254918152114,28951.254918152114,28991.738645390076,13.428401539905167,-0.9999999999999407,SL,1,-28.761629517969613
2023-05-08 13:45:00,2023-05-08 15:00:00,short,29017.269,29031.73205654377,29031.73205654377,28991.018000000004,12.052547119806299,-1.0000000000001135,SL,4,-29.761629517969727
2023-05-08 20:10:00,2023-05-08 20:20:00,short,29074.419,29093.519055299737,29093.519055299737,28998.759,15.916712749780016,-0.9999999999999826,SL,2,-30.76162951796971
2023-05-08 21:20:00,2023-05-08 21:30:00,short,29142.269,29169.340757082373,29169.340757082373,29007.053230769234,22.559797568644917,-0.9999999999999536,SL,2,-31.761629517969663
2023-05-09 12:00:00,2023-05-09 12:50:00,short,29222.519,29242.573375429893,29242.573375429893,29187.253374999993,16.71197952490973,-1.0000000000000355,SL,10,-32.761629517969695
2023-05-09 12:55:00,2023-05-09 14:00:00,short,29252.419,29270.232165002337,29270.232165002337,29191.157021680214,14.844304168611206,-1.000000000000096,SL,2,-33.761629517969794
2023-05-09 14:05:00,2023-05-09 16:00:00,short,29270.269,29230.519,29287.73074326171,29192.90058730159,14.55145271808995,2.276405018917455,TIMEOUT,12,-31.48522449905234
2023-05-09 19:35:00,2023-05-09 19:45:00,short,29220.319,29231.032625037402,29231.032625037402,29199.89216348194,8.928020864501677,-1.0000000000000344,SL,2,-32.48522449905237
2023-05-09 19:50:00,2023-05-09 20:05:00,short,29240.269,29200.449249999987,29252.447448326227,29200.449249999987,10.148706938524118,3.2696899418830556,VWAP,3,-29.215534557169317
2023-05-09 20:30:00,2023-05-09 20:40:00,long,29157.469,29135.51507524961,29135.51507524961,29200.286837301574,18.294937291993346,-1.0000000000000273,SL,2,-30.215534557169345
2023-05-09 20:45:00,2023-05-09 20:50:00,long,29135.369,29112.285868558087,29112.285868558087,29199.352723196862,19.23594286826138,-0.9999999999999272,SL,1,-31.21553455716927
2023-05-09 21:30:00,2023-05-09 22:15:00,long,29115.319,29089.73816166013,29089.73816166013,29196.034703703684,21.3173652832256,-0.9999999999999302,SL,9,-32.2155345571692
2023-05-10 03:40:00,2023-05-10 04:00:00,long,29102.999,29085.438354370384,29085.438354370384,29127.04129629629,14.633871358013126,-0.9999999999999838,SL,4,-33.215534557169185
2023-05-10 04:05:00,2023-05-10 05:05:00,long,29032.319,29062.999,29008.524241964366,29121.789333333334,19.828965029695095,1.2893596124850315,TIMEOUT,12,-31.926174944684153
2023-05-10 05:10:00,2023-05-10 06:10:00,long,29052.269,29054.519,29031.794723824027,29108.77519047619,17.061896813310796,0.10989399481874862,TIMEOUT,12,-31.816280949865405
2023-05-10 10:40:00,2023-05-10 10:45:00,long,29022.469,28984.42580902133,28984.42580902133,29095.406165109034,31.70265914889118,-1.0000000000000466,SL,1,-32.81628094986545
2023-05-10 14:00:00,2023-05-10 15:00:00,long,28957.269,29002.319,28926.21265354375,29082.69142666666,25.880288713542665,1.4505891754994686,TIMEOUT,12,-31.36569177436598
2023-05-10 20:05:00,2023-05-10 20:20:00,short,29112.519,29071.717614718596,29135.71258123452,29071.717614718596,19.327984362097546,1.7591671104539266,VWAP,3,-29.606524663912055
2023-05-10 20:30:00,2023-05-10 20:40:00,long,29027.269,29071.626777777758,28998.872222241276,29071.626777777758,23.66398146560252,1.5620708150286984,VWAP,2,-28.044453848883357
2023-05-10 22:10:00,2023-05-10 23:05:00,long,29034.469,29071.291011173154,29005.763594729848,29071.291011173154,23.921171058461418,1.2827553147782567,VWAP,11,-26.7616985341051
2023-05-10 23:50:00,2023-05-11 00:35:00,short,29124.319,29142.02955290511,29142.02955290511,29071.49407537685,14.758794087593087,-0.9999999999999828,SL,9,-27.761698534105083
2023-05-11 01:05:00,2023-05-11 01:20:00,long,29102.519,29087.79612263568,29087.79612263568,29127.1670952381,12.269064470269106,-0.9999999999999305,SL,3,-28.76169853410501
2023-05-11 02:40:00,2023-05-11 02:50:00,long,29089.419,29073.567737975234,29073.567737975234,29118.637333333332,13.209385020640532,-0.9999999999999278,SL,2,-29.76169853410494
2023-05-11 08:00:00,2023-05-11 08:20:00,long,29082.419,29138.218803921565,29062.30396322753,29138.218803921565,16.762530643726222,2.7740343978853015,VWAP,4,-26.98766413621964
2023-05-11 08:35:00,2023-05-11 09:00:00,long,29062.269,29035.324157145966,29035.324157145966,29135.16925362319,22.454035711694775,-1.0000000000000286,SL,5,-27.987664136219667
2023-05-11 10:00:00,2023-05-11 10:20:00,long,29002.369,28973.725439628757,28973.725439628757,29129.96695918367,23.86963364270102,-1.0000000000000138,SL,4,-28.98766413621968
2023-05-11 21:05:00,2023-05-11 21:15:00,short,29299.269,29347.300639075733,29347.300639075733,29121.51771485944,40.02636589644268,-1.0000000000000273,SL,2,-29.98766413621971
2023-05-11 21:20:00,2023-05-11 22:20:00,short,29382.419,29364.419,29433.166381577765,29125.651583826435,42.28948464813562,0.3546981034364837,TIMEOUT,12,-29.632966032783226
2023-05-12 14:55:00,2023-05-12 16:00:00,short,29532.269,29554.371704794856,29554.371704794856,29479.717246913595,18.418920662378483,-1.0000000000000608,SL,2,-30.632966032783287
2023-05-14 20:35:00,2023-05-14 20:50:00,short,29622.369,29556.616254901957,29656.02687350258,29556.616254901957,28.048227918816604,1.95356207197705,VWAP,3,-28.679403960806237
2023-05-14 20:55:00,2023-05-14 21:10:00,long,29492.319,29556.419634920632,29453.279080770844,29556.419634920632,32.53326602429514,1.6419253980618833,VWAP,3,-27.037478562744354
2023-05-14 22:35:00,2023-05-14 23:15:00,long,29493.469,29538.59371544715,29463.019338839906,29538.59371544715,25.374717633412693,1.4819447484127022,VWAP,8,-25.555533814331653
2023-05-14 23:55:00,2023-05-15 00:10:00,short,29588.519,29609.078037810865,29609.078037810865,29537.28326900585,17.132531509054335,-0.9999999999999677,SL,3,-26.55553381433162
2023-05-15 00:40:00,2023-05-15 01:30:00,long,29573.419,29601.53788888889,29553.633341824978,29601.53788888889,16.488048479186237,1.4211753099215108,VWAP,10,-25.13435850441011
2023-05-15 02:15:00,2023-05-15 03:00:00,short,29663.319,29685.504235108587,29685.504235108587,29597.852452380943,18.487695923822898,-0.9999999999999885,SL,9,-26.1343585044101
2023-05-15 23:00:00,2023-05-15 23:10:00,short,29838.519,29863.796234029942,29863.796234029942,29733.978886363635,21.064361691617492,-1.0000000000000246,SL,2,-27.134358504410123
2023-05-15 23:15:00,2023-05-15 23:35:00,short,29868.319,29892.544521561143,29892.544521561143,29736.00238919925,20.187934634286986,-0.9999999999999832,SL,4,-28.134358504410105
2023-05-16 01:15:00,2023-05-16 01:20:00,long,29838.999,29821.454661542615,29821.454661542615,29863.18441666667,14.620282047820107,-1.000000000000026,SL,1,-29.13435850441013
2023-05-16 02:05:00,2023-05-16 03:05:00,long,29823.999,29804.41425237651,29804.41425237651,29852.855666666663,16.320623019573024,-1.000000000000045,SL,11,-30.134358504410176
2023-05-16 03:50:00,2023-05-16 04:50:00,short,29893.419,29847.760376811595,29914.198316754166,29847.760376811595,17.3160972951358,2.197311092014578,VWAP,12,-27.9370474123956
2023-05-16 06:30:00,2023-05-16 08:25:00,short,29888.269,29888.999,29904.59160823852,29853.980538461536,13.602173532098046,-0.04472324455333854,TIMEOUT,12,-27.98177065694894
2023-05-16 10:00:00,2023-05-16 10:10:00,short,29908.469,29925.891724991445,29925.891724991445,29861.0677414966,14.518937492868385,-1.0000000000001013,SL,2,-28.98177065694904
2023-05-16 12:00:00,2023-05-16 13:00:00,short,29983.519,29963.519,30008.01557914204,29868.22035135136,20.413815951698833,0.8164405276358765,TIMEOUT,12,-28.165330129313162
2023-05-16 14:50:00,2023-05-16 16:00:00,short,29923.469,29879.776835820903,29942.435555382097,29879.776835820903,15.805462818412572,2.303642559172567,VWAP,3,-25.861687570140596
2023-05-16 20:00:00,2023-05-16 20:05:00,short,29945.319,29966.06383231298,29966.06383231298,29880.704231788084,17.2873602608173,-0.9999999999999281,SL,1,-26.861687570140525
2023-05-16 20:35:00,2023-05-16 21:10:00,short,29993.469,30021.130828098205,30021.130828098205,29884.66615189873,23.051523415168976,-1.0000000000000386,SL,7,-27.861687570140564
2023-05-16 22:05:00,2023-05-16 22:50:00,short,30058.369,30087.043401001494,30087.043401001494,29897.489511363638,23.8953341679138,-0.9999999999999605,SL,9,-28.861687570140525
2023-05-18 01:10:00,2023-05-18 02:10:00,short,30589.319,30584.469,30614.661119278848,30540.96788888889,21.118432732372323,0.1913809948817843,TIMEOUT,12,-28.670306575258742
2023-05-18 03:15:00,2023-05-18 03:30:00,short,30634.319,30656.36884810171,30656.36884810171,30572.62616666666,18.374873418092093,-0.9999999999999476,SL,3,-29.67030657525869
2023-05-18 03:35:00,2023-05-18 03:40:00,short,30684.469,30707.340269045006,30707.340269045006,30580.62915151515,19.059390870838534,-0.9999999999999343,SL,1,-30.67030657525862
2023-05-18 03:45:00,2023-05-18 03:50:00,short,30759.469,30787.473614635746,30787.473614635746,30587.63871014493,23.337178863121085,-1.0000000000000029,SL,1,-31.670306575258625
2023-05-18 03:55:00,2023-05-18 04:00:00,short,30811.999,30841.49636670123,30841.49636670123,30596.55288888889,24.581138917690964,-1.0000000000000602,SL,1,-32.670306575258685
2023-05-18 14:20:00,2023-05-18 14:50:00,short,30796.519,30822.169468415785,30822.169468415785,30747.60427131784,21.375390346485812,-1.0000000000000562,SL,6,-33.67030657525874
2023-05-18 15:00:00,2023-05-18 16:00:00,short,30824.419,30845.234200285766,30845.234200285766,30751.50595863748,17.346000238136508,-1.0000000000000164,SL,1,-34.670306575258756
2023-05-18 16:05:00,2023-05-18 18:10:00,short,30904.469,30929.707841062725,30929.707841062725,30753.69506714629,21.032367552270685,-0.9999999999999886,SL,4,-35.67030657525874
2023-05-18 18:20:00,2023-05-18 19:00:00,short,30929.519,30955.77515005269,30955.77515005269,30759.898954022992,21.880125043907967,-1.0000000000000138,SL,8,-36.670306575258756
2023-05-18 20:20:00,2023-05-18 20:25:00,long,30709.269,30770.718303797472,30665.330853105505,30770.718303797472,36.61512241208081,1.3985410887951644,VWAP,1,-35.27176548646359
2023-05-18 22:15:00,2023-05-18 22:45:00,short,30869.369,30911.000953419458,30911.000953419458,30773.145022099452,34.69329451621511,-1.0000000000000213,SL,6,-36.271765486463615
2023-05-19 02:05:00,2023-05-19 02:20:00,short,30882.319,30911.401894378196,30911.401894378196,30810.304256410254,24.235745315163896,-0.9999999999999842,SL,3,-37.2717654864636
2023-05-19 03:30:00,2023-05-19 04:30:00,short,30952.369,30892.319,30980.71729121288,30843.285124030997,23.623576010736333,2.1182934642885294,TIMEOUT,12,-35.15347202217507
2023-05-19 05:00:00,2023-05-19 05:15:00,short,30937.469,30962.267236827334,30962.267236827334,30857.35495628415,20.665197356109903,-1.0000000000000575,SL,3,-36.15347202217513
2023-05-19 12:00:00,2023-05-19 12:05:00,long,30769.419,30737.920915557042,30737.920915557042,30877.69257142857,26.248403702465538,-1.0000000000000184,SL,1,-37.15347202217515
2023-05-19 12:10:00,2023-05-19 12:35:00,long,30757.319,30725.073406781325,30725.073406781325,30875.573298245614,26.871327682228085,-1.0000000000000377,SL,5,-38.15347202217519
2023-05-21 20:00:00,2023-05-21 20:05:00,long,30704.319,30753.741777777785,30675.514598916674,30753.741777777785,24.003667569437788,1.7158064711991379,VWAP,1,-36.43766555097605
2023-05-21 20:30:00,2023-05-21 21:30:00,short,30839.519,30847.269,30877.190844926514,30763.894925925924,31.393204105428328,-0.20572393030173677,TIMEOUT,12,-36.64338948127779
2023-05-21 22:40:00,2023-05-21 22:45:00,short,30851.319,30881.956859927202,30881.956859927202,30799.101196969696,25.531549939336227,-0.9999999999999831,SL,1,-37.64338948127777
2023-05-22 00:45:00,2023-05-22 00:50:00,short,30963.469,30988.58615147034,30988.58615147034,30913.628999999997,20.930959558613754,-1.0000000000000708,SL,1,-38.64338948127784
2023-05-22 00:55:00,2023-05-22 01:00:00,short,31016.319,31047.534319380033,31047.534319380033,30930.48872222222,26.01276615002916,-0.9999999999999419,SL,1,-39.64338948127779
2023-05-22 01:05:00,2023-05-22 02:05:00,short,31076.419,31061.369,31111.13529068993,30946.688523809524,28.930242241606752,0.43351405639569723,TIMEOUT,12,-39.20987542488209
2023-05-22 19:30:00,2023-05-22 19:50:00,short,31248.319,31276.8790080285,31276.8790080285,31099.19109245742,23.800006690415948,-1.0000000000000409,SL,4,-40.209875424882135
2023-05-22 20:40:00,2023-05-22 21:40:00,short,31308.319,31298.369,31352.303034751276,31114.69601986756,36.653362292731416,0.22621844622182344,TIMEOUT,12,-39.98365697866031
2023-05-22 23:45:00,2023-05-22 23:50:00,long,30981.369,30932.11368203443,30932.11368203443,31147.345507092203,41.04609830464015,-1.000000000000031,SL,1,-40.98365697866034
2023-05-23 21:45:00,2023-05-23 22:45:00,long,30628.319,30643.369,30578.10444002939,30762.583093567257,41.8454666421729,0.2997138680257005,TIMEOUT,12,-40.683943110634644
2023-05-23 23:30:00,2023-05-24 00:20:00,long,30591.419,30748.323652777777,30551.9034213863,30748.323652777777,32.929648844750545,3.970703663779182,VWAP,10,-36.71323944685546
2023-05-24 01:05:00,2023-05-24 01:50:00,short,30791.369,30730.15257142857,30824.425978547344,30730.15257142857,27.547482122789273,1.8518458510582987,VWAP,9,-34.86139359579716
2023-05-24 01:55:00,2023-05-24 02:00:00,long,30706.999,30676.29280225563,30676.29280225563,30746.02872222222,25.588498120309225,-0.9999999999999653,SL,1,-35.861393595797125
2023-05-24 02:05:00,2023-05-24 02:15:00,long,30666.269,30632.722288679597,30632.722288679597,30740.62771794872,27.95559276700134,-1.000000000000045,SL,2,-36.86139359579717
2023-05-24 03:05:00,2023-05-24 03:20:00,long,30593.269,30564.866231903023,30564.866231903023,30701.864877192984,23.66897341414928,-0.9999999999999433,SL,3,-37.86139359579711
2023-05-24 05:10:00,2023-05-24 05:20:00,long,30611.469,30579.243524769223,30579.243524769223,30658.268999999997,26.854562692314175,-1.000000000000034,SL,2,-38.861393595797146
2023-05-24 05:25:00,2023-05-24 06:00:00,long,30576.319,30544.10725470772,30544.10725470772,30655.12733333333,26.843121076900182,-0.9999999999999738,SL,7,-39.86139359579712
2023-05-24 07:00:00,2023-05-24 07:45:00,long,30511.999,30481.842548066306,30481.842548066306,30644.40291891892,25.130376611411815,-0.9999999999999762,SL,9,-40.8613935957971
2023-05-24 12:20:00,2023-05-24 14:15:00,long,30496.369,30501.469,30470.97468874382,30591.288652173902,21.161926046817356,0.20083238125865188,TIMEOUT,12,-40.66056121453845
2023-05-24 14:20:00,2023-05-24 15:00:00,long,30486.419,30462.86781538898,30462.86781538898,30583.840536458327,19.62598717585171,-0.9999999999999253,SL,8,-41.66056121453837
2023-05-24 19:10:00,2023-05-24 19:40:00,short,30631.469,30663.080279908532,30663.080279908532,30578.426338129495,26.34273325711092,-0.9999999999999427,SL,6,-42.66056121453831
2023-05-25 02:50:00,2023-05-25 03:05:00,short,30863.999,30807.48814285715,30892.113928533687,30807.48814285715,23.429107111406463,2.0099946928599794,VWAP,3,-40.650566521678336
2023-05-25 03:35:00,2023-05-25 03:45:00,long,30746.269,30709.307393376555,30709.307393376555,30807.820893939406,30.801338852870703,-0.9999999999999994,SL,2,-41.650566521678336
2023-05-25 05:00:00,2023-05-25 05:40:00,short,30871.269,30904.734915633366,30904.734915633366,30803.139655737716,27.888263027804935,-0.9999999999999877,SL,8,-42.65056652167832
2023-05-25 08:45:00,2023-05-25 09:00:00,short,30991.369,31024.522622659595,31024.522622659595,30845.83815789474,27.628018882997793,-0.999999999999968,SL,3,-43.650566521678286
2023-05-25 15:10:00,2023-05-25 15:30:00,short,31031.269,31066.811085607755,31066.811085607755,30872.545404199485,29.61840467313018,-0.9999999999999494,SL,4,-44.650566521678236
2023-05-25 22:00:00,2023-05-25 23:00:00,short,31078.369,31021.999,31121.61350689634,30909.13808045978,36.03708908028489,1.3035181586211455,TIMEOUT,12,-43.34704836305709
2023-05-26 01:55:00,2023-05-26 02:55:00,long,30946.269,30971.519,30911.295310805705,30996.44580555556,29.144740995246096,0.7219713041916842,TIMEOUT,12,-42.62507705886541
2023-05-26 03:45:00,2023-05-26 04:05:00,long,30926.369,30978.119724637683,30897.29323330405,30978.119724637683,24.229805579956313,1.7798576105956032,VWAP,4,-40.8452194482698
2023-05-26 06:25:00,2023-05-26 06:40:00,short,31071.999,31095.243186632986,31095.243186632986,30994.859213675216,19.370155527487668,-1.0000000000000508,SL,3,-41.84521944826985
2023-05-26 06:45:00,2023-05-26 08:00:00,short,31131.519,31156.60994643963,31156.60994643963,30999.804853658545,20.909122033022143,-1.0000000000000637,SL,4,-42.845219448269916
2023-05-26 08:50:00,2023-05-26 10:00:00,short,31191.269,31216.95450367844,31216.95450367844,31020.306951388902,21.404586398698864,-1.000000000000053,SL,3,-43.845219448269965
2023-05-29 02:45:00,2023-05-29 03:00:00,short,31301.419,31328.966083645937,31328.966083645937,31250.682627450977,22.955903038278187,-1.0000000000000553,SL,3,-44.84521944827002
2023-05-29 03:05:00,2023-05-29 04:05:00,short,31366.269,31321.519,31396.41696855507,31259.710140350875,25.123307129223956,1.4843454516100796,TIMEOUT,12,-43.36087399665994
2023-05-29 04:20:00,2023-05-29 05:20:00,short,31346.419,31328.469,31373.09147093922,31282.123905660377,22.227059116016576,0.672978519346949,TIMEOUT,12,-42.68789547731299
2023-05-29 05:40:00,2023-05-29 07:05:00,long,31251.269,31225.349944866088,31225.349944866088,31291.94368599034,21.599212611592648,-1.0000000000000504,SL,6,-43.68789547731304
2023-05-29 07:10:00,2023-05-29 09:05:00,long,31211.519,31236.469,31187.050284829067,31287.636324561405,20.390595975778805,1.0196693952136016,TIMEOUT,12,-42.66822608209944
2023-05-29 19:45:00,2023-05-29 20:00:00,long,31223.419,31203.180198624228,31203.180198624228,31277.329546448083,16.865667813144178,-1.00000000000003,SL,3,-43.668226082099466
2023-05-29 20:15:00,2023-05-29 20:20:00,short,31348.269,31276.99842708333,31385.759694861117,31276.99842708333,31.242245717597584,1.9010203246616069,VWAP,1,-41.76720575743786
2023-05-29 20:35:00,2023-05-29 20:40:00,long,31138.319,31087.063367452927,31087.063367452927,31275.822888888888,42.71302712256109,-0.9999999999999806,SL,1,-42.767205757437836
2023-05-29 23:05:00,2023-05-30 00:05:00,long,31106.469,31245.964452674893,31069.76950803061,31245.964452674893,30.58290997449241,3.801018629664884,VWAP,12,-38.966187127772955
2023-05-30 01:15:00,2023-05-30 01:50:00,short,31371.999,31305.224625,31408.33153850222,31305.224625,30.277115418518765,1.8378670401991366,VWAP,7,-37.12832008757382
2023-05-30 03:05:00,2023-05-30 03:15:00,long,31266.319,31230.167269022113,31230.167269022113,31324.363473684203,30.126442481571807,-1.0000000000000084,SL,2,-38.128320087573826
2023-05-30 05:10:00,2023-05-30 07:05:00,short,31416.419,31346.419,31458.662931850788,31322.326830687827,35.20327654232125,1.6570427262134313,TIMEOUT,12,-36.47127736136039
2023-05-30 09:40:00,2023-05-30 09:50:00,long,31271.519,31240.78645598955,31240.78645598955,31332.130017543856,25.61045334204174,-1.0000000000000138,SL,2,-37.47127736136041
2023-05-30 11:00:00,2023-05-30 11:15:00,long,31171.419,31129.53156835829,31129.53156835829,31327.290333333327,34.90619303475982,-1.0000000000000335,SL,3,-38.47127736136044
2023-05-30 11:20:00,2023-05-30 13:15:00,long,31096.419,31126.999,31055.97267328408,31320.175089743585,33.705272263269855,0.7560637141359658,TIMEOUT,12,-37.71521364722447
2023-05-30 13:30:00,2023-05-30 15:25:00,long,31076.469,31161.469,31044.7114056198,31295.820764705877,26.46466198350041,2.676525148044396,TIMEOUT,12,-35.038688499180076
2023-05-31 05:05:00,2023-05-31 07:00:00,short,30946.419,30911.469,30984.082938214535,30870.768139784952,31.386615178778747,0.9279433234231873,TIMEOUT,12,-34.11074517575689
2023-05-31 07:50:00,2023-05-31 07:55:00,long,30836.369,30808.72089881939,30808.72089881939,30878.241738095243,23.040084317173854,-1.0000000000000482,SL,1,-35.11074517575694
2023-05-31 08:00:00,2023-05-31 08:10:00,long,30811.369,30781.41507602284,30781.41507602284,30876.725124031014,24.961603314297715,-1.0000000000000386,SL,2,-36.110745175756975
2023-05-31 08:15:00,2023-05-31 08:20:00,long,30771.999,30742.55803098476,30742.55803098476,30873.56270786517,24.534140846032134,-1.0000000000000084,SL,1,-37.11074517575698
2023-05-31 19:55:00,2023-05-31 20:05:00,short,30886.369,30917.129702991428,30917.129702991428,30821.21292543858,25.6339191595249,-0.9999999999999662,SL,2,-38.110745175756946
2023-05-31 20:20:00,2023-05-31 20:25:00,short,31013.319,31058.447277458417,31058.447277458417,30825.14464755837,37.606897882016355,-0.9999999999999611,SL,1,-39.11074517575691
2023-06-01 14:00:00,2023-06-01 15:00:00,short,31389.319,31416.908136387774,31416.908136387774,31233.10641935485,22.990946989813015,-0.999999999999959,SL,12,-40.11074517575687
2023-06-01 23:35:00,2023-06-01 23:50:00,short,31394.469,31427.678451623626,31427.678451623626,31284.36911965812,27.674543019687142,-1.0000000000000062,SL,3,-41.110745175756875
2023-06-01 23:55:00,2023-06-02 00:20:00,short,31446.519,31481.866875880423,31481.866875880423,31286.864226130656,29.45656323368633,-0.9999999999999857,SL,5,-42.11074517575686
2023-06-02 02:00:00,2023-06-02 02:15:00,short,31519.419,31547.729375594045,31547.729375594045,31470.739799999996,23.59197966170224,-1.000000000000006,SL,3,-43.11074517575687
2023-06-02 02:20:00,2023-06-02 02:25:00,short,31544.469,31571.61767964758,31571.61767964758,31479.563137931036,22.623899706317182,-0.9999999999999823,SL,1,-44.110745175756854
2023-06-02 02:30:00,2023-06-02 02:35:00,short,31574.369,31603.22415745123,31603.22415745123,31485.60555913978,24.045964542691873,-1.0000000000000333,SL,1,-45.11074517575689
2023-06-02 02:40:00,2023-06-02 03:20:00,short,31596.519,31625.906865353358,31625.906865353358,31492.243747474746,24.489887794464057,-1.000000000000021,SL,8,-46.11074517575691
2023-06-04 19:50:00,2023-06-04 20:00:00,long,31889.419,31857.44646485467,31857.44646485467,31966.10293939394,26.643779287775466,-1.0000000000000067,SL,2,-47.11074517575692
2023-06-04 20:10:00,2023-06-04 20:45:00,long,31826.269,31941.040333333327,31785.680336623132,31941.040333333327,33.82388614739055,2.827669693571002,VWAP,7,-44.283075482185914
2023-06-04 23:30:00,2023-06-04 23:35:00,short,32116.369,32150.441348208376,32150.441348208376,31983.890454545457,28.39362350698219,-0.9999999999999717,SL,1,-45.283075482185886
2023-06-06 01:55:00,2023-06-06 02:05:00,short,32528.469,32444.79191666667,32566.332747522192,32444.79191666667,31.553122935159546,2.2099524957029164,VWAP,2,-43.07312298648297
2023-06-06 02:50:00,2023-06-06 03:30:00,long,32373.419,32431.91938095238,32337.58543333466,32431.91938095238,29.861305554450656,1.6325581402132672,VWAP,8,-41.4405648462697
2023-06-06 03:40:00,2023-06-06 04:35:00,long,32281.469,32239.97302843411,32239.97302843411,32418.327,34.57997630491055,-0.9999999999999726,SL,11,-42.44056484626967
2023-06-06 08:00:00,2023-06-06 08:45:00,short,32441.519,32472.27773225034,32472.27773225034,32383.79283720929,25.632276875280944,-1.0000000000000495,SL,9,-43.44056484626972
2023-06-06 10:10:00,2023-06-06 12:00:00,short,32611.269,32651.291147775166,32651.291147775166,32395.64434653464,33.35178981263657,-1.0000000000000442,SL,11,-44.440564846269766
2023-06-06 19:35:00,2023-06-06 20:00:00,short,32611.519,32638.292396951885,32638.292396951885,32468.902963963956,22.311164126570333,-1.00000000000002,SL,5,-45.44056484626979
2023-06-06 21:00:00,2023-06-06 21:05:00,long,32388.469,32319.055279736247,32319.055279736247,32480.80738383838,57.84476688646312,-0.999999999999974,SL,1,-46.44056484626976
2023-06-06 21:10:00,2023-06-06 22:10:00,long,32113.269,32081.999,32014.439414670538,32477.899439121753,82.35798777455248,-0.3164032298198691,TIMEOUT,12,-46.75696807608963
2023-06-07 19:00:00,2023-06-07 20:00:00,long,31856.999,31946.763468599034,31812.722749639182,31946.763468599034,36.89687530068202,2.0273728662097845,VWAP,12,-44.72959520987985
2023-06-07 22:30:00,2023-06-07 23:30:00,long,31858.999,31808.0406746471,31808.0406746471,31939.081074074078,42.465271127415576,-0.9999999999999885,SL,12,-45.72959520987983
2023-06-07 23:35:00,2023-06-07 23:55:00,long,31653.419,31601.298199229346,31601.298199229346,31932.341400690846,43.43400064221276,-1.0000000000000033,SL,4,-46.72959520987983
2023-06-08 03:10:00,2023-06-08 03:30:00,short,31721.369,31764.842986040803,31764.842986040803,31611.16891452992,36.228321700669035,-1.0000000000000369,SL,4,-47.72959520987987
2023-06-08 06:00:00,2023-06-08 07:35:00,short,31761.419,31674.952013698643,31790.36959292158,31674.952013698643,24.125494101313546,2.9867086499950997,VWAP,8,-44.74288655988477
2023-06-08 14:30:00,2023-06-08 15:00:00,short,31801.999,31831.9974332538,31831.9974332538,31689.510016949145,24.998694378168526,-0.9999999999999462,SL,6,-45.74288655988471
2023-06-11 19:50:00,2023-06-11 20:00:00,long,32393.519,32432.94324242424,32365.961219809014,32432.94324242424,22.964816825821615,1.4306029785786507,VWAP,2,-44.31228358130606
2023-06-11 22:50:00,2023-06-11 23:05:00,short,32517.319,32455.472049645396,32548.356464067623,32455.472049645396,25.86455338968565,1.992654754907007,VWAP,3,-42.319628826399054
2023-06-11 23:45:00,2023-06-12 00:05:00,long,32392.519,32347.607671361035,32347.607671361035,32457.4193448276,37.426107199138016,-1.0000000000000004,SL,4,-43.319628826399054
2023-06-12 02:20:00,2023-06-12 03:20:00,short,32465.319,32498.082101511052,32498.082101511052,32399.05693103449,27.302584592543276,-1.0000000000000269,SL,12,-44.31962882639908
2023-06-12 04:05:00,2023-06-12 05:05:00,short,32600.369,32630.519,32635.756677663507,32441.028800000007,29.489731386256125,-0.851991483778346,TIMEOUT,12,-45.17162031017743
2023-06-12 08:00:00,2023-06-12 09:00:00,short,32595.469,32585.999,32626.00545750314,32498.377178294588,25.44704791928181,0.31012110684508676,TIMEOUT,12,-44.86149920333234
2023-06-12 10:00:00,2023-06-12 11:00:00,short,32610.269,32607.519,32637.56345347797,32509.0114915825,22.7453778983104,0.1007530706639479,TIMEOUT,12,-44.760746132668395
2023-06-12 12:30:00,2023-06-12 14:25:00,short,32640.369,32650.319,32664.495468628553,32526.361824858763,20.10539052379597,-0.412410127366269,TIMEOUT,12,-45.173156260034666
2023-06-12 14:35:00,2023-06-12 15:00:00,short,32655.469,32672.323188535138,32672.323188535138,32539.13872222223,14.045157112613483,-1.0000000000000444,SL,5,-46.17315626003471
2023-06-12 16:00:00,2023-06-12 18:50:00,short,32720.469,32739.9866402388,32739.9866402388,32544.710207729466,16.26470019899962,-0.9999999999999607,SL,12,-47.173156260034666
2023-06-12 19:00:00,2023-06-12 20:15:00,short,32747.519,32761.497209697354,32761.497209697354,32561.705030701753,11.648508081126893,-1.000000000000126,SL,4,-48.173156260034794
2023-06-12 21:30:00,2023-06-12 21:45:00,short,32922.319,32976.753918397764,32976.753918397764,32582.782450292405,45.36243199813617,-0.9999999999999571,SL,3,-49.17315626003475
2023-06-14 01:25:00,2023-06-14 01:45:00,short,33649.369,33513.07455555556,33699.09665574996,33513.07455555556,41.43971312496833,2.7408178082985684,VWAP,4,-46.432338451736186
2023-06-14 03:20:00,2023-06-14 03:30:00,short,33719.319,33767.480587690414,33767.480587690414,33556.184040650405,40.13465640867426,-1.0000000000000324,SL,2,-47.43233845173622
2023-06-14 13:15:00,2023-06-14 13:20:00,long,33472.519,33429.52219748833,33429.52219748833,33598.50523563219,35.83066875972581,-0.9999999999999459,SL,1,-48.432338451736165
2023-06-14 13:25:00,2023-06-14 14:00:00,long,33437.469,33394.801450895546,33394.801450895546,33595.860158192096,35.55629092037572,-1.0000000000000175,SL,7,-49.43233845173618
2023-06-14 20:00:00,2023-06-14 20:15:00,long,33467.519,33407.80137997913,33407.80137997913,33575.51991111112,49.764683350726266,-0.9999999999999835,SL,3,-50.432338451736165
2023-06-14 21:35:00,2023-06-14 22:10:00,long,33474.469,33570.43858579883,33402.337321038685,33570.43858579883,60.109732467762576,1.330477637298627,VWAP,7,-49.101860814437536
2023-06-14 22:50:00,2023-06-14 23:50:00,short,33729.469,33704.319,33798.23827936961,33570.73117391305,57.307732808008964,0.36571562521139345,TIMEOUT,12,-48.73614518922614
2023-06-15 01:40:00,2023-06-15 02:00:00,long,33527.999,33467.81458968558,33467.81458968558,33641.69296825398,50.15367526202153,-0.9999999999999845,SL,4,-49.73614518922613
2023-06-15 04:25:00,2023-06-15 04:45:00,long,33489.519,33447.621806939234,33447.621806939234,33551.4115308642,34.91432755063729,-1.0000000000000266,SL,4,-50.73614518922616
2023-06-15 05:20:00,2023-06-15 05:25:00,long,33317.319,33264.93274246751,33264.93274246751,33529.915,43.65521461041601,-0.9999999999999488,SL,1,-51.73614518922611
2023-06-15 05:55:00,2023-06-15 06:35:00,long,33249.999,33186.707021621216,33186.707021621216,33505.71927777779,52.743315315657554,-0.9999999999999747,SL,8,-52.73614518922608
2023-06-15 14:45:00,2023-06-15 15:00:00,short,33532.419,33563.21807893758,33563.21807893758,33437.066164179116,25.6658991146465,-1.0000000000000153,SL,3,-53.73614518922609
2023-06-15 20:00:00,2023-06-15 20:05:00,long,33379.999,33353.09952143982,33353.09952143982,33445.70839393941,22.416232133483284,-1.0000000000000995,SL,1,-54.73614518922619
2023-06-15 20:10:00,2023-06-15 20:15:00,long,33264.519,33226.44573532311,33226.44573532311,33443.84517521369,31.72772056407488,-0.9999999999999606,SL,1,-55.73614518922615
2023-06-18 20:00:00,2023-06-18 20:05:00,long,33737.269,33694.90148622791,33694.90148622791,33800.69156410256,35.30626147674189,-1.000000000000063,SL,1,-56.736145189226214
2023-06-18 23:35:00,2023-06-18 23:40:00,long,33587.519,33548.903790506614,33548.903790506614,33664.22144047619,32.17934124448541,-1.0000000000000888,SL,1,-57.736145189226306
2023-06-19 05:30:00,2023-06-19 05:45:00,short,33497.999,33533.635809279476,33533.635809279476,33409.946661691545,29.697341066229015,-0.9999999999999434,SL,3,-58.73614518922625
2023-06-19 05:50:00,2023-06-19 06:50:00,short,33552.319,33497.519,33586.161625412096,33416.12017370892,28.202187843413533,1.619259715601614,TIMEOUT,12,-57.116885473624635
2023-06-19 11:00:00,2023-06-19 12:00:00,long,33372.419,33364.419,33341.514935858126,33430.12398316499,25.753386784899504,-0.2588656289112105,TIMEOUT,12,-57.375751102535844
2023-06-19 18:30:00,2023-06-19 20:00:00,long,33362.269,33341.63647515057,33341.63647515057,33420.18911299436,17.193770707861955,-0.9999999999998975,SL,7,-58.375751102535745
2023-06-19 20:15:00,2023-06-19 21:15:00,long,33204.519,33319.369,33163.052625729615,33412.25306250001,34.555311891988396,2.7697140640053655,TIMEOUT,12,-55.60603703853038
2023-06-19 21:45:00,2023-06-19 21:55:00,long,33324.319,33267.22493775293,33267.22493775293,33403.214639269405,47.57838520589629,-0.9999999999999633,SL,2,-56.606037038530346
2023-06-19 23:30:00,2023-06-20 00:30:00,long,33144.519,33232.269,33089.51706343237,33375.07097604791,45.83494713968625,1.5953983709666948,TIMEOUT,12,-55.010638667563654
2023-06-20 02:00:00,2023-06-20 03:00:00,short,33364.519,33312.469,33411.12211711814,33279.033,38.83593093178318,1.1168780806669034,TIMEOUT,12,-53.893760586896754
2023-06-20 04:15:00,2023-06-20 04:35:00,long,33217.369,33174.37186158863,33174.37186158863,33301.74758974359,35.83094867614081,-0.999999999999952,SL,4,-54.893760586896704
2023-06-20 04:40:00,2023-06-20 04:55:00,long,33147.319,33103.065439370184,33103.065439370184,33291.135374269,36.87796719151656,-0.9999999999999762,SL,3,-55.89376058689668
2023-06-20 06:20:00,2023-06-20 06:40:00,long,33182.269,33148.350865515735,33148.350865515735,33260.34882683982,28.265112070222496,-0.9999999999999549,SL,4,-56.89376058689664
2023-06-20 10:30:00,2023-06-20 12:25:00,long,33149.419,33182.419,33111.13202330121,33243.25947619048,31.905813915660566,0.8619118782768921,TIMEOUT,12,-56.03184870861975
2023-06-20 16:00:00,2023-06-20 18:40:00,long,33149.469,33144.999,33121.6255175128,33225.2819951691,23.20290207266506,-0.1605402629519893,TIMEOUT,12,-56.19238897157174
2023-06-20 18:55:00,2023-06-20 20:00:00,long,33129.469,33217.54856427016,33112.620515832146,33217.54856427016,14.040403473210134,5.227744133696248,VWAP,2,-50.96464483787549
2023-06-20 20:35:00,2023-06-20 20:40:00,short,33329.999,33374.86569776874,33374.86569776874,33219.51897942388,37.388914807281296,-1.0000000000000313,SL,1,-51.96464483787552
2023-06-21 04:15:00,2023-06-21 05:15:00,short,33757.999,33777.999,33795.83122495513,33611.9548974359,31.526854129271843,-0.528649848739336,TIMEOUT,12,-52.49329468661485
2023-06-21 08:35:00,2023-06-21 08:55:00,long,33602.369,33665.02871326165,33565.227752467894,33665.02871326165,30.951039610086003,1.687065390237402,VWAP,4,-50.80622929637745
2023-06-21 11:00:00,2023-06-21 11:10:00,long,33584.319,33545.0955471074,33545.0955471074,33662.77812457913,32.686210743838195,-0.9999999999999931,SL,2,-51.806229296377445
2023-06-21 16:15:00,2023-06-21 19:00:00,long,33592.369,33558.831038046534,33558.831038046534,33647.640558753,27.94830162788731,-1.0000000000000107,SL,1,-52.80622929637745
2023-06-22 00:30:00,2023-06-22 01:25:00,long,33384.419,33338.72881393677,33338.72881393677,33486.197095238094,38.0751550526948,-1.0000000000000309,SL,11,-53.80622929637748
2023-06-22 20:35:00,2023-06-22 20:55:00,long,33259.999,33200.80235696096,33200.80235696096,33360.17616981131,49.33053586587114,-1.0000000000000062,SL,4,-54.80622929637749
2023-06-22 21:00:00,2023-06-22 21:10:00,long,33216.519,33147.96593263243,33147.96593263243,33357.688837398375,57.127556139642124,-0.9999999999999565,SL,2,-55.806229296377445
2023-06-22 21:35:00,2023-06-22 21:40:00,long,32940.269,32852.46627979455,32852.46627979455,33347.30929239766,73.16893350454187,-1.0000000000000075,SL,1,-56.80622929637745
2023-06-23 14:45:00,2023-06-23 16:00:00,long,32602.519,32660.966192982476,32562.343462704415,32660.966192982476,33.47961441298895,1.4547955526383518,VWAP,4,-55.3514337437391
2023-06-25 20:00:00,2023-06-25 20:05:00,long,32570.999,32537.270541890677,32537.270541890677,32638.980666666674,28.107048424436833,-0.9999999999999547,SL,1,-56.35143374373906
2023-06-25 20:40:00,2023-06-25 20:45:00,short,32737.469,32803.76760591567,32803.76760591567,32621.9186969697,55.248838263060044,-0.9999999999999983,SL,1,-57.35143374373906
2023-06-25 21:25:00,2023-06-25 22:25:00,short,32875.319,32867.999,32950.316173829444,32655.822978494623,62.49764485786774,0.09760367792854258,TIMEOUT,12,-57.25383006581052
2023-06-25 22:35:00,2023-06-25 23:35:00,short,32904.319,32782.269,32965.13035488492,32712.144259259254,50.67612907075898,2.0070264875859127,TIMEOUT,12,-55.24680357822461
2023-06-26 03:10:00,2023-06-26 03:20:00,long,32617.269,32578.32870075301,32578.32870075301,32725.372846153852,32.45024937249419,-0.9999999999999567,SL,2,-56.246803578224565
2023-06-26 03:30:00,2023-06-26 03:40:00,long,32569.999,32526.42484051454,32526.42484051454,32713.409620155046,36.31179957121541,-1.0000000000000107,SL,2,-57.24680357822457
2023-06-26 04:30:00,2023-06-26 05:30:00,long,32532.419,32602.469,32483.320604997418,32686.63754545455,40.915329168819255,1.4267268817303271,TIMEOUT,12,-55.82007669649425
2023-06-26 07:00:00,2023-06-26 08:00:00,long,32582.419,32587.319,32540.765328529968,32667.16715315316,34.711392891693954,0.1176366890856924,TIMEOUT,12,-55.702440007408555
2023-06-26 09:00:00,2023-06-26 09:40:00,long,32547.519,32655.86225670498,32516.477638021108,32655.86225670498,25.86780164907576,3.490286823711387,VWAP,8,-52.21215318369717
2023-06-26 09:50:00,2023-06-26 11:05:00,short,32717.999,32649.797934707894,32755.22646065956,32649.797934707894,31.02288388296543,1.8320095994673773,VWAP,4,-50.38014358422979
2023-06-26 19:00:00,2023-06-26 19:45:00,long,32599.269,32570.092841580612,32570.092841580612,32653.817872901676,24.31346534948902,-1.0000000000000482,SL,7,-51.38014358422984
2023-06-26 20:15:00,2023-06-26 20:20:00,long,32572.269,32525.017936563734,32525.017936563734,32650.170622807014,39.37588619688717,-1.000000000000032,SL,1,-52.38014358422987
2023-06-26 20:30:00,2023-06-26 20:50:00,long,32507.469,32453.423990390136,32453.423990390136,32648.23046236559,45.037508008221955,-0.9999999999999712,SL,4,-53.38014358422984
2023-06-26 21:15:00,2023-06-26 22:15:00,long,32344.419,32449.469,32279.02968865023,32637.623186991856,54.49109279147814,1.606531676684537,TIMEOUT,12,-51.7736119075453
2023-06-26 22:50:00,2023-06-26 23:35:00,long,32364.319,32308.74785209868,32308.74785209868,32612.975794171216,46.30928991776698,-0.9999999999999736,SL,9,-52.77361190754527
2023-06-27 00:50:00,2023-06-27 01:30:00,short,32509.469,32553.61561398816,32553.61561398816,32419.419303030303,36.78884499013374,-0.9999999999999779,SL,8,-53.77361190754525
2023-06-27 02:10:00,2023-06-27 03:10:00,short,32622.999,32602.519,32670.78122636504,32485.443074074075,39.81852197086729,0.4286112548113391,TIMEOUT,12,-53.345000652733916
2023-06-27 10:30:00,2023-06-27 10:45:00,short,32677.369,32717.87172983957,32717.87172983957,32553.326371794872,33.752274866311474,-0.9999999999999704,SL,3,-54.34500065273389
2023-06-27 10:50:00,2023-06-27 12:40:00,short,32742.369,32782.814847015514,32782.814847015514,32558.926993827157,33.70487251293004,-0.9999999999999749,SL,11,-55.34500065273386
2023-06-27 22:30:00,2023-06-27 22:40:00,short,32817.999,32872.27746387077,32872.27746387077,32656.063007285975,45.23205322563946,-0.9999999999999963,SL,2,-56.34500065273385
2023-06-27 22:45:00,2023-06-27 23:40:00,short,32997.469,33059.366587873206,33059.366587873206,32659.941437275986,51.58132322767167,-1.0000000000000482,SL,11,-57.3450006527339
2023-06-28 11:45:00,2023-06-28 13:40:00,short,33320.269,33302.419,33358.97505897686,33157.94740978596,32.25504914738321,0.46116810834887745,TIMEOUT,12,-56.88383254438502
2023-06-28 19:05:00,2023-06-28 19:35:00,short,33320.519,33348.54206879334,33348.54206879334,33186.42007142858,23.352557327780623,-0.9999999999999832,SL,6,-57.88383254438501
2023-06-28 20:25:00,2023-06-28 20:30:00,short,33407.419,33453.9148239238,33453.9148239238,33201.19235470087,38.74651993649665,-1.0000000000000158,SL,1,-58.88383254438502
2023-06-28 20:50:00,2023-06-28 21:40:00,short,33460.269,33510.420326084626,33510.420326084626,33208.595190476204,41.792771737187955,-1.0000000000000073,SL,10,-59.88383254438503
2023-06-29 01:40:00,2023-06-29 01:50:00,long,33239.469,33188.764102009314,33188.764102009314,33317.40519047619,42.25408165890201,-1.0000000000000135,SL,2,-60.883832544385044
2023-06-29 09:25:00,2023-06-29 09:40:00,long,33162.269,33226.98675362318,33135.22515330768,33226.98675362318,22.53653891026623,2.3930676119962975,VWAP,3,-58.49076493238874
2023-06-29 11:00:00,2023-06-29 12:00:00,long,33119.469,33169.469,33079.668721392445,33224.992099999996,33.16689883962392,1.2562726128886137,TIMEOUT,12,-57.23449231950013
2023-06-29 13:05:00,2023-06-29 15:00:00,long,33132.419,33152.319,33100.50316800853,33217.01981871345,26.596526659559313,0.6235150004962837,TIMEOUT,12,-56.610977319003844
2023-06-29 15:40:00,2023-06-29 19:40:00,long,33157.269,33136.90319457451,33136.90319457451,33206.84268159204,16.97150452124521,-0.9999999999998895,SL,11,-57.61097731900373
2023-06-29 19:45:00,2023-06-29 20:05:00,long,33084.469,33058.71160838331,33058.71160838331,33202.63621461187,21.46449301390797,-0.999999999999921,SL,4,-58.61097731900365
2023-06-29 20:10:00,2023-06-29 21:10:00,long,32949.469,32972.269,32906.722260305345,33197.69588741722,35.62228307887531,0.5333740108103792,TIMEOUT,12,-58.077603308193275
2023-06-30 01:40:00,2023-06-30 02:40:00,short,33192.469,33177.999,33238.57868359548,33087.00693650794,38.42473632956979,0.3138169441139077,TIMEOUT,12,-57.763786364079365
2023-06-30 03:30:00,2023-06-30 03:55:00,short,33202.319,33234.20167187342,33234.20167187342,33133.30155813953,26.568893227851635,-0.9999999999999352,SL,5,-58.7637863640793
2023-06-30 04:00:00,2023-06-30 05:00:00,short,33250.469,33245.469,33282.24110331243,33143.32314965985,26.476752760360398,0.15737075858127061,TIMEOUT,12,-58.60641560549803
2023-07-03 08:45:00,2023-07-03 10:00:00,long,33685.319,33664.795266131296,33664.795266131296,33716.467491228075,17.10311155725587,-1.0000000000000222,SL,4,-59.60641560549805
2023-07-03 10:05:00,2023-07-03 10:10:00,long,33640.369,33615.93786765315,33615.93786765315,33714.51226666667,20.35927695571052,-0.9999999999998952,SL,1,-60.60641560549794
2023-07-03 10:45:00,2023-07-03 12:40:00,long,33582.519,33680.319,33549.37594392403,33707.67751851852,27.61921339664093,2.9508443571356207,TIMEOUT,12,-57.65557124836232
2023-07-03 13:00:00,2023-07-04 18:00:00,long,33635.269,33606.98817305967,33606.98817305967,33700.329349462365,23.567355783611646,-0.9999999999999369,SL,1,-58.65557124836226
2023-07-06 23:20:00,2023-07-06 23:35:00,short,32672.519,32713.495224653972,32713.495224653972,32597.761478632474,34.146853878310765,-0.9999999999999818,SL,3,-59.655571248362236
2023-07-07 01:35:00,2023-07-07 01:50:00,long,32524.519,32480.00686724502,32480.00686724502,32608.692166666664,37.093443962482354,-0.9999999999999964,SL,3,-60.655571248362236
2023-07-07 02:50:00,2023-07-07 03:00:00,long,32424.419,32387.521053332628,32387.521053332628,32546.24966666666,30.74828888947652,-1.0000000000000486,SL,2,-61.655571248362286
2023-07-07 03:05:00,2023-07-07 03:30:00,long,32329.519,32289.74688453782,32289.74688453782,32533.612859649118,33.14342955181507,-1.0000000000000357,SL,5,-62.65557124836232
2023-07-07 11:35:00,2023-07-07 11:50:00,short,32502.419,32537.383519484516,32537.383519484516,32421.799903426807,29.137099570428923,-0.9999999999999888,SL,3,-63.65557124836231
2023-07-07 13:00:00,2023-07-07 14:00:00,short,32669.369,32627.419,32711.1078523081,32428.69563716816,34.78237692341772,1.005058780493944,TIMEOUT,12,-62.65051246786836
2023-07-09 19:35:00,2023-07-09 20:00:00,long,32404.469,32370.938006807937,32370.938006807937,32454.123761904757,27.942494326719245,-1.00000000000002,SL,5,-63.65051246786838
2023-07-09 21:20:00,2023-07-09 21:25:00,long,32349.519,32286.027915561663,32286.027915561663,32432.092333333334,52.909237031948656,-0.9999999999999871,SL,1,-64.65051246786837
2023-07-09 21:40:00,2023-07-09 21:45:00,long,32161.469,32082.15130438767,32082.15130438767,32412.12358333333,66.09807967694401,-0.9999999999999846,SL,1,-65.65051246786835
2023-07-10 01:40:00,2023-07-10 02:40:00,long,32166.469,32154.999,32103.288687024018,32262.89566666666,52.6502608133176,-0.1815438933384462,TIMEOUT,12,-65.8320563612068
2023-07-10 03:25:00,2023-07-10 03:45:00,long,32109.999,32217.40098412698,32060.452150659192,32217.40098412698,41.28904111734094,2.167685444299659,VWAP,4,-63.66437091690714
2023-07-10 04:25:00,2023-07-10 05:25:00,short,32329.469,32311.469,32379.333459663747,32222.6327654321,41.55371638645538,0.36097854306213917,TIMEOUT,12,-63.303392373845
2023-07-10 19:00:00,2023-07-10 19:45:00,short,32354.319,32382.71176922701,32382.71176922701,32260.9564879227,23.660641022511083,-0.999999999999945,SL,9,-64.30339237384494
2023-07-10 19:50:00,2023-07-10 20:05:00,short,32426.999,32458.842210473405,32458.842210473405,32266.951477477458,26.536008727839295,-0.9999999999999523,SL,3,-65.3033923738449
2023-07-10 20:50:00,2023-07-10 21:50:00,short,32466.999,32340.469,32524.031700309355,32275.34329166666,47.52725025779521,2.2185518012242174,TIMEOUT,12,-63.084840572620685
2023-07-11 00:05:00,2023-07-11 01:05:00,long,32170.999,32215.999,32122.50648868719,32254.52566666667,40.41042609400677,0.9279783368966156,TIMEOUT,12,-62.15686223572407
2023-07-11 01:15:00,2023-07-11 01:30:00,long,32095.469,32193.440875000004,32045.591514616364,32193.440875000004,41.56457115302907,1.964250487899458,VWAP,3,-60.192611747824614
2023-07-11 15:05:00,2023-07-11 15:25:00,short,32248.419,32270.612367117912,32270.612367117912,32179.947015873015,18.494472598257577,-1.0000000000000582,SL,4,-61.19261174782467
2023-07-11 15:50:00,2023-07-11 20:05:00,short,32313.999,32245.469,32336.736853805378,32185.801246913583,18.94821150448157,3.0139168184725658,TIMEOUT,12,-58.178694929352105
2023-07-11 20:20:00,2023-07-11 20:25:00,long,32125.269,32088.049483849838,32088.049483849838,32195.328577777793,31.016263458467503,-1.0000000000000333,SL,1,-59.17869492935214
2023-07-12 12:50:00,2023-07-12 14:45:00,short,32096.369,32096.419,32142.049114328383,31990.02946831956,38.06676194032033,-0.0010945681887630856,TIMEOUT,12,-59.1797894975409
2023-07-12 18:20:00,2023-07-12 18:40:00,short,32088.519,32111.664513967055,32111.664513967055,32005.503712643676,19.287928305877884,-1.0000000000000355,SL,3,-60.17978949754094
2023-07-12 18:45:00,2023-07-12 20:05:00,short,32116.369,32136.979230227327,32136.979230227327,32008.239089485458,17.17519185610627,-1.000000000000044,SL,5,-61.17978949754098
2023-07-12 20:35:00,2023-07-12 20:50:00,short,32168.469,32221.091441093587,32221.091441093587,32011.54866666667,43.852034244655826,-0.9999999999999912,SL,3,-62.17978949754097
2023-07-12 23:05:00,2023-07-12 23:15:00,short,32351.419,32388.91600228998,32388.91600228998,32056.348754385966,31.24750190831775,-0.9999999999999577,SL,2,-63.17978949754093
2023-07-12 23:20:00,2023-07-13 00:00:00,short,32419.269,32460.20323543407,32460.20323543407,32061.47870639033,34.111862861725335,-0.999999999999983,SL,8,-64.17978949754091
2023-07-13 13:00:00,2023-07-13 14:15:00,short,32744.269,32768.43152647406,32768.43152647406,32633.357617886177,20.13543872838424,-0.9999999999998644,SL,4,-65.17978949754077
2023-07-13 18:05:00,2023-07-13 18:40:00,short,32786.319,32805.30118955279,32805.30118955279,32646.848082125583,15.818491293988584,-0.9999999999999689,SL,6,-66.17978949754074
2023-07-14 09:05:00,2023-07-14 09:45:00,short,32481.999,32393.375206896548,32512.978117535553,32393.375206896548,25.81593127962665,2.860759122713757,VWAP,8,-63.31903037482698
2023-07-14 13:00:00,2023-07-14 13:05:00,long,32356.519,32324.87024985195,32324.87024985195,32400.391470238093,26.373958456710387,-0.9999999999999688,SL,1,-64.31903037482695
2023-07-14 14:35:00,2023-07-16 19:10:00,long,32366.999,32343.999,32342.317024944026,32397.86650636133,20.568312546643135,-0.9318541140991546,TIMEOUT,12,-65.2508844889261
2023-07-16 19:35:00,2023-07-16 19:45:00,long,32303.369,32279.503308418603,32279.503308418603,32336.10525,19.888076317830603,-0.9999999999999433,SL,2,-66.25088448892605
2023-07-16 19:50:00,2023-07-16 19:55:00,long,32273.519,32247.626203934284,32247.626203934284,32320.752333333334,21.577330054764396,-0.9999999999999716,SL,1,-67.25088448892602
2023-07-16 20:05:00,2023-07-16 21:05:00,long,32193.999,32198.999,32158.581168747674,32308.33304761905,29.51485937693776,0.14117182851707588,TIMEOUT,12,-67.10971266040895
2023-07-17 03:20:00,2023-07-17 03:40:00,short,32276.269,32296.027687587622,32296.027687587622,32240.630083333344,16.46557298968518,-1.0000000000000024,SL,4,-68.10971266040895
2023-07-17 05:40:00,2023-07-17 05:50:00,long,32193.319,32166.037974930437,32166.037974930437,32247.188901960788,22.734187557967005,-1.0000000000000593,SL,2,-69.109712660409
2023-07-17 10:00:00,2023-07-17 11:00:00,short,32411.419,32418.999,32451.609510711827,32227.133795918366,33.492092259855255,-0.18860173373630823,TIMEOUT,12,-69.29831439414531
2023-07-18 01:55:00,2023-07-18 02:10:00,short,32485.999,32421.25288888889,32523.006989311267,32421.25288888889,30.83999109272225,1.7495171263303475,VWAP,3,-67.54879726781496
2023-07-18 02:55:00,2023-07-18 03:55:00,long,32365.999,32416.196222222217,32334.148568702545,32416.196222222217,26.54202608121199,1.576029591355314,VWAP,12,-65.97276767645965
2023-07-18 05:20:00,2023-07-18 05:45:00,short,32470.269,32500.113727767428,32500.113727767428,32411.260435897435,24.870606472856508,-0.9999999999999958,SL,5,-66.97276767645965
2023-07-18 10:00:00,2023-07-18 10:55:00,short,32623.469,32667.663052317832,32667.663052317832,32426.44755218855,36.828376931525455,-1.0000000000000089,SL,11,-67.97276767645967
2023-07-18 11:00:00,2023-07-18 12:00:00,short,32663.369,32702.279799331183,32702.279799331183,32447.858819819816,32.42566610932164,-0.9999999999999633,SL,1,-68.97276767645963
2023-07-18 12:05:00,2023-07-18 14:00:00,short,32720.269,32713.369,32759.728842280463,32452.621920353977,32.88320190038454,0.17486131725919218,TIMEOUT,12,-68.79790635920044
2023-07-19 01:50:00,2023-07-19 02:00:00,short,32824.269,32855.66743383756,32855.66743383756,32754.00407246377,26.165361531301315,-0.9999999999999314,SL,2,-69.79790635920037
2023-07-19 02:05:00,2023-07-19 02:10:00,short,32951.369,32990.663218345886,32990.663218345886,32767.79412820513,32.74518195490886,-0.9999999999999128,SL,1,-70.79790635920028
2023-07-19 02:15:00,2023-07-19 02:30:00,short,32991.519,33034.4550352064,33034.4550352064,32783.197095238094,35.780029338671625,-0.9999999999999355,SL,3,-71.79790635920021
2023-07-19 02:35:00,2023-07-19 03:35:00,short,33036.269,33026.469,33074.57638758668,32812.25972916667,31.922822988905068,0.2558253281518197,TIMEOUT,12,-71.5420810310484
2023-07-19 12:30:00,2023-07-19 15:25:00,long,32854.469,32914.999,32821.967752442346,32932.053350282484,27.084372964708912,1.8623900480324036,TIMEOUT,12,-69.67969098301599
2023-07-19 18:15:00,2023-07-19 18:25:00,long,32849.319,32823.80993113361,32823.80993113361,32922.33747222223,21.257557388661077,-0.9999999999999226,SL,2,-70.67969098301592
2023-07-19 20:00:00,2023-07-19 20:10:00,long,32781.269,32753.377255825806,32753.377255825806,32915.881619047614,23.24312014516058,-1.0000000000000528,SL,2,-71.67969098301597
2023-07-20 14:25:00,2023-07-20 14:30:00,long,32394.269,32365.236236604214,32365.236236604214,32434.601377261002,24.193969496489316,-0.9999999999999553,SL,1,-72.67969098301593
2023-07-20 14:35:00,2023-07-20 18:00:00,long,32364.469,32334.463178500573,32334.463178500573,32433.588694656508,25.00485124952402,-0.9999999999999672,SL,10,-73.6796909830159
2023-07-20 18:50:00,2023-07-20 20:00:00,long,32344.999,32323.09194767048,32323.09194767048,32424.446600000014,18.255876941265775,-1.0000000000000262,SL,3,-74.67969098301593
2023-07-21 01:05:00,2023-07-21 01:20:00,long,32323.369,32288.603857078273,32288.603857078273,32375.701380952378,28.970952434772936,-0.9999999999999499,SL,3,-75.67969098301587
2023-07-21 01:25:00,2023-07-21 02:25:00,long,32273.269,32308.319,32237.70304063444,32357.971592592592,29.63829947130251,0.98549288772839,TIMEOUT,12,-74.69419809528749
2023-07-21 03:35:00,2023-07-21 03:40:00,short,32545.369,32590.45903526794,32590.45903526794,32334.5074090909,37.575029389951446,-1.0000000000000027,SL,1,-75.69419809528749
2023-07-21 03:45:00,2023-07-21 03:55:00,short,32613.419,32664.570897756545,32664.570897756545,32345.497478260862,42.62658146378476,-1.000000000000023,SL,2,-76.69419809528752
2023-07-23 22:45:00,2023-07-23 23:00:00,short,32761.999,32804.10275146784,32804.10275146784,32677.794652173914,35.086459556536305,-0.9999999999999821,SL,3,-77.6941980952875
2023-07-24 01:45:00,2023-07-24 02:10:00,long,32659.999,32629.578644501664,32629.578644501664,32707.36869696969,25.350296248613848,-0.9999999999999796,SL,5,-78.69419809528749
2023-07-24 02:15:00,2023-07-24 03:15:00,long,32629.269,32636.419,32597.368016146203,32695.858404761897,26.584153211496346,0.22413101842784514,TIMEOUT,12,-78.47006707685965
2023-07-24 03:30:00,2023-07-24 03:50:00,long,32616.519,32674.666131782935,32588.981911368497,32674.666131782935,22.94757385958567,2.111593297354372,VWAP,4,-76.35847377950527
2023-07-24 06:10:00,2023-07-24 06:25:00,long,32639.369,32615.984095941876,32615.984095941876,32673.542600000004,19.487420048436007,-0.9999999999999752,SL,3,-77.35847377950525
2023-07-24 06:50:00,2023-07-24 09:05:00,long,32616.999,32594.79459209,32594.79459209,32669.313136546192,18.503673258334715,-0.9999999999999913,SL,4,-78.35847377950523
2023-07-24 09:10:00,2023-07-24 09:50:00,long,32589.469,32568.501022360237,32568.501022360237,32665.744643939404,17.47331469980302,-1.0000000000000318,SL,8,-79.35847377950526
2023-07-24 09:55:00,2023-07-24 10:55:00,long,32524.319,32658.654017182143,32494.97743809729,32658.654017182143,24.451301585593644,4.578318551260416,VWAP,12,-74.78015522824484
2023-07-24 12:05:00,2023-07-24 12:30:00,short,32714.419,32747.09562465459,32747.09562465459,32652.08147023811,27.23052054548994,-1.0000000000000182,SL,5,-75.78015522824485
2023-07-24 19:00:00,2023-07-24 20:00:00,short,32771.369,32681.369,32795.18118454663,32666.32817274941,19.843487122191853,3.779577628577397,TIMEOUT,12,-72.00057759966745
2023-07-24 20:05:00,2023-07-24 20:15:00,long,32611.469,32671.984466666683,32577.581040564437,32671.984466666683,28.239966196303982,1.785751271974563,VWAP,2,-70.21482632769289
2023-07-24 23:05:00,2023-07-24 23:50:00,long,32588.519,32550.626005547438,32550.626005547438,32659.131939068102,31.57749537713559,-0.9999999999999961,SL,9,-71.21482632769289
2023-07-25 02:00:00,2023-07-25 03:00:00,short,32668.269,32676.419,32693.887673601814,32598.73433333333,21.348894668178186,-0.31812732097981955,TIMEOUT,12,-71.53295364867272
2023-07-25 08:45:00,2023-07-25 10:00:00,long,32601.519,32628.92194736842,32586.121172948406,32628.92194736842,12.831522542996227,1.7796632782403556,VWAP,4,-69.75329037043237
2023-07-25 12:00:00,2023-07-25 13:00:00,long,32581.519,32611.369,32561.23352928098,32627.0514702381,16.904558932517652,1.4714965412170073,TIMEOUT,12,-68.28179382921536
2023-07-25 14:15:00,2023-07-25 14:35:00,short,32656.999,32673.88486771771,32673.88486771771,32623.981395833336,14.07155643142262,-1.0000000000000866,SL,4,-69.28179382921545
2023-07-25 18:35:00,2023-07-25 20:00:00,long,32603.419,32625.560208053685,32586.410707346146,32625.560208053685,14.173577211545648,1.3017889863662961,VWAP,6,-67.98000484284916
2023-07-25 22:35:00,2023-07-25 23:35:00,short,32688.369,32693.419,32728.483789607188,32621.004017921136,33.428991339323325,-0.12588873204754447,TIMEOUT,12,-68.1058935748967
2023-07-26 03:15:00,2023-07-26 03:25:00,long,32595.469,32571.707462306935,32571.707462306935,32653.131499999996,19.801281410889143,-0.9999999999999677,SL,2,-69.10589357489667
2023-07-26 04:05:00,2023-07-26 04:35:00,long,32583.999,32557.616711895294,32557.616711895294,32643.98439999999,21.985240087253757,-1.0000000000000326,SL,6,-70.1058935748967
2023-07-26 05:30:00,2023-07-26 05:40:00,long,32528.369,32504.26627906119,32504.26627906119,32621.097706467655,20.085600782340613,-0.9999999999999898,SL,2,-71.10589357489668
2023-07-26 14:40:00,2023-07-26 15:00:00,short,32633.519,32569.115390977422,32668.544917602736,32569.115390977422,29.188264668946093,1.8387415214369325,VWAP,4,-69.26715205345975
2023-07-26 20:00:00,2023-07-26 20:15:00,long,32465.999,32568.32178867101,32436.48194451661,32568.32178867101,24.597546236157662,3.466564906130098,VWAP,3,-65.80058714732965
2023-07-26 20:30:00,2023-07-26 20:55:00,short,32675.999,32722.749650234055,32722.749650234055,32569.32814046121,38.958875195045664,-0.9999999999999996,SL,5,-66.80058714732965
2023-07-26 22:30:00,2023-07-26 23:05:00,short,32718.269,32762.862829617494,32762.862829617494,32585.038107468106,37.161524681246036,-0.9999999999999635,SL,7,-67.80058714732961
2023-07-26 23:10:00,2023-07-27 00:05:00,short,32798.319,32837.98957316409,32837.98957316409,32591.71573647467,33.05881097007712,-0.9999999999999475,SL,11,-68.80058714732955
2023-07-28 07:10:00,2023-07-28 08:00:00,short,32695.999,32734.718592533045,32734.718592533045,32574.06904385965,32.266327110870904,-1.0000000000000036,SL,10,-69.80058714732955
2023-07-28 09:00:00,2023-07-28 09:05:00,short,32857.269,32896.31253518804,32896.31253518804,32592.82179693487,32.536279323363395,-1.0000000000000215,SL,1,-70.80058714732958
2023-07-28 09:10:00,2023-07-28 09:45:00,short,32975.419,33022.45980329989,33022.45980329989,32601.084393258432,39.20066941657293,-1.0000000000000395,SL,7,-71.80058714732962
2023-07-28 09:50:00,2023-07-28 10:50:00,short,33145.999,33050.269,33208.693515324616,32634.368003436437,52.245429437176,1.5269278262116763,TIMEOUT,12,-70.27365932111795
2023-07-31 01:45:00,2023-07-31 02:05:00,short,33194.419,33239.017522846,33239.017522846,33106.72248484849,37.1654357050003,-0.9999999999999393,SL,4,-71.27365932111789
2023-07-31 02:10:00,2023-07-31 03:10:00,short,33277.369,33257.369,33323.47503071462,33129.55764197531,38.42169226218324,0.43378273275773754,TIMEOUT,12,-70.83987658836016
2023-07-31 03:40:00,2023-07-31 04:40:00,short,33299.519,33292.419,33334.35024612263,33184.17114814814,29.02603843552596,0.2038399652714524,TIMEOUT,12,-70.6360366230887
2023-07-31 06:45:00,2023-07-31 07:45:00,short,33322.369,33324.419,33346.03864144051,33235.68306504065,19.724701200425514,-0.08660883204146613,TIMEOUT,12,-70.72264545513016
2023-07-31 08:15:00,2023-07-31 09:15:00,short,33362.319,33337.999,33382.449260473426,33251.209866666664,16.775217061182992,1.2081314115191077,TIMEOUT,12,-69.51451404361106
2023-07-31 11:05:00,2023-07-31 12:05:00,short,33352.269,33332.369,33383.243551708285,33271.094099502465,25.812126423568635,0.6424628897754263,TIMEOUT,12,-68.87205115383563
2023-07-31 13:45:00,2023-07-31 14:45:00,short,33332.269,33292.999,33354.0042681765,33280.84265461845,18.112723480411088,1.8067409926171194,TIMEOUT,12,-67.0653101612185
2023-07-31 15:50:00,2023-07-31 15:55:00,long,33252.369,33282.10594589876,33230.9553418802,33282.10594589876,17.844715099827795,1.3886906072938907,VWAP,1,-65.67661955392461
2023-07-31 18:00:00,2023-07-31 19:05:00,short,33332.999,33294.469,33359.39713687584,33281.95967681894,21.9984473965307,1.4595727032264159,TIMEOUT,12,-64.2170468506982
2023-07-31 19:55:00,2023-07-31 20:00:00,long,33249.999,33283.51001978689,33229.93875701216,33283.51001978689,16.71686915653303,1.670519136144035,VWAP,1,-62.54652771455416
2023-07-31 22:10:00,2023-07-31 22:25:00,short,33366.999,33406.42847476806,33406.42847476806,33285.73332249321,32.857895640042145,-1.0000000000000921,SL,3,-63.54652771455425
2023-07-31 23:15:00,2023-08-01 00:15:00,short,33386.319,33386.419,33419.482099215995,33289.888987129954,27.635916013327364,-0.0030153997172351135,TIMEOUT,12,-63.549543114271486
2023-08-01 00:45:00,2023-08-01 01:45:00,short,33476.999,33466.519,33515.819191257375,33407.846000000005,32.350159381140536,0.2699626060707247,TIMEOUT,12,-63.27958050820076
2023-08-01 03:15:00,2023-08-01 04:00:00,long,33394.519,33368.862781673124,33368.862781673124,33427.49508333333,21.38018193906405,-0.9999999999999709,SL,9,-64.27958050820072
2023-08-01 04:15:00,2023-08-01 04:35:00,long,33349.999,33322.603280028656,33322.603280028656,33417.6222051282,22.829766642789536,-1.00000000000001,SL,4,-65.27958050820074
2023-08-01 05:30:00,2023-08-01 05:35:00,long,33329.999,33305.327300677025,33305.327300677025,33400.430641791034,20.559749435815608,-0.999999999999986,SL,1,-66.27958050820072
2023-08-01 05:40:00,2023-08-01 05:55:00,long,33306.519,33280.83338170621,33280.83338170621,33397.946391304344,21.40468191149441,-0.9999999999999409,SL,3,-67.27958050820067
2023-08-01 06:00:00,2023-08-01 07:00:00,long,33286.269,33334.469,33261.621899935206,33392.41260730592,20.539250053993232,1.9556053196233938,TIMEOUT,12,-65.32397518857728
2023-08-01 07:30:00,2023-08-01 08:30:00,long,33316.369,33294.65373311916,33294.65373311916,33377.22588644688,18.096055734032998,-1.000000000000075,SL,12,-66.32397518857735
2023-08-01 08:45:00,2023-08-01 09:35:00,long,33286.999,33267.33180565244,33267.33180565244,33367.3005408805,16.389328622970623,-1.0000000000000988,SL,10,-67.32397518857745
2023-08-01 10:25:00,2023-08-01 11:15:00,long,33224.319,33186.89820655347,33186.89820655347,33353.897544973544,31.183994538773643,-1.0000000000000515,SL,10,-68.3239751885775
2023-08-01 11:20:00,2023-08-01 12:20:00,long,33174.419,33204.319,33134.790579747896,33344.11539902676,33.02368354342103,0.7545090066620316,TIMEOUT,12,-67.56946618191547
2023-08-01 14:25:00,2023-08-01 15:25:00,long,33231.419,33234.319,33210.931914512046,33319.83127969349,17.072571239961512,0.14155258939621373,TIMEOUT,12,-67.42791359251926
2023-08-01 15:45:00,2023-08-01 18:00:00,long,33196.319,33178.11661418293,33178.11661418293,33311.514245614046,15.168654847557566,-1.0000000000001799,SL,7,-68.42791359251945
2023-08-02 08:40:00,2023-08-02 09:35:00,long,32543.369,32513.51551784936,32513.51551784936,32584.771793650794,24.8779017922,-1.0000000000000018,SL,11,-69.42791359251945
2023-08-02 10:10:00,2023-08-02 10:45:00,long,32443.469,32392.381746613595,32392.381746613595,32580.74393224932,42.5727111553368,-1.000000000000032,SL,7,-70.42791359251947
2023-08-02 11:55:00,2023-08-02 12:55:00,long,32343.999,32338.469,32296.5374033281,32556.04638425925,39.55133055991691,-0.11651525417965722,TIMEOUT,12,-70.54442884669913
2023-08-02 13:55:00,2023-08-02 14:55:00,long,32338.419,32368.369,32302.57691249709,32527.555230158712,29.868406252425597,0.8356098120000647,TIMEOUT,12,-69.70881903469908
2023-08-02 15:30:00,2023-08-02 18:00:00,long,32328.419,32301.281630272693,32301.281630272693,32510.528340463443,22.614474772757152,-0.9999999999999932,SL,10,-70.70881903469908
2023-08-02 19:15:00,2023-08-02 20:15:00,long,32301.369,32284.192618319947,32284.192618319947,32489.095729857803,14.31365140004212,-1.0000000000000933,SL,12,-71.70881903469918
2023-08-02 22:00:00,2023-08-02 22:35:00,long,32276.519,32206.95067069186,32206.95067069186,32463.80935519124,57.97360775678496,-1.0000000000000007,SL,7,-72.70881903469918
2023-08-02 22:40:00,2023-08-02 23:40:00,long,32118.469,32223.269,32048.812646781815,32457.405124338606,58.046961015154515,1.5045289504567227,TIMEOUT,12,-71.20429008424246
2023-08-03 00:55:00,2023-08-03 01:20:00,long,32208.999,32293.573444444442,32159.061870264606,32293.573444444442,41.61427477949366,1.6936184536954157,VWAP,5,-69.51067163054704
2023-08-03 01:40:00,2023-08-03 02:40:00,long,32178.419,32188.369,32122.747865107543,32280.73455555556,46.39261241038308,0.17872816890148854,TIMEOUT,12,-69.33194346164555
2023-08-03 02:55:00,2023-08-03 03:15:00,long,32133.999,32092.022070221938,32092.022070221938,32234.960944444447,34.980774815050445,-1.0000000000000395,SL,4,-70.3319434616456
2023-08-03 03:20:00,2023-08-03 03:30:00,long,32028.469,31983.000371928207,31983.000371928207,32217.509975609762,37.89052339316327,-0.9999999999999627,SL,2,-71.33194346164555
2023-08-03 03:35:00,2023-08-03 03:40:00,long,31893.519,31837.483053981876,31837.483053981876,32200.06400000001,46.696621681771006,-0.9999999999999851,SL,1,-72.33194346164554
2023-08-03 03:50:00,2023-08-03 04:00:00,long,31828.369,31767.00404030546,31767.00404030546,32177.262262411357,51.13746641211756,-0.999999999999978,SL,2,-73.33194346164551
2023-08-03 19:10:00,2023-08-03 19:30:00,short,31968.269,31925.121047619043,31993.721935862748,31925.121047619043,21.210779885621967,1.6952053238035358,VWAP,4,-71.63673813784197
2023-08-03 20:40:00,2023-08-03 20:50:00,short,32166.369,32233.58951582167,32233.58951582167,31930.011412280688,56.017096518058764,-1.0000000000000093,SL,2,-72.63673813784199
2023-08-03 20:55:00,2023-08-03 21:55:00,short,32251.319,32136.319,32319.13866226684,31933.69015440114,56.51638522236707,1.6956734397692175,TIMEOUT,12,-70.94106469807276
2023-08-03 23:10:00,2023-08-03 23:35:00,short,32171.519,32222.379898931118,32222.379898931118,31956.379658914717,42.384082442597,-1.0000000000000284,SL,5,-71.9410646980728
2023-08-04 01:05:00,2023-08-04 01:15:00,long,32109.319,32155.883285714288,32073.918628144307,32155.883285714288,29.50030987974274,1.3153614855828786,VWAP,2,-70.62570321248991
2023-08-04 03:05:00,2023-08-04 03:10:00,long,32086.519,32051.391941256028,32051.391941256028,32149.14242105264,29.272548953311336,-0.9999999999999589,SL,1,-71.62570321248987
2023-08-04 04:05:00,2023-08-04 04:15:00,short,32206.999,32244.59764398671,32244.59764398671,32142.498800000012,31.33220332225983,-1.0000000000000049,SL,2,-72.62570321248987
2023-08-04 04:20:00,2023-08-04 05:20:00,short,32241.419,32219.269,32277.79503237566,32147.62711320756,30.31336031304823,0.6089174259374093,TIMEOUT,12,-72.01678578655246
2023-08-04 06:50:00,2023-08-04 07:00:00,long,32106.469,32080.968896904003,32080.968896904003,32159.409441767075,21.250085913331024,-1.0000000000000095,SL,2,-73.01678578655248
2023-08-04 07:05:00,2023-08-04 07:40:00,long,32059.419,32032.70262736811,32032.70262736811,32156.46368992249,22.263643859908345,-1.0000000000000147,SL,7,-74.01678578655249
2023-08-04 07:45:00,2023-08-04 07:50:00,long,31979.369,31947.540268239154,31947.540268239154,32147.274744680864,26.52394313403841,-0.9999999999999555,SL,1,-75.01678578655245
2023-08-04 09:25:00,2023-08-04 09:40:00,long,32054.269,32127.94049122809,32013.444582639797,32127.94049122809,34.020347800168985,1.8045938188920523,VWAP,3,-73.21219196766039
2023-08-04 10:05:00,2023-08-04 10:30:00,long,32024.269,32126.38618579237,31974.07920878208,32126.38618579237,41.82482601493311,2.0346206532118285,VWAP,5,-71.17757131444856
2023-08-04 12:25:00,2023-08-04 12:45:00,short,32259.419,32293.916947485286,32293.916947485286,32135.389400000015,28.74828957107124,-0.999999999999968,SL,4,-72.17757131444853
2023-08-04 13:00:00,2023-08-04 14:00:00,short,32294.469,32184.519,32324.366012851424,32141.918787685794,24.914177376186306,3.6776249368593823,TIMEOUT,12,-68.49994637758914
2023-08-04 14:10:00,2023-08-04 14:20:00,long,32104.999,32070.14488082841,32070.14488082841,32149.707284600405,29.045099309656152,-1.0000000000000333,SL,2,-69.49994637758917
2023-08-04 14:25:00,2023-08-04 15:25:00,long,32019.419,32004.469,31980.572685196803,32148.378195402314,32.37192900266575,-0.38484989054276086,TIMEOUT,12,-69.88479626813194
2023-08-07 08:45:00,2023-08-07 08:55:00,short,32309.999,32332.03764952874,32332.03764952874,32266.615069182404,18.36554127394844,-1.000000000000015,SL,2,-70.88479626813195
2023-08-07 10:35:00,2023-08-07 10:45:00,short,32339.419,32371.23010291243,32371.23010291243,32273.972963254604,26.50925242702106,-1.000000000000041,SL,2,-71.88479626813199
2023-08-07 13:00:00,2023-08-07 14:00:00,short,32409.469,32399.999,32433.45609821259,32293.282547008534,19.989248510492697,0.3947955653523026,TIMEOUT,12,-71.4900007027797
2023-08-07 16:05:00,2023-08-07 18:45:00,short,32434.469,32419.419,32454.18052885205,32313.271193436954,16.42627404337555,0.7635125673386602,TIMEOUT,12,-70.72648813544103
2023-08-07 20:55:00,2023-08-07 21:40:00,short,32511.999,32330.76602741703,32558.96675129782,32330.76602741703,39.13979274818432,3.858668289945933,VWAP,9,-66.86781984549509
2023-08-08 02:15:00,2023-08-08 03:00:00,long,32309.419,32273.62068681388,32273.62068681388,32354.991261904765,29.831927655102017,-0.9999999999999871,SL,9,-67.86781984549508
2023-08-08 03:40:00,2023-08-08 04:40:00,long,32226.519,32266.319,32188.274787677656,32336.45914814814,31.87017693528668,1.0406803430684413,TIMEOUT,12,-66.82713950242663
2023-08-08 05:10:00,2023-08-08 05:15:00,long,32264.999,32231.29234657969,32231.29234657969,32321.43339153439,28.08887785025819,-1.0000000000000449,SL,1,-67.82713950242668
2023-08-08 15:00:00,2023-08-08 15:30:00,short,32306.319,32333.563869470236,32333.563869470236,32247.83010497237,22.704057891862305,-1.000000000000051,SL,6,-68.82713950242673
2023-08-08 20:05:00,2023-08-08 20:10:00,long,32201.519,32255.656012012005,32167.39926590748,32255.656012012005,28.433111743768492,1.5866774302871673,VWAP,1,-67.24046207213956
2023-08-08 21:05:00,2023-08-08 22:05:00,short,32366.369,32328.419,32420.554824366198,32257.85629344729,45.15485363849831,0.7003676781499875,TIMEOUT,12,-66.54009439398958
2023-08-08 23:35:00,2023-08-09 00:35:00,long,32178.319,32218.319,32139.787740102955,32261.23117171717,32.109383247536016,1.038118143732681,TIMEOUT,12,-65.5019762502569
2023-08-09 00:40:00,2023-08-09 01:40:00,short,32266.419,32248.469,32303.49883400742,32201.62418518519,30.899861672847038,0.48409062447287377,TIMEOUT,12,-65.01788562578403
2023-08-09 02:55:00,2023-08-09 03:05:00,short,32288.469,32313.593829928905,32313.593829928905,32236.53612962963,20.93735827408486,-1.000000000000072,SL,2,-66.0178856257841
2023-08-09 04:05:00,2023-08-09 05:05:00,short,32338.319,32348.999,32368.830581247697,32253.486266666663,25.426317706415823,-0.35003102308261125,TIMEOUT,12,-66.36791664886671
2023-08-09 08:50:00,2023-08-09 09:00:00,long,32251.419,32231.445752891166,32231.445752891166,32279.097566978195,16.644372590696797,-0.9999999999999669,SL,2,-67.36791664886668
2023-08-09 09:30:00,2023-08-09 09:40:00,long,32223.469,32202.831367917,32202.831367917,32276.654014492757,17.198026735835846,-0.9999999999999627,SL,2,-68.36791664886664
2023-08-09 11:15:00,2023-08-09 11:20:00,long,32151.269,32118.8611146569,32118.8611146569,32269.620593137257,27.006571119251152,-1.0000000000000175,SL,1,-69.36791664886665
2023-08-09 11:25:00,2023-08-09 12:25:00,long,32076.419,32103.999,32041.906078454165,32267.210497584543,28.760767954864406,0.7991209890292414,TIMEOUT,12,-68.5687956598374
2023-08-09 15:10:00,2023-08-09 15:45:00,long,32208.469,32184.101739892478,32184.101739892478,32244.46949180328,20.306050089601808,-1.0000000000000415,SL,7,-69.56879565983745
2023-08-09 15:50:00,2023-08-09 16:00:00,long,32143.369,32117.11415995139,32117.11415995139,32242.56730715532,21.879033373840564,-0.9999999999999918,SL,2,-70.56879565983743
2023-08-10 07:05:00,2023-08-10 07:45:00,short,32553.519,32514.589813953487,32572.10269411115,32514.589813953487,15.486411759289856,2.0948034235647617,VWAP,8,-68.47399223627268
2023-08-10 09:05:00,2023-08-10 09:35:00,short,32665.319,32705.78954606271,32705.78954606271,32522.719727272735,33.725455052259214,-1.000000000000022,SL,6,-69.47399223627271
2023-08-10 09:40:00,2023-08-10 09:55:00,short,32733.269,32773.64779675112,32773.64779675112,32532.22823076924,33.64899729259955,-0.9999999999999185,SL,3,-70.47399223627262
2023-08-10 10:00:00,2023-08-10 11:00:00,short,32803.419,32705.419,32844.97451744088,32539.896465564747,34.62959786739754,2.3582909330735475,TIMEOUT,12,-68.11570130319907
2023-08-10 15:35:00,2023-08-10 18:20:00,long,32518.269,32533.519,32480.52553617687,32575.75781205674,31.452886519276273,0.40404346753818227,TIMEOUT,12,-67.71165783566089
2023-08-10 19:10:00,2023-08-10 19:45:00,long,32530.319,32571.54338596492,32513.622279339685,32571.54338596492,13.913933883594673,2.469010939549752,VWAP,6,-65.24264689611114
2023-08-10 20:15:00,2023-08-10 20:45:00,short,32653.269,32681.108389687124,32681.108389687124,32572.184128205143,23.199491405936975,-0.9999999999999836,SL,6,-66.24264689611113
2023-08-11 01:55:00,2023-08-11 02:55:00,short,32653.999,32643.999,32674.284635475284,32611.47927777779,16.904696229402834,0.4929596616376296,TIMEOUT,12,-65.7496872344735
2023-08-11 04:10:00,2023-08-11 04:25:00,long,32590.269,32566.539493428634,32566.539493428634,32626.18919607844,19.774588809472096,-0.9999999999999815,SL,3,-66.74968723447348
2023-08-11 04:40:00,2023-08-11 05:40:00,long,32550.469,32598.319,32526.491789964184,32620.2978888889,19.98100836317957,1.995645028279919,TIMEOUT,12,-64.75404220619356
2023-08-11 05:55:00,2023-08-11 06:55:00,long,32548.419,32575.469,32524.690713110092,32611.79094444445,19.773572408258154,1.1399895881864954,TIMEOUT,12,-63.614052618007065
2023-08-11 07:00:00,2023-08-11 07:10:00,long,32575.469,32607.365078431372,32556.296378633117,32607.365078431372,15.977184472403522,1.6636263670477296,VWAP,2,-61.95042625095934
2023-08-11 08:30:00,2023-08-11 08:50:00,long,32535.519,32515.93508101935,32515.93508101935,32603.278741100334,16.319932483875704,-0.999999999999967,SL,4,-62.9504262509593
2023-08-11 11:00:00,2023-08-11 11:15:00,long,32543.469,32505.994575803983,32505.994575803983,32591.386493734328,31.228686830014666,-1.0000000000000089,SL,3,-63.95042625095931
2023-08-11 11:50:00,2023-08-11 12:50:00,long,32460.319,32483.419,32428.57526257741,32583.83452447552,26.45311451882242,0.7277025919312713,TIMEOUT,12,-63.22272365902804
2023-08-11 13:05:00,2023-08-11 14:05:00,long,32468.469,32488.419,32441.15475150834,32574.938092827007,22.761873743050256,0.7303880246272176,TIMEOUT,12,-62.492335634400824
2023-08-11 15:10:00,2023-08-11 16:10:00,long,32463.319,32488.999,32439.12015337765,32563.260438979974,20.165705518623025,1.0612076021955865,TIMEOUT,12,-61.43112803220524
2023-08-13 19:05:00,2023-08-13 19:20:00,long,32485.519,32508.99185714286,32467.88224181857,32508.99185714286,14.697298484524632,1.3309054249876802,VWAP,3,-60.10022260721756
2023-08-13 20:00:00,2023-08-13 20:05:00,long,32455.269,32428.575433146565,32428.575433146565,32500.821,22.244639044530715,-0.9999999999999375,SL,1,-61.100222607217496
2023-08-13 20:55:00,2023-08-13 21:05:00,long,32395.319,32337.663928627142,32337.663928627142,32496.933444444447,48.045892810715486,-0.9999999999999811,SL,2,-62.100222607217475
2023-08-13 21:35:00,2023-08-13 22:15:00,long,32265.999,32202.61238313608,32202.61238313608,32469.04104545455,52.82218071993469,-0.9999999999999982,SL,8,-63.100222607217475
2023-08-13 22:20:00,2023-08-13 23:05:00,long,32180.269,32117.912608690534,32117.912608690534,32438.344031446548,51.96365942455486,-1.0,SL,9,-64.10022260721748
2023-08-14 08:30:00,2023-08-14 09:30:00,long,32105.999,32110.369,32081.438729918722,32153.66993851132,20.466891734398796,0.17792963943544257,TIMEOUT,12,-63.922292967782035
2023-08-14 13:20:00,2023-08-14 14:20:00,short,32260.519,32220.419,32283.704790285985,32166.324362318835,19.321491904985734,1.7295075779341134,TIMEOUT,12,-62.19278538984792
2023-08-14 15:05:00,2023-08-14 15:20:00,short,32238.319,32259.076384398923,32259.076384398923,32173.247553113557,17.29782033243543,-1.0000000000000244,SL,3,-63.19278538984794
2023-08-14 15:45:00,2023-08-14 16:00:00,short,32278.999,32299.15795704389,32299.15795704389,32176.59954385965,16.799130869910673,-0.9999999999999529,SL,3,-64.1927853898479
2023-08-14 18:10:00,2023-08-14 18:30:00,short,32323.519,32342.703686396537,32342.703686396537,32182.108279731994,15.987238663781937,-0.9999999999999082,SL,4,-65.19278538984781
2023-08-15 01:00:00,2023-08-15 01:35:00,long,32277.419,32253.130965658114,32253.130965658114,32326.39515384616,20.240028618239787,-0.9999999999999857,SL,7,-66.1927853898478
2023-08-15 01:40:00,2023-08-15 02:40:00,long,32215.519,32235.999,32188.69234439721,32301.083761904767,22.355546335659614,0.7634197979515736,TIMEOUT,12,-65.42936559189623
2023-08-15 03:00:00,2023-08-15 03:25:00,long,32222.369,32201.39710253757,32201.39710253757,32276.523504504505,17.47658121869297,-0.9999999999999353,SL,5,-66.42936559189616
2023-08-15 03:30:00,2023-08-15 03:55:00,long,32137.269,32110.700894916932,32110.700894916932,32266.312100775194,22.140087569223308,-1.000000000000004,SL,5,-67.42936559189616
2023-08-16 06:15:00,2023-08-16 07:15:00,long,31797.519,31800.419,31771.299764572257,31839.767070175436,21.849362856453972,0.1106058186934285,TIMEOUT,12,-67.31875977320273
2023-08-16 08:45:00,2023-08-16 08:55:00,long,31805.469,31783.78375294343,31783.78375294343,31834.736830188685,18.0710392138103,-0.9999999999999752,SL,2,-68.3187597732027
2023-08-16 09:00:00,2023-08-16 09:10:00,long,31785.999,31763.606054014836,31763.606054014836,31833.559305810402,18.66078832096996,-1.0000000000000138,SL,2,-69.31875977320271
2023-08-16 12:10:00,2023-08-16 13:10:00,long,31770.369,31740.76898884327,31740.76898884327,31828.989249433107,24.666675963942996,-0.9999999999999473,SL,12,-70.31875977320266
2023-08-16 14:10:00,2023-08-16 14:35:00,long,31730.419,31820.010130604267,31698.0887633733,31820.010130604267,26.9418638555849,2.771125112343629,VWAP,5,-67.54763466085903
2023-08-16 14:50:00,2023-08-16 15:15:00,long,31760.269,31723.81781878743,31723.81781878743,31818.801867783965,30.37598434380852,-1.0000000000000242,SL,5,-68.54763466085906
2023-08-16 18:00:00,2023-08-16 19:00:00,long,31670.419,31637.692797455613,31637.692797455613,31809.889016920453,27.271835453656188,-1.000000000000042,SL,10,-69.5476346608591
2023-08-17 03:40:00,2023-08-17 04:40:00,short,31730.519,31742.269,31764.889967411273,31645.85862962963,28.64247284272733,-0.3418582857852963,TIMEOUT,12,-69.8894929466444
2023-08-17 09:45:00,2023-08-17 09:55:00,long,31657.999,31629.47644987792,31629.47644987792,31701.022333333345,23.768791768401144,-0.9999999999999925,SL,2,-70.88949294664438
2023-08-17 10:25:00,2023-08-17 10:35:00,long,31615.999,31579.862176170493,31579.862176170493,31697.290798941813,30.11401985792134,-1.000000000000044,SL,2,-71.88949294664442
2023-08-17 13:20:00,2023-08-17 13:30:00,long,31595.519,31566.59100242805,31566.59100242805,31676.6326645963,24.106664643291513,-1.0000000000000404,SL,2,-72.88949294664447
2023-08-17 13:45:00,2023-08-17 14:05:00,long,31537.369,31509.847406559613,31509.847406559613,31673.316128514085,22.934661200321578,-1.0000000000000007,SL,4,-73.88949294664447
2023-08-17 14:35:00,2023-08-17 14:45:00,long,31485.369,31456.104297618756,31456.104297618756,31664.618564393968,24.387251984368607,-1.000000000000002,SL,2,-74.88949294664447
2023-08-17 23:50:00,2023-08-18 00:50:00,long,31417.519,31430.469,31370.76428838051,31582.681882205525,38.96225968290912,0.2769774328926066,TIMEOUT,12,-74.61251551375186
2023-08-18 01:10:00,2023-08-18 01:25:00,long,31365.999,31319.880890455126,31319.880890455126,31441.651666666665,38.431757954060345,-1.0000000000000286,SL,3,-75.61251551375189
2023-08-18 05:15:00,2023-08-18 06:05:00,long,31380.269,31435.178166666672,31342.2532499808,31435.178166666672,31.679791682667172,1.4443794121893914,VWAP,10,-74.1681361015625
2023-08-18 07:25:00,2023-08-18 07:35:00,long,31375.469,31350.0892726993,31350.0892726993,31428.981851851866,21.14977275058321,-1.0000000000000187,SL,2,-75.16813610156251
2023-08-18 07:40:00,2023-08-18 08:40:00,long,31345.519,31355.519,31319.69642533541,31426.63387455199,21.51881222049249,0.3872580534625165,TIMEOUT,12,-74.78087804809999
2023-08-18 08:45:00,2023-08-18 09:30:00,long,31337.269,31311.23129033392,31311.23129033392,31418.665446540905,21.698091388401615,-0.9999999999999776,SL,9,-75.78087804809996
2023-08-18 14:05:00,2023-08-18 15:05:00,short,31495.269,31487.319,31525.828951270607,31419.01084313727,25.466626058837583,0.26014439387040666,TIMEOUT,12,-75.52073365422956
2023-08-18 15:45:00,2023-08-20 18:25:00,short,31530.269,31525.419,31556.70011171068,31426.605684210543,22.025926425568052,0.1834958761132436,TIMEOUT,12,-75.33723777811632
2023-08-20 18:45:00,2023-08-20 19:20:00,short,31570.469,31522.924925925923,31594.425024152435,31522.924925925923,19.963353460360906,1.9846395950994646,VWAP,7,-73.35259818301685
2023-08-20 20:40:00,2023-08-20 21:15:00,short,31682.369,31546.583583333333,31733.625488389956,31546.583583333333,42.713740324963936,2.6491361568435443,VWAP,7,-70.70346202617331
2023-08-20 22:15:00,2023-08-20 23:15:00,short,31728.999,31750.269,31799.552412482328,31568.08083006536,58.79451040193932,-0.30147372397229305,TIMEOUT,12,-71.0049357501456
2023-08-21 01:00:00,2023-08-21 01:15:00,long,31613.519,31580.781749659487,31580.781749659487,31654.443102564102,27.281041950427145,-1.0000000000000169,SL,3,-72.00493575014562
2023-08-21 01:40:00,2023-08-21 02:40:00,long,31528.519,31555.319,31493.41003362091,31624.276460317462,29.257471982576448,0.7633377670713583,TIMEOUT,12,-71.24159798307426
2023-08-21 04:30:00,2023-08-21 05:30:00,short,31718.319,31728.319,31750.2834243239,31604.077242424246,26.63702026991737,-0.3128478053810177,TIMEOUT,12,-71.55444578845527
2023-08-21 05:50:00,2023-08-21 06:50:00,short,31745.419,31710.369,31767.557023506353,31629.25284976526,18.448352921958275,1.5832488383594585,TIMEOUT,12,-69.97119695009582
2023-08-21 07:50:00,2023-08-21 08:50:00,short,31748.469,31693.469,31766.522688411904,31653.83240350878,15.044740343251604,3.0464688846485886,TIMEOUT,12,-66.92472806544723
2023-08-21 09:40:00,2023-08-21 10:25:00,short,31733.999,31664.387233618236,31758.068635557494,31664.387233618236,20.058029631246903,2.8920988942885772,VWAP,9,-64.03262917115865
2023-08-21 13:25:00,2023-08-21 14:10:00,short,31763.369,31789.70999214327,31789.70999214327,31669.89937037037,21.950826786060414,-0.9999999999999872,SL,9,-65.03262917115863
2023-08-22 01:55:00,2023-08-22 02:10:00,short,31878.999,31909.25745548183,31909.25745548183,31815.69677777778,25.215379568194276,-0.9999999999999406,SL,3,-66.03262917115858
2023-08-22 02:20:00,2023-08-22 03:20:00,short,31948.519,31958.319,31981.21488152856,31831.526241379313,27.246567940466633,-0.29973193998268377,TIMEOUT,12,-66.33236111114125
2023-08-23 06:45:00,2023-08-23 06:50:00,long,31918.519,31898.519127372667,31898.519127372667,31959.523715447158,16.666560522778493,-0.9999999999999598,SL,1,-67.33236111114121
2023-08-23 06:55:00,2023-08-23 07:10:00,long,31895.469,31875.71621186725,31875.71621186725,31958.16431746032,16.46065677729368,-0.999999999999951,SL,3,-68.33236111114117
2023-08-23 08:25:00,2023-08-23 08:30:00,long,31878.419,31857.828595784238,31857.828595784238,31945.628640522882,17.15867017980152,-1.0000000000000842,SL,1,-69.33236111114125
2023-08-23 12:45:00,2023-08-23 13:20:00,short,31983.319,32004.744406570488,32004.744406570488,31938.419173160168,17.85450547540534,-1.0000000000000802,SL,7,-70.33236111114134
2023-08-24 04:45:00,2023-08-24 05:30:00,long,32168.369,32138.041912178473,32138.041912178473,32222.805034482764,25.27257318460587,-0.9999999999999728,SL,9,-71.33236111114131
2023-08-24 05:35:00,2023-08-24 06:35:00,long,32113.999,32153.469,32086.81791733045,32212.620225490202,22.650902224626343,1.4521128712880764,TIMEOUT,12,-69.88024823985323
2023-08-24 07:45:00,2023-08-24 08:15:00,long,32140.319,32121.240353245114,32121.240353245114,32194.37112765958,15.898872295738176,-1.0000000000000098,SL,6,-70.88024823985324
2023-08-24 08:20:00,2023-08-24 09:20:00,long,32110.519,32120.999,32092.55394283571,32189.88322442244,14.970880970240756,0.5833546703559506,TIMEOUT,12,-70.2968935694973
2023-08-24 09:30:00,2023-08-24 09:35:00,long,32098.469,32079.11043221778,32079.11043221778,32181.239318840584,16.132139818516514,-0.9999999999999747,SL,1,-71.29689356949727
2023-08-24 09:40:00,2023-08-24 09:45:00,long,32030.419,32004.312377779617,32004.312377779617,32178.948031339034,21.755518516986236,-1.000000000000037,SL,1,-72.29689356949731
2023-08-24 09:50:00,2023-08-24 10:15:00,long,31998.269,31969.705065534465,31969.705065534465,32176.13160504202,23.803278721278794,-1.0000000000000355,SL,5,-73.29689356949734
2023-08-24 10:20:00,2023-08-24 10:30:00,long,31953.269,31915.679302592132,31915.679302592132,32168.26036,31.324747839890662,-0.9999999999999734,SL,2,-74.29689356949731
2023-08-25 04:25:00,2023-08-25 05:25:00,short,31717.319,31694.519,31748.733058913556,31644.46004938272,26.178382427963108,0.7257896874370686,TIMEOUT,12,-73.57110388206024
2023-08-25 06:15:00,2023-08-25 07:15:00,short,31737.369,31742.469,31760.90024615454,31659.52180701754,19.609371795449515,-0.2167331031475501,TIMEOUT,12,-73.78783698520779
2023-08-25 08:15:00,2023-08-25 08:25:00,short,31752.519,31770.021232314102,31770.021232314102,31677.202766666654,14.5851935950846,-1.0000000000000275,SL,2,-74.78783698520782
2023-08-25 08:30:00,2023-08-25 09:30:00,short,31777.469,31764.369,31795.130218802507,31679.72314239481,14.717682335423161,0.74173816351463,TIMEOUT,12,-74.04609882169319
2023-08-25 13:55:00,2023-08-25 14:15:00,short,31777.469,31810.041968178182,31810.041968178182,31707.78265079365,27.144140148484496,-0.999999999999998,SL,4,-75.04609882169319
2023-08-25 14:20:00,2023-08-25 14:40:00,short,31837.419,31869.916513985583,31869.916513985583,31710.492102119464,27.081261654651385,-0.9999999999999939,SL,4,-76.04609882169319
2023-08-25 15:00:00,2023-08-25 16:00:00,short,31902.999,31879.999,31933.179168878563,31717.052554327813,25.150140732137558,0.7620898376196742,TIMEOUT,12,-75.28400898407352
2023-08-28 06:15:00,2023-08-28 06:55:00,long,32123.319,32162.91939473684,32104.626879823412,32162.91939473684,15.576766813821713,2.118560888905727,VWAP,8,-73.16544809516779
2023-08-28 08:25:00,2023-08-28 08:30:00,short,32220.999,32237.215310457414,32237.215310457414,32164.04171241829,13.513592047845474,-0.9999999999999516,SL,1,-74.16544809516775
2023-08-28 08:35:00,2023-08-28 09:35:00,short,32250.269,32267.804288098487,32267.804288098487,32165.506179487165,14.61274008207084,-1.0000000000000844,SL,12,-75.16544809516783
2023-08-28 14:45:00,2023-08-28 15:45:00,short,32258.319,32281.445846624272,32281.445846624272,32201.251921348317,19.27237218689464,-0.9999999999999639,SL,12,-76.16544809516779
2023-08-28 16:05:00,2023-08-28 18:05:00,short,32313.369,32338.901355801718,32338.901355801718,32206.947951890037,21.276963168100263,-0.9999999999999466,SL,4,-77.16544809516773
2023-08-28 18:10:00,2023-08-28 19:20:00,short,32338.319,32323.519,32360.509956414528,32209.948112227812,18.492463678774794,0.6669383564878179,TIMEOUT,12,-76.49850973867991
2023-08-29 01:50:00,2023-08-29 02:50:00,long,32214.369,32229.999,32187.187907412444,32264.20697101449,22.650910489629755,0.575032072373606,TIMEOUT,12,-75.92347766630631
2023-08-29 03:55:00,2023-08-29 04:10:00,long,32196.469,32169.973462717873,32169.973462717873,32248.329277777786,22.07961440177234,-1.0000000000000364,SL,3,-76.92347766630635
2023-08-29 04:15:00,2023-08-29 05:15:00,long,32164.269,32214.369,32137.84983839247,32243.07387179488,22.01596800627368,1.8963508662486106,TIMEOUT,12,-75.02712680005774
2023-08-29 09:45:00,2023-08-29 10:45:00,short,32341.419,32314.369,32366.962862828186,32231.648717514126,21.2865523568202,1.0589627802947974,TIMEOUT,12,-73.96816401976295
2023-08-29 12:15:00,2023-08-29 12:35:00,short,32364.999,32392.495331351754,32392.495331351754,32251.24512612611,22.913609459795648,-0.9999999999999948,SL,4,-74.96816401976295
2023-08-29 13:15:00,2023-08-29 14:15:00,short,32404.469,32404.319,32428.762411030584,32261.176479166643,20.24450919215373,0.006174513731834979,TIMEOUT,12,-74.96198950603112
2023-08-29 21:30:00,2023-08-29 21:50:00,short,32447.369,32485.376093915518,32485.376093915518,32314.35448117153,31.67257826293367,-0.9999999999999727,SL,4,-75.96198950603109
2023-08-29 22:00:00,2023-08-29 22:20:00,short,32519.419,32558.42161497273,32558.42161497273,32318.202591836714,32.502179143938214,-1.0000000000000373,SL,4,-76.96198950603113
2023-08-30 00:45:00,2023-08-30 01:10:00,long,32411.469,32384.647937107366,32384.647937107366,32450.114,22.350885743862683,-1.000000000000006,SL,5,-77.96198950603113
2023-08-30 01:30:00,2023-08-30 01:45:00,long,32349.469,32320.11484663178,32320.11484663178,32422.957947368413,24.461794473517955,-1.0000000000000115,SL,3,-78.96198950603114
2023-08-30 01:50:00,2023-08-30 02:15:00,long,32314.519,32284.943009518174,32284.943009518174,32406.917550724633,24.64665873485403,-1.00000000000004,SL,5,-79.96198950603119
2023-08-30 09:20:00,2023-08-30 09:40:00,long,32274.369,32253.193820895707,32253.193820895707,32301.622421828903,17.64598258691065,-0.9999999999999443,SL,4,-80.96198950603113
2023-08-30 10:25:00,2023-08-30 11:10:00,long,32216.269,32299.838656084656,32183.673617419263,32299.838656084656,27.16281881728096,2.563849523092957,VWAP,9,-78.39813998293818
2023-08-30 12:30:00,2023-08-30 13:30:00,short,32359.419,32349.319,32384.663889750314,32298.456748344368,21.0374081252604,0.4000809708379561,TIMEOUT,12,-77.99805901210021
2023-08-30 16:10:00,2023-08-30 19:00:00,short,32406.419,32379.999,32426.314516143168,32313.77715384615,16.579596785970192,1.327937401065082,TIMEOUT,12,-76.67012161103513
2023-08-30 20:20:00,2023-08-30 21:20:00,short,32474.369,32504.467102269984,32504.467102269984,32322.978276018104,25.08175189165425,-1.0000000000000049,SL,12,-77.67012161103513
2023-08-30 22:35:00,2023-08-30 23:35:00,short,32549.269,32494.519,32584.04804290501,32340.008771505385,28.982535754174922,1.5742238838928282,TIMEOUT,12,-76.0958977271423
2023-08-30 23:50:00,2023-08-30 23:55:00,short,32554.269,32584.902746849755,32584.902746849755,32349.359405576688,25.5281223747947,-1.0000000000000433,SL,1,-77.09589772714234
2023-08-31 07:00:00,2023-08-31 07:35:00,long,32559.269,32598.91958823529,32539.125123843358,32598.91958823529,16.786563463868866,1.9683693409828267,VWAP,7,-75.12752838615951
2023-08-31 07:45:00,2023-08-31 08:45:00,short,32639.469,32624.519,32660.73933306586,32597.93634042553,17.725277554882343,0.7028568830451036,TIMEOUT,12,-74.42467150311441
2023-08-31 11:00:00,2023-08-31 11:05:00,long,32556.319,32523.94726025903,32523.94726025903,32607.16581704261,26.976449784143192,-0.999999999999973,SL,1,-75.42467150311438
2023-08-31 11:10:00,2023-08-31 11:30:00,long,32524.419,32490.329081549877,32490.329081549877,32605.98117283951,28.408265375103003,-1.00000000000004,SL,4,-76.42467150311442
2023-08-31 11:35:00,2023-08-31 12:20:00,long,32484.999,32450.902963722143,32450.902963722143,32602.43792857143,28.413363564880125,-1.0000000000000222,SL,9,-77.42467150311445
2023-08-31 12:25:00,2023-08-31 12:50:00,long,32434.999,32399.922929807173,32399.922929807173,32594.22753333333,29.23005849402132,-1.0000000000000289,SL,5,-78.42467150311448
2023-08-31 18:55:00,2023-08-31 19:00:00,long,32514.319,32495.48475170331,32495.48475170331,32562.935892109515,15.695206913908287,-1.0000000000000524,SL,1,-79.42467150311454
2023-08-31 19:05:00,2023-08-31 19:45:00,long,32486.999,32467.71855121357,32467.71855121357,32562.303082934624,16.06704065535989,-0.9999999999999291,SL,7,-80.42467150311447
2023-08-31 19:55:00,2023-08-31 20:05:00,long,32459.999,32559.17332721714,32439.281104762,32559.17332721714,17.264912698331372,4.786892011851187,VWAP,2,-75.63777949126327
2023-08-31 20:20:00,2023-08-31 20:30:00,short,32679.469,32716.748103313726,32716.748103313726,32559.43209417042,31.065919428105808,-0.9999999999999606,SL,2,-76.63777949126323
2023-09-01 02:30:00,2023-09-01 03:30:00,long,32654.319,32684.369,32627.491813379875,32755.03889247312,22.355988850103625,1.1201323651827635,TIMEOUT,12,-75.51764712608046
2023-09-01 04:45:00,2023-09-01 05:25:00,long,32684.269,32727.033252873567,32660.579607978612,32727.033252873567,19.741160017823756,1.8052068552437393,VWAP,8,-73.71244027083672
2023-09-01 05:45:00,2023-09-01 06:00:00,long,32689.469,32666.04048542007,32666.04048542007,32722.74638095238,19.523762149941557,-0.999999999999983,SL,3,-74.71244027083671
2023-09-01 08:00:00,2023-09-01 08:30:00,long,32684.469,32665.31845790695,32665.31845790695,32715.010958762894,15.958785077542537,-1.0000000000000304,SL,6,-75.71244027083674
2023-09-01 08:45:00,2023-09-01 09:10:00,long,32641.999,32712.678433962268,32612.663345138568,32712.678433962268,24.446379051193496,2.4093354757589256,VWAP,5,-73.30310479507781
2023-09-01 09:40:00,2023-09-01 10:15:00,long,32634.519,32711.438373219375,32596.742602069822,32711.438373219375,31.480331608481546,2.0361754278834243,VWAP,7,-71.2669293671944
2023-09-03 19:40:00,2023-09-03 19:45:00,long,32719.269,32743.508473684215,32704.373863380562,32743.508473684215,12.412613849531567,1.627341480881904,VWAP,1,-69.63958788631248
2023-09-03 20:00:00,2023-09-03 20:05:00,short,32821.469,32747.82262318841,32845.81734904695,32747.82262318841,20.290290872461195,3.0246969381606315,VWAP,1,-66.61489094815185
2023-09-03 20:55:00,2023-09-03 21:55:00,short,32851.999,32791.469,32895.81105893755,32752.719490196076,36.51004911462465,1.3815830953365273,TIMEOUT,12,-65.23330785281533
2023-09-03 22:10:00,2023-09-03 22:30:00,short,32854.519,32896.94249953667,32896.94249953667,32771.56131292517,35.35291628055788,-1.0000000000000469,SL,4,-66.23330785281537
2023-09-04 21:00:00,2023-09-04 22:00:00,long,32794.519,32841.519,32755.508548553527,32960.85710996563,32.508709538726436,1.204805334398428,TIMEOUT,12,-65.02850251841694
2023-09-05 01:00:00,2023-09-05 01:55:00,short,32966.519,32998.053192488245,32998.053192488245,32909.58361538462,26.278493740204024,-1.0000000000000062,SL,11,-66.02850251841694
2023-09-05 03:10:00,2023-09-05 03:40:00,long,32909.519,32882.46616290474,32882.46616290474,32944.24352991454,22.544030912715332,-1.00000000000005,SL,6,-67.028502518417
2023-09-05 03:45:00,2023-09-05 04:05:00,long,32884.319,32853.87612105901,32853.87612105901,32939.37117391305,25.36906578416271,-0.9999999999999583,SL,4,-68.02850251841696
2023-09-05 06:10:00,2023-09-05 06:20:00,short,32984.519,33010.286987974374,33010.286987974374,32928.984466666676,21.473323311975932,-1.0000000000000995,SL,2,-69.02850251841706
2023-09-05 06:25:00,2023-09-05 07:25:00,short,33014.519,32984.369,33039.71579940951,32931.822162393175,20.997332841258345,1.1965805462031005,TIMEOUT,12,-67.83192197221396
2023-09-05 07:40:00,2023-09-05 07:50:00,short,33001.519,33023.55861435088,33023.55861435088,32941.448498207894,18.36634529239509,-1.0000000000001288,SL,2,-68.83192197221409
2023-09-05 09:45:00,2023-09-05 10:10:00,short,33094.319,33123.81282889,33123.81282889,32960.27106214691,24.578190741659146,-1.000000000000099,SL,5,-69.83192197221419
2023-09-05 19:55:00,2023-09-05 20:00:00,short,33099.319,33120.050863938864,33120.050863938864,33028.82009567904,17.27655328238273,-1.0000000000001001,SL,1,-70.83192197221429
2023-09-05 20:05:00,2023-09-05 20:25:00,short,33121.519,33145.44606635544,33145.44606635544,33029.671354740094,19.93922196287063,-0.9999999999998698,SL,4,-71.83192197221416
2023-09-05 20:50:00,2023-09-05 21:00:00,short,33186.269,33220.0207093267,33220.0207093267,33033.87393392073,28.126424438917457,-1.0000000000000173,SL,2,-72.83192197221418
2023-09-05 21:05:00,2023-09-05 21:10:00,short,33241.369,33277.74746552142,33277.74746552142,33036.22913043481,30.31538793451256,-1.0000000000000955,SL,1,-73.83192197221427
2023-09-05 22:30:00,2023-09-05 23:30:00,short,33236.469,33216.419,33276.48613695625,33047.79939136305,33.34761413021202,0.5010353444803838,TIMEOUT,12,-73.33088662773389
2023-09-05 23:40:00,2023-09-05 23:55:00,short,33246.369,33279.24439396457,33279.24439396457,33057.19930651342,27.39616163714289,-0.9999999999999098,SL,3,-74.3308866277338
2023-09-06 00:45:00,2023-09-06 00:55:00,long,33206.269,33177.92668010318,33177.92668010318,33248.496333333336,23.618599914017892,-1.000000000000055,SL,2,-75.33088662773386
2023-09-06 01:00:00,2023-09-06 01:35:00,long,33161.469,33232.346435897445,33133.70058279398,33232.346435897445,23.140347671682882,2.5524478176625607,VWAP,7,-72.7784388100713
2023-09-06 03:10:00,2023-09-06 03:20:00,long,33166.369,33139.68240208718,33139.68240208718,33217.64378632478,22.238831594018887,-0.9999999999998892,SL,2,-73.77843881007118
2023-09-06 07:45:00,2023-09-06 08:40:00,long,33194.419,33171.41195648137,33171.41195648137,33233.83495744681,19.172536265521682,-1.0000000000000884,SL,11,-74.77843881007126
2023-09-06 09:35:00,2023-09-06 10:30:00,long,33151.419,33127.73304669816,33127.73304669816,33225.7146321839,19.738294418205008,-0.9999999999998838,SL,11,-75.77843881007115
2023-09-06 19:00:00,2023-09-06 20:00:00,long,33099.419,33139.999,33083.78581750566,33168.0692750809,13.027652078620303,2.595760653000912,TIMEOUT,12,-73.18267815707024
2023-09-06 20:15:00,2023-09-06 20:25:00,short,33239.419,33271.60553105954,33271.60553105954,33166.34314781298,26.822109216280936,-1.000000000000044,SL,2,-74.18267815707028
2023-09-06 20:30:00,2023-09-06 20:45:00,short,33281.519,33315.70323204731,33315.70323204731,33167.64562202381,28.486860039420275,-1.0000000000001041,SL,3,-75.18267815707038
2023-09-07 00:35:00,2023-09-07 00:45:00,long,33071.999,33038.921953766294,33038.921953766294,33123.155666666666,27.564205194760003,-0.9999999999999258,SL,2,-76.18267815707031
2023-09-07 00:50:00,2023-09-07 01:50:00,long,33006.999,32999.369,32972.88856320136,33099.79748484848,28.42536399886546,-0.22368520359461339,TIMEOUT,12,-76.40636336066493
2023-09-07 01:55:00,2023-09-07 02:35:00,long,32989.269,32956.31513035776,32956.31513035776,33055.379138888886,27.46155803519703,-1.0000000000000693,SL,8,-77.406363360665
2023-09-07 07:15:00,2023-09-07 07:25:00,long,32981.369,32964.14413004349,32964.14413004349,33011.37676515154,14.354058297089926,-1.0000000000001092,SL,2,-78.40636336066511
2023-09-07 07:30:00,2023-09-07 08:05:00,long,32944.469,32926.05192299765,32926.05192299765,33009.807754578775,15.347564168625016,-0.9999999999999108,SL,7,-79.40636336066503
2023-09-07 14:20:00,2023-09-07 14:40:00,long,32836.469,32814.61710238586,32814.61710238586,32941.011061657046,18.20991467844524,-1.00000000000003,SL,4,-80.40636336066505
2023-09-07 19:20:00,2023-09-07 19:45:00,long,32886.319,32929.49080223286,32873.53027772815,32929.49080223286,10.657268559877826,3.375771348782308,VWAP,5,-77.03059201188275
2023-09-07 20:05:00,2023-09-07 20:10:00,long,32856.369,32827.46383630038,32827.46383630038,32928.74759327217,24.08763641634705,-0.9999999999999674,SL,1,-78.03059201188272
2023-09-07 20:15:00,2023-09-07 20:30:00,long,32806.519,32772.135261912066,32772.135261912066,32927.733060606064,28.653115073278745,-0.9999999999999868,SL,3,-79.0305920118827
2023-09-07 20:35:00,2023-09-07 21:35:00,long,32551.369,32646.369,32488.850997305042,32924.073404761904,52.09833557913147,1.5195623005349463,TIMEOUT,12,-77.51102971134776
2023-09-08 04:35:00,2023-09-08 05:05:00,long,32554.419,32523.84336461172,32523.84336461172,32598.459535714275,25.47969615690179,-1.0000000000000127,SL,6,-78.51102971134777
2023-09-08 07:30:00,2023-09-08 08:05:00,long,32539.469,32574.765849816842,32514.831864606327,32574.765849816842,20.530946161394258,1.432668581506658,VWAP,7,-77.07836112984111
2023-09-08 08:40:00,2023-09-08 09:20:00,short,32634.269,32656.024689304402,32656.024689304402,32575.814206349194,18.12974108700307,-0.9999999999999245,SL,8,-78.07836112984104
2023-09-08 09:30:00,2023-09-08 09:35:00,short,32669.369,32691.09994151912,32691.09994151912,32581.242014492742,18.109117932601805,-1.0000000000000386,SL,1,-79.07836112984108
2023-09-10 18:10:00,2023-09-10 18:15:00,long,32516.519,32472.855370060395,32472.855370060395,32575.570111111112,36.38635828300294,-1.000000000000034,SL,1,-80.07836112984111
2023-09-10 23:25:00,2023-09-11 00:15:00,long,32471.269,32427.419179459685,32427.419179459685,32550.73192929294,36.541517116929064,-1.0000000000000189,SL,10,-81.07836112984113
2023-09-11 06:30:00,2023-09-11 06:35:00,short,32554.519,32577.506425851905,32577.506425851905,32480.124949367088,19.15618820992145,-0.9999999999999613,SL,1,-82.07836112984108
2023-09-11 09:35:00,2023-09-11 10:00:00,short,32564.519,32494.12207471264,32586.813061892783,32494.12207471264,18.578384910653305,3.157653622113024,VWAP,5,-78.92070750772805
2023-09-11 10:25:00,2023-09-11 10:40:00,short,32559.999,32589.056359851555,32589.056359851555,32495.86664550264,24.214466542963343,-0.999999999999958,SL,3,-79.92070750772801
2023-09-11 10:45:00,2023-09-11 11:45:00,short,32624.269,32589.369,32655.502336076643,32498.615512820514,26.027780063868526,1.1173958463598554,TIMEOUT,12,-78.80331166136816
2023-09-11 13:15:00,2023-09-11 13:30:00,short,32631.999,32654.06405727417,32654.06405727417,32519.290833333333,18.387547728472708,-1.00000000000007,SL,3,-79.80331166136823
2023-09-11 19:20:00,2023-09-11 19:30:00,short,32661.369,32672.717143228594,32672.717143228594,32550.77961320754,9.456786023828824,-1.0000000000000617,SL,2,-80.80331166136828
2023-09-11 20:05:00,2023-09-11 21:05:00,short,32719.269,32586.319,32743.97280539092,32555.694535444945,20.58650449243254,5.381761955138792,TIMEOUT,12,-75.42154970622948
2023-09-11 22:25:00,2023-09-11 22:35:00,short,32644.519,32687.185693912466,32687.185693912466,32559.38679116466,35.55557826038982,-0.9999999999999616,SL,2,-76.42154970622944
2023-09-11 22:40:00,2023-09-11 23:40:00,short,32709.269,32750.815145235312,32750.815145235312,32560.862981481478,34.6217876960919,-1.0000000000000413,SL,12,-77.42154970622948
2023-09-12 00:30:00,2023-09-12 00:45:00,long,32686.269,32728.688999999995,32653.67825785588,32728.688999999995,27.158951786765492,1.3015966255819014,VWAP,3,-76.11995308064758
2023-09-12 01:55:00,2023-09-12 02:10:00,short,32776.269,32803.73704045258,32803.73704045258,32726.470666666664,22.8900337104831,-0.9999999999999688,SL,3,-77.11995308064755
2023-09-12 02:15:00,2023-09-12 03:15:00,short,32836.999,32776.269,32864.638393048896,32737.44221428571,23.032827540740758,2.19722625213163,TIMEOUT,12,-74.92272682851592
2023-09-12 04:10:00,2023-09-12 04:25:00,long,32721.999,32762.896973856212,32698.30217396098,32762.896973856212,19.747355032517962,1.7258840398653121,VWAP,3,-73.19684278865061
2023-09-12 07:50:00,2023-09-12 08:15:00,long,32724.999,32757.854719298248,32706.35897442235,32757.854719298248,15.533354648040458,1.7626434664148556,VWAP,5,-71.43419932223576
2023-09-12 09:35:00,2023-09-12 09:40:00,short,32794.369,32814.292432510425,32814.292432510425,32758.16851149425,16.602860425355885,-0.9999999999999573,SL,1,-72.43419932223571
2023-09-12 09:45:00,2023-09-12 10:45:00,short,32829.269,32806.999,32852.26206170542,32759.20566666666,19.160884754515944,0.9685530481026839,TIMEOUT,12,-71.46564627413304
2023-09-12 11:55:00,2023-09-12 12:55:00,short,32816.369,32829.519,32841.416649529805,32766.574115740732,20.873041274838133,-0.524999361091884,TIMEOUT,12,-71.99064563522492
2023-09-12 13:20:00,2023-09-12 13:25:00,short,32854.369,32873.37028870789,32873.37028870789,32773.101836438924,15.834407256578505,-0.9999999999998811,SL,1,-72.99064563522481
2023-09-12 13:30:00,2023-09-12 14:30:00,short,32886.519,32844.419,32906.94609077364,32774.383662576685,17.02257564470343,2.0609885404884833,TIMEOUT,12,-70.92965709473633
2023-09-12 19:15:00,2023-09-12 19:35:00,long,32764.469,32752.445393924314,32752.445393924314,32783.71541390205,10.019671729739914,-0.9999999999999242,SL,3,-71.92965709473626
2023-09-12 19:40:00,2023-09-12 19:45:00,long,32751.319,32738.192574835284,32738.192574835284,32783.357852713176,10.938687637263385,-0.9999999999999442,SL,1,-72.9296570947362
2023-09-12 21:40:00,2023-09-12 22:40:00,long,32681.519,32689.319,32633.84038594324,32785.253769874485,39.732178380633975,0.16359535935154226,TIMEOUT,12,-72.76606173538465
2023-09-12 23:35:00,2023-09-13 00:35:00,long,32639.999,32709.469,32607.192194555817,32777.102180661575,27.339004536820262,2.117548449457951,TIMEOUT,12,-70.6485132859267
2023-09-13 00:40:00,2023-09-13 00:50:00,short,32734.319,32764.65434908604,32764.65434908604,32676.336037037036,25.279457571698416,-1.0000000000000318,SL,2,-71.64851328592673
2023-09-13 00:55:00,2023-09-13 01:50:00,short,32806.419,32698.40566666666,32838.686500707736,32698.40566666666,26.88958392311278,3.3474341354070165,VWAP,11,-68.30107915051971
2023-09-13 04:40:00,2023-09-13 05:40:00,long,32661.469,32701.369,32632.775556380893,32713.464146198836,23.911203015922922,1.3905615697318274,TIMEOUT,12,-66.91051758078788
2023-09-13 06:15:00,2023-09-13 07:15:00,long,32664.419,32669.269,32643.687317361906,32705.894175438585,17.276402198413095,0.23394145495389643,TIMEOUT,12,-66.67657612583399
2023-09-13 09:35:00,2023-09-13 10:35:00,short,32884.519,32849.999,32924.942630808044,32711.942160919534,33.68635900670282,0.8539559487844942,TIMEOUT,12,-65.8226201770495
2023-09-13 10:40:00,2023-09-13 11:40:00,short,32884.319,32904.269,32924.40435022742,32726.402979328166,33.404458522848195,-0.49768805528238996,TIMEOUT,12,-66.3203082323319
2023-09-13 15:40:00,2023-09-13 18:20:00,short,32844.519,32839.999,32868.204806060654,32772.79855908289,19.738171717212495,0.19083158869163708,TIMEOUT,12,-66.12947664364026
2023-09-13 19:45:00,2023-09-13 19:50:00,short,32919.519,32938.704752564,32938.704752564,32781.3307057903,15.988127136665817,-1.0000000000000908,SL,1,-67.12947664364034
2023-09-13 21:45:00,2023-09-13 22:45:00,short,33070.419,33070.999,33109.1147596324,32798.02615893109,32.246466360331745,-0.014988722421051535,TIMEOUT,12,-67.1444653660614
2023-09-14 19:15:00,2023-09-14 19:35:00,short,33432.519,33446.1275012758,33446.1275012758,33281.27153968255,11.34041772983304,-0.99999999999985,SL,4,-68.14446536606124
2023-09-14 19:40:00,2023-09-14 20:25:00,short,33455.319,33472.05581574678,33472.05581574678,33284.90735658915,13.947346455649345,-0.999999999999989,SL,9,-69.14446536606123
2023-09-14 20:30:00,2023-09-14 21:00:00,short,33495.469,33529.221936870475,33529.221936870475,33291.68494074075,28.127447392067342,-0.9999999999999213,SL,6,-70.14446536606114
2023-09-14 21:55:00,2023-09-14 22:00:00,short,33532.269,33575.77897139721,33575.77897139721,33305.66861432507,36.25830949767439,-0.9999999999999841,SL,1,-71.14446536606113
2023-09-14 22:05:00,2023-09-14 23:05:00,short,33604.369,33584.369,33650.970659010854,33307.983371584705,38.83471584238272,0.42916927046179915,TIMEOUT,12,-70.71529609559933
2023-09-15 01:35:00,2023-09-15 01:55:00,long,33497.269,33580.50550000001,33453.8742742825,33580.50550000001,36.16227143125445,1.9181248094956598,VWAP,4,-68.79717128610366
2023-09-15 03:30:00,2023-09-15 04:30:00,long,33477.419,33509.319,33436.22457103786,33553.54830232559,34.328690801784,0.7743765553667156,TIMEOUT,12,-68.02279473073695
2023-09-15 08:35:00,2023-09-15 08:45:00,long,33514.269,33494.14442450551,33494.14442450551,33540.817108974356,16.770479578739355,-1.0000000000001514,SL,2,-69.0227947307371
2023-09-15 08:50:00,2023-09-15 09:00:00,long,33474.469,33453.0112360199,33453.0112360199,33539.46121183801,17.881469983415403,-1.0000000000000295,SL,2,-70.02279473073713
2023-09-15 09:05:00,2023-09-15 09:30:00,long,33452.319,33430.97280194451,33430.97280194451,33537.25551515152,17.78849837957837,-0.9999999999999513,SL,5,-71.02279473073709
2023-09-15 09:50:00,2023-09-15 10:50:00,long,33389.519,33384.269,33361.93217823563,33530.454742296926,22.989018136979823,-0.1903082582271069,TIMEOUT,12,-71.2131029889642
2023-09-15 10:55:00,2023-09-15 11:55:00,long,33347.999,33357.319,33311.93700790782,33516.84495959596,30.051660076820337,0.25844384792096947,TIMEOUT,12,-70.95465914104322
2023-09-18 02:35:00,2023-09-18 03:05:00,long,33219.269,33258.59943010753,33203.00335895644,33258.59943010753,13.554700869631626,2.418006766669064,VWAP,6,-68.53665237437416
2023-09-18 03:15:00,2023-09-18 03:30:00,long,33212.369,33253.065410256415,33192.34614324453,33253.065410256415,16.68571396288608,2.03249769767803,VWAP,3,-66.50415467669613
2023-09-18 07:30:00,2023-09-18 07:35:00,long,33212.269,33194.28753405906,33194.28753405906,33238.45803703704,14.984554950781652,-1.0000000000000293,SL,1,-67.50415467669616
2023-09-18 07:40:00,2023-09-18 07:45:00,long,33179.519,33160.4607972244,33160.4607972244,33237.431826086955,15.881835646336633,-0.9999999999999336,SL,1,-68.50415467669609
2023-09-18 16:00:00,2023-09-18 18:50:00,short,33277.269,33282.419,33294.938902256756,33231.99587500001,14.724918547295193,-0.29145605477432074,TIMEOUT,12,-68.7956107314704
2023-09-18 18:55:00,2023-09-18 19:50:00,short,33284.519,33234.48187804879,33297.58629522678,33234.48187804879,10.889412688978766,3.8291873783248063,VWAP,11,-64.9664233531456
2023-09-18 21:35:00,2023-09-18 22:35:00,long,33149.319,33159.999,33104.0937636494,33238.797059071745,37.687696958837975,0.2361513363292193,TIMEOUT,12,-64.73027201681639
2023-09-19 00:55:00,2023-09-19 01:25:00,long,33179.469,33154.9411396801,33154.9411396801,33210.90927777778,20.439883599912246,-1.0000000000000824,SL,6,-65.73027201681647
2023-09-19 02:35:00,2023-09-19 03:05:00,short,33252.519,33277.89231241591,33277.89231241591,33205.87025,21.144427013261108,-0.9999999999999335,SL,6,-66.7302720168164
2023-09-19 03:10:00,2023-09-19 03:20:00,short,33274.369,33296.56326164978,33296.56326164978,33216.07079487179,18.495218041484577,-1.0000000000000944,SL,2,-67.7302720168165
2023-09-19 04:10:00,2023-09-19 04:15:00,short,33319.469,33342.31143341164,33342.31143341164,33235.44782352941,19.03536117637071,-0.9999999999998996,SL,1,-68.7302720168164
2023-09-19 10:00:00,2023-09-19 10:05:00,long,33232.319,33208.11404042297,33208.11404042297,33291.91012947658,20.170799647525378,-0.9999999999999611,SL,1,-69.73027201681636
2023-09-19 10:10:00,2023-09-19 10:35:00,long,33214.269,33189.677172609605,33189.677172609605,33290.7733902439,20.493189491998713,-0.9999999999998733,SL,5,-70.73027201681623
2023-09-19 18:45:00,2023-09-19 19:25:00,long,33247.519,33265.730789819376,33234.789207889255,33265.730789819376,10.608160092288925,1.4306431449105008,VWAP,6,-69.29962887190572
2023-09-19 19:55:00,2023-09-19 20:05:00,long,33244.469,33229.0381725198,33229.0381725198,33265.444627906974,12.859022900160914,-1.000000000000133,SL,2,-70.29962887190585
2023-09-19 20:10:00,2023-09-19 21:00:00,long,33162.369,33138.17866910569,33138.17866910569,33264.73655351682,20.158609078591006,-0.9999999999999257,SL,10,-71.29962887190578
2023-09-19 21:30:00,2023-09-19 21:45:00,long,33164.269,33258.56182051283,33129.59322354001,33258.56182051283,28.896480383326896,2.7192706303669447,VWAP,3,-68.58035824153883
2023-09-19 22:05:00,2023-09-19 22:30:00,long,33147.999,33106.046155443655,33106.046155443655,33256.84976071923,34.96070379695712,-0.9999999999999938,SL,5,-69.58035824153883
2023-09-19 22:50:00,2023-09-19 23:35:00,long,33109.999,33076.263500298424,33076.263500298424,33252.24104000001,28.11291641798396,-0.9999999999999512,SL,9,-70.58035824153879
2023-09-19 23:40:00,2023-09-20 00:40:00,long,33064.519,33072.419,33035.88312253913,33246.02297435898,23.86323121738866,0.2758776996024496,TIMEOUT,12,-70.30448054193634
2023-09-20 01:50:00,2023-09-20 02:00:00,long,33019.419,32992.666704141826,32992.666704141826,33065.72407246377,22.29357988181251,-1.0000000000000289,SL,2,-71.30448054193637
2023-09-20 04:00:00,2023-09-20 04:20:00,short,33134.369,33156.061175416624,33156.061175416624,33080.73566666667,18.07681284718587,-1.000000000000095,SL,4,-72.30448054193647
2023-09-20 04:25:00,2023-09-20 05:25:00,short,33167.419,33172.269,33188.390241274035,33086.78109876544,17.47603439502567,-0.23126909545427893,TIMEOUT,12,-72.53574963739075
2023-09-20 09:05:00,2023-09-20 09:40:00,short,33194.419,33206.85219684062,33206.85219684062,33130.5527878788,10.36099736717918,-1.00000000000029,SL,7,-73.53574963739104
2023-09-20 12:15:00,2023-09-20 12:30:00,short,33232.319,33250.254740298464,33250.254740298464,33156.50539639642,14.946450248719323,-0.999999999999855,SL,3,-74.5357496373909
2023-09-20 15:15:00,2023-09-20 15:35:00,long,33114.369,33077.6310188976,33077.6310188976,33170.58807608698,30.61498425200125,-0.9999999999999654,SL,4,-75.53574963739086
2023-09-21 22:00:00,2023-09-21 22:55:00,long,32233.269,32398.05035802467,32185.033249601314,32398.05035802467,40.19645866557107,3.416166570701067,VWAP,11,-72.1195830666898
2023-09-22 11:30:00,2023-09-22 12:30:00,short,32611.419,32581.319,32643.50735476286,32520.40130215827,26.740295635716482,0.9380350043636706,TIMEOUT,12,-71.18154806232613
2023-09-22 13:45:00,2023-09-22 14:45:00,long,32496.469,32486.419,32470.814602744384,32528.76369879518,21.378664379682025,-0.39174570736789677,TIMEOUT,12,-71.57329376969403
2023-09-22 15:15:00,2023-09-22 15:40:00,short,32573.469,32526.60236956522,32600.324082895513,32526.60236956522,22.379235746259504,1.7451679675364515,VWAP,5,-69.82812580215759
2023-09-22 15:50:00,2023-09-24 18:35:00,long,32471.319,32503.419,32441.714278389212,32527.06130366492,24.67060134232122,1.0842865007150635,TIMEOUT,12,-68.74383930144252
2023-09-24 19:40:00,2023-09-24 19:45:00,short,32526.269,32542.45744940032,32542.45744940032,32497.511777777774,13.49037450026811,-0.9999999999999348,SL,1,-69.74383930144245
2023-09-24 20:15:00,2023-09-24 20:55:00,long,32406.269,32498.165266666667,32374.889864432247,32498.165266666667,26.149279639793253,2.928578655975078,VWAP,8,-66.81526064546738
2023-09-24 21:20:00,2023-09-24 21:35:00,short,32573.469,32615.899746653256,32615.899746653256,32491.092333333334,35.35895554437868,-1.000000000000025,SL,3,-67.8152606454674
2023-09-24 22:15:00,2023-09-24 22:20:00,short,32622.369,32659.800985911443,32659.800985911443,32517.249000000003,31.193321592870895,-0.999999999999969,SL,1,-68.81526064546738
2023-09-24 23:10:00,2023-09-24 23:55:00,short,32650.999,32680.348391931144,32680.348391931144,32538.978444444456,24.457826609286993,-0.9999999999999887,SL,9,-69.81526064546736
2023-09-25 03:30:00,2023-09-25 04:10:00,short,32735.519,32688.12186821705,32760.316845876394,32688.12186821705,20.66487156366161,1.911340687380769,VWAP,8,-67.90391995808659
2023-09-25 04:20:00,2023-09-25 04:30:00,long,32645.319,32619.994859641647,32619.994859641647,32690.49333962264,21.10345029862587,-1.0000000000000557,SL,2,-68.90391995808665
2023-09-25 04:35:00,2023-09-25 04:40:00,long,32582.469,32555.543597533786,32555.543597533786,32686.125428571428,22.437835388513392,-0.9999999999999609,SL,1,-69.9039199580866
2023-09-25 04:45:00,2023-09-25 05:45:00,long,32507.469,32570.319,32475.550566240865,32681.000091954025,26.5986947992793,1.9690815807028963,TIMEOUT,12,-67.93483837738371
2023-09-25 07:35:00,2023-09-25 08:00:00,long,32605.419,32578.4108635833,32578.4108635833,32658.017455284567,22.5067803472518,-0.9999999999999846,SL,5,-68.9348383773837
2023-09-25 08:10:00,2023-09-25 09:10:00,long,32570.519,32544.476602443443,32544.476602443443,32652.913606741586,21.701997963797982,-0.9999999999999879,SL,12,-69.93483837738368
2023-09-25 09:35:00,2023-09-25 10:35:00,long,32525.369,32542.419,32499.231722186396,32638.33981761008,21.781064844670414,0.6523250095741936,TIMEOUT,12,-69.28251336780949
2023-09-25 12:25:00,2023-09-25 12:55:00,short,32690.519,32628.24659523811,32720.60704462034,32628.24659523811,25.073370516950188,2.069672707138727,VWAP,6,-67.21284066067076
2023-09-25 13:15:00,2023-09-25 14:15:00,short,32685.319,32657.369,32711.94094695943,32630.34735555557,22.184955799524,1.049885646703295,TIMEOUT,12,-66.16295501396746
2023-09-25 15:50:00,2023-09-25 18:05:00,short,32675.519,32698.838781051556,32698.838781051556,32634.178152854533,19.43315087629578,-1.0000000000000355,SL,7,-67.16295501396749
2023-09-25 18:10:00,2023-09-25 19:30:00,short,32700.519,32677.419,32720.12670022338,32636.33296825399,16.339750186148834,1.1781085867712326,TIMEOUT,12,-65.98484642719626
2023-09-25 20:00:00,2023-09-25 20:05:00,long,32612.319,32591.02985402428,32591.02985402428,32640.32993397748,17.740954979767167,-0.9999999999999386,SL,1,-66.9848464271962
2023-09-25 20:10:00,2023-09-25 20:15:00,long,32540.469,32511.80968535767,32511.80968535767,32639.574406698586,23.88276220194215,-0.9999999999999541,SL,1,-67.98484642719616
2023-09-25 20:20:00,2023-09-25 20:30:00,long,32492.999,32459.05132564003,32459.05132564003,32638.37140126384,28.289728633307313,-1.000000000000031,SL,2,-68.98484642719619
2023-09-25 20:35:00,2023-09-25 21:35:00,long,32380.519,32460.369,32340.578052270826,32635.586242990674,33.28412310764434,1.9992014346138167,TIMEOUT,12,-66.98564499258237
2023-09-26 11:10:00,2023-09-26 11:50:00,long,32223.419,32181.85844086555,32181.85844086555,32281.591814814827,34.633799278707286,-1.000000000000034,SL,8,-67.9856449925824
2023-09-26 11:55:00,2023-09-26 12:55:00,long,32168.369,32178.419,32134.55033664005,32276.575712962975,28.18221946662358,0.2971731878648168,TIMEOUT,12,-67.68847180471758
2023-09-26 13:20:00,2023-09-26 13:35:00,long,32135.269,32105.911416370054,32105.911416370054,32266.10839958594,24.46465302495653,-0.9999999999999383,SL,3,-68.68847180471752
2023-09-26 13:40:00,2023-09-26 14:40:00,long,32078.419,32065.999,32048.335131037722,32262.342676767694,25.06989080189986,-0.41284583494146004,TIMEOUT,12,-69.10131763965899
2023-09-27 09:15:00,2023-09-27 09:40:00,short,32438.519,32360.256529761904,32460.94648407745,32360.256529761904,18.689570064540895,3.4895786780109463,VWAP,5,-65.61173896164804
2023-09-27 10:55:00,2023-09-27 11:55:00,long,32266.419,32261.319,32231.352936277042,32361.378696969696,29.22171976913383,-0.1454397630796182,TIMEOUT,12,-65.75717872472767
2023-09-27 21:50:00,2023-09-27 22:25:00,long,32075.519,32022.795465812273,32022.795465812273,32286.37974074074,43.936278489773336,-0.9999999999999931,SL,7,-66.75717872472767
2023-09-28 04:05:00,2023-09-28 04:25:00,long,31743.269,31705.709259326628,31705.709259326628,31819.25273333334,31.299783894475492,-1.0000000000000453,SL,4,-67.75717872472771
2023-09-28 05:10:00,2023-09-28 06:10:00,long,31683.319,31793.319,31643.946086126904,31800.251380952377,32.81076156091366,2.793798811907677,TIMEOUT,12,-64.96337991282003
2023-09-28 10:50:00,2023-09-28 11:10:00,short,31913.319,31954.293468148237,31954.293468148237,31796.765284987265,34.14539012353157,-0.99999999999998,SL,4,-65.96337991282002
2023-09-28 11:30:00,2023-09-28 11:45:00,short,32000.319,32038.38553420893,32038.38553420893,31805.25389208631,31.722111840775497,-0.9999999999999983,SL,3,-66.96337991282002
2023-09-28 15:15:00,2023-09-28 15:30:00,short,32010.999,32044.149531637646,32044.149531637646,31851.76548550723,27.62544303137222,-0.9999999999999816,SL,3,-67.96337991282
2023-09-28 18:00:00,2023-09-28 19:10:00,short,32013.519,32000.469,32043.64390803174,31861.379558375607,25.10409002645013,0.4331963432469089,TIMEOUT,12,-67.5301835695731
2023-09-28 19:55:00,2023-09-28 20:20:00,short,32028.319,31875.98043730884,32046.5954502834,31875.98043730884,15.230375236167337,8.335237988173056,VWAP,5,-59.19494558140004
2023-09-28 20:50:00,2023-09-28 21:00:00,long,31823.469,31780.922800250555,31780.922800250555,31877.19397816592,35.45516645787278,-0.9999999999999641,SL,2,-60.194945581400006
2023-09-28 21:25:00,2023-09-28 22:15:00,long,31788.519,31743.26507322561,31743.26507322561,31875.532064971732,37.71160564532281,-1.0000000000000286,SL,10,-61.194945581400034
2023-09-29 00:30:00,2023-09-29 00:45:00,long,31781.269,31746.49450754296,31746.49450754296,31825.86471428571,28.97874371419855,-1.0000000000000426,SL,3,-62.19494558140008
2023-09-29 00:50:00,2023-09-29 01:50:00,long,31736.419,31799.69536363636,31702.534208999754,31799.69536363636,28.23732583353881,1.8673971940951117,VWAP,12,-60.327548387304965
2023-09-29 04:05:00,2023-09-29 04:25:00,short,32011.519,32045.809152892263,32045.809152892263,31884.45293333333,28.575127410218048,-1.0000000000000389,SL,4,-61.327548387305
2023-09-29 05:25:00,2023-09-29 06:20:00,short,32051.319,32080.830932055767,32080.830932055767,31920.89566666666,24.59327671313986,-0.9999999999999999,SL,11,-62.327548387305
2023-09-29 06:25:00,2023-09-29 07:25:00,short,32081.469,32071.269,32107.333472447004,31940.110923076925,21.553727039169047,0.3943633499929627,TIMEOUT,12,-61.933185037312036
2023-09-29 08:40:00,2023-09-29 09:40:00,short,32111.469,32068.369,32136.551341865452,31974.044365079364,20.90195155454181,1.718340346017313,TIMEOUT,12,-60.21484469129472
2023-09-29 11:55:00,2023-09-29 12:55:00,long,31901.469,31858.763357909247,31858.763357909247,31987.482912037038,35.588035075628504,-0.9999999999999912,SL,12,-61.214844691294715
2023-09-29 13:00:00,2023-09-29 13:10:00,long,31843.269,31805.182679017737,31805.182679017737,31980.528532908695,31.738600818552296,-1.000000000000025,SL,2,-62.21484469129474
2023-10-02 19:00:00,2023-10-02 19:20:00,long,31598.319,31576.74012358944,31576.74012358944,31710.168967637543,17.98239700879998,-1.000000000000003,SL,4,-63.21484469129474
2023-10-02 19:25:00,2023-10-02 19:55:00,long,31583.419,31565.35604450693,31565.35604450693,31707.318194312797,15.052462910893556,-0.9999999999999332,SL,6,-64.21484469129467
2023-10-02 20:00:00,2023-10-02 20:05:00,long,31538.469,31507.244553920424,31507.244553920424,31704.120773700306,26.020371732981033,-1.0000000000000027,SL,1,-65.21484469129467
2023-10-02 20:10:00,2023-10-02 20:20:00,long,31403.419,31362.695941900773,31362.695941900773,31701.806257575754,33.93588174935622,-1.00000000000004,SL,2,-66.21484469129472
2023-10-02 20:25:00,2023-10-02 21:25:00,long,31303.469,31325.319,31255.286243934403,31697.046683109114,40.15229672133205,0.45348173878328674,TIMEOUT,12,-65.76136295251143
2023-10-03 06:15:00,2023-10-03 06:45:00,long,31193.369,31161.30202093445,31161.30202093445,31248.432991228074,26.722482554622395,-1.0000000000000466,SL,6,-66.76136295251148
2023-10-03 06:50:00,2023-10-03 07:05:00,long,31168.469,31137.417021442783,31137.417021442783,31243.913457831328,25.87664879768096,-1.000000000000021,SL,3,-67.76136295251149
2023-10-03 07:10:00,2023-10-03 07:20:00,long,31115.999,31084.805669211455,31084.805669211455,31239.541337164756,25.994442323786338,-1.000000000000035,SL,2,-68.76136295251152
2023-10-03 07:25:00,2023-10-03 08:25:00,long,31050.319,31068.469,31018.11691263031,31234.079629629632,26.83507280807527,0.5636280590023129,TIMEOUT,12,-68.1977348935092
2023-10-03 19:55:00,2023-10-03 20:05:00,long,30703.519,30675.091733157362,30675.091733157362,31001.223243939385,23.68938903553331,-0.9999999999999429,SL,2,-69.19773489350915
2023-10-03 21:15:00,2023-10-03 22:15:00,long,30638.999,30653.269,30570.225511162178,30983.199269774002,57.311240698185756,0.2074927452590199,TIMEOUT,12,-68.99024214825013
2023-10-03 23:35:00,2023-10-03 23:50:00,long,30593.269,30537.311395932826,30537.311395932826,30949.10811742423,46.63133672264575,-0.9999999999999937,SL,3,-69.99024214825013
2023-10-04 00:40:00,2023-10-04 01:40:00,short,30738.519,30596.255666666664,30803.570705313563,30596.255666666664,54.20975442796751,2.18692703976938,VWAP,12,-67.80331510848075
2023-10-04 02:00:00,2023-10-04 02:10:00,long,30505.519,30438.443914024738,30438.443914024738,30628.822333333334,55.89590497938437,-1.0000000000000184,SL,2,-68.80331510848076
2023-10-04 02:15:00,2023-10-04 02:55:00,long,30410.419,30341.016075842694,30341.016075842694,30609.174714285713,57.83577013108875,-1.0000000000000218,SL,8,-69.80331510848079
2023-10-04 05:45:00,2023-10-04 06:45:00,short,30575.999,30515.319,30623.040408127104,30494.203333333335,39.20117343925469,1.2899273728380594,TIMEOUT,12,-68.51338773564272
2023-10-04 07:15:00,2023-10-04 08:15:00,short,30578.269,30617.35260620277,30617.35260620277,30505.26271212121,32.569671835640484,-1.0000000000000406,SL,12,-69.51338773564277
2023-10-04 10:55:00,2023-10-04 11:15:00,long,30423.519,30523.246676767663,30362.41875337231,30523.246676767663,50.916872189741795,1.632197614116786,VWAP,4,-67.88119012152598
2023-10-04 12:00:00,2023-10-04 13:00:00,short,30628.269,30620.369,30685.76717430779,30525.352632183898,47.91514525649226,0.13739566682086887,TIMEOUT,12,-67.74379445470511
2023-10-04 15:10:00,2023-10-04 15:20:00,short,30643.519,30680.02007703481,30680.02007703481,30540.651112932588,30.41756419567418,-0.9999999999999992,SL,2,-68.74379445470511
2023-10-04 15:25:00,2023-10-04 18:05:00,short,30693.999,30675.519,30730.826977494708,30542.83199283152,30.689981245588914,0.5017924213366238,TIMEOUT,12,-68.2420020333685
2023-10-04 19:10:00,2023-10-04 19:45:00,short,30700.269,30722.202992589624,30722.202992589624,30559.66785714284,18.278327158018957,-1.0000000000000486,SL,7,-69.24200203336854
2023-10-04 20:40:00,2023-10-04 21:10:00,short,30725.319,30781.58124081344,30781.58124081344,30569.206865497064,46.88520067786758,-1.0000000000000013,SL,6,-70.24200203336854
2023-10-04 21:15:00,2023-10-04 22:15:00,short,30792.419,30840.519,30850.09291876734,30574.212999999985,48.061598972780445,-0.8339991633660213,TIMEOUT,12,-71.07600119673455
2023-10-04 22:25:00,2023-10-04 23:15:00,short,30870.319,30920.451739355696,30920.451739355696,30587.22396653278,41.777282796412614,-1.0000000000000309,SL,10,-72.07600119673458
2023-10-05 04:05:00,2023-10-05 04:10:00,short,31085.419,31131.037380721627,31131.037380721627,30998.618800000004,38.01531726802081,-1.0000000000000167,SL,1,-73.0760011967346
2023-10-05 06:15:00,2023-10-05 07:15:00,short,31095.369,31095.319,31130.670569409212,31031.136587719306,29.41797450767853,0.0014163676243306527,TIMEOUT,12,-73.07458482911026
2023-10-05 07:45:00,2023-10-05 08:40:00,short,31135.469,31045.238219858173,31161.595548896174,31045.238219858173,21.772124080143257,3.4536050092344577,VWAP,11,-69.62097981987581
2023-10-05 10:05:00,2023-10-05 10:40:00,long,30980.519,30937.019531477035,30937.019531477035,31049.87375409838,36.24955710247116,-0.9999999999999886,SL,7,-70.6209798198758
2023-10-05 10:45:00,2023-10-05 11:00:00,long,30907.999,30861.214728806644,30861.214728806644,31044.666820512837,38.986892661128,-1.000000000000038,SL,3,-71.62097981987584
2023-10-05 12:50:00,2023-10-05 13:50:00,long,30930.419,31007.469,30893.227850026757,31024.35517204303,30.992624977703258,2.0717294317446666,TIMEOUT,12,-69.54925038813117
2023-10-05 15:45:00,2023-10-05 15:55:00,short,31070.369,31022.51431578948,31098.54970817966,31022.51431578948,23.483923483049967,1.6981363245178192,VWAP,2,-67.85111406361335
2023-10-05 21:05:00,2023-10-05 21:55:00,short,31135.369,31022.70861206899,31195.019496745193,31022.70861206899,49.708747287662675,1.888674765144924,VWAP,10,-65.96243929846842
2023-10-06 02:35:00,2023-10-06 03:20:00,long,31015.419,31055.125666666667,30984.07513863099,31055.125666666667,26.11988447417797,1.2668083934903758,VWAP,9,-64.69563090497805
2023-10-06 03:30:00,2023-10-06 04:30:00,short,31105.999,31125.369,31138.115973295364,31050.90210077519,26.764144412802203,-0.6031078900824011,TIMEOUT,12,-65.29873879506044
2023-10-06 05:15:00,2023-10-06 05:35:00,short,31120.519,31147.721643407072,31147.721643407072,31067.92155208333,22.668869505893223,-1.0000000000000113,SL,4,-66.29873879506046
2023-10-06 11:30:00,2023-10-06 11:40:00,short,31185.269,31241.46454749705,31241.46454749705,31075.965978417265,46.829622914208066,-0.99999999999999,SL,2,-67.29873879506044
2023-10-06 11:50:00,2023-10-06 12:50:00,short,31312.999,31305.999,31370.36862005579,31081.229606060606,47.80801671315852,0.12201579848694676,TIMEOUT,12,-67.1767229965735
2023-10-09 03:20:00,2023-10-09 03:40:00,long,30951.369,31036.52103252032,30918.614604887498,31036.52103252032,27.29532926041784,2.5997131752196516,VWAP,4,-64.57700982135385
2023-10-09 04:55:00,2023-10-09 05:10:00,short,31108.469,31144.434345976675,31144.434345976675,31034.554999999993,29.9711216472275,-1.0000000000000318,SL,3,-65.57700982135388
2023-10-09 06:15:00,2023-10-09 07:15:00,short,31141.469,31081.419,31169.53957042194,31053.557245614018,23.39214201828249,2.139251147994708,TIMEOUT,12,-63.43775867335918
2023-10-09 09:45:00,2023-10-09 10:00:00,short,31136.319,31172.41858970603,31172.41858970603,31063.951796610156,30.082991421691496,-1.0000000000000364,SL,3,-64.43775867335921
2023-10-09 13:10:00,2023-10-09 13:30:00,short,31136.469,31164.160584444762,31164.160584444762,31073.540488469596,23.076320370633773,-1.000000000000026,SL,4,-65.43775867335924
2023-10-09 13:35:00,2023-10-09 13:45:00,short,31206.419,31232.190348700038,31232.190348700038,31076.305016260158,21.476123916697357,-0.9999999999999861,SL,2,-66.43775867335923
2023-10-09 13:50:00,2023-10-09 14:10:00,short,31256.319,31284.073947920548,31284.073947920548,31079.209918163666,23.129123267122612,-1.0000000000000364,SL,4,-67.43775867335927
2023-10-09 14:15:00,2023-10-09 14:40:00,short,31291.419,31317.696595433197,31317.696595433197,31084.886286821697,21.897996194330698,-0.9999999999999503,SL,5,-68.43775867335921
2023-10-10 10:15:00,2023-10-10 10:30:00,short,31885.369,31920.43062079206,31920.43062079206,31797.16179569893,29.218017326718204,-0.9999999999999801,SL,3,-69.4377586733592
2023-10-10 10:35:00,2023-10-10 11:35:00,short,31915.319,31930.369,31950.95441418789,31800.37855729167,29.696178489910224,-0.42233268064870044,TIMEOUT,12,-69.86009135400789
2023-10-10 18:15:00,2023-10-10 19:15:00,long,31760.519,31825.63444999999,31733.487029964683,31825.63444999999,22.526641696099396,2.4088310957326478,VWAP,12,-67.45126025827524
2023-10-10 19:35:00,2023-10-10 19:45:00,short,31872.369,31893.436549656177,31893.436549656177,31824.936978395057,17.55629138014867,-0.9999999999999816,SL,2,-68.45126025827523
2023-10-10 20:40:00,2023-10-10 21:05:00,short,31915.369,31826.950499272192,31960.28556314784,31826.950499272192,37.43046928986749,1.968505480634855,VWAP,5,-66.48275477764037
2023-10-10 22:45:00,2023-10-10 23:45:00,short,31928.419,31963.369,31969.234286443545,31833.044551181105,34.01273870295333,-0.8562968202695378,TIMEOUT,12,-67.3390515979099
2023-10-11 04:10:00,2023-10-11 04:30:00,long,31898.369,31867.525842213432,31867.525842213432,31953.27377124183,25.70263148880447,-1.0000000000000444,SL,4,-68.33905159790994
2023-10-11 12:25:00,2023-10-11 13:20:00,long,31898.999,31868.05607684083,31868.05607684083,31964.38759999999,25.785769299310363,-0.9999999999999597,SL,11,-69.3390515979099
2023-10-11 16:15:00,2023-10-11 18:50:00,short,32018.369,32041.21458787457,32041.21458787457,31956.765360544203,19.03798989547578,-0.9999999999999547,SL,10,-70.33905159790986
2023-10-11 19:10:00,2023-10-11 19:30:00,short,32070.369,32087.604960702418,32087.604960702418,31961.803746031735,14.363300585349343,-0.999999999999994,SL,4,-71.33905159790986
2023-10-11 19:35:00,2023-10-11 19:40:00,short,32110.419,32129.259192987083,32129.259192987083,31964.563418604637,15.700160822566938,-1.0000000000000644,SL,1,-72.33905159790993
2023-10-13 04:30:00,2023-10-13 05:10:00,long,32243.999,32210.83330729409,32210.83330729409,32291.796212121215,27.638077254924124,-0.9999999999999848,SL,8,-73.33905159790991
2023-10-13 05:15:00,2023-10-13 05:30:00,long,32178.319,32146.58543753304,32146.58543753304,32281.879052083335,26.444635389133683,-1.000000000000028,SL,3,-74.33905159790994
2023-10-13 05:45:00,2023-10-13 05:50:00,long,32133.319,32102.68690608962,32102.68690608962,32270.85219047619,25.526744925316656,-0.9999999999999645,SL,1,-75.3390515979099
2023-10-13 05:55:00,2023-10-13 06:45:00,long,32073.469,32038.808959842583,32038.808959842583,32265.519000000004,28.883366797849636,-0.9999999999999499,SL,10,-76.33905159790984
2023-10-13 08:05:00,2023-10-13 08:55:00,long,32130.999,32225.848489795917,32098.74658785881,32225.848489795917,26.877010117659903,2.940849489975916,VWAP,10,-73.39820210793393
2023-10-13 09:25:00,2023-10-13 09:30:00,long,32178.269,32219.99920467836,32145.656540278895,32219.99920467836,27.177049767588713,1.2795785731964122,VWAP,1,-72.11862353473751
2023-10-13 10:15:00,2023-10-13 10:50:00,long,32148.419,32097.84659078522,32097.84659078522,32219.330612903224,42.14367434565272,-0.9999999999999941,SL,7,-73.11862353473751
2023-10-13 10:55:00,2023-10-13 11:05:00,long,32053.519,32000.7528245148,32000.7528245148,32213.100818181814,43.97181290433604,-0.9999999999999674,SL,2,-74.11862353473748
2023-10-13 11:55:00,2023-10-13 12:55:00,long,31913.419,31975.469,31863.618351187826,32194.1582824074,41.50054067681324,1.2459677028309821,TIMEOUT,12,-72.8726558319065
2023-10-15 19:50:00,2023-10-15 20:05:00,long,31900.419,31860.014368285993,31860.014368285993,31961.31595652174,33.6705264283419,-0.9999999999999722,SL,3,-73.87265583190647
2023-10-15 20:10:00,2023-10-15 20:30:00,long,31763.999,31945.054679012344,31709.80730939234,31945.054679012344,45.159742173049644,3.3410228945091043,VWAP,4,-70.53163293739736
2023-10-15 20:45:00,2023-10-15 21:45:00,long,31745.319,31767.519,31672.185822036867,31924.148215686273,60.94431496927771,0.3035557953080043,TIMEOUT,12,-70.22807714208936
2023-10-16 06:10:00,2023-10-16 06:20:00,long,31635.519,31674.194688888892,31607.554365183725,31674.194688888892,23.30386234689497,1.3830214176937845,VWAP,2,-68.84505572439558
2023-10-16 08:55:00,2023-10-16 09:20:00,short,31740.419,31765.433853785,31765.433853785,31678.033197530873,20.84571148750011,-0.9999999999999953,SL,5,-69.84505572439558
2023-10-16 09:45:00,2023-10-16 09:50:00,short,31805.269,31834.89946743047,31834.89946743047,31684.92329378532,24.692056192059944,-0.9999999999999403,SL,1,-70.84505572439552
2023-10-16 09:55:00,2023-10-16 10:10:00,short,31847.369,31879.144249978315,31879.144249978315,31687.38697222223,26.479374981929332,-1.0000000000000386,SL,3,-71.84505572439556
2023-10-16 10:15:00,2023-10-16 10:30:00,short,31912.319,31947.68173455411,31947.68173455411,31693.384510752694,29.46894546175747,-1.000000000000027,SL,3,-72.84505572439559
2023-10-16 10:35:00,2023-10-16 10:40:00,short,31990.419,32026.99588779675,32026.99588779675,31701.541864583338,30.48073983062414,-1.0000000000000107,SL,1,-73.8450557243956
2023-10-16 18:00:00,2023-10-16 19:05:00,short,31990.419,32018.994657763025,32018.994657763025,31788.312045685256,23.813048135851908,-1.0000000000000469,SL,10,-74.84505572439565
2023-10-17 03:45:00,2023-10-17 04:40:00,short,32085.419,32001.537405797095,32115.15937577994,32001.537405797095,24.783646483281867,2.8204618133806596,VWAP,11,-72.02459391101499
2023-10-17 06:20:00,2023-10-17 07:20:00,long,31950.269,31930.419,31911.66320743019,32011.140255411257,32.17149380817671,-0.5141715447002719,TIMEOUT,12,-72.53876545571526
2023-10-17 08:35:00,2023-10-17 08:55:00,long,31905.369,31871.933233565003,31871.933233565003,31993.651756410272,27.863138695829733,-0.9999999999999934,SL,4,-73.53876545571526
2023-10-17 09:00:00,2023-10-17 09:55:00,long,31850.419,31817.029551520667,31817.029551520667,31988.57612538228,27.82454039944452,-1.0000000000000333,SL,11,-74.53876545571529
2023-10-17 14:40:00,2023-10-17 15:40:00,short,32100.469,32080.999,32130.948665110485,32017.140676082887,25.399720925402292,0.6387865460275325,TIMEOUT,12,-73.89997890968776
2023-10-17 19:05:00,2023-10-17 19:45:00,short,32100.319,32118.796860157036,32118.796860157036,32026.569614886746,15.398216797530901,-0.999999999999944,SL,8,-74.8999789096877
2023-10-17 20:05:00,2023-10-17 20:10:00,long,31987.999,31956.093707844055,31956.093707844055,32029.969978593286,26.587743463287644,-0.9999999999999966,SL,1,-75.8999789096877
2023-10-17 20:15:00,2023-10-17 20:25:00,long,31935.469,32029.346333333346,31896.413110334925,32029.346333333346,32.54657472089594,2.4036664927720865,VWAP,2,-73.49631241691561
2023-10-17 20:50:00,2023-10-17 21:50:00,long,31890.269,31927.469,31839.57565556167,32027.128735682825,42.24445369860693,0.7338241422452784,TIMEOUT,12,-72.76248827467033
2023-10-17 22:45:00,2023-10-17 23:45:00,long,31915.519,31922.269,31866.10643074049,32018.82844,41.17714104959255,0.136604918569393,TIMEOUT,12,-72.62588335610094
2023-10-18 00:45:00,2023-10-18 01:05:00,short,32055.419,31991.517,32092.68528818108,31991.517,31.05524015089857,1.7147401342870443,VWAP,4,-70.9111432218139
2023-10-18 01:50:00,2023-10-18 02:20:00,short,32095.319,32016.47885507246,32133.93791800318,32016.47885507246,32.18243166931788,2.0414902592829183,VWAP,6,-68.86965296253098
2023-10-18 03:20:00,2023-10-18 04:15:00,long,31955.269,32017.573634146345,31923.18378999403,32017.573634146345,26.737675004974943,1.9418490368226469,VWAP,11,-66.92780392570833
2023-10-18 05:40:00,2023-10-18 06:10:00,long,31975.319,31944.562862207258,31944.562862207258,32015.072381642512,25.630114827283002,-1.000000000000057,SL,6,-67.92780392570839
2023-10-18 06:25:00,2023-10-18 07:25:00,long,31910.269,31910.469,31882.96078625929,32007.385495726492,22.756844783926446,0.007323803815939921,TIMEOUT,12,-67.92048012189245
2023-10-18 08:40:00,2023-10-18 08:50:00,long,31940.469,31917.600162205814,31917.600162205814,31988.27325396825,19.057364828488726,-1.0000000000000286,SL,2,-68.92048012189248
2023-10-18 08:55:00,2023-10-18 09:40:00,long,31910.999,31887.901343792335,31887.901343792335,31986.4452345679,19.24804683971926,-1.0000000000000748,SL,9,-69.92048012189255
2023-10-18 09:45:00,2023-10-18 10:05:00,long,31865.519,31836.930932022715,31836.930932022715,31980.378067796602,23.8233899810716,-0.9999999999999815,SL,4,-70.92048012189254
2023-10-18 10:40:00,2023-10-18 11:40:00,long,31767.519,31765.519,31720.75609897946,31969.744219638233,38.969084183785334,-0.04276894624483248,TIMEOUT,12,-70.96324906813737
2023-10-19 05:45:00,2023-10-19 06:00:00,short,31527.469,31561.181196329955,31561.181196329955,31455.851476190477,28.093496941628306,-1.000000000000006,SL,3,-71.96324906813737
2023-10-19 06:35:00,2023-10-19 07:35:00,short,31565.519,31510.269,31594.674816049097,31467.29679166667,24.296513374247468,1.8949906909469356,TIMEOUT,12,-70.06825837719043
2023-10-19 08:25:00,2023-10-19 08:40:00,short,31567.319,31594.04090139181,31594.04090139181,31481.49952287582,22.268251159842155,-1.0000000000000198,SL,3,-71.06825837719045
2023-10-19 09:05:00,2023-10-19 10:05:00,short,31635.419,31600.269,31667.242689277762,31489.77787878788,26.51974106480115,1.1045231020579542,TIMEOUT,12,-69.96373527513249
2023-10-19 10:10:00,2023-10-19 11:10:00,short,31645.269,31530.999,31686.308662110052,31501.21076151762,34.19971842504388,2.784379649461344,TIMEOUT,12,-67.17935562567115
2023-10-19 11:45:00,2023-10-19 12:05:00,short,31587.419,31629.72468916265,31629.72468916265,31508.14637089203,35.25474096887355,-0.9999999999999813,SL,4,-68.17935562567114
2023-10-19 13:05:00,2023-10-19 13:45:00,short,31660.269,31515.524801687774,31733.448208583715,31515.524801687774,60.98267381976295,1.977941564462832,VWAP,8,-66.2014140612083
2023-10-19 14:30:00,2023-10-19 14:35:00,long,31427.419,31369.907006070127,31369.907006070127,31519.550790476187,47.92666160822773,-1.0000000000000253,SL,1,-67.20141406120833
2023-10-19 14:40:00,2023-10-19 15:40:00,long,31340.999,31282.359066458426,31282.359066458426,31517.87609981167,48.86661128464534,-0.9999999999999856,SL,12,-68.20141406120831
2023-10-19 15:45:00,2023-10-19 18:25:00,long,31252.319,31255.469,31200.93833377047,31503.735070175437,42.8172218579407,0.06130710695594537,TIMEOUT,12,-68.14010695425236
2023-10-19 18:50:00,2023-10-19 19:05:00,long,31240.319,31213.09978965948,31213.09978965948,31484.497244766502,22.68267528376374,-1.0000000000000464,SL,3,-69.1401069542524
2023-10-20 01:40:00,2023-10-20 02:00:00,long,31312.519,31273.170184868493,31273.170184868493,31364.31820634921,32.79067927625478,-1.0000000000000284,SL,4,-70.14010695425243
2023-10-20 02:05:00,2023-10-20 02:25:00,long,31225.999,31185.798786404805,31185.798786404805,31349.62733333333,33.50017799599557,-1.0000000000000138,SL,4,-71.14010695425245
2023-10-20 05:30:00,2023-10-20 05:55:00,long,31250.519,31305.090393034825,31212.555582669163,31305.090393034825,31.63618110902994,1.4374731484064502,VWAP,5,-69.70263380584599
2023-10-20 06:25:00,2023-10-20 07:15:00,long,31255.269,31300.411051282044,31223.32339996311,31300.411051282044,26.621333364076623,1.4130913562403722,VWAP,10,-68.28954244960562
2023-10-20 08:25:00,2023-10-20 09:25:00,long,31225.999,31295.275601307178,31198.17807360253,31295.275601307178,23.184105331226462,2.4900896655070883,VWAP,12,-65.79945278409853
2023-10-20 10:20:00,2023-10-20 10:30:00,long,31215.999,31175.51954644057,31175.51954644057,31290.43019999999,33.732877966190415,-1.0000000000000397,SL,2,-66.79945278409858
2023-10-20 11:10:00,2023-10-20 11:20:00,long,31145.419,31099.221256731813,31099.221256731813,31283.00213580246,38.49811939015741,-0.9999999999999977,SL,2,-67.79945278409858
2023-10-20 11:25:00,2023-10-20 12:25:00,long,31075.419,31135.269,31026.294529897885,31279.07032850241,40.93705841843147,1.218333752518552,TIMEOUT,12,-66.58111903158003
2023-10-20 13:50:00,2023-10-20 14:15:00,long,31200.369,31155.734657279245,31155.734657279245,31258.516724550875,37.19528560062942,-0.9999999999999691,SL,5,-67.58111903158
2023-10-20 14:20:00,2023-10-20 15:20:00,long,31145.519,31120.419,31103.72530596764,31256.06832562618,34.828078360298626,-0.6005690710317475,TIMEOUT,12,-68.18168810261174
2023-10-20 15:25:00,2023-10-20 16:05:00,long,31090.469,31051.95777462977,31051.95777462977,31247.490344085996,32.09268780852731,-0.9999999999999758,SL,8,-69.18168810261172
2023-10-20 16:10:00,2023-10-22 18:50:00,long,31030.999,31037.369,30995.862990026348,31239.93303418801,29.28000831137768,0.18129548587832067,TIMEOUT,12,-69.0003926167334
2023-10-22 19:40:00,2023-10-22 19:50:00,short,31112.999,31137.595398298756,31137.595398298756,31050.999000000003,20.496998582297987,-0.9999999999999338,SL,2,-70.00039261673332
2023-10-22 22:40:00,2023-10-22 23:40:00,long,31027.999,31057.999,30981.954356220424,31088.835900584792,38.370536482981734,0.6515415808973145,TIMEOUT,12,-69.348851035836
2023-10-23 00:35:00,2023-10-23 00:45:00,long,30985.369,31025.88983333333,30953.03065612578,31025.88983333333,26.948619895182574,1.2530274738539198,VWAP,2,-68.09582356198209
2023-10-23 03:00:00,2023-10-23 03:25:00,long,30995.369,30963.990561181712,30963.990561181712,31046.90449549549,26.148699015238257,-1.0000000000000242,SL,5,-69.09582356198212
2023-10-23 03:30:00,2023-10-23 03:40:00,long,30942.369,30907.53756561599,30907.53756561599,31037.59217829457,29.026195320009588,-0.9999999999999629,SL,2,-70.09582356198207
2023-10-23 03:45:00,2023-10-23 04:45:00,long,30895.519,30950.369,30859.1891088405,31029.595739130433,30.274909299584795,1.5097760617885314,TIMEOUT,12,-68.58604750019354
2023-10-23 05:05:00,2023-10-23 05:15:00,long,30895.999,30858.550490681522,30858.550490681522,31003.316096774193,31.207091098730576,-1.0000000000000242,SL,2,-69.58604750019357
2023-10-23 05:25:00,2023-10-23 05:35:00,long,30860.269,30823.970481917822,30823.970481917822,30995.6684949495,30.24876506848299,-0.9999999999999538,SL,2,-70.58604750019353
2023-10-23 05:40:00,2023-10-23 05:50:00,long,30785.269,30746.797648605487,30746.797648605487,30987.503202898548,32.05945949542862,-0.9999999999999775,SL,2,-71.5860475001935
2023-10-23 09:40:00,2023-10-23 09:45:00,long,30792.419,30761.847999595753,30761.847999595753,30916.717689458692,25.475833670207084,-0.9999999999999993,SL,1,-72.5860475001935
2023-10-23 11:15:00,2023-10-23 12:15:00,short,31065.419,31097.269,31116.305589961095,30922.6508872549,42.40549163424534,-0.6259016378254,TIMEOUT,12,-73.2119491380189
2023-10-23 12:55:00,2023-10-23 13:00:00,short,31135.469,31173.4709480004,31173.4709480004,30944.116735042735,31.66829000033232,-0.9999999999999671,SL,1,-74.21194913801887
2023-10-23 18:30:00,2023-10-23 19:10:00,short,31067.369,31092.92057195414,31092.92057195414,30974.13789983582,21.29297662845002,-0.9999999999999969,SL,7,-75.21194913801887
2023-10-23 19:15:00,2023-10-23 19:30:00,short,31112.469,31133.0905221324,31133.0905221324,30978.32803633493,17.184601776997958,-1.0000000000000335,SL,3,-76.2119491380189
2023-10-23 19:35:00,2023-10-23 19:40:00,short,31177.369,31200.759051375037,31200.759051375037,30981.241046511645,19.491709479197112,-1.000000000000051,SL,1,-77.21194913801895
2023-10-23 20:30:00,2023-10-23 21:15:00,long,30862.269,30801.65386328847,30801.65386328847,30986.396404129806,50.512613926276074,-0.9999999999999919,SL,9,-78.21194913801894
2023-10-23 21:20:00,2023-10-23 21:25:00,long,30742.469,30674.8602503078,30674.8602503078,30980.262474576284,56.34062474350134,-0.9999999999999903,SL,1,-79.21194913801892
2023-10-24 01:15:00,2023-10-24 01:40:00,short,31075.319,31134.01023902992,31134.01023902992,30909.250250000005,48.909365858268906,-0.9999999999999908,SL,5,-80.21194913801891
2023-10-24 07:00:00,2023-10-24 07:10:00,short,31105.519,31135.45695022915,31135.45695022915,31048.465901960804,24.94829185762291,-1.0000000000000355,SL,2,-81.21194913801895
2023-10-24 13:30:00,2023-10-24 14:30:00,short,31170.999,31210.469,31213.85816590664,31091.371883435586,35.715971588866935,-0.920923194958536,TIMEOUT,12,-82.13287233297748
2023-10-24 14:45:00,2023-10-24 15:20:00,short,31235.469,31268.220172257854,31268.220172257854,31099.183494382025,27.292643548209284,-1.0000000000000533,SL,7,-83.13287233297754
2023-10-24 16:10:00,2023-10-24 18:50:00,short,31290.519,31225.319,31321.977815211434,31112.610076923072,26.21567934286154,2.072551034163025,TIMEOUT,12,-81.06032129881451
2023-10-24 19:40:00,2023-10-24 19:45:00,short,31265.519,31287.79924411995,31287.79924411995,31124.65935493827,18.56687009995898,-0.9999999999999294,SL,1,-82.06032129881444
2023-10-24 19:50:00,2023-10-24 19:55:00,short,31300.469,31325.247781919756,31325.247781919756,31126.17848012233,20.648984933128002,-1.000000000000044,SL,1,-83.06032129881449
2023-10-24 21:20:00,2023-10-24 22:20:00,short,31456.999,31419.519,31517.668474394883,31141.865652542383,50.55789532906895,0.6177736064771459,TIMEOUT,12,-82.44254769233734
2023-10-25 06:15:00,2023-10-25 06:30:00,long,31249.369,31296.081412280702,31221.03210475383,31296.081412280702,23.614079371805506,1.6484661384003527,VWAP,3,-80.79408155393699
2023-10-25 08:20:00,2023-10-25 09:20:00,short,31364.319,31314.519,31385.04085189331,31302.537943894386,17.268209911093283,2.4032601070791566,TIMEOUT,12,-78.39082144685783
2023-10-25 09:35:00,2023-10-25 09:40:00,long,31259.269,31235.346991613475,31235.346991613475,31305.419603448277,19.93500698877275,-0.9999999999999333,SL,1,-79.39082144685776
2023-10-25 09:45:00,2023-10-25 09:50:00,long,31164.469,31134.048227462637,31134.048227462637,31303.950412429378,25.350643781135624,-1.0000000000000253,SL,1,-80.39082144685779
2023-10-26 03:00:00,2023-10-26 03:05:00,long,30566.419,30532.21330316066,30532.21330316066,30616.921432432435,28.50474736611838,-0.9999999999999638,SL,1,-81.39082144685774
2023-10-26 03:10:00,2023-10-26 04:05:00,long,30526.519,30612.921735042743,30490.007149153833,30612.921735042743,30.4265423718063,2.3664298861971136,VWAP,11,-79.02439156066063
2023-10-26 06:55:00,2023-10-26 07:05:00,long,30556.469,30525.89812739131,30525.89812739131,30603.53526984128,25.475727173910215,-1.0000000000000013,SL,2,-80.02439156066063
2023-10-26 08:35:00,2023-10-26 08:45:00,short,30671.999,30707.57399048444,30707.57399048444,30597.28791025641,29.645825403702528,-0.9999999999999573,SL,2,-81.02439156066059
2023-10-26 08:50:00,2023-10-26 08:55:00,short,30721.369,30758.959213591224,30758.959213591224,30600.079778816198,31.3251779926876,-1.0000000000000133,SL,1,-82.0243915606606
2023-10-26 09:00:00,2023-10-26 09:35:00,short,30751.319,30790.176010698557,30790.176010698557,30602.77248623853,32.38084224879703,-1.000000000000018,SL,7,-83.02439156066062
2023-10-26 12:20:00,2023-10-26 13:00:00,long,30558.999,30507.337443179153,30507.337443179153,30634.174548098454,43.05129735070544,-1.0000000000000127,SL,8,-84.02439156066063
2023-10-26 13:30:00,2023-10-26 14:05:00,long,30466.469,30626.115973415155,30413.84179452025,30626.115973415155,43.856004566459866,3.0335445699577934,VWAP,7,-80.99084699070283
2023-10-26 14:55:00,2023-10-26 15:35:00,short,30728.269,30626.102425925958,30773.578453506776,30626.102425925958,37.75787792231211,2.2548622013012602,VWAP,8,-78.73598478940157
2023-10-26 15:45:00,2023-10-26 16:05:00,long,30556.469,30628.225543859673,30512.280246349448,30628.225543859673,36.82396137546217,1.623864398329132,VWAP,4,-77.11212039107244
2023-10-26 19:05:00,2023-10-26 19:25:00,short,30706.469,30735.91597215932,30735.91597215932,30628.047650793673,24.53914346609894,-1.0000000000000282,SL,4,-78.11212039107247
2023-10-26 19:30:00,2023-10-26 19:45:00,short,30736.999,30764.72135681924,30764.72135681924,30630.197759689945,23.10196401603174,-1.0000000000000144,SL,3,-79.11212039107248
2023-10-26 19:55:00,2023-10-26 20:50:00,short,30796.369,30828.954924039248,30828.954924039248,30633.106424242447,27.154936699374595,-0.999999999999991,SL,11,-80.11212039107247
2023-10-26 21:10:00,2023-10-26 22:00:00,short,30883.269,30943.072087091263,30943.072087091263,30642.58433333336,49.83590590938622,-0.999999999999985,SL,10,-81.11212039107245
2023-10-27 04:15:00,2023-10-27 04:40:00,long,30931.519,30979.375858974352,30895.00071747236,30979.375858974352,30.43190210636472,1.3104904081437259,VWAP,5,-79.80162998292873
2023-10-27 05:25:00,2023-10-27 05:40:00,long,30936.369,30907.19486372767,30907.19486372767,30975.80127272727,24.311780226941906,-0.9999999999999776,SL,3,-80.8016299829287
2023-10-27 06:25:00,2023-10-27 07:00:00,long,30921.469,30897.94428209512,30897.94428209512,30969.24711965812,19.603931587402347,-0.9999999999999645,SL,7,-81.80162998292866
2023-10-27 07:05:00,2023-10-27 07:10:00,long,30873.419,30848.56706514085,30848.56706514085,30964.06124806201,20.70994571595874,-1.0000000000000122,SL,1,-82.80162998292867
2023-10-27 07:15:00,2023-10-27 07:40:00,long,30838.369,30812.376872493893,30812.376872493893,30961.534530303023,21.66010625508697,-1.0000000000000646,SL,5,-83.80162998292874
2023-10-27 08:00:00,2023-10-27 09:00:00,long,30801.469,30896.419,30775.280779188724,30948.601096219925,21.823517342731307,3.6256758595494936,TIMEOUT,12,-80.17595412337926
2023-10-27 09:35:00,2023-10-27 09:45:00,long,30836.269,30801.01002387187,30801.01002387187,30935.307821839084,29.382480106775404,-1.0000000000000033,SL,2,-81.17595412337926
2023-10-27 09:50:00,2023-10-27 10:30:00,long,30756.519,30716.647001984875,30716.647001984875,30932.0783557423,33.22666501260424,-1.0000000000000084,SL,8,-82.17595412337927
2023-10-29 19:45:00,2023-10-29 20:00:00,long,30616.269,30692.67243137255,30559.790881106903,30692.67243137255,47.065099077581024,1.3527970277687087,VWAP,3,-80.82315709561057
2023-10-29 21:35:00,2023-10-29 22:35:00,long,30590.999,30675.81191666667,30535.785520402347,30675.81191666667,46.0112329980442,1.5360907750192694,VWAP,12,-79.2870663205913
2023-10-29 23:20:00,2023-10-29 23:35:00,long,30603.319,30567.43302683095,30567.43302683095,30661.93653246754,29.904977640874765,-1.000000000000007,SL,3,-80.2870663205913
2023-10-30 02:35:00,2023-10-30 02:50:00,short,30745.469,30776.92711536464,30776.92711536464,30680.67275,26.215096137200092,-0.9999999999999815,SL,3,-81.28706632059128
2023-10-30 04:10:00,2023-10-30 05:10:00,short,30843.269,30825.469,30876.7664020965,30717.9695882353,27.914501747082987,0.5313844921083997,TIMEOUT,12,-80.75568182848288
2023-10-30 05:55:00,2023-10-30 06:55:00,short,30838.999,30833.469,30864.547459853216,30748.250666666678,21.290383211014934,0.21645140379381078,TIMEOUT,12,-80.53923042468907
2023-10-30 09:05:00,2023-10-30 09:20:00,long,30533.369,30481.243705199056,30481.243705199056,30764.812727272732,43.4377456674526,-0.9999999999999852,SL,3,-81.53923042468905
2023-10-30 09:25:00,2023-10-30 10:25:00,long,30420.999,30475.999,30353.50830506014,30755.593912280703,56.242245783218365,0.8149271547582679,TIMEOUT,12,-80.72430326993079
2023-10-30 14:45:00,2023-10-30 17:00:00,long,30603.999,30572.476612068916,30572.476612068916,30680.164580524335,26.26865660923606,-1.0000000000000027,SL,7,-81.72430326993079
2023-10-30 17:05:00,2023-10-30 18:05:00,long,30573.469,30546.83858529997,30546.83858529997,30676.470021505364,22.192012250024124,-1.0000000000000429,SL,9,-82.72430326993083
2023-10-30 19:10:00,2023-10-30 19:15:00,long,30588.999,30555.051779027748,30555.051779027748,30667.664657051275,28.289350810210316,-0.9999999999999792,SL,1,-83.72430326993081
2023-10-30 22:20:00,2023-10-30 22:30:00,long,30610.319,30662.775544715427,30576.886737477565,30662.775544715427,27.860218768694875,1.5690396269240738,VWAP,2,-82.15526364300673
2023-10-30 23:10:00,2023-10-31 00:10:00,short,30912.519,30772.269,30992.322761241594,30666.91720312498,66.50313436799404,1.7574359631423393,TIMEOUT,12,-80.39782767986439
2023-10-31 13:50:00,2023-10-31 14:10:00,short,31350.519,31383.976612632952,31383.976612632952,31148.95965868262,27.881343860792526,-1.0000000000000313,SL,4,-81.39782767986442
2023-10-31 17:40:00,2023-10-31 17:45:00,short,31355.519,31374.261495217084,31374.261495217084,31176.727773747825,15.618746014235223,-1.0000000000000964,SL,1,-82.39782767986452
2023-10-31 17:50:00,2023-10-31 18:50:00,short,31390.999,31342.999,31410.51209026371,31178.773854700838,16.2609085530905,2.4598871501800383,TIMEOUT,12,-79.93794052968448
2023-10-31 18:55:00,2023-10-31 19:00:00,short,31357.519,31380.781295146324,31380.781295146324,31188.958246794857,19.38524595527064,-0.9999999999999496,SL,1,-80.93794052968443
2023-10-31 19:05:00,2023-10-31 19:10:00,short,31470.369,31503.985509590453,31503.985509590453,31191.23173015871,28.013757992044454,-1.0000000000000306,SL,1,-81.93794052968445
2023-10-31 19:20:00,2023-10-31 20:20:00,short,31535.999,31512.469,31576.00245902705,31195.742082942077,33.33621585587544,0.5881991350819873,TIMEOUT,12,-81.34974139460246
2023-11-01 05:10:00,2023-11-01 06:10:00,long,31480.469,31505.369,31449.486138535078,31573.987201058197,25.8190512207684,0.8036701202756528,TIMEOUT,12,-80.5460712743268
2023-11-01 06:20:00,2023-11-01 07:20:00,long,31490.369,31522.519,31464.90534670393,31560.284844155845,21.219711080057074,1.2625839515716826,TIMEOUT,12,-79.28348732275512
2023-11-01 08:25:00,2023-11-01 08:40:00,short,31630.469,31662.53347846009,31662.53347846009,31555.217562091497,26.72039871673985,-1.00000000000001,SL,3,-80.28348732275514
2023-11-01 08:50:00,2023-11-01 09:25:00,short,31667.369,31703.51299665482,31703.51299665482,31559.2503707165,30.119997212349197,-1.0000000000000409,SL,7,-81.28348732275518
2023-11-01 12:10:00,2023-11-01 13:00:00,short,31705.269,31741.53628405371,31741.53628405371,31588.94886394557,30.22273671142537,-0.9999999999999565,SL,10,-82.28348732275514
2023-11-01 14:10:00,2023-11-01 15:05:00,short,31820.519,31879.392504188607,31879.392504188607,31605.13586159844,49.06125349050653,-0.9999999999999791,SL,11,-83.28348732275512
2023-11-02 01:15:00,2023-11-02 02:05:00,long,31876.269,31950.317541666664,31837.84245356605,31950.317541666664,32.02212202829333,1.9270152677899086,VWAP,10,-81.35647205496521
2023-11-02 03:25:00,2023-11-02 04:25:00,short,32011.269,32026.519,32050.397173649526,31936.358920634917,32.60681137460621,-0.3897447434320558,TIMEOUT,12,-81.74621679839727
2023-11-02 04:45:00,2023-11-02 05:45:00,short,32041.319,32016.369,32070.05456300956,31959.827563218387,23.946302507965058,0.8682620901390316,TIMEOUT,12,-80.87795470825824
2023-11-02 06:05:00,2023-11-02 07:05:00,short,32033.469,32057.85114793928,32057.85114793928,31973.214045045046,20.318456616065955,-0.9999999999999978,SL,12,-81.87795470825824
2023-11-02 07:15:00,2023-11-02 07:50:00,short,32091.269,32114.714487916714,32114.714487916714,31985.017598484854,19.53790659726013,-1.0000000000000497,SL,7,-82.8779547082583
2023-11-02 09:40:00,2023-11-02 10:10:00,short,32183.269,32223.55884162161,32223.55884162161,32016.398515669516,33.57486801800849,-0.9999999999999583,SL,6,-83.87795470825826
2023-11-03 04:15:00,2023-11-03 05:10:00,long,32358.419,32392.01435947712,32333.108883154095,32392.01435947712,21.09176403825501,1.3273490470888156,VWAP,11,-82.55060566116944
2023-11-03 06:15:00,2023-11-03 06:30:00,long,32363.269,32388.3461111111,32344.385304072814,32388.3461111111,15.736413272654499,1.32797685409652,VWAP,3,-81.22262880707292
2023-11-03 07:00:00,2023-11-03 07:30:00,short,32421.469,32439.31514335281,32439.31514335281,32388.717968253946,14.871786127340565,-1.000000000000076,SL,6,-82.222628807073
2023-11-03 07:35:00,2023-11-03 08:35:00,short,32556.519,32508.999,32585.06821193708,32392.948084249063,23.791009947566018,1.66449428112873,TIMEOUT,12,-80.55813452594427
2023-11-06 06:25:00,2023-11-06 07:25:00,long,32658.519,32666.519,32637.952097912028,32692.613188034193,17.139085073308994,0.38897447781788463,TIMEOUT,12,-80.16916004812639
2023-11-06 08:15:00,2023-11-06 09:05:00,long,32666.419,32688.32853333334,32648.941225481743,32688.32853333334,14.564812098548291,1.2535653958947337,VWAP,10,-78.91559465223165
2023-11-06 09:40:00,2023-11-06 09:45:00,long,32621.369,32596.101902542145,32596.101902542145,32685.242960113963,21.05591454821189,-0.9999999999999936,SL,1,-79.91559465223165
2023-11-06 09:50:00,2023-11-06 10:05:00,long,32586.319,32558.26447208991,32558.26447208991,32683.750764705885,23.37877325840696,-0.9999999999999849,SL,3,-80.91559465223163
2023-11-06 10:10:00,2023-11-06 11:10:00,long,32511.519,32571.269,32478.741287597873,32679.595829268295,27.314760335104143,1.822884991697176,TIMEOUT,12,-79.09270966053445
2023-11-06 12:25:00,2023-11-06 13:15:00,long,32551.519,32524.464289411568,32524.464289411568,32657.487755555565,22.545592157025915,-1.000000000000052,SL,10,-80.09270966053451
2023-11-06 13:20:00,2023-11-06 14:20:00,long,32486.419,32491.999,32459.96951168708,32650.028689441006,22.04124026076755,0.2109681644492221,TIMEOUT,12,-79.88174149608528
2023-11-06 15:35:00,2023-11-06 18:15:00,long,32563.269,32583.469,32540.90943518109,32632.377226950357,18.632970682426347,0.9034165093819564,TIMEOUT,12,-78.97832498670333
2023-11-06 18:20:00,2023-11-06 18:30:00,long,32578.419,32561.52137178276,32561.52137178276,32629.23407462688,14.081356847701072,-0.9999999999999659,SL,2,-79.9783249867033
2023-11-06 18:55:00,2023-11-06 19:00:00,long,32571.419,32547.27136553847,32547.27136553847,32627.968246794884,20.12302871794334,-1.000000000000042,SL,1,-80.97832498670334
2023-11-06 19:05:00,2023-11-06 19:45:00,long,32496.419,32464.80492742858,32464.80492742858,32627.015682539695,26.345060476185857,-0.9999999999999446,SL,8,-81.97832498670329
2023-11-06 19:50:00,2023-11-06 20:50:00,long,32458.999,32491.369,32415.826283338978,32621.596184170485,35.977263884183465,0.7497790851143091,TIMEOUT,12,-81.22854590158897
2023-11-07 08:10:00,2023-11-07 08:40:00,short,32321.519,32341.396044254125,32341.396044254125,32264.930010101016,16.564203545102277,-1.0000000000000882,SL,6,-82.22854590158906
2023-11-07 08:45:00,2023-11-07 09:20:00,short,32361.369,32382.879807941434,32382.879807941434,32269.16201886793,17.925673284528322,-1.0000000000000429,SL,7,-83.2285459015891
2023-11-07 10:00:00,2023-11-07 10:25:00,short,32421.319,32454.212581476197,32454.212581476197,32280.7854738292,27.411317896831477,-0.9999999999999808,SL,5,-84.22854590158909
2023-11-08 06:00:00,2023-11-08 06:35:00,short,32236.369,32262.071365078482,32262.071365078482,32182.531009132425,21.418637565401376,-1.0000000000000573,SL,7,-85.22854590158914
2023-11-08 07:25:00,2023-11-08 07:35:00,short,32276.369,32297.731659835394,32297.731659835394,32194.881666666668,17.80221652949597,-0.9999999999999869,SL,2,-86.22854590158913
2023-11-08 08:05:00,2023-11-08 09:00:00,short,32323.269,32344.57965524862,32344.57965524862,32203.413421768706,17.758879373851236,-0.9999999999999588,SL,11,-87.22854590158909
2023-11-08 15:50:00,2023-11-08 18:30:00,short,32326.469,32321.419,32349.610027201812,32250.810431064576,19.28418933484146,0.21822713209568914,TIMEOUT,12,-87.0103187694934
2023-11-08 20:00:00,2023-11-08 20:10:00,short,32381.269,32429.670241676584,32429.670241676584,32257.616104072393,40.334368063818744,-1.0000000000000226,SL,2,-88.01031876949342
2023-11-08 20:15:00,2023-11-08 20:35:00,short,32433.319,32480.45794605082,32480.45794605082,32259.77139583333,39.28245504235032,-1.0000000000000275,SL,4,-89.01031876949345
2023-11-08 21:30:00,2023-11-08 22:30:00,short,32466.999,32443.419,32512.000153456276,32270.615066945607,37.50096121356436,0.5239865689866873,TIMEOUT,12,-88.48633220050677
2023-11-08 23:00:00,2023-11-08 23:35:00,short,32501.269,32534.796463262574,32534.796463262574,32284.752994811934,27.939552718812376,-0.9999999999999536,SL,7,-89.48633220050672
2023-11-09 05:25:00,2023-11-09 06:25:00,short,32681.999,32656.469,32709.56604735203,32634.34021212121,22.972539460024375,0.9261057114308449,TIMEOUT,12,-88.56022648907587
2023-11-09 08:45:00,2023-11-09 09:15:00,short,32691.369,32709.430251774476,32709.430251774476,32647.811704402528,15.051043145397154,-1.0000000000000544,SL,6,-89.56022648907593
2023-11-09 09:25:00,2023-11-09 09:45:00,short,32746.319,32767.39872742885,32767.39872742885,32652.173619883048,17.566439524042018,-0.9999999999999257,SL,4,-90.56022648907586
2023-11-10 06:35:00,2023-11-10 07:30:00,long,32431.419,32547.02066666667,32405.269104890445,32547.02066666667,21.79157925796394,4.420731562491869,VWAP,11,-86.13949492658399
2023-11-10 08:50:00,2023-11-10 09:35:00,short,32626.519,32543.17794080997,32655.302039668575,32543.17794080997,23.985866390479583,2.8954919337800638,VWAP,9,-83.24400299280393
2023-11-10 10:40:00,2023-11-10 10:50:00,long,32486.419,32548.894994832033,32438.876244081333,32548.894994832033,39.618963265556495,1.3141012468631463,VWAP,2,-81.92990174594078
2023-11-10 11:05:00,2023-11-10 11:30:00,short,32646.519,32698.613163401613,32698.613163401613,32549.102383084573,43.41180283467857,-0.9999999999999678,SL,5,-82.92990174594075
2023-11-10 12:10:00,2023-11-10 12:35:00,short,32713.469,32749.956625103776,32749.956625103776,32561.39208390022,30.40635425314693,-0.9999999999999616,SL,5,-83.92990174594071
2023-11-10 12:40:00,2023-11-10 13:25:00,short,32783.369,32815.84133434033,32815.84133434033,32568.192747276677,27.060278616940074,-1.0000000000000941,SL,9,-84.92990174594081
2023-11-12 21:50:00,2023-11-12 21:55:00,long,32723.999,32683.92216889875,32683.92216889875,32787.472840579714,33.39735925104191,-1.0000000000000107,SL,1,-85.92990174594082
2023-11-12 22:00:00,2023-11-12 22:10:00,long,32663.269,32622.131997672903,32622.131997672903,32783.05983333333,34.280835272581925,-0.9999999999999788,SL,2,-86.92990174594081
2023-11-12 22:15:00,2023-11-12 22:45:00,long,32628.519,32589.564898647,32589.564898647,32774.31069934641,32.46175112750086,-0.9999999999999662,SL,6,-87.92990174594078
2023-11-12 22:50:00,2023-11-12 23:50:00,long,32581.319,32566.999,32542.4856904455,32754.71963218391,32.36109129541676,-0.3687555906071433,TIMEOUT,12,-88.29865733654792
2023-11-13 03:55:00,2023-11-13 04:05:00,short,32651.519,32678.70834752666,32678.70834752666,32587.653652777768,22.657789605547823,-1.0000000000000528,SL,2,-89.29865733654798
2023-11-13 04:10:00,2023-11-13 04:20:00,short,32688.519,32716.43981359915,32716.43981359915,32592.641679738557,23.267344665957747,-1.0000000000000353,SL,2,-90.298657336548
2023-11-13 04:25:00,2023-11-13 05:25:00,short,32706.269,32636.519,32734.208798643343,32598.5839382716,23.283165536118744,2.4964388931492913,TIMEOUT,12,-87.80221844339871
2023-11-13 06:00:00,2023-11-13 07:00:00,short,32693.519,32631.369,32718.885873076277,32615.05749315068,21.139060896897277,2.450045766899214,TIMEOUT,12,-85.3521726764995
2023-11-13 07:25:00,2023-11-13 08:20:00,long,32586.419,32618.160296296286,32565.09606214325,32618.160296296286,17.76911488062586,1.4885986400900586,VWAP,11,-83.86357403640945
2023-11-13 08:30:00,2023-11-13 08:40:00,short,32656.469,32616.784242718448,32679.385626516843,32616.784242718448,19.097188764034257,1.7317015334865888,VWAP,2,-82.13187250292286
2023-11-13 11:00:00,2023-11-13 11:30:00,short,32733.999,32772.70879573448,32772.70879573448,32621.5507293233,32.25816311206551,-0.9999999999999756,SL,6,-83.13187250292283
2023-11-13 11:35:00,2023-11-13 11:50:00,short,32776.319,32809.86458014802,32809.86458014802,32628.34845238094,27.954650123348713,-1.000000000000053,SL,3,-84.13187250292289
2023-11-13 14:40:00,2023-11-13 15:40:00,short,32776.469,32773.319,32797.805935860604,32658.280581920877,17.78077988383608,0.14763131972526417,TIMEOUT,12,-83.98424118319762
2023-11-13 20:45:00,2023-11-13 21:00:00,short,32786.519,32832.986497418686,32832.986497418686,32682.725069868986,38.72291451557079,-1.0000000000000124,SL,3,-84.98424118319764
2023-11-13 22:40:00,2023-11-13 22:50:00,short,32746.369,32779.14544517008,32779.14544517008,32689.1371084656,27.313704308398012,-1.000000000000032,SL,2,-85.98424118319767
2023-11-13 22:55:00,2023-11-13 23:55:00,short,32806.519,32781.419,32840.55201823566,32690.216581699337,28.360848529719807,0.7375190712205429,TIMEOUT,12,-85.24672211197712
2023-11-14 00:20:00,2023-11-14 01:05:00,long,32726.469,32698.24978359696,32698.24978359696,32761.746333333336,23.51601366920046,-1.0000000000000542,SL,9,-86.24672211197718
2023-11-14 01:15:00,2023-11-14 02:15:00,long,32691.519,32683.369,32664.66765161686,32730.71233333333,22.37612365261623,-0.30352293239467304,TIMEOUT,12,-86.55024504437185
2023-11-14 02:55:00,2023-11-14 03:10:00,short,32748.369,32714.680111111098,32767.73355034075,32714.680111111098,16.13712528395774,1.739719657626563,VWAP,3,-84.81052538674528
2023-11-14 04:10:00,2023-11-14 05:10:00,short,32776.519,32766.419,32800.30063089193,32720.955993464042,19.81802574327324,0.42469753423961987,TIMEOUT,12,-84.38582785250566
2023-11-14 08:30:00,2023-11-14 08:35:00,short,32941.269,32975.3360557491,32975.3360557491,32747.04440453074,28.389213124252002,-1.0000000000000182,SL,1,-85.38582785250567
2023-11-14 08:40:00,2023-11-14 08:50:00,short,32976.319,33016.443553171426,33016.443553171426,32751.127571428566,33.437127642850136,-1.0000000000000715,SL,2,-86.38582785250574
2023-11-15 04:35:00,2023-11-15 05:35:00,long,33364.319,33449.269,33328.91333157153,33465.890130952386,29.504723690395988,2.399333320640704,TIMEOUT,12,-83.98649453186503
2023-11-15 06:30:00,2023-11-15 06:55:00,short,33514.319,33540.05140687892,33540.05140687892,33455.24056118145,21.44367239909503,-1.0000000000001021,SL,5,-84.98649453186513
2023-11-15 09:15:00,2023-11-15 09:30:00,long,33424.319,33475.36730357143,33383.65154276268,33475.36730357143,33.889547697768776,1.2552617507784154,VWAP,3,-83.73123278108672
2023-11-15 11:10:00,2023-11-15 11:45:00,short,33584.369,33480.53699999998,33625.69193096489,33480.53699999998,34.435775804075064,2.5126968870682793,VWAP,7,-81.21853589401844
2023-11-15 12:45:00,2023-11-15 13:05:00,long,33419.999,33383.99090809501,33383.99090809501,33481.95194372294,30.006743254163872,-0.9999999999999325,SL,4,-82.21853589401837
2023-11-15 13:15:00,2023-11-15 14:15:00,long,33341.419,33384.999,33305.68881009668,33478.66762499999,29.775158252764957,1.2196968479015795,TIMEOUT,12,-80.9988390461168
2023-11-15 14:20:00,2023-11-15 15:20:00,long,33364.469,33404.369,33337.13193988934,33472.29212138726,22.78088342555066,1.4595570935018511,TIMEOUT,12,-79.53928195261494
2023-11-16 03:40:00,2023-11-16 04:00:00,short,33476.419,33423.048111111115,33507.42109118628,33423.048111111115,25.835075988567986,1.7215254470480186,VWAP,4,-77.81775650556692
2023-11-16 07:10:00,2023-11-16 08:10:00,long,33386.519,33401.269,33362.17847620572,33432.09428735633,20.283769828566694,0.6059853158733675,TIMEOUT,12,-77.21177118969355
2023-11-16 09:25:00,2023-11-16 10:15:00,long,33351.469,33320.157711668595,33320.157711668595,33424.475052631584,26.09274027617052,-0.9999999999999312,SL,10,-78.21177118969348
2023-11-16 10:20:00,2023-11-16 10:55:00,long,33286.319,33243.55770166644,33243.55770166644,33418.881346666676,35.63441527796888,-1.0000000000000293,SL,7,-79.21177118969351
2023-11-16 11:00:00,2023-11-16 12:00:00,long,33231.269,33251.419,33186.402797988296,33410.861982456154,37.3885016764209,0.4491131207126592,TIMEOUT,12,-78.76265806898085
2023-11-16 13:50:00,2023-11-16 14:50:00,long,33306.419,33381.269,33270.06515663767,33386.85688423156,30.294869468612823,2.0589294852259643,TIMEOUT,12,-76.7037285837549
2023-11-16 18:50:00,2023-11-16 18:55:00,long,33338.469,33317.388798437634,33317.388798437634,33383.3371803543,17.566834635302406,-1.0000000000000087,SL,1,-77.70372858375491
2023-11-16 19:00:00,2023-11-16 19:10:00,long,33283.519,33259.32317314266,33259.32317314266,33382.60396012763,20.16318904778668,-0.9999999999999782,SL,2,-78.70372858375488
2023-11-16 19:45:00,2023-11-16 20:45:00,short,33476.369,33461.369,33524.24128417393,33382.06387767587,39.893570144940064,0.31333370151093004,TIMEOUT,12,-78.39039488224395
2023-11-16 23:00:00,2023-11-17 00:00:00,short,33504.319,33504.419,33539.03925680194,33391.57783268485,28.93354733494397,-0.00288016302900669,TIMEOUT,12,-78.39327504527296
2023-11-17 00:55:00,2023-11-17 01:20:00,short,33574.269,33604.50109542707,33604.50109542707,33517.74122222222,25.193412855888067,-1.0000000000001097,SL,5,-79.39327504527307
2023-11-17 03:55:00,2023-11-17 04:20:00,long,33511.419,33483.71347842708,33483.71347842708,33555.663375000004,23.087934644101548,-0.9999999999999214,SL,5,-80.39327504527299
2023-11-17 04:25:00,2023-11-17 05:25:00,long,33434.519,33456.419,33404.58006897877,33548.16270370371,24.9491091843588,0.7314890429612044,TIMEOUT,12,-79.66178600231179
2023-11-17 07:55:00,2023-11-17 08:55:00,long,33444.369,33454.369,33423.317603793526,33504.895701388894,17.54283017206277,0.47502787472709485,TIMEOUT,12,-79.1867581275847
2023-11-17 09:00:00,2023-11-17 09:40:00,long,33429.999,33407.381065905,33407.381065905,33499.46444342507,18.848278412504506,-0.9999999999999323,SL,8,-80.18675812758462
2023-11-17 10:10:00,2023-11-17 10:55:00,long,33401.419,33491.698024390236,33370.87878820407,33491.698024390236,25.450176496609387,2.9560706714634515,VWAP,9,-77.23068745612117
2023-11-17 13:40:00,2023-11-17 14:40:00,short,33566.419,33529.269,33589.26015234679,33493.46108080808,19.03429362232487,1.6264503399813195,TIMEOUT,12,-75.60423711613986
2023-11-17 15:25:00,2023-11-17 15:35:00,short,33539.269,33498.2810967742,33554.98190133025,33498.2810967742,13.09408444187296,2.6085509203129083,VWAP,2,-72.99568619582695
2023-11-19 19:00:00,2023-11-19 19:05:00,short,33561.419,33587.764440121326,33587.764440121326,33502.62669230769,21.954533434437778,-0.9999999999999464,SL,1,-73.99568619582689
2023-11-19 19:10:00,2023-11-19 19:15:00,short,33674.319,33713.669425410735,33713.669425410735,33519.79855555556,32.79202117561249,-0.9999999999999238,SL,1,-74.99568619582682
2023-11-19 19:20:00,2023-11-19 19:25:00,short,33761.519,33804.82560150211,33804.82560150211,33544.05311764706,36.088834585094695,-0.999999999999926,SL,1,-75.99568619582675
2023-11-19 21:55:00,2023-11-19 22:55:00,long,33514.319,33474.999,33463.41745499471,33597.125875,42.41795417107584,-0.7724716410064283,TIMEOUT,12,-76.76815783683318
2023-11-19 23:00:00,2023-11-20 00:00:00,long,33374.999,33414.999,33325.34989546661,33580.900967213114,41.3742537778313,0.8056540067725315,TIMEOUT,12,-75.96250383006065
2023-11-20 00:55:00,2023-11-20 01:15:00,long,33371.419,33331.86598979823,33331.86598979823,33440.66705555556,32.96084183481317,-0.9999999999999253,SL,4,-76.96250383006058
2023-11-20 10:45:00,2023-11-20 11:45:00,long,33246.519,33259.369,33215.411957152726,33297.55394871795,25.922535706063982,0.4130897322219582,TIMEOUT,12,-76.54941409783862
2023-11-20 11:50:00,2023-11-20 12:15:00,long,33254.999,33294.20524708626,33226.883030361496,33294.20524708626,23.4299746987583,1.3944476249738957,VWAP,5,-75.15496647286473
2023-11-20 12:40:00,2023-11-20 13:05:00,long,33259.269,33292.706211329,33236.42455546581,33292.706211329,19.037037111823352,1.463691151647846,VWAP,5,-73.69127532121688
2023-11-20 13:10:00,2023-11-20 14:10:00,short,33344.469,33364.519,33370.687478549225,33292.26916771491,21.848732124354243,-0.76472782211062,TIMEOUT,12,-74.4560031433275
2023-11-20 14:40:00,2023-11-20 14:50:00,short,33374.319,33392.525199554104,33392.525199554104,33298.72197551791,15.171832961751722,-0.9999999999999276,SL,2,-75.45600314332742
2023-11-20 14:55:00,2023-11-20 15:15:00,short,33404.999,33424.01574942433,33424.01574942433,33300.24490740743,15.847291186941618,-0.9999999999999367,SL,4,-76.45600314332737
2023-11-21 01:05:00,2023-11-21 02:05:00,long,33326.369,33331.519,33289.42515480431,33373.69900000001,30.78653766307414,0.13940075735815438,TIMEOUT,12,-76.3166023859692
2023-11-21 02:30:00,2023-11-21 02:40:00,long,33306.419,33282.513333490904,33282.513333490904,33350.92867741936,19.921388757584225,-0.9999999999998507,SL,2,-77.31660238596905
2023-11-21 03:15:00,2023-11-21 03:20:00,long,33241.419,33214.44123028052,33214.44123028052,33331.08708333333,22.481474766235234,-0.9999999999999312,SL,1,-78.31660238596898
2023-11-21 03:25:00,2023-11-21 04:25:00,long,33211.519,33261.469,33183.74684141535,33325.59161904762,23.143465487213035,1.798563833190658,TIMEOUT,12,-76.51803855277832
2023-11-21 05:55:00,2023-11-21 06:05:00,long,33261.519,33239.64231981848,33239.64231981848,33292.089,18.230566817935706,-0.9999999999999524,SL,2,-77.51803855277828
2023-11-21 06:15:00,2023-11-21 07:15:00,long,33233.419,33241.319,33211.64299149666,33289.51154385965,18.146673752786636,0.362784575455521,TIMEOUT,12,-77.15525397732276
2023-11-21 07:55:00,2023-11-21 08:05:00,long,33221.369,33201.73997215634,33201.73997215634,33280.30886111111,16.35752320304539,-1.0000000000001414,SL,2,-78.1552539773229
2023-11-21 08:10:00,2023-11-21 08:50:00,long,33196.319,33177.71997151148,33177.71997151148,33277.988461279456,15.499190407102752,-1.0000000000001734,SL,8,-79.15525397732307
2023-11-21 09:45:00,2023-11-21 10:30:00,long,33188.469,33162.36934020124,33162.36934020124,33266.431570621455,21.749716498960428,-1.0000000000000626,SL,9,-80.15525397732313
2023-11-21 10:35:00,2023-11-21 11:35:00,long,33141.269,33151.469,33106.78207559035,33261.42743749998,28.73910367470539,0.2957642693456308,TIMEOUT,12,-79.8594897079775
2023-11-21 16:15:00,2023-11-21 18:30:00,long,33173.419,33153.650759535565,33153.650759535565,33229.75483333334,16.473533720362145,-1.000000000000099,SL,6,-80.8594897079776
2023-11-22 03:10:00,2023-11-22 04:00:00,short,33526.999,33550.4328851449,33550.4328851449,33458.30660683761,19.528237620747905,-1.0000000000000753,SL,10,-81.85948970797767
2023-11-22 04:10:00,2023-11-22 05:10:00,short,33586.469,33546.419,33612.977923728984,33477.70984967321,22.090769774158332,1.5108119971010818,TIMEOUT,12,-80.34867771087659
2023-11-22 07:20:00,2023-11-22 07:25:00,short,33576.469,33597.79490397713,33597.79490397713,33502.602782771544,17.77158664760733,-1.000000000000019,SL,1,-81.3486777108766
2023-11-22 08:40:00,2023-11-22 08:45:00,short,33623.319,33647.009285349406,33647.009285349406,33517.906269841274,19.7419044578365,-0.9999999999999655,SL,1,-82.34867771087657
2023-11-22 15:15:00,2023-11-22 16:00:00,short,33738.999,33761.96963805913,33761.96963805913,33598.04275,19.142198382602448,-1.000000000000016,SL,9,-83.34867771087659
2023-11-22 21:15:00,2023-11-22 21:45:00,short,33671.469,33691.4690085042,33691.4690085042,33620.428519774,16.66667375350167,-1.000000000000137,SL,6,-84.34867771087673
2023-11-22 21:50:00,2023-11-22 22:15:00,short,33696.419,33713.55403481025,33713.55403481025,33622.18750480109,14.279195675205798,-1.0000000000001563,SL,5,-85.34867771087688
2023-11-22 23:35:00,2023-11-23 00:25:00,short,33686.419,33698.44371534205,33698.44371534205,33627.10991254753,10.020596118372117,-1.000000000000255,SL,10,-86.34867771087714
2023-11-23 02:25:00,2023-11-23 03:00:00,short,33733.419,33708.66033333333,33746.41011153798,33708.66033333333,10.825926281652626,1.9058158799021578,VWAP,7,-84.44286183097498
2023-11-23 05:45:00,2023-11-23 06:50:00,long,33691.369,33696.269,33678.69290780593,33711.99352380952,10.56341016172259,0.38655446213106914,TIMEOUT,12,-84.0563073688439
2023-11-23 08:15:00,2023-11-23 08:20:00,short,33726.369,33735.77134640898,33735.77134640898,33709.631517006805,7.835288674155834,-0.9999999999996977,SL,1,-85.0563073688436
2023-11-23 09:05:00,2023-11-23 10:05:00,short,33741.269,33736.999,33751.3806146476,33711.14430864198,8.42634553966689,0.4222866622997914,TIMEOUT,12,-84.63402070654381
2023-11-23 21:00:00,2023-11-23 21:25:00,short,33813.269,33724.04085185183,33853.432450214284,33724.04085185183,33.46954184523936,2.2216255742996074,VWAP,5,-82.4123951322442
2023-11-23 21:35:00,2023-11-23 22:35:00,long,33668.319,33713.269,33628.1386354728,33724.66518538323,33.48363710600389,1.1187056297003746,TIMEOUT,12,-81.29368950254383
2023-11-23 23:40:00,2023-11-23 23:50:00,long,33681.319,33654.56433003683,33654.56433003683,33720.90912578616,22.295558302645624,-0.9999999999998667,SL,2,-82.2936895025437
2023-11-23 23:55:00,2023-11-24 00:55:00,long,33636.999,33638.269,33609.92237685529,33719.93529457364,22.563852620594947,0.046903928647569766,TIMEOUT,12,-82.24678557389613
2023-11-24 01:05:00,2023-11-24 02:05:00,long,33591.369,33606.269,33563.06650323887,33643.296619047615,23.585413967607973,0.52645532038237,TIMEOUT,12,-81.72033025351377
2023-11-24 04:45:00,2023-11-24 05:45:00,short,33678.519,33681.999,33696.66713496439,33634.26704597701,15.123445803657335,-0.19175524134198005,TIMEOUT,12,-81.91208549485575
2023-11-24 07:05:00,2023-11-24 07:15:00,short,33683.999,33696.79777493113,33696.79777493113,33647.5059379845,10.665645775939748,-1.0000000000000797,SL,2,-82.91208549485583
2023-11-24 08:35:00,2023-11-24 08:40:00,long,33631.419,33617.79645166629,33617.79645166629,33653.04416025642,11.352123611426746,-0.9999999999999318,SL,1,-83.91208549485576
2023-11-24 10:00:00,2023-11-24 10:05:00,short,33711.419,33732.36240545759,33732.36240545759,33653.41332506888,17.45283788132742,-0.9999999999998812,SL,1,-84.91208549485565
2023-11-24 10:20:00,2023-11-24 11:20:00,short,33746.369,33746.469,33769.03582838594,33656.009853333344,18.889023654950712,-0.004411733229540398,TIMEOUT,12,-84.91649722808519
2023-11-26 20:05:00,2023-11-26 20:40:00,long,33618.269,33569.09658523309,33569.09658523309,33714.428466666664,40.97701230575682,-1.000000000000003,SL,7,-85.91649722808519
2023-11-26 21:05:00,2023-11-26 22:05:00,long,33482.999,33467.999,33429.71089886492,33674.26827927928,44.40675094590364,-0.2814887316396445,TIMEOUT,12,-86.19798595972483
2023-11-26 22:35:00,2023-11-26 22:45:00,long,33435.269,33398.59648825619,33398.59648825619,33607.88924242424,30.56042645317441,-1.0000000000000437,SL,2,-87.19798595972487
2023-11-27 05:10:00,2023-11-27 05:25:00,short,33505.519,33527.010964461144,33527.010964461144,33465.06302116403,17.909970384286098,-1.0000000000000158,SL,3,-88.19798595972489
2023-11-27 06:30:00,2023-11-27 07:10:00,short,33525.469,33542.43368682424,33542.43368682424,33475.48465400844,14.137239020204374,-0.9999999999997881,SL,8,-89.19798595972468
2023-11-27 09:15:00,2023-11-27 09:40:00,long,33455.469,33433.409294946534,33433.409294946534,33486.18792857144,18.383087544553877,-0.9999999999999435,SL,5,-90.19798595972462
2023-11-27 10:35:00,2023-11-27 11:10:00,short,33565.369,33486.60577083335,33598.59726625782,33486.60577083335,27.690221881519015,2.37036830497015,VWAP,7,-87.82761765475446
2023-11-27 11:30:00,2023-11-27 12:30:00,short,33570.999,33567.319,33604.952273728,33490.99151798562,28.294394773331796,0.10838424681758249,TIMEOUT,12,-87.71923340793688
2023-11-27 12:45:00,2023-11-27 13:45:00,short,33605.269,33587.369,33630.10959466586,33499.03813419913,20.700495554881492,0.72059466533642,TIMEOUT,12,-86.99863874260046
2023-11-27 18:45:00,2023-11-27 19:00:00,short,33560.469,33514.39076375404,33580.12695057832,33514.39076375404,16.381625481935302,2.344000004597125,VWAP,3,-84.65463873800334
2023-11-27 19:15:00,2023-11-27 19:25:00,long,33445.519,33410.09718512097,33410.09718512097,33514.19263207546,29.51817906585893,-1.0000000000000207,SL,2,-85.65463873800336
2023-11-27 19:30:00,2023-11-27 19:35:00,long,33410.419,33373.518414253194,33373.518414253194,33512.82986821705,30.75048812233716,-1.0000000000000746,SL,1,-86.65463873800343
2023-11-28 02:20:00,2023-11-28 02:40:00,long,33352.999,33330.249690407836,33330.249690407836,33390.299344827596,18.95775799347121,-1.0000000000000797,SL,4,-87.65463873800351
2023-11-28 02:45:00,2023-11-28 03:40:00,long,33325.519,33302.02679045486,33302.02679045486,33382.9533137255,19.576841287614464,-1.0000000000001217,SL,11,-88.65463873800364
2023-11-28 04:20:00,2023-11-28 05:15:00,long,33290.369,33362.097301886795,33259.2669699386,33362.097301886795,25.918358384499424,2.306225726912227,VWAP,11,-86.34841301109141
2023-11-28 06:40:00,2023-11-28 07:15:00,long,33330.519,33313.4638232677,33313.4638232677,33358.488670781895,14.212647276916789,-0.9999999999998562,SL,7,-87.34841301109127
2023-11-28 07:35:00,2023-11-28 08:10:00,long,33305.999,33288.276856672914,33288.276856672914,33354.59932608695,14.768452772574912,-0.9999999999999903,SL,7,-88.34841301109125
2023-11-28 09:00:00,2023-11-28 09:20:00,long,33315.369,33296.84898510943,33296.84898510943,33348.449,15.433345742141096,-1.0000000000001166,SL,4,-89.34841301109137
2023-11-28 09:30:00,2023-11-28 09:35:00,long,33270.999,33249.70975680654,33249.70975680654,33345.99734782609,17.741035994553048,-1.0000000000001557,SL,1,-90.34841301109152
2023-11-28 09:40:00,2023-11-28 09:45:00,long,33240.999,33215.422621940335,33215.422621940335,33344.37794586895,21.313648383058823,-0.9999999999999012,SL,1,-91.34841301109142
2023-11-28 12:30:00,2023-11-28 12:40:00,long,33305.319,33339.16685871964,33279.26176703619,33339.16685871964,21.714360803181783,1.2989813141954258,VWAP,2,-90.049431696896
2023-11-28 13:00:00,2023-11-28 13:05:00,long,33275.999,33248.07970120538,33248.07970120538,33338.29657961783,23.26608232885163,-1.0000000000000229,SL,1,-91.04943169689602
2023-11-28 13:10:00,2023-11-28 14:10:00,long,33250.519,33252.519,33220.45295154954,33337.28099161426,25.055040375388003,0.0665202147630088,TIMEOUT,12,-90.98291148213302
2023-11-28 18:10:00,2023-11-28 18:30:00,long,33267.999,33250.42221650818,33250.42221650818,33322.65369011725,14.647319576517006,-1.0000000000001148,SL,3,-91.98291148213313
2023-11-28 19:35:00,2023-11-28 19:55:00,long,33255.369,33210.956682832,33210.956682832,33319.71673643411,37.010264306663636,-1.0000000000000067,SL,4,-92.98291148213313
2023-11-29 00:30:00,2023-11-29 01:05:00,long,33307.469,33271.77785210438,33271.77785210438,33355.162809523805,29.742623246346618,-1.0000000000000346,SL,7,-93.98291148213316
2023-11-29 01:15:00,2023-11-29 02:15:00,long,33267.469,33282.469,33232.957550832856,33321.92525,28.759540972616445,0.43463836964233693,TIMEOUT,12,-93.54827311249082
2023-11-29 02:20:00,2023-11-29 02:40:00,long,33274.469,33306.26555172414,33251.10573011854,33306.26555172414,19.469391567876745,1.3609632506698968,VWAP,4,-92.18730986182092
2023-11-29 03:15:00,2023-11-29 03:40:00,short,33352.419,33378.06757415338,33378.06757415338,33304.37333333334,21.37381179448007,-1.0000000000000009,SL,5,-93.18730986182092
2023-11-29 05:40:00,2023-11-29 06:40:00,short,33427.369,33407.999,33449.49464156709,33338.58494202898,18.438034639242513,0.8754548400895038,TIMEOUT,12,-92.31185502173142
2023-11-29 06:55:00,2023-11-29 07:55:00,short,33437.519,33429.469,33455.64811091071,33352.21721428571,15.10759242559334,0.4440372194560507,TIMEOUT,12,-91.86781780227537
2023-11-29 10:10:00,2023-11-29 11:05:00,long,33309.519,33372.84420325203,33277.814443343545,33372.84420325203,26.42046388038262,1.9973533753587762,VWAP,11,-89.8704644269166
2023-11-29 13:15:00,2023-11-29 13:35:00,long,33312.519,33290.45189085125,33290.45189085125,33360.48658333333,18.38925762396122,-0.999999999999976,SL,4,-90.87046442691657
2023-11-29 14:35:00,2023-11-29 14:40:00,long,33299.519,33276.802789539965,33276.802789539965,33356.53149999999,18.9301753833628,-1.0000000000000129,SL,1,-91.87046442691658
2023-11-29 23:35:00,2023-11-30 00:20:00,short,33398.469,33434.70442747969,33434.70442747969,33329.79124747475,30.196189566414375,-0.9999999999999718,SL,9,-92.87046442691656
2023-11-30 15:55:00,2023-11-30 18:10:00,short,33528.419,33551.13429737593,33551.13429737593,33478.858045138906,18.929414479941926,-0.9999999999999586,SL,7,-93.87046442691651
2023-11-30 19:15:00,2023-11-30 19:30:00,long,33430.419,33483.27127987422,33394.73124706204,33483.27127987422,29.739794114966788,1.4809640709544947,VWAP,3,-92.38950035596201
2023-12-01 01:30:00,2023-12-01 02:30:00,long,33403.369,33423.419,33373.54433920725,33446.64601754387,24.853883993958277,0.6722624655927976,TIMEOUT,12,-91.71723789036922
2023-12-01 05:40:00,2023-12-01 06:00:00,long,33413.469,33397.267204727155,33397.267204727155,33434.90624637681,13.501496060700642,-1.0000000000000755,SL,4,-92.71723789036929
2023-12-01 06:05:00,2023-12-01 07:05:00,long,33388.269,33398.269,33371.999864683916,33432.89053153153,13.557612763406194,0.6146608166760827,TIMEOUT,12,-92.10257707369321
2023-12-01 07:25:00,2023-12-01 08:15:00,long,33368.469,33352.667158652934,33352.667158652934,33425.76874074074,13.168201122554565,-0.9999999999998812,SL,10,-93.1025770736931
2023-12-01 08:20:00,2023-12-01 08:50:00,long,33348.319,33331.82859491664,33331.82859491664,33419.29589768977,13.742004236135068,-1.0000000000001619,SL,6,-94.10257707369325
2023-12-01 09:00:00,2023-12-01 09:15:00,long,33323.419,33306.195772149156,33306.195772149156,33413.738357798175,14.35268987570549,-0.9999999999999329,SL,3,-95.10257707369318
2023-12-01 12:40:00,2023-12-01 13:40:00,short,33468.369,33413.369,33497.971384007826,33392.73496949891,24.66865333985351,1.8579584666377864,TIMEOUT,12,-93.2446186070554
2023-12-03 18:10:00,2023-12-03 18:35:00,long,33403.369,33436.496777777786,33382.69167783148,33436.496777777786,17.231101807098337,1.6021309484757709,VWAP,5,-91.64248765857963
2023-12-03 18:55:00,2023-12-03 19:05:00,long,33328.269,33297.99653390516,33297.99653390516,33423.34566666667,25.227055079028318,-1.0000000000000997,SL,2,-92.64248765857973
2023-12-03 19:15:00,2023-12-03 19:20:00,long,33105.519,33053.915049142684,33053.915049142684,33368.91775,43.003292381094084,-1.000000000000056,SL,1,-93.64248765857978
2023-12-04 01:20:00,2023-12-04 02:05:00,long,33152.269,33115.1224389814,33115.1224389814,33212.08625490196,30.955467515497848,-1.0000000000000353,SL,9,-94.64248765857981
2023-12-04 02:10:00,2023-12-04 03:10:00,long,33104.319,33117.519,33074.58190796303,33183.00011111111,24.780910030812798,0.4438900745097771,TIMEOUT,12,-94.19859758407003
2023-12-04 04:00:00,2023-12-04 04:10:00,long,33117.519,33089.08233191867,33089.08233191867,33160.09076870749,23.697223401108992,-1.000000000000069,SL,2,-95.1985975840701
2023-12-04 13:25:00,2023-12-04 14:25:00,long,33002.419,33017.469,32977.20903971916,33068.00039917697,21.008300234040156,0.5969862638549654,TIMEOUT,12,-94.60161132021514
2023-12-04 18:00:00,2023-12-04 18:20:00,long,33034.269,33014.41177080805,33014.41177080805,33061.027950930635,16.547690993287112,-1.0000000000001814,SL,3,-95.60161132021533
2023-12-04 18:50:00,2023-12-04 19:00:00,long,32967.519,33059.205325203264,32942.89581461617,33059.205325203264,20.519321153191413,3.7235769366978375,VWAP,2,-91.87803438351749
2023-12-04 19:40:00,2023-12-04 20:00:00,long,32914.519,32861.16451920064,32861.16451920064,33056.02890697675,44.46206733280178,-0.9999999999999659,SL,4,-92.87803438351746
2023-12-04 20:05:00,2023-12-04 20:30:00,long,32834.999,32779.38026378995,32779.38026378995,33052.184545454555,46.34894684171362,-0.9999999999999509,SL,5,-93.87803438351742
2023-12-05 04:15:00,2023-12-05 05:15:00,short,32822.519,32792.419,32850.70422742097,32768.14233333334,23.487689517472823,1.067935324786726,TIMEOUT,12,-92.81009905873069
2023-12-05 05:55:00,2023-12-05 06:10:00,long,32747.469,32778.5316388889,32726.750947192664,32778.5316388889,17.265044006113275,1.4993030077564582,VWAP,3,-91.31079605097423
2023-12-05 08:10:00,2023-12-05 09:10:00,short,32817.469,32824.519,32836.45631609774,32776.23368013468,15.822763414787975,-0.37130050206727117,TIMEOUT,12,-91.6820965530415
2023-12-05 09:25:00,2023-12-05 09:30:00,short,32847.419,32866.41324199597,32866.41324199597,32782.06420467836,15.82853499663878,-1.0000000000001712,SL,1,-92.68209655304167
2023-12-05 10:30:00,2023-12-05 10:45:00,short,32904.269,32937.01555639028,32937.01555639028,32790.72012860893,27.2887969918998,-1.0000000000000258,SL,3,-93.6820965530417
2023-12-05 10:50:00,2023-12-05 11:50:00,short,32957.419,32937.369,32990.948192968106,32794.975183206116,27.9409941400888,0.5979863583079603,TIMEOUT,12,-93.08411019473374
2023-12-05 16:15:00,2023-12-05 18:20:00,short,32917.519,32937.08401054332,32937.08401054332,32831.1633367347,16.30417545277128,-0.9999999999998856,SL,4,-94.08411019473363
2023-12-05 19:10:00,2023-12-05 19:15:00,short,33067.519,33114.851230267384,33114.851230267384,32838.93109523811,39.443525222821435,-0.9999999999999668,SL,1,-95.0841101947336
2023-12-05 19:20:00,2023-12-05 19:55:00,short,33179.319,33230.27801487341,33230.27801487341,32841.699062893094,42.46584572784093,-0.9999999999999385,SL,7,-96.08411019473354
2023-12-05 20:05:00,2023-12-05 20:40:00,short,33237.999,33281.59018785729,33281.59018785729,32856.70893966819,36.32598988107575,-0.9999999999999307,SL,7,-97.08411019473347
2023-12-06 10:25:00,2023-12-06 10:40:00,long,33337.419,33399.67966137565,33307.047441632814,33399.67966137565,25.309631972654703,2.0499659787928097,VWAP,3,-95.03414421594066
2023-12-06 10:55:00,2023-12-06 11:25:00,long,33357.369,33325.514562838034,33325.514562838034,33398.827585858584,26.5453643016383,-0.9999999999999571,SL,6,-96.03414421594061
2023-12-06 11:30:00,2023-12-06 11:35:00,long,33314.419,33282.17967547783,33282.17967547783,33396.0005827338,26.866103768475153,-0.9999999999999423,SL,1,-97.03414421594056
2023-12-06 11:40:00,2023-12-06 12:40:00,long,33274.369,33287.269,33241.21488854976,33394.46538297871,27.62842620853205,0.38909201410399047,TIMEOUT,12,-96.64505220183656
2023-12-07 20:15:00,2023-12-07 21:05:00,long,32346.319,32282.990362787976,32282.990362787976,32480.716177177183,52.773864343352926,-1.0000000000000038,SL,10,-97.64505220183656
2023-12-07 21:35:00,2023-12-07 22:35:00,long,32247.999,32329.319,32184.889854608715,32470.61373389356,52.59095449273838,1.2885612615383024,TIMEOUT,12,-96.35649094029826
2023-12-07 23:55:00,2023-12-08 00:30:00,long,32257.469,32215.615561343828,32215.615561343828,32452.405002506268,34.87786554680987,-1.0000000000000333,SL,7,-97.35649094029829
2023-12-08 04:15:00,2023-12-08 04:20:00,short,32392.469,32428.622993909816,32428.622993909816,32287.505089743594,30.128328258180446,-0.9999999999999505,SL,1,-98.35649094029824
2023-12-08 06:30:00,2023-12-08 07:10:00,short,32417.419,32327.470476793256,32440.755478046594,32327.470476793256,19.447065038828406,3.854417235846489,VWAP,8,-94.50207370445176
2023-12-08 10:55:00,2023-12-08 11:55:00,short,32452.519,32452.369,32496.269977636475,32337.294025252537,36.45914803039726,0.0034284948155397328,TIMEOUT,12,-94.49864520963622
2023-12-08 14:15:00,2023-12-08 14:45:00,short,32587.999,32610.259638288586,32610.259638288586,32375.034484496144,18.550531907154994,-1.0000000000000027,SL,6,-95.49864520963622
2023-12-11 00:55:00,2023-12-11 01:55:00,short,32832.319,32789.469,32867.57130955287,32769.50761111111,29.376924627388803,1.215523196735388,TIMEOUT,12,-94.28312201290083
2023-12-11 02:40:00,2023-12-11 03:40:00,short,32959.519,32882.319,33002.49207846591,32789.783848484854,35.81089872159227,1.7964735773174265,TIMEOUT,12,-92.4866484355834
2023-12-12 08:40:00,2023-12-12 08:55:00,short,32861.269,32813.4955079365,32886.01121159673,32813.4955079365,20.618509663940152,1.930849709078348,VWAP,3,-90.55579872650506
2023-12-12 10:45:00,2023-12-12 11:45:00,short,32859.369,32849.369,32886.27629774291,32813.99205128205,22.42274811909307,0.371646387368436,TIMEOUT,12,-90.18415233913663
2023-12-12 13:35:00,2023-12-12 13:50:00,short,32874.419,32893.3814570319,32893.3814570319,32822.52883739837,15.802047526583493,-0.9999999999999504,SL,3,-91.18415233913659
2023-12-12 13:55:00,2023-12-12 14:55:00,short,32904.369,32914.469,32922.236350564555,32824.0861031746,14.889458803799126,-0.5652768698697025,TIMEOUT,12,-91.7494292090063
2023-12-13 01:05:00,2023-12-13 02:05:00,long,32899.369,32919.269,32865.17139571917,32952.049238095235,28.498003567359074,0.5819121081284689,TIMEOUT,12,-91.16751710087783
2023-12-13 03:10:00,2023-12-13 03:30:00,long,32904.519,32932.66523931625,32884.60281206632,32932.66523931625,16.59682327806858,1.4132342700306637,VWAP,4,-89.75428283084716
2023-12-13 04:15:00,2023-12-13 05:15:00,long,32874.369,32876.369,32853.435284856874,32926.66079487181,17.4447626192729,0.09553965869534621,TIMEOUT,12,-89.65874317215182
2023-12-13 05:20:00,2023-12-13 06:20:00,long,32874.269,32894.319,32857.77570717347,32918.151307692315,13.744410688774929,1.2156456694779552,TIMEOUT,12,-88.44309750267387
2023-12-13 07:20:00,2023-12-13 07:25:00,short,32939.369,32909.46694007491,32955.532944794024,32909.46694007491,13.469953995021719,1.8499234132585267,VWAP,1,-86.59317408941534
2023-12-13 08:20:00,2023-12-13 08:30:00,long,32889.319,32873.688130479095,32873.688130479095,32909.22939603961,13.025724600755696,-1.000000000000085,SL,2,-87.59317408941543
2023-12-13 08:35:00,2023-12-13 08:40:00,long,32864.269,32846.85315731143,32846.85315731143,32908.33464102565,14.513202240474243,-1.000000000000034,SL,1,-88.59317408941546
2023-12-13 09:30:00,2023-12-13 09:40:00,long,32829.519,32809.776534782126,32809.776534782126,32903.600130434796,16.45205434822732,-1.0000000000000753,SL,2,-89.59317408941553
2023-12-13 10:50:00,2023-12-13 11:05:00,long,32816.319,32794.504537229324,32794.504537229324,32894.725386768456,18.17871897556412,-1.0000000000000853,SL,3,-90.59317408941561
2023-12-13 11:10:00,2023-12-13 12:05:00,long,32774.519,32751.515941087222,32751.515941087222,32891.840086419754,19.169215760649262,-0.9999999999999609,SL,11,-91.59317408941557
2023-12-13 21:40:00,2023-12-13 22:35:00,long,32736.469,32669.814356791478,32669.814356791478,32864.42718810512,55.54553600710169,-1.0000000000000198,SL,11,-92.59317408941558
2023-12-13 22:40:00,2023-12-13 22:45:00,long,32636.519,32577.127186930218,32577.127186930218,32857.98159552042,49.49317755815293,-0.9999999999999758,SL,1,-93.59317408941556
2023-12-13 23:40:00,2023-12-14 00:40:00,long,32606.469,32681.999,32547.472876919128,32846.72974213836,49.16343590072887,1.2802536176226154,TIMEOUT,12,-92.31292047179294
2023-12-14 02:45:00,2023-12-14 02:50:00,long,32616.369,32662.401352941175,32580.402891946076,32662.401352941175,29.971756711600904,1.2798814059103538,VWAP,1,-91.03303906588258
2023-12-14 03:20:00,2023-12-14 03:45:00,long,32604.319,32659.53160162602,32560.618455279757,32659.53160162602,36.417120600201024,1.2634305128111056,VWAP,5,-89.76960855307146
2023-12-14 04:10:00,2023-12-14 04:20:00,long,32564.269,32521.686764786555,32521.686764786555,32652.543771241828,35.485196011205105,-0.999999999999986,SL,2,-90.76960855307145
2023-12-14 04:25:00,2023-12-14 05:25:00,long,32534.319,32594.269,32492.50128033384,32646.25788888889,34.848099721799215,1.4336027999277827,TIMEOUT,12,-89.33600575314367
2023-12-14 05:55:00,2023-12-14 06:30:00,long,32569.419,32539.78853163044,32539.78853163044,32626.48325925925,24.692056974637723,-0.999999999999939,SL,7,-90.33600575314361
2023-12-14 08:30:00,2023-12-14 08:45:00,short,32664.999,32692.60495722594,32692.60495722594,32613.09210679611,23.004964354949678,-1.0000000000000167,SL,3,-91.33600575314362
2023-12-14 08:50:00,2023-12-14 09:50:00,short,32699.319,32624.369,32727.031692324294,32615.739124610584,23.093910270244763,2.704536936467103,TIMEOUT,12,-88.63146881667652
2023-12-14 13:30:00,2023-12-14 13:55:00,long,32579.419,32547.213316592824,32547.213316592824,32633.6087750511,26.83806950598086,-1.0000000000000075,SL,5,-89.63146881667653
2023-12-14 15:15:00,2023-12-14 15:55:00,short,32674.269,32697.181525228345,32697.181525228345,32631.764688405776,19.093771023620544,-1.0000000000000042,SL,8,-90.63146881667653
2023-12-14 18:45:00,2023-12-14 19:05:00,short,32784.269,32809.28629246646,32809.28629246646,32638.92073139157,20.847743722047486,-1.0000000000000588,SL,4,-91.63146881667659
2023-12-14 19:10:00,2023-12-14 19:15:00,short,32911.419,32951.528473745595,32951.528473745595,32643.001132701407,33.42456145465915,-1.0000000000000573,SL,1,-92.63146881667664
2023-12-14 19:20:00,2023-12-14 19:40:00,short,33009.469,33054.6165564439,33054.6165564439,32646.119062597798,37.62296370325201,-1.0000000000000004,SL,4,-93.63146881667664
2023-12-15 02:25:00,2023-12-15 03:25:00,short,33007.319,32982.369,33034.14802260453,32960.29544444445,22.35751883710501,0.9299630615613758,TIMEOUT,12,-92.70150575511526
2023-12-15 03:50:00,2023-12-15 04:10:00,long,32935.269,32971.42254609929,32907.24381252863,32971.42254609929,23.35432289281292,1.2900376183465594,VWAP,4,-91.4114681367687
2023-12-15 06:15:00,2023-12-15 07:05:00,long,32945.319,32925.68502021647,32925.68502021647,32970.866236842114,16.361649819612445,-0.9999999999998346,SL,10,-92.41146813676853
2023-12-15 07:15:00,2023-12-15 07:35:00,long,32925.419,32907.2003761723,32907.2003761723,32966.62532575759,15.182186523083775,-0.9999999999999187,SL,4,-93.41146813676845
2023-12-15 07:40:00,2023-12-15 07:50:00,long,32910.269,32892.241373518365,32892.241373518365,32964.1561326165,15.023022068029091,-0.9999999999999939,SL,2,-94.41146813676845
2023-12-15 08:00:00,2023-12-15 08:15:00,long,32885.369,32867.41090806065,32867.41090806065,32961.34776288661,14.965076616123337,-1.0000000000000209,SL,3,-95.41146813676846
2023-12-15 08:20:00,2023-12-15 08:40:00,long,32870.319,32852.25991732925,32852.25991732925,32957.98322442246,15.049235558962707,-1.0000000000000273,SL,4,-96.41146813676849
2023-12-18 02:15:00,2023-12-18 02:30:00,long,32703.999,32748.26709523809,32680.84011713269,32748.26709523809,19.299069056091604,1.9114952777181466,VWAP,3,-94.49997285905035
2023-12-18 03:50:00,2023-12-18 04:30:00,short,32825.469,32853.69217525225,32853.69217525225,32755.6394964539,23.5193127102075,-1.0000000000000124,SL,8,-95.49997285905036
2023-12-18 04:35:00,2023-12-18 05:35:00,short,32860.269,32845.369,32885.74381878207,32767.954892857142,21.229015651727074,0.584891304918216,TIMEOUT,12,-94.91508155413214
2023-12-18 07:15:00,2023-12-18 08:15:00,short,32843.519,32843.519,32863.82683039289,32788.49115909092,16.923191994076703,0.0,TIMEOUT,12,-94.91508155413214
2023-12-18 09:55:00,2023-12-18 10:15:00,long,32758.519,32735.4545782817,32735.4545782817,32797.54272222223,19.22035143191618,-1.000000000000019,SL,4,-95.91508155413216
2023-12-18 10:20:00,2023-12-18 11:15:00,long,32723.319,32795.50201333334,32698.409571820794,32795.50201333334,20.757856816004043,2.8978189629258257,VWAP,11,-93.01726259120633
2023-12-18 12:50:00,2023-12-18 13:45:00,long,32763.419,32744.902252379183,32744.902252379183,32791.42534408602,15.430623017348958,-1.00000000000001,SL,11,-94.01726259120635
2023-12-18 15:30:00,2023-12-18 15:50:00,short,32818.319,32787.67500713012,32831.56589869322,32787.67500713012,11.039082244342515,2.3132956308925983,VWAP,4,-91.70396696031375
2023-12-18 18:30:00,2023-12-18 18:45:00,short,32830.319,32847.16629295631,32847.16629295631,32787.74746534653,14.039410796920677,-1.0000000000001164,SL,3,-92.70396696031386
2023-12-18 19:00:00,2023-12-18 19:05:00,long,32735.999,32708.26770778397,32708.26770778397,32788.41029807692,23.10941018002677,-0.9999999999999541,SL,1,-93.70396696031382
2023-12-18 20:15:00,2023-12-18 21:05:00,long,32718.519,32785.20553213752,32668.77371342602,32785.20553213752,41.4544054783157,1.340559814412759,VWAP,10,-92.36340714590106
2023-12-18 21:50:00,2023-12-18 21:55:00,short,33160.469,33232.55890508347,33232.55890508347,32784.58528099174,60.07492090289014,-1.0000000000000324,SL,1,-93.36340714590109
2023-12-19 10:30:00,2023-12-19 11:20:00,long,33422.419,33390.69712046007,33390.69712046007,33470.35850131234,26.43489961661063,-0.9999999999999526,SL,10,-94.36340714590105
2023-12-19 11:25:00,2023-12-19 11:40:00,long,33360.469,33332.14320115579,33332.14320115579,33465.643975845414,23.604832370171362,-0.9999999999999977,SL,3,-95.36340714590105
2023-12-19 18:05:00,2023-12-19 18:35:00,short,33495.319,33516.806045775236,33516.806045775236,33439.396390572394,17.905871479359583,-1.000000000000076,SL,6,-96.36340714590112
2023-12-19 19:10:00,2023-12-19 20:10:00,short,33657.369,33645.469,33705.83550238561,33444.09882622433,40.388751988009204,0.24553040583209862,TIMEOUT,12,-96.11787674006902
2023-12-20 02:15:00,2023-12-20 03:15:00,long,33667.469,33642.55466136314,33642.55466136314,33719.348404761906,20.761948864050026,-0.9999999999999831,SL,12,-97.11787674006901
2023-12-20 03:20:00,2023-12-20 03:35:00,long,33625.419,33599.75970528274,33599.75970528274,33700.21208943088,21.382745597715473,-1.0000000000001033,SL,3,-98.11787674006911
2023-12-20 03:40:00,2023-12-20 04:05:00,long,33585.999,33560.94201831478,33560.94201831478,33691.43537037036,20.880818071021213,-0.9999999999998671,SL,5,-99.11787674006898
2023-12-20 08:55:00,2023-12-20 09:15:00,long,33570.469,33552.10027112946,33552.10027112946,33618.508320987654,15.307274058783163,-1.0000000000000389,SL,4,-100.11787674006902
2023-12-20 09:20:00,2023-12-20 09:35:00,long,33545.319,33529.06066466999,33529.06066466999,33615.77504719764,13.548612775012115,-0.9999999999999812,SL,3,-101.11787674006901
2023-12-20 09:40:00,2023-12-20 10:40:00,long,33520.469,33590.269,33502.16018244063,33613.11204843305,15.25734796613687,3.812370721030149,TIMEOUT,12,-97.30550601903886
2023-12-20 12:20:00,2023-12-20 13:20:00,short,33647.419,33642.269,33668.83575809883,33608.53980536913,17.84729841568919,0.2404658994716626,TIMEOUT,12,-97.0650401195672
2023-12-20 14:05:00,2023-12-20 14:35:00,long,33587.999,33568.5791713562,33568.5791713562,33612.7600392157,16.183190536500387,-1.0000000000001854,SL,6,-98.06504011956739
2023-12-20 14:40:00,2023-12-20 14:50:00,long,33522.319,33501.55798900448,33501.55798900448,33611.17139171375,17.300842496268885,-0.9999999999998881,SL,2,-99.06504011956727
2023-12-20 14:55:00,2023-12-20 15:00:00,long,33450.269,33420.49636546751,33420.49636546751,33609.06257407408,24.810528777078623,-0.9999999999999142,SL,1,-100.06504011956719
2023-12-20 15:05:00,2023-12-20 15:25:00,long,33365.419,33330.93718757147,33330.93718757147,33606.712919413934,28.734843690440037,-1.000000000000064,SL,4,-101.06504011956724
2023-12-21 02:10:00,2023-12-21 03:10:00,short,33266.419,33238.369,33292.12761648433,33177.94801234568,21.423847070271645,1.0910738824512176,TIMEOUT,12,-99.97396623711603
2023-12-21 03:15:00,2023-12-21 04:15:00,short,33256.469,33251.269,33282.02909268128,33194.18025,21.300077234402252,0.2034421418121452,TIMEOUT,12,-99.77052409530388
2023-12-21 05:25:00,2023-12-21 06:25:00,long,33171.469,33147.612029628304,33147.612029628304,33210.603242424244,19.880808643074506,-1.0000000000001517,SL,12,-100.77052409530404
2023-12-21 07:05:00,2023-12-21 08:05:00,long,33136.419,33156.469,33117.13913922776,33199.20741085272,16.06655064353848,1.0399452691514293,TIMEOUT,12,-99.73057882615261
2023-12-21 08:45:00,2023-12-21 08:55:00,long,33131.369,33106.49256750549,33106.49256750549,33190.42179874214,20.730360412088537,-1.0000000000000606,SL,2,-100.73057882615267
2023-12-21 12:00:00,2023-12-21 13:00:00,long,33146.419,33146.469,33114.86047444395,33187.6653448276,26.298771296706466,0.0015843579227690697,TIMEOUT,12,-100.7289944682299
2023-12-21 13:20:00,2023-12-21 13:25:00,long,33126.999,33183.628358178066,33098.53655118111,33183.628358178066,23.718707349079054,1.989616513266044,VWAP,1,-98.73937795496386
2023-12-21 15:10:00,2023-12-21 15:20:00,short,33231.519,33253.25893366608,33253.25893366608,33185.92752459018,18.116611388401846,-0.9999999999999866,SL,2,-99.73937795496384
2023-12-21 15:25:00,2023-12-21 15:30:00,short,33266.519,33287.87772968819,33287.87772968819,33186.992888888904,17.798941406821935,-1.0000000000001141,SL,1,-100.73937795496396
2023-12-21 15:35:00,2023-12-21 15:50:00,short,33291.519,33314.547557741345,33314.547557741345,33188.05240425534,19.190464784454154,-1.0000000000000069,SL,3,-101.73937795496396
2023-12-21 16:15:00,2023-12-21 18:55:00,short,33351.469,33243.419,33371.76897269354,33193.52820068028,16.916643911288038,5.3226672582840475,TIMEOUT,12,-96.41671069667991
2023-12-21 23:55:00,2023-12-22 00:55:00,long,33156.319,33161.999,33134.18397357574,33203.19548009952,18.445855353552457,0.2566068768625572,TIMEOUT,12,-96.16010381981735
2023-12-22 01:25:00,2023-12-22 02:25:00,long,33131.469,33121.469,33108.1203803463,33162.14103703704,19.457183044750625,-0.4282908432411337,TIMEOUT,12,-96.58839466305848
2023-12-22 04:00:00,2023-12-22 04:10:00,long,33128.419,33156.83376190476,33108.90682453592,33156.83376190476,16.260146220062946,1.4562580147494748,VWAP,2,-95.132136648309
2023-12-22 05:35:00,2023-12-22 05:45:00,long,33131.469,33154.04444117647,33116.8777610248,33154.04444117647,12.159365812666756,1.5471915177896904,VWAP,2,-93.58494513051932
2023-12-22 07:05:00,2023-12-22 07:50:00,short,33191.419,33205.335271125805,33205.335271125805,33158.72431007752,11.596892604837615,-0.9999999999998592,SL,9,-94.58494513051917
2023-12-22 07:55:00,2023-12-22 08:05:00,short,33216.469,33228.68187271245,33228.68187271245,33162.613722222224,10.177393927042859,-0.9999999999999579,SL,2,-95.58494513051913
2023-12-22 08:50:00,2023-12-22 08:55:00,short,33271.469,33288.92243093977,33288.92243093977,33170.35485669783,14.544525783141902,-1.0000000000000613,SL,1,-96.58494513051919
2023-12-22 09:00:00,2023-12-22 09:55:00,short,33303.269,33322.47527463684,33322.47527463684,33172.58028440367,16.005228864035324,-0.9999999999998354,SL,11,-97.58494513051902
2023-12-26 02:05:00,2023-12-26 03:05:00,short,33328.419,33293.319,33346.34324141305,33271.77608333333,14.936867844207866,1.958241868715548,TIMEOUT,12,-95.62670326180347
2023-12-26 05:00:00,2023-12-26 06:00:00,short,33323.369,33328.999,33333.577405423006,33293.39481920904,8.507004519173124,-0.5515063094296527,TIMEOUT,12,-96.17820957123313
2023-12-26 07:15:00,2023-12-26 07:35:00,long,33288.319,33301.68295348837,33278.867756743646,33301.68295348837,7.876036046966535,1.4139889457798944,VWAP,3,-94.76422062545323
2023-12-26 07:45:00,2023-12-26 08:40:00,short,33318.469,33301.86654578754,33328.04696659573,33301.86654578754,7.981638829776975,1.7334007220128882,VWAP,11,-93.03081990344035
2023-12-26 09:05:00,2023-12-26 09:25:00,short,33318.519,33326.34459149969,33326.34459149969,33303.07896884734,6.52132624974586,-0.9999999999995685,SL,4,-94.03081990343992
2023-12-26 09:35:00,2023-12-26 09:40:00,short,33348.319,33358.89754247713,33358.89754247713,33304.144575221224,8.815452064272142,-0.9999999999997425,SL,1,-95.03081990343966
2023-12-26 09:45:00,2023-12-26 10:45:00,short,33373.469,33368.369,33386.4749881563,33305.23818840578,10.838323463581592,0.3921270678329016,TIMEOUT,12,-94.63869283560676
2023-12-26 11:10:00,2023-12-26 11:45:00,short,33398.419,33413.29141479356,33413.29141479356,33313.92710606059,12.393678994630699,-1.000000000000028,SL,7,-95.63869283560679
2023-12-27 09:00:00,2023-12-27 09:25:00,long,33574.319,33556.66203955329,33556.66203955329,33631.052272171255,14.714133705594847,-1.0000000000000642,SL,5,-96.63869283560686
2023-12-27 10:15:00,2023-12-27 10:20:00,long,33572.419,33550.908432275275,33550.908432275275,33624.33440322581,17.925473103941595,-0.9999999999998446,SL,1,-97.6386928356067
2023-12-27 10:40:00,2023-12-27 10:45:00,long,33517.419,33494.291159847424,33494.291159847424,33621.10393540052,19.273200127145266,-1.0000000000001525,SL,1,-98.63869283560686
2023-12-27 10:50:00,2023-12-27 11:10:00,long,33477.419,33452.89081129702,33452.89081129702,33619.17668447838,20.440157252487197,-1.0000000000000173,SL,4,-99.63869283560688
2023-12-27 12:40:00,2023-12-27 13:40:00,long,33502.369,33537.269,33481.2349517347,33600.578586056654,17.61170688774924,1.651363693405834,TIMEOUT,12,-97.98732914220105
2023-12-27 13:55:00,2023-12-27 14:00:00,long,33524.469,33506.24592415925,33506.24592415925,33594.23009126984,15.185896533953901,-1.0000000000000657,SL,1,-98.98732914220112
2023-12-27 14:05:00,2023-12-27 14:35:00,long,33482.369,33459.279919300585,33459.279919300585,33593.03182352941,19.24090058284791,-0.9999999999998445,SL,6,-99.98732914220096
2023-12-27 14:40:00,2023-12-27 15:40:00,long,33457.999,33477.519,33431.547231056684,33589.091975517884,22.043140786100373,0.7379468663068733,TIMEOUT,12,-99.24938227589409
2023-12-27 18:00:00,2023-12-27 18:45:00,long,33462.419,33433.92150579394,33433.92150579394,33578.401436548214,23.747911838390436,-0.9999999999998873,SL,9,-100.24938227589398
2023-12-27 18:50:00,2023-12-27 18:55:00,long,33419.519,33391.87959752737,33391.87959752737,33572.66428180353,23.03283539386182,-0.9999999999999338,SL,1,-101.24938227589391
2023-12-27 21:05:00,2023-12-27 22:05:00,long,33472.469,33534.419,33433.38920425944,33561.13737606837,32.566496450465515,1.5852181114577861,TIMEOUT,12,-99.66416416443612
2023-12-27 22:50:00,2023-12-27 23:50:00,long,33519.319,33512.999,33490.39448169633,33556.984673202605,24.10376525306629,-0.21849974936992225,TIMEOUT,12,-99.88266391380604
2023-12-28 01:05:00,2023-12-28 02:10:00,long,33502.419,33492.269,33479.06897759781,33535.59471428571,19.458352001824053,-0.4346890904502935,TIMEOUT,12,-100.31735300425633
2023-12-28 02:15:00,2023-12-28 02:30:00,long,33477.269,33458.36877903696,33458.36877903696,33520.36344444444,15.750184135870743,-0.9999999999998284,SL,3,-101.31735300425616
2023-12-28 02:40:00,2023-12-28 03:05:00,long,33452.269,33433.43443809493,33433.43443809493,33511.99910416666,15.69546825422411,-0.9999999999998948,SL,5,-102.31735300425606
2023-12-28 19:05:00,2023-12-28 20:05:00,short,33629.369,33484.419,33667.00839469306,33437.35930303032,31.36616224421921,3.851018359408192,TIMEOUT,12,-98.46633464484788
2023-12-28 23:15:00,2023-12-28 23:20:00,long,33406.319,33378.147738571744,33378.147738571744,33443.32269369372,23.47605119021741,-0.9999999999999232,SL,1,-99.4663346448478
2023-12-28 23:25:00,2023-12-29 00:25:00,long,33356.319,33349.519,33325.72284091135,33442.72325287359,25.49679924054482,-0.22225011905251232,TIMEOUT,12,-99.68858476390032
2023-12-29 00:30:00,2023-12-29 00:45:00,long,33316.269,33359.30471428572,33286.87075922146,33359.30471428572,24.498533982117063,1.4638874009471932,VWAP,3,-98.22469736295314
2023-12-29 01:05:00,2023-12-29 02:05:00,short,33434.369,33439.319,33470.003779019906,33362.68471428572,29.695649183256972,-0.13890923800141738,TIMEOUT,12,-98.36360660095455
2023-12-29 03:10:00,2023-12-29 03:20:00,short,33494.269,33514.870289369355,33514.870289369355,33414.23805982907,17.167741141129422,-0.9999999999999886,SL,2,-99.36360660095454
2023-12-29 03:25:00,2023-12-29 04:25:00,short,33524.519,33514.519,33545.930016306294,33421.28741269842,17.84251358858,0.46704929167979087,TIMEOUT,12,-98.89655730927475
2023-12-29 05:50:00,2023-12-29 06:50:00,short,33529.469,33496.319,33546.77356829744,33460.48078403758,14.420473581199092,1.9156791102902238,TIMEOUT,12,-96.98087819898453
2023-12-29 08:50:00,2023-12-29 09:05:00,short,33506.519,33466.41971651091,33522.33059582058,33466.41971651091,13.176329850487074,2.5360680821912616,VWAP,3,-94.44481011679326
2023-12-29 10:45:00,2023-12-29 10:50:00,long,33409.999,33386.49911830171,33386.49911830171,33465.358333333344,19.583234748576672,-0.9999999999999817,SL,1,-95.44481011679325
2023-12-29 10:55:00,2023-12-29 11:00:00,long,33344.519,33314.685489760144,33314.685489760144,33463.85566666668,24.86125853321132,-1.00000000000008,SL,1,-96.44481011679333
2023-12-29 11:05:00,2023-12-29 11:10:00,long,33299.269,33267.62179984421,33267.62179984421,33461.65506965176,26.37266679649365,-0.9999999999999954,SL,1,-97.44481011679333
2023-12-29 11:15:00,2023-12-29 11:20:00,long,33249.519,33216.10071006975,33216.10071006975,33458.858534313746,27.84857494187465,-0.9999999999999177,SL,1,-98.44481011679325
2023-12-29 11:25:00,2023-12-29 12:25:00,long,33216.369,33229.999,33179.08567858055,33455.56665700485,31.069434516208155,0.36557901713376384,TIMEOUT,12,-98.07923109965948
2023-12-29 15:45:00,2023-12-29 15:50:00,long,33289.519,33266.767753561835,33266.767753561835,33407.25822807018,18.9593720318017,-1.0000000000001412,SL,1,-99.07923109965962
